scenario,outage,hour,kind,n_over,worst_branch,worst_kind,over_MW,worst_pct,wind_avail_MW,eir_cleared,eir_mw,eir_nodes,eir_new_overloads,eir_new_MW,eir_worsened,eir_resid_MW,eir_worst_new_pct,eir_max_load_pct,blind_cleared,blind_mw,blind_nodes,blind_new_overloads,blind_new_MW,blind_worsened,blind_resid_MW,blind_worst_new_pct,blind_max_load_pct,sum_cleared,sum_mw,sum_nodes,sum_new_overloads,sum_new_MW,sum_worsened,sum_resid_MW,sum_worst_new_pct,sum_max_load_pct,need_cleared,need_mw,need_nodes,need_new_overloads,need_new_MW,need_worsened,need_resid_MW,need_worst_new_pct,need_max_load_pct,mmx_cleared,mmx_mw,mmx_nodes,mmx_new_overloads,mmx_new_MW,mmx_worsened,mmx_resid_MW,mmx_worst_new_pct,mmx_max_load_pct,bvet_cleared,bvet_mw,bvet_nodes,bvet_new_overloads,bvet_new_MW,bvet_worsened,bvet_resid_MW,bvet_worst_new_pct,bvet_max_load_pct,nvet_cleared,nvet_mw,nvet_nodes,nvet_new_overloads,nvet_new_MW,nvet_worsened,nvet_resid_MW,nvet_worst_new_pct,nvet_max_load_pct,svet_cleared,svet_mw,svet_nodes,svet_new_overloads,svet_new_MW,svet_worsened,svet_resid_MW,svet_worst_new_pct,svet_max_load_pct,oldstep_cleared,oldstep_mw,oldstep_nodes,oldstep_new_overloads,oldstep_new_MW,oldstep_worsened,oldstep_resid_MW,oldstep_worst_new_pct,oldstep_max_load_pct,stale_cleared,stale_mw,stale_nodes,stale_new_overloads,stale_new_MW,stale_worsened,stale_resid_MW,stale_worst_new_pct,stale_max_load_pct,roster_cleared,roster_mw,roster_nodes,roster_new_overloads,roster_new_MW,roster_worsened,roster_resid_MW,roster_worst_new_pct,roster_max_load_pct,gper_cleared,gper_mw,gper_nodes,gper_new_overloads,gper_new_MW,gper_worsened,gper_resid_MW,gper_worst_new_pct,gper_max_load_pct,gnet_cleared,gnet_mw,gnet_nodes,gnet_new_overloads,gnet_new_MW,gnet_worsened,gnet_resid_MW,gnet_worst_new_pct,gnet_max_load_pct,gperv_cleared,gperv_mw,gperv_nodes,gperv_new_overloads,gperv_new_MW,gperv_worsened,gperv_resid_MW,gperv_worst_new_pct,gperv_max_load_pct,gnetv_cleared,gnetv_mw,gnetv_nodes,gnetv_new_overloads,gnetv_new_MW,gnetv_worsened,gnetv_resid_MW,gnetv_worst_new_pct,gnetv_max_load_pct,lp_cleared,lp_mw,lp_nodes,lp_new_overloads,lp_new_MW,lp_worsened,lp_resid_MW,lp_worst_new_pct,lp_max_load_pct,lp_feasible
WP2033,1701-5041-1,0,Line,1,5041-17010-2,Line,5.736,102.73,417.9,1,18.993,10,0,0.0,0,0.0,0.0,100.1,1,18.993,2,0,0.0,0,0.0,0.0,100.1,1,18.993,2,0,0.0,0,0.0,0.0,100.1,1,18.993,2,0,0.0,0,0.0,0.0,100.1,1,18.993,2,0,0.0,0,0.0,0.0,100.1,1,18.993,2,0,0.0,0,0.0,0.0,100.1,1,18.993,2,0,0.0,0,0.0,0.0,100.1,1,18.993,2,0,0.0,0,0.0,0.0,100.1,1,18.993,2,0,0.0,0,0.0,0.0,100.1,1,21.78,2,0,0.0,0,0.0,0.0,99.71,1,18.993,2,0,0.0,0,0.0,0.0,100.1,1,18.993,10,0,0.0,0,0.0,0.0,100.1,1,18.993,10,0,0.0,0,0.0,0.0,100.1,1,18.993,10,0,0.0,0,0.0,0.0,100.1,1,18.993,10,0,0.0,0,0.0,0.0,100.1,1,18.993,2,0,0.0,0,0.0,0.0,100.1,1
WP2033,1701-5041-1,1,Line,1,5041-17010-2,Line,46.977,122.37,575.4,1,160.73,10,0,0.0,0,0.0,0.0,100.1,1,160.73,5,0,0.0,0,0.0,0.0,100.1,1,160.73,5,0,0.0,0,0.0,0.0,100.1,1,160.73,5,0,0.0,0,0.0,0.0,100.1,1,160.73,5,0,0.0,0,0.0,0.0,100.1,1,160.73,5,0,0.0,0,0.0,0.0,100.1,1,160.73,5,0,0.0,0,0.0,0.0,100.1,1,160.73,5,0,0.0,0,0.0,0.0,100.1,1,160.73,5,0,0.0,0,0.0,0.0,100.1,1,166.204,5,0,0.0,0,0.0,0.0,99.34,1,160.73,5,0,0.0,0,0.0,0.0,100.1,1,160.73,10,0,0.0,0,0.0,0.0,100.1,1,160.73,10,0,0.0,0,0.0,0.0,100.1,1,160.73,10,0,0.0,0,0.0,0.0,100.1,1,160.73,10,0,0.0,0,0.0,0.0,100.1,1,160.73,5,0,0.0,0,0.0,0.0,100.1,1
WP2033,1701-5041-1,2,Line,1,5041-17010-2,Line,46.977,122.37,594.1,1,160.73,10,0,0.0,0,0.0,0.0,100.1,1,160.73,5,0,0.0,0,0.0,0.0,100.1,1,160.73,5,0,0.0,0,0.0,0.0,100.1,1,160.73,5,0,0.0,0,0.0,0.0,100.1,1,160.73,5,0,0.0,0,0.0,0.0,100.1,1,160.73,5,0,0.0,0,0.0,0.0,100.1,1,160.73,5,0,0.0,0,0.0,0.0,100.1,1,160.73,5,0,0.0,0,0.0,0.0,100.1,1,160.73,5,0,0.0,0,0.0,0.0,100.1,1,165.752,5,0,0.0,0,0.0,0.0,99.4,1,160.73,5,0,0.0,0,0.0,0.0,100.1,1,160.73,10,0,0.0,0,0.0,0.0,100.1,1,160.73,10,0,0.0,0,0.0,0.0,100.1,1,160.73,10,0,0.0,0,0.0,0.0,100.1,1,160.73,10,0,0.0,0,0.0,0.0,100.1,1,160.73,5,0,0.0,0,0.0,0.0,100.1,1
WP2033,1701-5041-1,3,Line,1,5041-17010-2,Line,46.977,122.37,682.8,1,160.73,10,0,0.0,0,0.0,0.0,100.1,1,160.73,4,0,0.0,0,0.0,0.0,100.1,1,160.73,4,0,0.0,0,0.0,0.0,100.1,1,160.73,4,0,0.0,0,0.0,0.0,100.1,1,160.73,4,0,0.0,0,0.0,0.0,100.1,1,160.73,4,0,0.0,0,0.0,0.0,100.1,1,160.73,4,0,0.0,0,0.0,0.0,100.1,1,160.73,4,0,0.0,0,0.0,0.0,100.1,1,160.73,4,0,0.0,0,0.0,0.0,100.1,1,173.69,4,0,0.0,0,0.0,0.0,98.3,1,160.73,4,0,0.0,0,0.0,0.0,100.1,1,160.73,10,0,0.0,0,0.0,0.0,100.1,1,160.73,10,0,0.0,0,0.0,0.0,100.1,1,160.73,10,0,0.0,0,0.0,0.0,100.1,1,160.73,10,0,0.0,0,0.0,0.0,100.1,1,160.73,5,0,0.0,0,0.0,0.0,100.1,1
WP2033,1701-5041-1,4,Line,1,5041-17010-2,Line,46.977,122.37,673.0,1,160.73,10,0,0.0,0,0.0,0.0,100.1,1,160.73,4,0,0.0,0,0.0,0.0,100.1,1,160.73,4,0,0.0,0,0.0,0.0,100.1,1,160.73,4,0,0.0,0,0.0,0.0,100.1,1,160.73,4,0,0.0,0,0.0,0.0,100.1,1,160.73,4,0,0.0,0,0.0,0.0,100.1,1,160.73,4,0,0.0,0,0.0,0.0,100.1,1,160.73,4,0,0.0,0,0.0,0.0,100.1,1,160.73,4,0,0.0,0,0.0,0.0,100.1,1,165.22,4,0,0.0,0,0.0,0.0,99.48,1,160.73,4,0,0.0,0,0.0,0.0,100.1,1,160.73,10,0,0.0,0,0.0,0.0,100.1,1,160.73,10,0,0.0,0,0.0,0.0,100.1,1,160.73,10,0,0.0,0,0.0,0.0,100.1,1,160.73,10,0,0.0,0,0.0,0.0,100.1,1,160.73,5,0,0.0,0,0.0,0.0,100.1,1
WP2033,1701-5041-1,5,Line,1,5041-17010-2,Line,46.977,122.37,692.6,1,160.73,9,0,0.0,0,0.0,0.0,100.1,1,160.73,4,0,0.0,0,0.0,0.0,100.1,1,160.73,4,0,0.0,0,0.0,0.0,100.1,1,160.73,4,0,0.0,0,0.0,0.0,100.1,1,160.73,4,0,0.0,0,0.0,0.0,100.1,1,160.73,4,0,0.0,0,0.0,0.0,100.1,1,160.73,4,0,0.0,0,0.0,0.0,100.1,1,160.73,4,0,0.0,0,0.0,0.0,100.1,1,160.73,4,0,0.0,0,0.0,0.0,100.1,1,169.336,4,0,0.0,0,0.0,0.0,98.91,1,160.73,4,0,0.0,0,0.0,0.0,100.1,1,160.73,9,0,0.0,0,0.0,0.0,100.1,1,160.73,9,0,0.0,0,0.0,0.0,100.1,1,160.73,9,0,0.0,0,0.0,0.0,100.1,1,160.73,9,0,0.0,0,0.0,0.0,100.1,1,160.73,5,0,0.0,0,0.0,0.0,100.1,1
WP2033,1701-5041-1,6,Line,1,5041-17010-2,Line,5.523,102.63,390.7,1,18.259,10,0,0.0,0,0.0,0.0,100.1,1,18.259,2,0,0.0,0,0.0,0.0,100.1,1,18.259,2,0,0.0,0,0.0,0.0,100.1,1,18.259,2,0,0.0,0,0.0,0.0,100.1,1,18.259,2,0,0.0,0,0.0,0.0,100.1,1,18.259,2,0,0.0,0,0.0,0.0,100.1,1,18.259,2,0,0.0,0,0.0,0.0,100.1,1,18.259,2,0,0.0,0,0.0,0.0,100.1,1,18.259,2,0,0.0,0,0.0,0.0,100.1,1,20.347,2,0,0.0,0,0.0,0.0,99.81,1,18.259,2,0,0.0,0,0.0,0.0,100.1,1,18.259,10,0,0.0,0,0.0,0.0,100.1,1,18.259,10,0,0.0,0,0.0,0.0,100.1,1,18.259,10,0,0.0,0,0.0,0.0,100.1,1,18.259,10,0,0.0,0,0.0,0.0,100.1,1,18.259,2,0,0.0,0,0.0,0.0,100.1,1
WP2033,1701-5041-1,9,Line,1,5041-17010-2,Line,46.977,122.37,572.1,1,160.73,10,0,0.0,0,0.0,0.0,100.1,1,160.73,5,0,0.0,0,0.0,0.0,100.1,1,160.73,5,0,0.0,0,0.0,0.0,100.1,1,160.73,5,0,0.0,0,0.0,0.0,100.1,1,160.73,5,0,0.0,0,0.0,0.0,100.1,1,160.73,5,0,0.0,0,0.0,0.0,100.1,1,160.73,5,0,0.0,0,0.0,0.0,100.1,1,160.73,5,0,0.0,0,0.0,0.0,100.1,1,160.73,5,0,0.0,0,0.0,0.0,100.1,1,163.594,5,0,0.0,0,0.0,0.0,99.7,1,160.73,5,0,0.0,0,0.0,0.0,100.1,1,160.73,10,0,0.0,0,0.0,0.0,100.1,1,160.73,10,0,0.0,0,0.0,0.0,100.1,1,160.73,10,0,0.0,0,0.0,0.0,100.1,1,160.73,10,0,0.0,0,0.0,0.0,100.1,1,160.73,5,0,0.0,0,0.0,0.0,100.1,1
WP2033,1701-5041-1,10,Line,1,5041-17010-2,Line,34.925,116.63,488.6,1,119.309,10,0,0.0,0,0.0,0.0,100.1,1,119.309,5,0,0.0,0,0.0,0.0,100.1,1,119.309,5,0,0.0,0,0.0,0.0,100.1,1,119.309,5,0,0.0,0,0.0,0.0,100.1,1,119.309,5,0,0.0,0,0.0,0.0,100.1,1,119.309,5,0,0.0,0,0.0,0.0,100.1,1,119.309,5,0,0.0,0,0.0,0.0,100.1,1,119.309,5,0,0.0,0,0.0,0.0,100.1,1,119.309,5,0,0.0,0,0.0,0.0,100.1,1,120.689,5,0,0.0,0,0.0,0.0,99.91,1,119.309,5,0,0.0,0,0.0,0.0,100.1,1,119.309,10,0,0.0,0,0.0,0.0,100.1,1,119.309,10,0,0.0,0,0.0,0.0,100.1,1,119.309,10,0,0.0,0,0.0,0.0,100.1,1,119.309,10,0,0.0,0,0.0,0.0,100.1,1,119.309,5,0,0.0,0,0.0,0.0,100.1,1
WP2033,1701-5041-1,11,Line,1,5041-17010-2,Line,46.977,122.37,581.0,1,160.73,10,0,0.0,0,0.0,0.0,100.1,1,160.73,5,0,0.0,0,0.0,0.0,100.1,1,160.73,5,0,0.0,0,0.0,0.0,100.1,1,160.73,5,0,0.0,0,0.0,0.0,100.1,1,160.73,5,0,0.0,0,0.0,0.0,100.1,1,160.73,5,0,0.0,0,0.0,0.0,100.1,1,160.73,5,0,0.0,0,0.0,0.0,100.1,1,160.73,5,0,0.0,0,0.0,0.0,100.1,1,160.73,5,0,0.0,0,0.0,0.0,100.1,1,165.206,5,0,0.0,0,0.0,0.0,99.48,1,160.73,5,0,0.0,0,0.0,0.0,100.1,1,160.73,10,0,0.0,0,0.0,0.0,100.1,1,160.73,10,0,0.0,0,0.0,0.0,100.1,1,160.73,10,0,0.0,0,0.0,0.0,100.1,1,160.73,10,0,0.0,0,0.0,0.0,100.1,1,160.73,6,0,0.0,0,0.0,0.0,100.1,1
WP2033,1701-5041-1,13,Line,1,5041-17010-2,Line,17.949,108.55,492.7,1,60.967,10,0,0.0,0,0.0,0.0,100.1,1,60.967,4,0,0.0,0,0.0,0.0,100.1,1,60.967,4,0,0.0,0,0.0,0.0,100.1,1,60.967,4,0,0.0,0,0.0,0.0,100.1,1,60.967,4,0,0.0,0,0.0,0.0,100.1,1,60.967,4,0,0.0,0,0.0,0.0,100.1,1,60.967,4,0,0.0,0,0.0,0.0,100.1,1,60.967,4,0,0.0,0,0.0,0.0,100.1,1,60.967,4,0,0.0,0,0.0,0.0,100.1,1,62.21,4,0,0.0,0,0.0,0.0,99.93,1,60.967,4,0,0.0,0,0.0,0.0,100.1,1,60.967,10,0,0.0,0,0.0,0.0,100.1,1,60.967,10,0,0.0,0,0.0,0.0,100.1,1,60.967,10,0,0.0,0,0.0,0.0,100.1,1,60.967,10,0,0.0,0,0.0,0.0,100.1,1,60.967,4,0,0.0,0,0.0,0.0,100.1,1
WP2033,1701-5041-1,17,Line,1,5041-17010-2,Line,46.977,122.37,539.0,1,160.73,10,0,0.0,0,0.0,0.0,100.1,1,160.73,5,0,0.0,0,0.0,0.0,100.1,1,160.73,5,0,0.0,0,0.0,0.0,100.1,1,160.73,5,0,0.0,0,0.0,0.0,100.1,1,160.73,5,0,0.0,0,0.0,0.0,100.1,1,160.73,5,0,0.0,0,0.0,0.0,100.1,1,160.73,5,0,0.0,0,0.0,0.0,100.1,1,160.73,5,0,0.0,0,0.0,0.0,100.1,1,160.73,5,0,0.0,0,0.0,0.0,100.1,1,169.069,5,0,0.0,0,0.0,0.0,98.94,1,160.73,5,0,0.0,0,0.0,0.0,100.1,1,160.73,10,0,0.0,0,0.0,0.0,100.1,1,160.73,10,0,0.0,0,0.0,0.0,100.1,1,160.73,10,0,0.0,0,0.0,0.0,100.1,1,160.73,10,0,0.0,0,0.0,0.0,100.1,1,160.73,6,0,0.0,0,0.0,0.0,100.1,1
WP2033,1701-5041-1,18,Line,1,5041-17010-2,Line,46.977,122.37,642.6,1,160.73,10,0,0.0,0,0.0,0.0,100.1,1,160.73,4,0,0.0,0,0.0,0.0,100.1,1,160.73,4,0,0.0,0,0.0,0.0,100.1,1,160.73,4,0,0.0,0,0.0,0.0,100.1,1,160.73,4,0,0.0,0,0.0,0.0,100.1,1,160.73,4,0,0.0,0,0.0,0.0,100.1,1,160.73,4,0,0.0,0,0.0,0.0,100.1,1,160.73,4,0,0.0,0,0.0,0.0,100.1,1,160.73,4,0,0.0,0,0.0,0.0,100.1,1,172.377,4,0,0.0,0,0.0,0.0,98.49,1,160.73,4,0,0.0,0,0.0,0.0,100.1,1,160.73,10,0,0.0,0,0.0,0.0,100.1,1,160.73,10,0,0.0,0,0.0,0.0,100.1,1,160.73,10,0,0.0,0,0.0,0.0,100.1,1,160.73,10,0,0.0,0,0.0,0.0,100.1,1,160.73,5,0,0.0,0,0.0,0.0,100.1,1
WP2033,1701-5041-1,19,Line,1,5041-17010-2,Line,46.977,122.37,642.1,1,160.73,9,0,0.0,0,0.0,0.0,100.1,1,160.73,4,0,0.0,0,0.0,0.0,100.1,1,160.73,4,0,0.0,0,0.0,0.0,100.1,1,160.73,4,0,0.0,0,0.0,0.0,100.1,1,160.73,4,0,0.0,0,0.0,0.0,100.1,1,160.73,4,0,0.0,0,0.0,0.0,100.1,1,160.73,4,0,0.0,0,0.0,0.0,100.1,1,160.73,4,0,0.0,0,0.0,0.0,100.1,1,160.73,4,0,0.0,0,0.0,0.0,100.1,1,171.453,4,0,0.0,0,0.0,0.0,98.61,1,160.73,4,0,0.0,0,0.0,0.0,100.1,1,160.73,9,0,0.0,0,0.0,0.0,100.1,1,160.73,9,0,0.0,0,0.0,0.0,100.1,1,160.73,9,0,0.0,0,0.0,0.0,100.1,1,160.73,9,0,0.0,0,0.0,0.0,100.1,1,160.73,5,0,0.0,0,0.0,0.0,100.1,1
WP2033,1701-5041-1,20,Line,1,5041-17010-2,Line,46.977,122.37,656.3,1,160.73,9,0,0.0,0,0.0,0.0,100.1,1,160.73,4,0,0.0,0,0.0,0.0,100.1,1,160.73,4,0,0.0,0,0.0,0.0,100.1,1,160.73,4,0,0.0,0,0.0,0.0,100.1,1,160.73,4,0,0.0,0,0.0,0.0,100.1,1,160.73,4,0,0.0,0,0.0,0.0,100.1,1,160.73,4,0,0.0,0,0.0,0.0,100.1,1,160.73,4,0,0.0,0,0.0,0.0,100.1,1,160.73,4,0,0.0,0,0.0,0.0,100.1,1,172.55,4,0,0.0,0,0.0,0.0,98.46,1,160.73,4,0,0.0,0,0.0,0.0,100.1,1,160.73,9,0,0.0,0,0.0,0.0,100.1,1,160.73,9,0,0.0,0,0.0,0.0,100.1,1,160.73,9,0,0.0,0,0.0,0.0,100.1,1,160.73,9,0,0.0,0,0.0,0.0,100.1,1,160.73,5,0,0.0,0,0.0,0.0,100.1,1
WP2033,1701-5041-1,21,Line,1,5041-17010-2,Line,46.977,122.37,681.0,1,160.73,9,0,0.0,0,0.0,0.0,100.1,1,160.73,4,0,0.0,0,0.0,0.0,100.1,1,160.73,4,0,0.0,0,0.0,0.0,100.1,1,160.73,4,0,0.0,0,0.0,0.0,100.1,1,160.73,4,0,0.0,0,0.0,0.0,100.1,1,160.73,4,0,0.0,0,0.0,0.0,100.1,1,160.73,4,0,0.0,0,0.0,0.0,100.1,1,160.73,4,0,0.0,0,0.0,0.0,100.1,1,160.73,4,0,0.0,0,0.0,0.0,100.1,1,166.769,4,0,0.0,0,0.0,0.0,99.26,1,160.73,4,0,0.0,0,0.0,0.0,100.1,1,160.73,9,0,0.0,0,0.0,0.0,100.1,1,160.73,9,0,0.0,0,0.0,0.0,100.1,1,160.73,9,0,0.0,0,0.0,0.0,100.1,1,160.73,9,0,0.0,0,0.0,0.0,100.1,1,160.73,5,0,0.0,0,0.0,0.0,100.1,1
WP2033,1701-5041-1,22,Line,1,5041-17010-2,Line,41.588,119.8,686.3,1,142.209,9,0,0.0,0,0.0,0.0,100.1,1,142.209,4,0,0.0,0,0.0,0.0,100.1,1,142.209,4,0,0.0,0,0.0,0.0,100.1,1,142.209,4,0,0.0,0,0.0,0.0,100.1,1,142.209,4,0,0.0,0,0.0,0.0,100.1,1,142.209,4,0,0.0,0,0.0,0.0,100.1,1,142.209,4,0,0.0,0,0.0,0.0,100.1,1,142.209,4,0,0.0,0,0.0,0.0,100.1,1,142.209,4,0,0.0,0,0.0,0.0,100.1,1,142.767,4,0,0.0,0,0.0,0.0,100.02,1,142.209,4,0,0.0,0,0.0,0.0,100.1,1,142.209,9,0,0.0,0,0.0,0.0,100.1,1,142.209,9,0,0.0,0,0.0,0.0,100.1,1,142.209,9,0,0.0,0,0.0,0.0,100.1,1,142.209,9,0,0.0,0,0.0,0.0,100.1,1,142.209,5,0,0.0,0,0.0,0.0,100.1,1
WP2033,1701-5041-1,23,Line,1,5041-17010-2,Line,46.977,122.37,680.9,1,160.73,9,0,0.0,0,0.0,0.0,100.1,1,160.73,4,0,0.0,0,0.0,0.0,100.1,1,160.73,4,0,0.0,0,0.0,0.0,100.1,1,160.73,4,0,0.0,0,0.0,0.0,100.1,1,160.73,4,0,0.0,0,0.0,0.0,100.1,1,160.73,4,0,0.0,0,0.0,0.0,100.1,1,160.73,4,0,0.0,0,0.0,0.0,100.1,1,160.73,4,0,0.0,0,0.0,0.0,100.1,1,160.73,4,0,0.0,0,0.0,0.0,100.1,1,168.289,4,0,0.0,0,0.0,0.0,99.05,1,160.73,4,0,0.0,0,0.0,0.0,100.1,1,160.73,9,0,0.0,0,0.0,0.0,100.1,1,160.73,9,0,0.0,0,0.0,0.0,100.1,1,160.73,9,0,0.0,0,0.0,0.0,100.1,1,160.73,9,0,0.0,0,0.0,0.0,100.1,1,160.73,5,0,0.0,0,0.0,0.0,100.1,1
WP2033,1701-5041-1,24,Line,1,5041-17010-2,Line,46.977,122.37,675.0,1,160.73,10,0,0.0,0,0.0,0.0,100.1,1,160.73,4,0,0.0,0,0.0,0.0,100.1,1,160.73,4,0,0.0,0,0.0,0.0,100.1,1,160.73,4,0,0.0,0,0.0,0.0,100.1,1,160.73,4,0,0.0,0,0.0,0.0,100.1,1,160.73,4,0,0.0,0,0.0,0.0,100.1,1,160.73,4,0,0.0,0,0.0,0.0,100.1,1,160.73,4,0,0.0,0,0.0,0.0,100.1,1,160.73,4,0,0.0,0,0.0,0.0,100.1,1,168.369,4,0,0.0,0,0.0,0.0,99.04,1,160.73,4,0,0.0,0,0.0,0.0,100.1,1,160.73,10,0,0.0,0,0.0,0.0,100.1,1,160.73,10,0,0.0,0,0.0,0.0,100.1,1,160.73,10,0,0.0,0,0.0,0.0,100.1,1,160.73,10,0,0.0,0,0.0,0.0,100.1,1,160.73,5,0,0.0,0,0.0,0.0,100.1,1
WP2033,1701-5041-1,25,Line,1,5041-17010-2,Line,46.977,122.37,567.0,1,160.73,10,0,0.0,0,0.0,0.0,100.1,1,160.73,5,0,0.0,0,0.0,0.0,100.1,1,160.73,5,0,0.0,0,0.0,0.0,100.1,1,160.73,5,0,0.0,0,0.0,0.0,100.1,1,160.73,5,0,0.0,0,0.0,0.0,100.1,1,160.73,5,0,0.0,0,0.0,0.0,100.1,1,160.73,5,0,0.0,0,0.0,0.0,100.1,1,160.73,5,0,0.0,0,0.0,0.0,100.1,1,160.73,5,0,0.0,0,0.0,0.0,100.1,1,166.057,5,0,0.0,0,0.0,0.0,99.36,1,160.73,5,0,0.0,0,0.0,0.0,100.1,1,160.73,10,0,0.0,0,0.0,0.0,100.1,1,160.73,10,0,0.0,0,0.0,0.0,100.1,1,160.73,10,0,0.0,0,0.0,0.0,100.1,1,160.73,10,0,0.0,0,0.0,0.0,100.1,1,160.73,6,0,0.0,0,0.0,0.0,100.1,1
WP2033,1701-5041-1,26,Line,1,5041-17010-2,Line,46.977,122.37,614.9,1,160.73,10,0,0.0,0,0.0,0.0,100.1,1,160.73,5,0,0.0,0,0.0,0.0,100.1,1,160.73,5,0,0.0,0,0.0,0.0,100.1,1,160.73,5,0,0.0,0,0.0,0.0,100.1,1,160.73,5,0,0.0,0,0.0,0.0,100.1,1,160.73,5,0,0.0,0,0.0,0.0,100.1,1,160.73,5,0,0.0,0,0.0,0.0,100.1,1,160.73,5,0,0.0,0,0.0,0.0,100.1,1,160.73,5,0,0.0,0,0.0,0.0,100.1,1,161.322,5,0,0.0,0,0.0,0.0,100.02,1,160.73,5,0,0.0,0,0.0,0.0,100.1,1,160.73,10,0,0.0,0,0.0,0.0,100.1,1,160.73,10,0,0.0,0,0.0,0.0,100.1,1,160.73,10,0,0.0,0,0.0,0.0,100.1,1,160.73,10,0,0.0,0,0.0,0.0,100.1,1,160.73,6,0,0.0,0,0.0,0.0,100.1,1
WP2033,1701-5041-1,27,Line,1,5041-17010-2,Line,46.977,122.37,676.3,1,160.73,10,0,0.0,0,0.0,0.0,100.1,1,160.73,4,0,0.0,0,0.0,0.0,100.1,1,160.73,4,0,0.0,0,0.0,0.0,100.1,1,160.73,4,0,0.0,0,0.0,0.0,100.1,1,160.73,4,0,0.0,0,0.0,0.0,100.1,1,160.73,4,0,0.0,0,0.0,0.0,100.1,1,160.73,4,0,0.0,0,0.0,0.0,100.1,1,160.73,4,0,0.0,0,0.0,0.0,100.1,1,160.73,4,0,0.0,0,0.0,0.0,100.1,1,172.445,4,0,0.0,0,0.0,0.0,98.48,1,160.73,4,0,0.0,0,0.0,0.0,100.1,1,160.73,10,0,0.0,0,0.0,0.0,100.1,1,160.73,10,0,0.0,0,0.0,0.0,100.1,1,160.73,10,0,0.0,0,0.0,0.0,100.1,1,160.73,10,0,0.0,0,0.0,0.0,100.1,1,160.73,6,0,0.0,0,0.0,0.0,100.1,1
WP2033,1701-5041-1,28,Line,1,5041-17010-2,Line,46.977,122.37,594.4,1,160.73,10,0,0.0,0,0.0,0.0,100.1,1,160.73,5,0,0.0,0,0.0,0.0,100.1,1,160.73,5,0,0.0,0,0.0,0.0,100.1,1,160.73,5,0,0.0,0,0.0,0.0,100.1,1,160.73,5,0,0.0,0,0.0,0.0,100.1,1,160.73,5,0,0.0,0,0.0,0.0,100.1,1,160.73,5,0,0.0,0,0.0,0.0,100.1,1,160.73,5,0,0.0,0,0.0,0.0,100.1,1,160.73,5,0,0.0,0,0.0,0.0,100.1,1,166.086,5,0,0.0,0,0.0,0.0,99.36,1,160.73,5,0,0.0,0,0.0,0.0,100.1,1,160.73,10,0,0.0,0,0.0,0.0,100.1,1,160.73,10,0,0.0,0,0.0,0.0,100.1,1,160.73,10,0,0.0,0,0.0,0.0,100.1,1,160.73,10,0,0.0,0,0.0,0.0,100.1,1,160.73,6,0,0.0,0,0.0,0.0,100.1,1
WP2033,1701-5041-1,29,Line,1,5041-17010-2,Line,46.977,122.37,645.0,1,160.73,10,0,0.0,0,0.0,0.0,100.1,1,160.73,5,0,0.0,0,0.0,0.0,100.1,1,160.73,5,0,0.0,0,0.0,0.0,100.1,1,160.73,5,0,0.0,0,0.0,0.0,100.1,1,160.73,5,0,0.0,0,0.0,0.0,100.1,1,160.73,5,0,0.0,0,0.0,0.0,100.1,1,160.73,5,0,0.0,0,0.0,0.0,100.1,1,160.73,5,0,0.0,0,0.0,0.0,100.1,1,160.73,5,0,0.0,0,0.0,0.0,100.1,1,162.252,5,0,0.0,0,0.0,0.0,99.89,1,160.73,5,0,0.0,0,0.0,0.0,100.1,1,160.73,10,0,0.0,0,0.0,0.0,100.1,1,160.73,10,0,0.0,0,0.0,0.0,100.1,1,160.73,10,0,0.0,0,0.0,0.0,100.1,1,160.73,10,0,0.0,0,0.0,0.0,100.1,1,160.73,6,0,0.0,0,0.0,0.0,100.1,1
WP2033,1701-5041-1,30,Line,1,5041-17010-2,Line,44.127,121.01,538.4,1,150.937,10,0,0.0,0,0.0,0.0,100.1,1,150.937,5,0,0.0,0,0.0,0.0,100.1,1,150.937,5,0,0.0,0,0.0,0.0,100.1,1,150.937,5,0,0.0,0,0.0,0.0,100.1,1,150.937,5,0,0.0,0,0.0,0.0,100.1,1,150.937,5,0,0.0,0,0.0,0.0,100.1,1,150.937,5,0,0.0,0,0.0,0.0,100.1,1,150.937,5,0,0.0,0,0.0,0.0,100.1,1,150.937,5,0,0.0,0,0.0,0.0,100.1,1,155.442,5,0,0.0,0,0.0,0.0,99.48,1,150.937,5,0,0.0,0,0.0,0.0,100.1,1,150.937,10,0,0.0,0,0.0,0.0,100.1,1,150.937,10,0,0.0,0,0.0,0.0,100.1,1,150.937,10,0,0.0,0,0.0,0.0,100.1,1,150.937,10,0,0.0,0,0.0,0.0,100.1,1,150.937,6,0,0.0,0,0.0,0.0,100.1,1
WP2033,1701-5041-1,59,Line,1,5041-17010-2,Line,39.436,118.78,659.7,1,134.814,10,0,0.0,0,0.0,0.0,100.1,1,134.814,4,0,0.0,0,0.0,0.0,100.1,1,134.814,4,0,0.0,0,0.0,0.0,100.1,1,134.814,4,0,0.0,0,0.0,0.0,100.1,1,134.814,4,0,0.0,0,0.0,0.0,100.1,1,134.814,4,0,0.0,0,0.0,0.0,100.1,1,134.814,4,0,0.0,0,0.0,0.0,100.1,1,134.814,4,0,0.0,0,0.0,0.0,100.1,1,134.814,4,0,0.0,0,0.0,0.0,100.1,1,139.405,4,0,0.0,0,0.0,0.0,99.46,1,134.814,4,0,0.0,0,0.0,0.0,100.1,1,134.814,10,0,0.0,0,0.0,0.0,100.1,1,134.814,10,0,0.0,0,0.0,0.0,100.1,1,134.814,10,0,0.0,0,0.0,0.0,100.1,1,134.814,10,0,0.0,0,0.0,0.0,100.1,1,134.814,5,0,0.0,0,0.0,0.0,100.1,1
WP2033,1701-5041-1,67,Line,1,5041-17010-2,Line,9.166,104.36,489.9,1,30.779,10,0,0.0,0,0.0,0.0,100.1,1,30.779,2,0,0.0,0,0.0,0.0,100.1,1,30.779,2,0,0.0,0,0.0,0.0,100.1,1,30.779,2,0,0.0,0,0.0,0.0,100.1,1,30.779,2,0,0.0,0,0.0,0.0,100.1,1,30.779,2,0,0.0,0,0.0,0.0,100.1,1,30.779,2,0,0.0,0,0.0,0.0,100.1,1,30.779,2,0,0.0,0,0.0,0.0,100.1,1,30.779,2,0,0.0,0,0.0,0.0,100.1,1,34.851,2,0,0.0,0,0.0,0.0,99.54,1,30.779,2,0,0.0,0,0.0,0.0,100.1,1,30.779,10,0,0.0,0,0.0,0.0,100.1,1,30.779,10,0,0.0,0,0.0,0.0,100.1,1,30.779,10,0,0.0,0,0.0,0.0,100.1,1,30.779,10,0,0.0,0,0.0,0.0,100.1,1,30.779,3,0,0.0,0,0.0,0.0,100.1,1
WP2033,1701-5041-1,68,Line,1,5041-17010-2,Line,46.977,122.37,555.4,1,160.73,10,0,0.0,0,0.0,0.0,100.1,1,160.73,5,0,0.0,0,0.0,0.0,100.1,1,160.73,5,0,0.0,0,0.0,0.0,100.1,1,160.73,5,0,0.0,0,0.0,0.0,100.1,1,160.73,5,0,0.0,0,0.0,0.0,100.1,1,160.73,5,0,0.0,0,0.0,0.0,100.1,1,160.73,5,0,0.0,0,0.0,0.0,100.1,1,160.73,5,0,0.0,0,0.0,0.0,100.1,1,160.73,5,0,0.0,0,0.0,0.0,100.1,1,165.947,5,0,0.0,0,0.0,0.0,99.38,1,160.73,5,0,0.0,0,0.0,0.0,100.1,1,160.73,10,0,0.0,0,0.0,0.0,100.1,1,160.73,10,0,0.0,0,0.0,0.0,100.1,1,160.73,10,0,0.0,0,0.0,0.0,100.1,1,160.73,10,0,0.0,0,0.0,0.0,100.1,1,160.73,6,0,0.0,0,0.0,0.0,100.1,1
WP2033,1701-5041-1,69,Line,1,5041-17010-2,Line,46.977,122.37,555.5,1,160.73,10,0,0.0,0,0.0,0.0,100.1,1,160.73,5,0,0.0,0,0.0,0.0,100.1,1,160.73,5,0,0.0,0,0.0,0.0,100.1,1,160.73,5,0,0.0,0,0.0,0.0,100.1,1,160.73,5,0,0.0,0,0.0,0.0,100.1,1,160.73,5,0,0.0,0,0.0,0.0,100.1,1,160.73,5,0,0.0,0,0.0,0.0,100.1,1,160.73,5,0,0.0,0,0.0,0.0,100.1,1,160.73,5,0,0.0,0,0.0,0.0,100.1,1,162.815,5,0,0.0,0,0.0,0.0,99.81,1,160.73,5,0,0.0,0,0.0,0.0,100.1,1,160.73,10,0,0.0,0,0.0,0.0,100.1,1,160.73,10,0,0.0,0,0.0,0.0,100.1,1,160.73,10,0,0.0,0,0.0,0.0,100.1,1,160.73,10,0,0.0,0,0.0,0.0,100.1,1,160.73,6,0,0.0,0,0.0,0.0,100.1,1
WP2033,1701-5041-1,70,Line,1,5041-17010-2,Line,4.802,102.29,487.5,1,15.782,10,0,0.0,0,0.0,0.0,100.1,1,15.782,2,0,0.0,0,0.0,0.0,100.1,1,15.782,2,0,0.0,0,0.0,0.0,100.1,1,15.782,2,0,0.0,0,0.0,0.0,100.1,1,15.782,2,0,0.0,0,0.0,0.0,100.1,1,15.782,2,0,0.0,0,0.0,0.0,100.1,1,15.782,2,0,0.0,0,0.0,0.0,100.1,1,15.782,2,0,0.0,0,0.0,0.0,100.1,1,15.782,2,0,0.0,0,0.0,0.0,100.1,1,17.066,2,0,0.0,0,0.0,0.0,99.92,1,15.782,2,0,0.0,0,0.0,0.0,100.1,1,15.782,10,0,0.0,0,0.0,0.0,100.1,1,15.782,10,0,0.0,0,0.0,0.0,100.1,1,15.782,10,0,0.0,0,0.0,0.0,100.1,1,15.782,10,0,0.0,0,0.0,0.0,100.1,1,15.782,2,0,0.0,0,0.0,0.0,100.1,1
WP2033,1701-5041-1,105,Line,1,5041-17010-2,Line,26.564,112.65,463.3,1,90.574,10,0,0.0,0,0.0,0.0,100.1,1,90.574,4,0,0.0,0,0.0,0.0,100.1,1,90.574,4,0,0.0,0,0.0,0.0,100.1,1,90.574,4,0,0.0,0,0.0,0.0,100.1,1,90.574,4,0,0.0,0,0.0,0.0,100.1,1,90.574,4,0,0.0,0,0.0,0.0,100.1,1,90.574,4,0,0.0,0,0.0,0.0,100.1,1,90.574,4,0,0.0,0,0.0,0.0,100.1,1,90.574,4,0,0.0,0,0.0,0.0,100.1,1,94.992,4,0,0.0,0,0.0,0.0,99.49,1,90.574,4,0,0.0,0,0.0,0.0,100.1,1,90.574,10,0,0.0,0,0.0,0.0,100.1,1,90.574,10,0,0.0,0,0.0,0.0,100.1,1,90.574,10,0,0.0,0,0.0,0.0,100.1,1,90.574,10,0,0.0,0,0.0,0.0,100.1,1,90.574,4,0,0.0,0,0.0,0.0,100.1,1
WP2033,1701-5041-1,106,Line,1,5041-17010-2,Line,46.977,122.37,556.7,1,160.73,10,0,0.0,0,0.0,0.0,100.1,1,160.73,5,0,0.0,0,0.0,0.0,100.1,1,160.73,5,0,0.0,0,0.0,0.0,100.1,1,160.73,5,0,0.0,0,0.0,0.0,100.1,1,160.73,5,0,0.0,0,0.0,0.0,100.1,1,160.73,5,0,0.0,0,0.0,0.0,100.1,1,160.73,5,0,0.0,0,0.0,0.0,100.1,1,160.73,5,0,0.0,0,0.0,0.0,100.1,1,160.73,5,0,0.0,0,0.0,0.0,100.1,1,164.616,5,0,0.0,0,0.0,0.0,99.56,1,160.73,5,0,0.0,0,0.0,0.0,100.1,1,160.73,10,0,0.0,0,0.0,0.0,100.1,1,160.73,10,0,0.0,0,0.0,0.0,100.1,1,160.73,10,0,0.0,0,0.0,0.0,100.1,1,160.73,10,0,0.0,0,0.0,0.0,100.1,1,160.73,5,0,0.0,0,0.0,0.0,100.1,1
WP2033,1701-5041-1,107,Line,1,5041-17010-2,Line,46.977,122.37,520.2,1,160.73,10,0,0.0,0,0.0,0.0,100.1,1,160.73,5,0,0.0,0,0.0,0.0,100.1,1,160.73,5,0,0.0,0,0.0,0.0,100.1,1,160.73,5,0,0.0,0,0.0,0.0,100.1,1,160.73,5,0,0.0,0,0.0,0.0,100.1,1,160.73,5,0,0.0,0,0.0,0.0,100.1,1,160.73,5,0,0.0,0,0.0,0.0,100.1,1,160.73,5,0,0.0,0,0.0,0.0,100.1,1,160.73,5,0,0.0,0,0.0,0.0,100.1,1,166.645,5,0,0.0,0,0.0,0.0,99.28,1,160.73,5,0,0.0,0,0.0,0.0,100.1,1,160.73,10,0,0.0,0,0.0,0.0,100.1,1,160.73,10,0,0.0,0,0.0,0.0,100.1,1,160.73,10,0,0.0,0,0.0,0.0,100.1,1,160.73,10,0,0.0,0,0.0,0.0,100.1,1,160.73,5,0,0.0,0,0.0,0.0,100.1,1
WP2033,1701-5041-1,111,Line,1,5041-17010-2,Line,8.678,104.13,441.4,1,29.104,10,0,0.0,0,0.0,0.0,100.1,1,29.104,2,0,0.0,0,0.0,0.0,100.1,1,29.104,2,0,0.0,0,0.0,0.0,100.1,1,29.104,2,0,0.0,0,0.0,0.0,100.1,1,29.104,2,0,0.0,0,0.0,0.0,100.1,1,29.104,2,0,0.0,0,0.0,0.0,100.1,1,29.104,2,0,0.0,0,0.0,0.0,100.1,1,29.104,2,0,0.0,0,0.0,0.0,100.1,1,29.104,2,0,0.0,0,0.0,0.0,100.1,1,32.248,2,0,0.0,0,0.0,0.0,99.66,1,29.104,2,0,0.0,0,0.0,0.0,100.1,1,29.104,10,0,0.0,0,0.0,0.0,100.1,1,29.104,10,0,0.0,0,0.0,0.0,100.1,1,29.104,10,0,0.0,0,0.0,0.0,100.1,1,29.104,10,0,0.0,0,0.0,0.0,100.1,1,29.104,2,0,0.0,0,0.0,0.0,100.1,1
WP2033,1701-5041-1,112,Line,1,5041-17010-2,Line,15.298,107.28,423.5,1,51.854,10,0,0.0,0,0.0,0.0,100.1,1,51.854,2,0,0.0,0,0.0,0.0,100.1,1,51.854,2,0,0.0,0,0.0,0.0,100.1,1,51.854,2,0,0.0,0,0.0,0.0,100.1,1,51.854,2,0,0.0,0,0.0,0.0,100.1,1,51.854,2,0,0.0,0,0.0,0.0,100.1,1,51.854,2,0,0.0,0,0.0,0.0,100.1,1,51.854,2,0,0.0,0,0.0,0.0,100.1,1,51.854,2,0,0.0,0,0.0,0.0,100.1,1,52.631,2,0,0.0,0,0.0,0.0,99.99,1,51.854,2,0,0.0,0,0.0,0.0,100.1,1,51.854,10,0,0.0,0,0.0,0.0,100.1,1,51.854,10,0,0.0,0,0.0,0.0,100.1,1,51.854,10,0,0.0,0,0.0,0.0,100.1,1,51.854,10,0,0.0,0,0.0,0.0,100.1,1,51.854,4,0,0.0,0,0.0,0.0,100.1,1
WP2033,1701-5041-1,113,Line,1,5041-17010-2,Line,46.977,122.37,661.2,1,160.73,10,0,0.0,0,0.0,0.0,100.1,1,160.73,4,0,0.0,0,0.0,0.0,100.1,1,160.73,4,0,0.0,0,0.0,0.0,100.1,1,160.73,4,0,0.0,0,0.0,0.0,100.1,1,160.73,4,0,0.0,0,0.0,0.0,100.1,1,160.73,4,0,0.0,0,0.0,0.0,100.1,1,160.73,4,0,0.0,0,0.0,0.0,100.1,1,160.73,4,0,0.0,0,0.0,0.0,100.1,1,160.73,4,0,0.0,0,0.0,0.0,100.1,1,170.649,4,0,0.0,0,0.0,0.0,98.73,1,160.73,4,0,0.0,0,0.0,0.0,100.1,1,160.73,10,0,0.0,0,0.0,0.0,100.1,1,160.73,10,0,0.0,0,0.0,0.0,100.1,1,160.73,10,0,0.0,0,0.0,0.0,100.1,1,160.73,10,0,0.0,0,0.0,0.0,100.1,1,160.73,4,0,0.0,0,0.0,0.0,100.1,1
WP2033,1701-5041-1,114,Line,1,5041-17010-2,Line,38.921,118.53,693.9,1,133.044,9,0,0.0,0,0.0,0.0,100.1,1,133.044,3,0,0.0,0,0.0,0.0,100.1,1,133.044,3,0,0.0,0,0.0,0.0,100.1,1,133.044,3,0,0.0,0,0.0,0.0,100.1,1,133.044,3,0,0.0,0,0.0,0.0,100.1,1,133.044,3,0,0.0,0,0.0,0.0,100.1,1,133.044,3,0,0.0,0,0.0,0.0,100.1,1,133.044,3,0,0.0,0,0.0,0.0,100.1,1,133.044,3,0,0.0,0,0.0,0.0,100.1,1,137.898,3,0,0.0,0,0.0,0.0,99.43,1,133.044,3,0,0.0,0,0.0,0.0,100.1,1,133.044,9,0,0.0,0,0.0,0.0,100.1,1,133.044,9,0,0.0,0,0.0,0.0,100.1,1,133.044,9,0,0.0,0,0.0,0.0,100.1,1,133.044,9,0,0.0,0,0.0,0.0,100.1,1,133.044,5,0,0.0,0,0.0,0.0,100.1,1
WP2033,1701-5041-1,115,Line,1,5041-17010-2,Line,5.909,102.81,689.8,1,19.587,7,0,0.0,0,0.0,0.0,100.1,1,19.587,1,0,0.0,0,0.0,0.0,100.1,1,19.587,1,0,0.0,0,0.0,0.0,100.1,1,19.587,1,0,0.0,0,0.0,0.0,100.1,1,19.587,1,0,0.0,0,0.0,0.0,100.1,1,19.587,1,0,0.0,0,0.0,0.0,100.1,1,19.587,1,0,0.0,0,0.0,0.0,100.1,1,19.587,1,0,0.0,0,0.0,0.0,100.1,1,19.587,1,0,0.0,0,0.0,0.0,100.1,1,20.644,1,0,0.0,0,0.0,0.0,99.95,1,19.587,1,0,0.0,0,0.0,0.0,100.1,1,19.587,7,0,0.0,0,0.0,0.0,100.1,1,19.587,7,0,0.0,0,0.0,0.0,100.1,1,19.587,7,0,0.0,0,0.0,0.0,100.1,1,19.587,7,0,0.0,0,0.0,0.0,100.1,1,19.587,1,0,0.0,0,0.0,0.0,100.1,1
WP2033,1701-5041-1,116,Line,1,5041-17010-2,Line,8.897,104.24,686.9,1,29.855,8,0,0.0,0,0.0,0.0,100.1,1,29.855,2,0,0.0,0,0.0,0.0,100.1,1,29.855,2,0,0.0,0,0.0,0.0,100.1,1,29.855,2,0,0.0,0,0.0,0.0,100.1,1,29.855,2,0,0.0,0,0.0,0.0,100.1,1,29.855,2,0,0.0,0,0.0,0.0,100.1,1,29.855,2,0,0.0,0,0.0,0.0,100.1,1,29.855,2,0,0.0,0,0.0,0.0,100.1,1,29.855,2,0,0.0,0,0.0,0.0,100.1,1,31.922,2,0,0.0,0,0.0,0.0,99.81,1,29.855,2,0,0.0,0,0.0,0.0,100.1,1,29.855,8,0,0.0,0,0.0,0.0,100.1,1,29.855,8,0,0.0,0,0.0,0.0,100.1,1,29.855,8,0,0.0,0,0.0,0.0,100.1,1,29.855,8,0,0.0,0,0.0,0.0,100.1,1,29.855,1,0,0.0,0,0.0,0.0,100.1,1
WP2033,1701-5041-1,117,Line,1,5041-17010-2,Line,14.393,106.85,685.4,1,48.746,7,0,0.0,0,0.0,0.0,100.1,1,48.746,2,0,0.0,0,0.0,0.0,100.1,1,48.746,2,0,0.0,0,0.0,0.0,100.1,1,48.746,2,0,0.0,0,0.0,0.0,100.1,1,48.746,2,0,0.0,0,0.0,0.0,100.1,1,48.746,2,0,0.0,0,0.0,0.0,100.1,1,48.746,2,0,0.0,0,0.0,0.0,100.1,1,48.746,2,0,0.0,0,0.0,0.0,100.1,1,48.746,2,0,0.0,0,0.0,0.0,100.1,1,55.039,2,0,0.0,0,0.0,0.0,99.23,1,48.746,2,0,0.0,0,0.0,0.0,100.1,1,48.746,7,0,0.0,0,0.0,0.0,100.1,1,48.746,7,0,0.0,0,0.0,0.0,100.1,1,48.746,7,0,0.0,0,0.0,0.0,100.1,1,48.746,7,0,0.0,0,0.0,0.0,100.1,1,48.746,3,0,0.0,0,0.0,0.0,100.1,1
WP2033,1701-5041-1,118,Line,1,5041-17010-2,Line,18.567,108.84,685.2,1,63.09,8,0,0.0,0,0.0,0.0,100.1,1,63.09,2,0,0.0,0,0.0,0.0,100.1,1,63.09,2,0,0.0,0,0.0,0.0,100.1,1,63.09,2,0,0.0,0,0.0,0.0,100.1,1,63.09,2,0,0.0,0,0.0,0.0,100.1,1,63.09,2,0,0.0,0,0.0,0.0,100.1,1,63.09,2,0,0.0,0,0.0,0.0,100.1,1,63.09,2,0,0.0,0,0.0,0.0,100.1,1,63.09,2,0,0.0,0,0.0,0.0,100.1,1,69.858,2,0,0.0,0,0.0,0.0,99.16,1,63.09,2,0,0.0,0,0.0,0.0,100.1,1,63.09,8,0,0.0,0,0.0,0.0,100.1,1,63.09,8,0,0.0,0,0.0,0.0,100.1,1,63.09,8,0,0.0,0,0.0,0.0,100.1,1,63.09,8,0,0.0,0,0.0,0.0,100.1,1,63.09,3,0,0.0,0,0.0,0.0,100.1,1
WP2033,1701-5041-1,119,Line,1,5041-17010-2,Line,22.067,110.51,687.6,1,75.118,8,0,0.0,0,0.0,0.0,100.1,1,75.118,3,0,0.0,0,0.0,0.0,100.1,1,75.118,3,0,0.0,0,0.0,0.0,100.1,1,75.118,3,0,0.0,0,0.0,0.0,100.1,1,75.118,3,0,0.0,0,0.0,0.0,100.1,1,75.118,3,0,0.0,0,0.0,0.0,100.1,1,75.118,3,0,0.0,0,0.0,0.0,100.1,1,75.118,3,0,0.0,0,0.0,0.0,100.1,1,75.118,3,0,0.0,0,0.0,0.0,100.1,1,76.276,3,0,0.0,0,0.0,0.0,99.94,1,75.118,3,0,0.0,0,0.0,0.0,100.1,1,75.118,8,0,0.0,0,0.0,0.0,100.1,1,75.118,8,0,0.0,0,0.0,0.0,100.1,1,75.118,8,0,0.0,0,0.0,0.0,100.1,1,75.118,8,0,0.0,0,0.0,0.0,100.1,1,75.118,3,0,0.0,0,0.0,0.0,100.1,1
WP2033,1701-5041-1,120,Line,1,5041-17010-2,Line,46.977,122.37,691.9,1,160.73,9,0,0.0,0,0.0,0.0,100.1,1,160.73,4,0,0.0,0,0.0,0.0,100.1,1,160.73,4,0,0.0,0,0.0,0.0,100.1,1,160.73,4,0,0.0,0,0.0,0.0,100.1,1,160.73,4,0,0.0,0,0.0,0.0,100.1,1,160.73,4,0,0.0,0,0.0,0.0,100.1,1,160.73,4,0,0.0,0,0.0,0.0,100.1,1,160.73,4,0,0.0,0,0.0,0.0,100.1,1,160.73,4,0,0.0,0,0.0,0.0,100.1,1,162.354,4,0,0.0,0,0.0,0.0,99.88,1,160.73,4,0,0.0,0,0.0,0.0,100.1,1,160.73,9,0,0.0,0,0.0,0.0,100.1,1,160.73,9,0,0.0,0,0.0,0.0,100.1,1,160.73,9,0,0.0,0,0.0,0.0,100.1,1,160.73,9,0,0.0,0,0.0,0.0,100.1,1,160.73,4,0,0.0,0,0.0,0.0,100.1,1
WP2033,1701-5041-1,121,Line,1,5041-17010-2,Line,46.977,122.37,662.9,1,160.73,9,0,0.0,0,0.0,0.0,100.1,1,160.73,4,0,0.0,0,0.0,0.0,100.1,1,160.73,4,0,0.0,0,0.0,0.0,100.1,1,160.73,4,0,0.0,0,0.0,0.0,100.1,1,160.73,4,0,0.0,0,0.0,0.0,100.1,1,160.73,4,0,0.0,0,0.0,0.0,100.1,1,160.73,4,0,0.0,0,0.0,0.0,100.1,1,160.73,4,0,0.0,0,0.0,0.0,100.1,1,160.73,4,0,0.0,0,0.0,0.0,100.1,1,164.669,4,0,0.0,0,0.0,0.0,99.55,1,160.73,4,0,0.0,0,0.0,0.0,100.1,1,160.73,9,0,0.0,0,0.0,0.0,100.1,1,160.73,9,0,0.0,0,0.0,0.0,100.1,1,160.73,9,0,0.0,0,0.0,0.0,100.1,1,160.73,9,0,0.0,0,0.0,0.0,100.1,1,160.73,5,0,0.0,0,0.0,0.0,100.1,1
WP2033,1701-5041-1,122,Line,1,5041-17010-2,Line,46.977,122.37,633.4,1,160.73,10,0,0.0,0,0.0,0.0,100.1,1,160.73,4,0,0.0,0,0.0,0.0,100.1,1,160.73,4,0,0.0,0,0.0,0.0,100.1,1,160.73,4,0,0.0,0,0.0,0.0,100.1,1,160.73,4,0,0.0,0,0.0,0.0,100.1,1,160.73,4,0,0.0,0,0.0,0.0,100.1,1,160.73,4,0,0.0,0,0.0,0.0,100.1,1,160.73,4,0,0.0,0,0.0,0.0,100.1,1,160.73,4,0,0.0,0,0.0,0.0,100.1,1,166.495,4,0,0.0,0,0.0,0.0,99.3,1,160.73,4,0,0.0,0,0.0,0.0,100.1,1,160.73,10,0,0.0,0,0.0,0.0,100.1,1,160.73,10,0,0.0,0,0.0,0.0,100.1,1,160.73,10,0,0.0,0,0.0,0.0,100.1,1,160.73,10,0,0.0,0,0.0,0.0,100.1,1,160.73,4,0,0.0,0,0.0,0.0,100.1,1
WP2033,1701-5041-1,123,Line,1,5041-17010-2,Line,46.977,122.37,593.7,1,160.73,10,0,0.0,0,0.0,0.0,100.1,1,160.73,4,0,0.0,0,0.0,0.0,100.1,1,160.73,4,0,0.0,0,0.0,0.0,100.1,1,160.73,4,0,0.0,0,0.0,0.0,100.1,1,160.73,4,0,0.0,0,0.0,0.0,100.1,1,160.73,4,0,0.0,0,0.0,0.0,100.1,1,160.73,4,0,0.0,0,0.0,0.0,100.1,1,160.73,4,0,0.0,0,0.0,0.0,100.1,1,160.73,4,0,0.0,0,0.0,0.0,100.1,1,169.031,4,0,0.0,0,0.0,0.0,98.95,1,160.73,4,0,0.0,0,0.0,0.0,100.1,1,160.73,10,0,0.0,0,0.0,0.0,100.1,1,160.73,10,0,0.0,0,0.0,0.0,100.1,1,160.73,10,0,0.0,0,0.0,0.0,100.1,1,160.73,10,0,0.0,0,0.0,0.0,100.1,1,160.73,4,0,0.0,0,0.0,0.0,100.1,1
WP2033,1701-5041-1,124,Line,1,5041-17010-2,Line,46.977,122.37,470.8,1,160.73,10,0,0.0,0,0.0,0.0,100.1,1,160.73,5,0,0.0,0,0.0,0.0,100.1,1,160.73,5,0,0.0,0,0.0,0.0,100.1,1,160.73,5,0,0.0,0,0.0,0.0,100.1,1,160.73,5,0,0.0,0,0.0,0.0,100.1,1,160.73,5,0,0.0,0,0.0,0.0,100.1,1,160.73,5,0,0.0,0,0.0,0.0,100.1,1,160.73,5,0,0.0,0,0.0,0.0,100.1,1,160.73,5,0,0.0,0,0.0,0.0,100.1,1,168.466,5,0,0.0,0,0.0,0.0,99.03,1,160.73,5,0,0.0,0,0.0,0.0,100.1,1,160.73,10,0,0.0,0,0.0,0.0,100.1,1,160.73,10,0,0.0,0,0.0,0.0,100.1,1,160.73,10,0,0.0,0,0.0,0.0,100.1,1,160.73,10,0,0.0,0,0.0,0.0,100.1,1,160.73,5,0,0.0,0,0.0,0.0,100.1,1
WP2033,1701-5041-1,125,Line,1,5041-17010-2,Line,46.977,122.37,438.4,1,160.73,10,0,0.0,0,0.0,0.0,100.1,1,160.73,5,0,0.0,0,0.0,0.0,100.1,1,160.73,5,0,0.0,0,0.0,0.0,100.1,1,160.73,5,0,0.0,0,0.0,0.0,100.1,1,160.73,5,0,0.0,0,0.0,0.0,100.1,1,160.73,5,0,0.0,0,0.0,0.0,100.1,1,160.73,5,0,0.0,0,0.0,0.0,100.1,1,160.73,5,0,0.0,0,0.0,0.0,100.1,1,160.73,5,0,0.0,0,0.0,0.0,100.1,1,169.152,5,0,0.0,0,0.0,0.0,98.93,1,160.73,5,0,0.0,0,0.0,0.0,100.1,1,160.73,10,0,0.0,0,0.0,0.0,100.1,1,160.73,10,0,0.0,0,0.0,0.0,100.1,1,160.73,10,0,0.0,0,0.0,0.0,100.1,1,160.73,10,0,0.0,0,0.0,0.0,100.1,1,160.73,5,0,0.0,0,0.0,0.0,100.1,1
WP2033,1701-5041-1,126,Line,1,5041-17010-2,Line,46.977,122.37,500.3,1,160.73,10,0,0.0,0,0.0,0.0,100.1,1,160.73,5,0,0.0,0,0.0,0.0,100.1,1,160.73,5,0,0.0,0,0.0,0.0,100.1,1,160.73,5,0,0.0,0,0.0,0.0,100.1,1,160.73,5,0,0.0,0,0.0,0.0,100.1,1,160.73,5,0,0.0,0,0.0,0.0,100.1,1,160.73,5,0,0.0,0,0.0,0.0,100.1,1,160.73,5,0,0.0,0,0.0,0.0,100.1,1,160.73,5,0,0.0,0,0.0,0.0,100.1,1,165.994,5,0,0.0,0,0.0,0.0,99.37,1,160.73,5,0,0.0,0,0.0,0.0,100.1,1,160.73,10,0,0.0,0,0.0,0.0,100.1,1,160.73,10,0,0.0,0,0.0,0.0,100.1,1,160.73,10,0,0.0,0,0.0,0.0,100.1,1,160.73,10,0,0.0,0,0.0,0.0,100.1,1,160.73,4,0,0.0,0,0.0,0.0,100.1,1
WP2033,1701-5041-1,127,Line,1,5041-17010-2,Line,46.977,122.37,407.4,1,160.73,10,0,0.0,0,0.0,0.0,100.1,1,160.73,6,0,0.0,0,0.0,0.0,100.1,1,160.73,6,0,0.0,0,0.0,0.0,100.1,1,160.73,6,0,0.0,0,0.0,0.0,100.1,1,160.73,6,0,0.0,0,0.0,0.0,100.1,1,160.73,6,0,0.0,0,0.0,0.0,100.1,1,160.73,6,0,0.0,0,0.0,0.0,100.1,1,160.73,6,0,0.0,0,0.0,0.0,100.1,1,160.73,6,0,0.0,0,0.0,0.0,100.1,1,163.176,6,0,0.0,0,0.0,0.0,99.76,1,160.73,6,0,0.0,0,0.0,0.0,100.1,1,160.73,10,0,0.0,0,0.0,0.0,100.1,1,160.73,10,0,0.0,0,0.0,0.0,100.1,1,160.73,10,0,0.0,0,0.0,0.0,100.1,1,160.73,10,0,0.0,0,0.0,0.0,100.1,1,160.73,4,0,0.0,0,0.0,0.0,100.1,1
WP2033,1701-5041-1,128,Line,1,5041-17010-2,Line,0.392,100.19,336.3,1,0.627,10,0,0.0,0,0.0,0.0,100.1,1,0.627,1,0,0.0,0,0.0,0.0,100.1,1,0.627,1,0,0.0,0,0.0,0.0,100.1,1,0.627,1,0,0.0,0,0.0,0.0,100.1,1,0.627,1,0,0.0,0,0.0,0.0,100.1,1,0.627,1,0,0.0,0,0.0,0.0,100.1,1,0.627,1,0,0.0,0,0.0,0.0,100.1,1,0.627,1,0,0.0,0,0.0,0.0,100.1,1,0.627,1,0,0.0,0,0.0,0.0,100.1,1,0.767,1,0,0.0,0,0.0,0.0,100.08,1,0.627,1,0,0.0,0,0.0,0.0,100.1,1,0.627,10,0,0.0,0,0.0,0.0,100.1,1,0.627,10,0,0.0,0,0.0,0.0,100.1,1,0.627,10,0,0.0,0,0.0,0.0,100.1,1,0.627,10,0,0.0,0,0.0,0.0,100.1,1,0.627,1,0,0.0,0,0.0,0.0,100.1,1
WP2033,1701-5041-1,129,Line,1,5041-17010-2,Line,16.016,107.63,357.0,1,54.321,10,0,0.0,0,0.0,0.0,100.1,1,54.321,3,0,0.0,0,0.0,0.0,100.1,1,54.321,3,0,0.0,0,0.0,0.0,100.1,1,54.321,3,0,0.0,0,0.0,0.0,100.1,1,54.321,3,0,0.0,0,0.0,0.0,100.1,1,54.321,3,0,0.0,0,0.0,0.0,100.1,1,54.321,3,0,0.0,0,0.0,0.0,100.1,1,54.321,3,0,0.0,0,0.0,0.0,100.1,1,54.321,3,0,0.0,0,0.0,0.0,100.1,1,56.942,3,0,0.0,0,0.0,0.0,99.74,1,54.321,3,0,0.0,0,0.0,0.0,100.1,1,54.321,10,0,0.0,0,0.0,0.0,100.1,1,54.321,10,0,0.0,0,0.0,0.0,100.1,1,54.321,10,0,0.0,0,0.0,0.0,100.1,1,54.321,10,0,0.0,0,0.0,0.0,100.1,1,54.321,3,0,0.0,0,0.0,0.0,100.1,1
WP2033,1701-5041-1,130,Line,1,5041-17010-2,Line,46.977,122.37,611.8,1,160.73,10,0,0.0,0,0.0,0.0,100.1,1,160.73,5,0,0.0,0,0.0,0.0,100.1,1,160.73,5,0,0.0,0,0.0,0.0,100.1,1,160.73,5,0,0.0,0,0.0,0.0,100.1,1,160.73,5,0,0.0,0,0.0,0.0,100.1,1,160.73,5,0,0.0,0,0.0,0.0,100.1,1,160.73,5,0,0.0,0,0.0,0.0,100.1,1,160.73,5,0,0.0,0,0.0,0.0,100.1,1,160.73,5,0,0.0,0,0.0,0.0,100.1,1,169.466,5,0,0.0,0,0.0,0.0,98.89,1,160.73,5,0,0.0,0,0.0,0.0,100.1,1,160.73,10,0,0.0,0,0.0,0.0,100.1,1,160.73,10,0,0.0,0,0.0,0.0,100.1,1,160.73,10,0,0.0,0,0.0,0.0,100.1,1,160.73,10,0,0.0,0,0.0,0.0,100.1,1,160.73,4,0,0.0,0,0.0,0.0,100.1,1
WP2033,1701-5041-1,131,Line,1,5041-17010-2,Line,46.977,122.37,670.7,1,160.73,9,0,0.0,0,0.0,0.0,100.1,1,160.73,4,0,0.0,0,0.0,0.0,100.1,1,160.73,4,0,0.0,0,0.0,0.0,100.1,1,160.73,4,0,0.0,0,0.0,0.0,100.1,1,160.73,4,0,0.0,0,0.0,0.0,100.1,1,160.73,4,0,0.0,0,0.0,0.0,100.1,1,160.73,4,0,0.0,0,0.0,0.0,100.1,1,160.73,4,0,0.0,0,0.0,0.0,100.1,1,160.73,4,0,0.0,0,0.0,0.0,100.1,1,164.966,4,0,0.0,0,0.0,0.0,99.51,1,160.73,4,0,0.0,0,0.0,0.0,100.1,1,160.73,9,0,0.0,0,0.0,0.0,100.1,1,160.73,9,0,0.0,0,0.0,0.0,100.1,1,160.73,9,0,0.0,0,0.0,0.0,100.1,1,160.73,9,0,0.0,0,0.0,0.0,100.1,1,160.73,4,0,0.0,0,0.0,0.0,100.1,1
WP2033,1701-5041-1,132,Line,1,5041-17010-2,Line,46.977,122.37,619.0,1,160.73,10,0,0.0,0,0.0,0.0,100.1,1,160.73,5,0,0.0,0,0.0,0.0,100.1,1,160.73,5,0,0.0,0,0.0,0.0,100.1,1,160.73,5,0,0.0,0,0.0,0.0,100.1,1,160.73,5,0,0.0,0,0.0,0.0,100.1,1,160.73,5,0,0.0,0,0.0,0.0,100.1,1,160.73,5,0,0.0,0,0.0,0.0,100.1,1,160.73,5,0,0.0,0,0.0,0.0,100.1,1,160.73,5,0,0.0,0,0.0,0.0,100.1,1,167.896,5,0,0.0,0,0.0,0.0,99.11,1,160.73,5,0,0.0,0,0.0,0.0,100.1,1,160.73,10,0,0.0,0,0.0,0.0,100.1,1,160.73,10,0,0.0,0,0.0,0.0,100.1,1,160.73,10,0,0.0,0,0.0,0.0,100.1,1,160.73,10,0,0.0,0,0.0,0.0,100.1,1,160.73,4,0,0.0,0,0.0,0.0,100.1,1
WP2033,1701-5041-1,133,Line,1,5041-17010-2,Line,46.977,122.37,598.7,1,160.73,10,0,0.0,0,0.0,0.0,100.1,1,160.73,5,0,0.0,0,0.0,0.0,100.1,1,160.73,5,0,0.0,0,0.0,0.0,100.1,1,160.73,5,0,0.0,0,0.0,0.0,100.1,1,160.73,5,0,0.0,0,0.0,0.0,100.1,1,160.73,5,0,0.0,0,0.0,0.0,100.1,1,160.73,5,0,0.0,0,0.0,0.0,100.1,1,160.73,5,0,0.0,0,0.0,0.0,100.1,1,160.73,5,0,0.0,0,0.0,0.0,100.1,1,164.346,5,0,0.0,0,0.0,0.0,99.6,1,160.73,5,0,0.0,0,0.0,0.0,100.1,1,160.73,10,0,0.0,0,0.0,0.0,100.1,1,160.73,10,0,0.0,0,0.0,0.0,100.1,1,160.73,10,0,0.0,0,0.0,0.0,100.1,1,160.73,10,0,0.0,0,0.0,0.0,100.1,1,160.73,4,0,0.0,0,0.0,0.0,100.1,1
WP2033,1701-5041-1,134,Line,1,5041-17010-2,Line,46.977,122.37,620.4,1,160.73,10,0,0.0,0,0.0,0.0,100.1,1,160.73,5,0,0.0,0,0.0,0.0,100.1,1,160.73,5,0,0.0,0,0.0,0.0,100.1,1,160.73,5,0,0.0,0,0.0,0.0,100.1,1,160.73,5,0,0.0,0,0.0,0.0,100.1,1,160.73,5,0,0.0,0,0.0,0.0,100.1,1,160.73,5,0,0.0,0,0.0,0.0,100.1,1,160.73,5,0,0.0,0,0.0,0.0,100.1,1,160.73,5,0,0.0,0,0.0,0.0,100.1,1,165.127,5,0,0.0,0,0.0,0.0,99.49,1,160.73,5,0,0.0,0,0.0,0.0,100.1,1,160.73,10,0,0.0,0,0.0,0.0,100.1,1,160.73,10,0,0.0,0,0.0,0.0,100.1,1,160.73,10,0,0.0,0,0.0,0.0,100.1,1,160.73,10,0,0.0,0,0.0,0.0,100.1,1,160.73,4,0,0.0,0,0.0,0.0,100.1,1
WP2033,1701-5041-1,135,Line,1,5041-17010-2,Line,46.977,122.37,628.5,1,160.73,10,0,0.0,0,0.0,0.0,100.1,1,160.73,5,0,0.0,0,0.0,0.0,100.1,1,160.73,5,0,0.0,0,0.0,0.0,100.1,1,160.73,5,0,0.0,0,0.0,0.0,100.1,1,160.73,5,0,0.0,0,0.0,0.0,100.1,1,160.73,5,0,0.0,0,0.0,0.0,100.1,1,160.73,5,0,0.0,0,0.0,0.0,100.1,1,160.73,5,0,0.0,0,0.0,0.0,100.1,1,160.73,5,0,0.0,0,0.0,0.0,100.1,1,162.776,5,0,0.0,0,0.0,0.0,99.82,1,160.73,5,0,0.0,0,0.0,0.0,100.1,1,160.73,10,0,0.0,0,0.0,0.0,100.1,1,160.73,10,0,0.0,0,0.0,0.0,100.1,1,160.73,10,0,0.0,0,0.0,0.0,100.1,1,160.73,10,0,0.0,0,0.0,0.0,100.1,1,160.73,4,0,0.0,0,0.0,0.0,100.1,1
WP2033,1701-5041-1,136,Line,1,5041-17010-2,Line,25.525,112.15,701.1,1,87.004,8,0,0.0,0,0.0,0.0,100.1,1,87.004,2,0,0.0,0,0.0,0.0,100.1,1,87.004,2,0,0.0,0,0.0,0.0,100.1,1,87.004,2,0,0.0,0,0.0,0.0,100.1,1,87.004,2,0,0.0,0,0.0,0.0,100.1,1,87.004,2,0,0.0,0,0.0,0.0,100.1,1,87.004,2,0,0.0,0,0.0,0.0,100.1,1,87.004,2,0,0.0,0,0.0,0.0,100.1,1,87.004,2,0,0.0,0,0.0,0.0,100.1,1,100.893,2,0,0.0,0,0.0,0.0,98.18,1,87.004,2,0,0.0,0,0.0,0.0,100.1,1,87.004,8,0,0.0,0,0.0,0.0,100.1,1,87.004,8,0,0.0,0,0.0,0.0,100.1,1,87.004,8,0,0.0,0,0.0,0.0,100.1,1,87.004,8,0,0.0,0,0.0,0.0,100.1,1,87.004,3,0,0.0,0,0.0,0.0,100.1,1
WP2033,1701-5041-1,137,Line,1,5041-17010-2,Line,12.717,106.06,697.0,1,42.984,7,0,0.0,0,0.0,0.0,100.1,1,42.984,2,0,0.0,0,0.0,0.0,100.1,1,42.984,2,0,0.0,0,0.0,0.0,100.1,1,42.984,2,0,0.0,0,0.0,0.0,100.1,1,42.984,2,0,0.0,0,0.0,0.0,100.1,1,42.984,2,0,0.0,0,0.0,0.0,100.1,1,42.984,2,0,0.0,0,0.0,0.0,100.1,1,42.984,2,0,0.0,0,0.0,0.0,100.1,1,42.984,2,0,0.0,0,0.0,0.0,100.1,1,47.981,2,0,0.0,0,0.0,0.0,99.41,1,42.984,2,0,0.0,0,0.0,0.0,100.1,1,42.984,7,0,0.0,0,0.0,0.0,100.1,1,42.984,7,0,0.0,0,0.0,0.0,100.1,1,42.984,7,0,0.0,0,0.0,0.0,100.1,1,42.984,7,0,0.0,0,0.0,0.0,100.1,1,42.984,2,0,0.0,0,0.0,0.0,100.1,1
WP2033,1701-5041-1,138,Line,1,5041-17010-2,Line,6.973,103.32,696.5,1,23.244,8,0,0.0,0,0.0,0.0,100.1,1,23.244,2,0,0.0,0,0.0,0.0,100.1,1,23.244,2,0,0.0,0,0.0,0.0,100.1,1,23.244,2,0,0.0,0,0.0,0.0,100.1,1,23.244,2,0,0.0,0,0.0,0.0,100.1,1,23.244,2,0,0.0,0,0.0,0.0,100.1,1,23.244,2,0,0.0,0,0.0,0.0,100.1,1,23.244,2,0,0.0,0,0.0,0.0,100.1,1,23.244,2,0,0.0,0,0.0,0.0,100.1,1,23.826,2,0,0.0,0,0.0,0.0,100.02,1,23.244,2,0,0.0,0,0.0,0.0,100.1,1,23.244,8,0,0.0,0,0.0,0.0,100.1,1,23.244,8,0,0.0,0,0.0,0.0,100.1,1,23.244,8,0,0.0,0,0.0,0.0,100.1,1,23.244,8,0,0.0,0,0.0,0.0,100.1,1,23.244,1,0,0.0,0,0.0,0.0,100.1,1
WP2033,1701-5041-1,139,Line,1,5041-17010-2,Line,6.198,102.95,692.3,1,20.579,7,0,0.0,0,0.0,0.0,100.1,1,20.579,1,0,0.0,0,0.0,0.0,100.1,1,20.579,1,0,0.0,0,0.0,0.0,100.1,1,20.579,1,0,0.0,0,0.0,0.0,100.1,1,20.579,1,0,0.0,0,0.0,0.0,100.1,1,20.579,1,0,0.0,0,0.0,0.0,100.1,1,20.579,1,0,0.0,0,0.0,0.0,100.1,1,20.579,1,0,0.0,0,0.0,0.0,100.1,1,20.579,1,0,0.0,0,0.0,0.0,100.1,1,20.646,1,0,0.0,0,0.0,0.0,100.09,1,20.579,1,0,0.0,0,0.0,0.0,100.1,1,20.579,7,0,0.0,0,0.0,0.0,100.1,1,20.579,7,0,0.0,0,0.0,0.0,100.1,1,20.579,7,0,0.0,0,0.0,0.0,100.1,1,20.579,7,0,0.0,0,0.0,0.0,100.1,1,20.579,1,0,0.0,0,0.0,0.0,100.1,1
WP2033,1701-5041-1,140,Line,1,5041-17010-2,Line,11.556,105.5,688.3,1,38.995,8,0,0.0,0,0.0,0.0,100.1,1,38.995,2,0,0.0,0,0.0,0.0,100.1,1,38.995,2,0,0.0,0,0.0,0.0,100.1,1,38.995,2,0,0.0,0,0.0,0.0,100.1,1,38.995,2,0,0.0,0,0.0,0.0,100.1,1,38.995,2,0,0.0,0,0.0,0.0,100.1,1,38.995,2,0,0.0,0,0.0,0.0,100.1,1,38.995,2,0,0.0,0,0.0,0.0,100.1,1,38.995,2,0,0.0,0,0.0,0.0,100.1,1,43.104,2,0,0.0,0,0.0,0.0,99.53,1,38.995,2,0,0.0,0,0.0,0.0,100.1,1,38.995,8,0,0.0,0,0.0,0.0,100.1,1,38.995,8,0,0.0,0,0.0,0.0,100.1,1,38.995,8,0,0.0,0,0.0,0.0,100.1,1,38.995,8,0,0.0,0,0.0,0.0,100.1,1,38.995,2,0,0.0,0,0.0,0.0,100.1,1
WP2033,1701-5041-1,141,Line,1,5041-17010-2,Line,46.977,122.37,676.3,1,160.73,9,0,0.0,0,0.0,0.0,100.1,1,160.73,4,0,0.0,0,0.0,0.0,100.1,1,160.73,4,0,0.0,0,0.0,0.0,100.1,1,160.73,4,0,0.0,0,0.0,0.0,100.1,1,160.73,4,0,0.0,0,0.0,0.0,100.1,1,160.73,4,0,0.0,0,0.0,0.0,100.1,1,160.73,4,0,0.0,0,0.0,0.0,100.1,1,160.73,4,0,0.0,0,0.0,0.0,100.1,1,160.73,4,0,0.0,0,0.0,0.0,100.1,1,163.232,4,0,0.0,0,0.0,0.0,99.75,1,160.73,4,0,0.0,0,0.0,0.0,100.1,1,160.73,9,0,0.0,0,0.0,0.0,100.1,1,160.73,9,0,0.0,0,0.0,0.0,100.1,1,160.73,9,0,0.0,0,0.0,0.0,100.1,1,160.73,9,0,0.0,0,0.0,0.0,100.1,1,160.73,5,0,0.0,0,0.0,0.0,100.1,1
WP2033,1701-5041-1,142,Line,1,5041-17010-2,Line,46.977,122.37,609.8,1,160.73,10,0,0.0,0,0.0,0.0,100.1,1,160.73,4,0,0.0,0,0.0,0.0,100.1,1,160.73,4,0,0.0,0,0.0,0.0,100.1,1,160.73,4,0,0.0,0,0.0,0.0,100.1,1,160.73,4,0,0.0,0,0.0,0.0,100.1,1,160.73,4,0,0.0,0,0.0,0.0,100.1,1,160.73,4,0,0.0,0,0.0,0.0,100.1,1,160.73,4,0,0.0,0,0.0,0.0,100.1,1,160.73,4,0,0.0,0,0.0,0.0,100.1,1,164.608,4,0,0.0,0,0.0,0.0,99.56,1,160.73,4,0,0.0,0,0.0,0.0,100.1,1,160.73,10,0,0.0,0,0.0,0.0,100.1,1,160.73,10,0,0.0,0,0.0,0.0,100.1,1,160.73,10,0,0.0,0,0.0,0.0,100.1,1,160.73,10,0,0.0,0,0.0,0.0,100.1,1,160.73,6,0,0.0,0,0.0,0.0,100.1,1
WP2033,1701-5041-1,143,Line,1,5041-17010-2,Line,26.823,112.77,398.2,1,91.464,10,0,0.0,0,0.0,0.0,100.1,1,91.464,3,0,0.0,0,0.0,0.0,100.1,1,91.464,3,0,0.0,0,0.0,0.0,100.1,1,91.464,3,0,0.0,0,0.0,0.0,100.1,1,91.464,3,0,0.0,0,0.0,0.0,100.1,1,91.464,3,0,0.0,0,0.0,0.0,100.1,1,91.464,3,0,0.0,0,0.0,0.0,100.1,1,91.464,3,0,0.0,0,0.0,0.0,100.1,1,91.464,3,0,0.0,0,0.0,0.0,100.1,1,93.377,3,0,0.0,0,0.0,0.0,99.83,1,91.464,3,0,0.0,0,0.0,0.0,100.1,1,91.464,10,0,0.0,0,0.0,0.0,100.1,1,91.464,10,0,0.0,0,0.0,0.0,100.1,1,91.464,10,0,0.0,0,0.0,0.0,100.1,1,91.464,10,0,0.0,0,0.0,0.0,100.1,1,91.464,5,0,0.0,0,0.0,0.0,100.1,1
WP2033,1701-5041-1,144,Line,1,5041-17010-2,Line,7.284,103.47,411.5,1,24.312,10,0,0.0,0,0.0,0.0,100.1,1,24.312,2,0,0.0,0,0.0,0.0,100.1,1,24.312,2,0,0.0,0,0.0,0.0,100.1,1,24.312,2,0,0.0,0,0.0,0.0,100.1,1,24.312,2,0,0.0,0,0.0,0.0,100.1,1,24.312,2,0,0.0,0,0.0,0.0,100.1,1,24.312,2,0,0.0,0,0.0,0.0,100.1,1,24.312,2,0,0.0,0,0.0,0.0,100.1,1,24.312,2,0,0.0,0,0.0,0.0,100.1,1,26.528,2,0,0.0,0,0.0,0.0,99.79,1,24.312,2,0,0.0,0,0.0,0.0,100.1,1,24.312,10,0,0.0,0,0.0,0.0,100.1,1,24.312,10,0,0.0,0,0.0,0.0,100.1,1,24.312,10,0,0.0,0,0.0,0.0,100.1,1,24.312,10,0,0.0,0,0.0,0.0,100.1,1,24.312,2,0,0.0,0,0.0,0.0,100.1,1
WP2033,1701-5041-1,146,Line,1,5041-17010-2,Line,46.977,122.37,564.5,1,160.73,10,0,0.0,0,0.0,0.0,100.1,1,160.73,4,0,0.0,0,0.0,0.0,100.1,1,160.73,4,0,0.0,0,0.0,0.0,100.1,1,160.73,4,0,0.0,0,0.0,0.0,100.1,1,160.73,4,0,0.0,0,0.0,0.0,100.1,1,160.73,4,0,0.0,0,0.0,0.0,100.1,1,160.73,4,0,0.0,0,0.0,0.0,100.1,1,160.73,4,0,0.0,0,0.0,0.0,100.1,1,160.73,4,0,0.0,0,0.0,0.0,100.1,1,166.618,4,0,0.0,0,0.0,0.0,99.28,1,160.73,4,0,0.0,0,0.0,0.0,100.1,1,160.73,10,0,0.0,0,0.0,0.0,100.1,1,160.73,10,0,0.0,0,0.0,0.0,100.1,1,160.73,10,0,0.0,0,0.0,0.0,100.1,1,160.73,10,0,0.0,0,0.0,0.0,100.1,1,160.73,6,0,0.0,0,0.0,0.0,100.1,1
WP2033,1701-5041-1,147,Line,1,5041-17010-2,Line,43.438,120.68,490.4,1,148.569,10,0,0.0,0,0.0,0.0,100.1,1,148.569,4,0,0.0,0,0.0,0.0,100.1,1,148.569,4,0,0.0,0,0.0,0.0,100.1,1,148.569,4,0,0.0,0,0.0,0.0,100.1,1,148.569,4,0,0.0,0,0.0,0.0,100.1,1,148.569,4,0,0.0,0,0.0,0.0,100.1,1,148.569,4,0,0.0,0,0.0,0.0,100.1,1,148.569,4,0,0.0,0,0.0,0.0,100.1,1,148.569,4,0,0.0,0,0.0,0.0,100.1,1,153.951,4,0,0.0,0,0.0,0.0,99.35,1,148.569,4,0,0.0,0,0.0,0.0,100.1,1,148.569,10,0,0.0,0,0.0,0.0,100.1,1,148.569,10,0,0.0,0,0.0,0.0,100.1,1,148.569,10,0,0.0,0,0.0,0.0,100.1,1,148.569,10,0,0.0,0,0.0,0.0,100.1,1,148.569,6,0,0.0,0,0.0,0.0,100.1,1
WP2033,1701-5041-1,148,Line,1,5041-17010-2,Line,46.977,122.37,544.2,1,160.73,10,0,0.0,0,0.0,0.0,100.1,1,160.73,4,0,0.0,0,0.0,0.0,100.1,1,160.73,4,0,0.0,0,0.0,0.0,100.1,1,160.73,4,0,0.0,0,0.0,0.0,100.1,1,160.73,4,0,0.0,0,0.0,0.0,100.1,1,160.73,4,0,0.0,0,0.0,0.0,100.1,1,160.73,4,0,0.0,0,0.0,0.0,100.1,1,160.73,4,0,0.0,0,0.0,0.0,100.1,1,160.73,4,0,0.0,0,0.0,0.0,100.1,1,167.443,4,0,0.0,0,0.0,0.0,99.17,1,160.73,4,0,0.0,0,0.0,0.0,100.1,1,160.73,10,0,0.0,0,0.0,0.0,100.1,1,160.73,10,0,0.0,0,0.0,0.0,100.1,1,160.73,10,0,0.0,0,0.0,0.0,100.1,1,160.73,10,0,0.0,0,0.0,0.0,100.1,1,160.73,6,0,0.0,0,0.0,0.0,100.1,1
WP2033,1701-5041-1,149,Line,1,5041-17010-2,Line,46.977,122.37,517.0,1,160.73,10,0,0.0,0,0.0,0.0,100.1,1,160.73,5,0,0.0,0,0.0,0.0,100.1,1,160.73,5,0,0.0,0,0.0,0.0,100.1,1,160.73,5,0,0.0,0,0.0,0.0,100.1,1,160.73,5,0,0.0,0,0.0,0.0,100.1,1,160.73,5,0,0.0,0,0.0,0.0,100.1,1,160.73,5,0,0.0,0,0.0,0.0,100.1,1,160.73,5,0,0.0,0,0.0,0.0,100.1,1,160.73,5,0,0.0,0,0.0,0.0,100.1,1,161.708,5,0,0.0,0,0.0,0.0,99.96,1,160.73,5,0,0.0,0,0.0,0.0,100.1,1,160.73,10,0,0.0,0,0.0,0.0,100.1,1,160.73,10,0,0.0,0,0.0,0.0,100.1,1,160.73,10,0,0.0,0,0.0,0.0,100.1,1,160.73,10,0,0.0,0,0.0,0.0,100.1,1,160.73,6,0,0.0,0,0.0,0.0,100.1,1
WP2033,1701-5041-1,150,Line,1,5041-17010-2,Line,46.977,122.37,619.5,1,160.73,10,0,0.0,0,0.0,0.0,100.1,1,160.73,4,0,0.0,0,0.0,0.0,100.1,1,160.73,4,0,0.0,0,0.0,0.0,100.1,1,160.73,4,0,0.0,0,0.0,0.0,100.1,1,160.73,4,0,0.0,0,0.0,0.0,100.1,1,160.73,4,0,0.0,0,0.0,0.0,100.1,1,160.73,4,0,0.0,0,0.0,0.0,100.1,1,160.73,4,0,0.0,0,0.0,0.0,100.1,1,160.73,4,0,0.0,0,0.0,0.0,100.1,1,167.077,4,0,0.0,0,0.0,0.0,99.22,1,160.73,4,0,0.0,0,0.0,0.0,100.1,1,160.73,10,0,0.0,0,0.0,0.0,100.1,1,160.73,10,0,0.0,0,0.0,0.0,100.1,1,160.73,10,0,0.0,0,0.0,0.0,100.1,1,160.73,10,0,0.0,0,0.0,0.0,100.1,1,160.73,5,0,0.0,0,0.0,0.0,100.1,1
WP2033,1701-5041-1,151,Line,1,5041-17010-2,Line,46.977,122.37,665.1,1,160.73,10,0,0.0,0,0.0,0.0,100.1,1,160.73,4,0,0.0,0,0.0,0.0,100.1,1,160.73,4,0,0.0,0,0.0,0.0,100.1,1,160.73,4,0,0.0,0,0.0,0.0,100.1,1,160.73,4,0,0.0,0,0.0,0.0,100.1,1,160.73,4,0,0.0,0,0.0,0.0,100.1,1,160.73,4,0,0.0,0,0.0,0.0,100.1,1,160.73,4,0,0.0,0,0.0,0.0,100.1,1,160.73,4,0,0.0,0,0.0,0.0,100.1,1,165.141,4,0,0.0,0,0.0,0.0,99.49,1,160.73,4,0,0.0,0,0.0,0.0,100.1,1,160.73,10,0,0.0,0,0.0,0.0,100.1,1,160.73,10,0,0.0,0,0.0,0.0,100.1,1,160.73,10,0,0.0,0,0.0,0.0,100.1,1,160.73,10,0,0.0,0,0.0,0.0,100.1,1,160.73,4,0,0.0,0,0.0,0.0,100.1,1
WP2033,1701-5041-1,152,Line,1,5041-17010-2,Line,46.977,122.37,484.6,1,160.73,10,0,0.0,0,0.0,0.0,100.1,1,160.73,5,0,0.0,0,0.0,0.0,100.1,1,160.73,5,0,0.0,0,0.0,0.0,100.1,1,160.73,5,0,0.0,0,0.0,0.0,100.1,1,160.73,5,0,0.0,0,0.0,0.0,100.1,1,160.73,5,0,0.0,0,0.0,0.0,100.1,1,160.73,5,0,0.0,0,0.0,0.0,100.1,1,160.73,5,0,0.0,0,0.0,0.0,100.1,1,160.73,5,0,0.0,0,0.0,0.0,100.1,1,164.163,5,0,0.0,0,0.0,0.0,99.62,1,160.73,5,0,0.0,0,0.0,0.0,100.1,1,160.73,10,0,0.0,0,0.0,0.0,100.1,1,160.73,10,0,0.0,0,0.0,0.0,100.1,1,160.73,10,0,0.0,0,0.0,0.0,100.1,1,160.73,10,0,0.0,0,0.0,0.0,100.1,1,160.73,5,0,0.0,0,0.0,0.0,100.1,1
WP2033,1701-5041-1,153,Line,1,5041-17010-2,Line,46.977,122.37,605.0,1,160.73,10,0,0.0,0,0.0,0.0,100.1,1,160.73,4,0,0.0,0,0.0,0.0,100.1,1,160.73,4,0,0.0,0,0.0,0.0,100.1,1,160.73,4,0,0.0,0,0.0,0.0,100.1,1,160.73,4,0,0.0,0,0.0,0.0,100.1,1,160.73,4,0,0.0,0,0.0,0.0,100.1,1,160.73,4,0,0.0,0,0.0,0.0,100.1,1,160.73,4,0,0.0,0,0.0,0.0,100.1,1,160.73,4,0,0.0,0,0.0,0.0,100.1,1,169.552,4,0,0.0,0,0.0,0.0,98.88,1,160.73,4,0,0.0,0,0.0,0.0,100.1,1,160.73,10,0,0.0,0,0.0,0.0,100.1,1,160.73,10,0,0.0,0,0.0,0.0,100.1,1,160.73,10,0,0.0,0,0.0,0.0,100.1,1,160.73,10,0,0.0,0,0.0,0.0,100.1,1,160.73,5,0,0.0,0,0.0,0.0,100.1,1
WP2033,1701-5041-1,154,Line,1,5041-17010-2,Line,46.977,122.37,498.1,1,160.73,10,0,0.0,0,0.0,0.0,100.1,1,160.73,5,0,0.0,0,0.0,0.0,100.1,1,160.73,5,0,0.0,0,0.0,0.0,100.1,1,160.73,5,0,0.0,0,0.0,0.0,100.1,1,160.73,5,0,0.0,0,0.0,0.0,100.1,1,160.73,5,0,0.0,0,0.0,0.0,100.1,1,160.73,5,0,0.0,0,0.0,0.0,100.1,1,160.73,5,0,0.0,0,0.0,0.0,100.1,1,160.73,5,0,0.0,0,0.0,0.0,100.1,1,165.147,5,0,0.0,0,0.0,0.0,99.49,1,160.73,5,0,0.0,0,0.0,0.0,100.1,1,160.73,10,0,0.0,0,0.0,0.0,100.1,1,160.73,10,0,0.0,0,0.0,0.0,100.1,1,160.73,10,0,0.0,0,0.0,0.0,100.1,1,160.73,10,0,0.0,0,0.0,0.0,100.1,1,160.73,5,0,0.0,0,0.0,0.0,100.1,1
WP2033,1701-5041-1,155,Line,1,5041-17010-2,Line,46.977,122.37,619.7,1,160.73,10,0,0.0,0,0.0,0.0,100.1,1,160.73,4,0,0.0,0,0.0,0.0,100.1,1,160.73,4,0,0.0,0,0.0,0.0,100.1,1,160.73,4,0,0.0,0,0.0,0.0,100.1,1,160.73,4,0,0.0,0,0.0,0.0,100.1,1,160.73,4,0,0.0,0,0.0,0.0,100.1,1,160.73,4,0,0.0,0,0.0,0.0,100.1,1,160.73,4,0,0.0,0,0.0,0.0,100.1,1,160.73,4,0,0.0,0,0.0,0.0,100.1,1,170.987,4,0,0.0,0,0.0,0.0,98.68,1,160.73,4,0,0.0,0,0.0,0.0,100.1,1,160.73,10,0,0.0,0,0.0,0.0,100.1,1,160.73,10,0,0.0,0,0.0,0.0,100.1,1,160.73,10,0,0.0,0,0.0,0.0,100.1,1,160.73,10,0,0.0,0,0.0,0.0,100.1,1,160.73,5,0,0.0,0,0.0,0.0,100.1,1
WP2033,1701-5041-1,156,Line,1,5041-17010-2,Line,46.977,122.37,540.4,1,160.73,10,0,0.0,0,0.0,0.0,100.1,1,160.73,5,0,0.0,0,0.0,0.0,100.1,1,160.73,5,0,0.0,0,0.0,0.0,100.1,1,160.73,5,0,0.0,0,0.0,0.0,100.1,1,160.73,5,0,0.0,0,0.0,0.0,100.1,1,160.73,5,0,0.0,0,0.0,0.0,100.1,1,160.73,5,0,0.0,0,0.0,0.0,100.1,1,160.73,5,0,0.0,0,0.0,0.0,100.1,1,160.73,5,0,0.0,0,0.0,0.0,100.1,1,161.938,5,0,0.0,0,0.0,0.0,99.93,1,160.73,5,0,0.0,0,0.0,0.0,100.1,1,160.73,10,0,0.0,0,0.0,0.0,100.1,1,160.73,10,0,0.0,0,0.0,0.0,100.1,1,160.73,10,0,0.0,0,0.0,0.0,100.1,1,160.73,10,0,0.0,0,0.0,0.0,100.1,1,160.73,5,0,0.0,0,0.0,0.0,100.1,1
WP2033,1701-5041-1,157,Line,1,5041-17010-2,Line,46.977,122.37,584.9,1,160.73,10,0,0.0,0,0.0,0.0,100.1,1,160.73,5,0,0.0,0,0.0,0.0,100.1,1,160.73,5,0,0.0,0,0.0,0.0,100.1,1,160.73,5,0,0.0,0,0.0,0.0,100.1,1,160.73,5,0,0.0,0,0.0,0.0,100.1,1,160.73,5,0,0.0,0,0.0,0.0,100.1,1,160.73,5,0,0.0,0,0.0,0.0,100.1,1,160.73,5,0,0.0,0,0.0,0.0,100.1,1,160.73,5,0,0.0,0,0.0,0.0,100.1,1,161.551,5,0,0.0,0,0.0,0.0,99.99,1,160.73,5,0,0.0,0,0.0,0.0,100.1,1,160.73,10,0,0.0,0,0.0,0.0,100.1,1,160.73,10,0,0.0,0,0.0,0.0,100.1,1,160.73,10,0,0.0,0,0.0,0.0,100.1,1,160.73,10,0,0.0,0,0.0,0.0,100.1,1,160.73,5,0,0.0,0,0.0,0.0,100.1,1
WP2033,1701-5041-1,158,Line,1,5041-17010-2,Line,46.977,122.37,611.3,1,160.73,10,0,0.0,0,0.0,0.0,100.1,1,160.73,5,0,0.0,0,0.0,0.0,100.1,1,160.73,5,0,0.0,0,0.0,0.0,100.1,1,160.73,5,0,0.0,0,0.0,0.0,100.1,1,160.73,5,0,0.0,0,0.0,0.0,100.1,1,160.73,5,0,0.0,0,0.0,0.0,100.1,1,160.73,5,0,0.0,0,0.0,0.0,100.1,1,160.73,5,0,0.0,0,0.0,0.0,100.1,1,160.73,5,0,0.0,0,0.0,0.0,100.1,1,161.943,5,0,0.0,0,0.0,0.0,99.93,1,160.73,5,0,0.0,0,0.0,0.0,100.1,1,160.73,10,0,0.0,0,0.0,0.0,100.1,1,160.73,10,0,0.0,0,0.0,0.0,100.1,1,160.73,10,0,0.0,0,0.0,0.0,100.1,1,160.73,10,0,0.0,0,0.0,0.0,100.1,1,160.73,4,0,0.0,0,0.0,0.0,100.1,1
WP2033,1701-5041-1,159,Line,1,5041-17010-2,Line,31.842,115.16,402.5,1,108.714,10,0,0.0,0,0.0,0.0,100.1,1,108.714,5,0,0.0,0,0.0,0.0,100.1,1,108.714,5,0,0.0,0,0.0,0.0,100.1,1,108.714,5,0,0.0,0,0.0,0.0,100.1,1,108.714,5,0,0.0,0,0.0,0.0,100.1,1,108.714,5,0,0.0,0,0.0,0.0,100.1,1,108.714,5,0,0.0,0,0.0,0.0,100.1,1,108.714,5,0,0.0,0,0.0,0.0,100.1,1,108.714,5,0,0.0,0,0.0,0.0,100.1,1,109.521,5,0,0.0,0,0.0,0.0,99.99,1,108.714,5,0,0.0,0,0.0,0.0,100.1,1,108.714,10,0,0.0,0,0.0,0.0,100.1,1,108.714,10,0,0.0,0,0.0,0.0,100.1,1,108.714,10,0,0.0,0,0.0,0.0,100.1,1,108.714,10,0,0.0,0,0.0,0.0,100.1,1,108.714,4,0,0.0,0,0.0,0.0,100.1,1
WP2033,5041-17010-2,0,Line,1,1701-5041-1,Line,24.736,112.95,417.9,1,84.359,10,0,0.0,0,0.0,0.0,100.1,1,84.359,4,0,0.0,0,0.0,0.0,100.1,1,84.359,4,0,0.0,0,0.0,0.0,100.1,1,84.359,4,0,0.0,0,0.0,0.0,100.1,1,84.359,4,0,0.0,0,0.0,0.0,100.1,1,84.359,4,0,0.0,0,0.0,0.0,100.1,1,84.359,4,0,0.0,0,0.0,0.0,100.1,1,84.359,4,0,0.0,0,0.0,0.0,100.1,1,84.359,4,0,0.0,0,0.0,0.0,100.1,1,93.714,4,0,0.0,0,0.0,0.0,98.67,1,84.359,4,0,0.0,0,0.0,0.0,100.1,1,84.359,10,0,0.0,0,0.0,0.0,100.1,1,84.359,10,0,0.0,0,0.0,0.0,100.1,1,84.359,10,0,0.0,0,0.0,0.0,100.1,1,84.359,10,0,0.0,0,0.0,0.0,100.1,1,84.359,4,0,0.0,0,0.0,0.0,100.1,1
WP2033,5041-17010-2,1,Line,1,1701-5041-1,Line,65.977,134.54,575.4,1,226.095,10,0,0.0,0,0.0,0.0,100.1,1,226.095,7,0,0.0,0,0.0,0.0,100.1,1,226.095,7,0,0.0,0,0.0,0.0,100.1,1,226.095,7,0,0.0,0,0.0,0.0,100.1,1,226.095,7,0,0.0,0,0.0,0.0,100.1,1,226.095,7,0,0.0,0,0.0,0.0,100.1,1,226.095,7,0,0.0,0,0.0,0.0,100.1,1,226.095,7,0,0.0,0,0.0,0.0,100.1,1,226.095,7,0,0.0,0,0.0,0.0,100.1,1,289.695,7,0,0.0,0,0.0,0.0,90.41,1,226.095,7,0,0.0,0,0.0,0.0,100.1,1,226.095,10,0,0.0,0,0.0,0.0,100.1,1,226.095,10,0,0.0,0,0.0,0.0,100.1,1,226.095,10,0,0.0,0,0.0,0.0,100.1,1,226.095,10,0,0.0,0,0.0,0.0,100.1,1,226.095,6,0,0.0,0,0.0,0.0,100.1,1
WP2033,5041-17010-2,2,Line,1,1701-5041-1,Line,65.977,134.54,594.1,1,226.095,10,0,0.0,0,0.0,0.0,100.1,1,226.095,7,0,0.0,0,0.0,0.0,100.1,1,226.095,7,0,0.0,0,0.0,0.0,100.1,1,226.095,7,0,0.0,0,0.0,0.0,100.1,1,226.095,7,0,0.0,0,0.0,0.0,100.1,1,226.095,7,0,0.0,0,0.0,0.0,100.1,1,226.095,7,0,0.0,0,0.0,0.0,100.1,1,226.095,7,0,0.0,0,0.0,0.0,100.1,1,226.095,7,0,0.0,0,0.0,0.0,100.1,1,278.334,7,0,0.0,0,0.0,0.0,92.14,1,226.095,7,0,0.0,0,0.0,0.0,100.1,1,226.095,10,0,0.0,0,0.0,0.0,100.1,1,226.095,10,0,0.0,0,0.0,0.0,100.1,1,226.095,10,0,0.0,0,0.0,0.0,100.1,1,226.095,10,0,0.0,0,0.0,0.0,100.1,1,226.095,6,0,0.0,0,0.0,0.0,100.1,1
WP2033,5041-17010-2,3,Line,1,1701-5041-1,Line,65.977,134.54,682.8,1,226.095,10,0,0.0,0,0.0,0.0,100.1,1,226.095,6,0,0.0,0,0.0,0.0,100.1,1,226.095,6,0,0.0,0,0.0,0.0,100.1,1,226.095,6,0,0.0,0,0.0,0.0,100.1,1,226.095,6,0,0.0,0,0.0,0.0,100.1,1,226.095,6,0,0.0,0,0.0,0.0,100.1,1,226.095,6,0,0.0,0,0.0,0.0,100.1,1,226.095,6,0,0.0,0,0.0,0.0,100.1,1,226.095,6,0,0.0,0,0.0,0.0,100.1,1,229.777,6,0,0.0,0,0.0,0.0,99.54,1,226.095,6,0,0.0,0,0.0,0.0,100.1,1,226.095,10,0,0.0,0,0.0,0.0,100.1,1,226.095,10,0,0.0,0,0.0,0.0,100.1,1,226.095,10,0,0.0,0,0.0,0.0,100.1,1,226.095,10,0,0.0,0,0.0,0.0,100.1,1,226.095,6,0,0.0,0,0.0,0.0,100.1,1
WP2033,5041-17010-2,4,Line,1,1701-5041-1,Line,65.977,134.54,673.0,1,226.095,10,0,0.0,0,0.0,0.0,100.1,1,226.095,6,0,0.0,0,0.0,0.0,100.1,1,226.095,6,0,0.0,0,0.0,0.0,100.1,1,226.095,6,0,0.0,0,0.0,0.0,100.1,1,226.095,6,0,0.0,0,0.0,0.0,100.1,1,226.095,6,0,0.0,0,0.0,0.0,100.1,1,226.095,6,0,0.0,0,0.0,0.0,100.1,1,226.095,6,0,0.0,0,0.0,0.0,100.1,1,226.095,6,0,0.0,0,0.0,0.0,100.1,1,247.689,6,0,0.0,0,0.0,0.0,96.81,1,226.095,6,0,0.0,0,0.0,0.0,100.1,1,226.095,10,0,0.0,0,0.0,0.0,100.1,1,226.095,10,0,0.0,0,0.0,0.0,100.1,1,226.095,10,0,0.0,0,0.0,0.0,100.1,1,226.095,10,0,0.0,0,0.0,0.0,100.1,1,226.095,6,0,0.0,0,0.0,0.0,100.1,1
WP2033,5041-17010-2,5,Line,1,1701-5041-1,Line,65.977,134.54,692.6,1,226.095,9,0,0.0,0,0.0,0.0,100.1,1,226.095,5,0,0.0,0,0.0,0.0,100.1,1,226.095,5,0,0.0,0,0.0,0.0,100.1,1,226.095,5,0,0.0,0,0.0,0.0,100.1,1,226.095,5,0,0.0,0,0.0,0.0,100.1,1,226.095,5,0,0.0,0,0.0,0.0,100.1,1,226.095,5,0,0.0,0,0.0,0.0,100.1,1,226.095,5,0,0.0,0,0.0,0.0,100.1,1,226.095,5,0,0.0,0,0.0,0.0,100.1,1,234.378,5,0,0.0,0,0.0,0.0,98.84,1,226.095,5,0,0.0,0,0.0,0.0,100.1,1,226.095,9,0,0.0,0,0.0,0.0,100.1,1,226.095,9,0,0.0,0,0.0,0.0,100.1,1,226.095,9,0,0.0,0,0.0,0.0,100.1,1,226.095,9,0,0.0,0,0.0,0.0,100.1,1,226.095,5,0,0.0,0,0.0,0.0,100.1,1
WP2033,5041-17010-2,6,Line,1,1701-5041-1,Line,24.523,112.84,390.7,1,83.625,10,0,0.0,0,0.0,0.0,100.1,1,83.625,4,0,0.0,0,0.0,0.0,100.1,1,83.625,4,0,0.0,0,0.0,0.0,100.1,1,83.625,4,0,0.0,0,0.0,0.0,100.1,1,83.625,4,0,0.0,0,0.0,0.0,100.1,1,83.625,4,0,0.0,0,0.0,0.0,100.1,1,83.625,4,0,0.0,0,0.0,0.0,100.1,1,83.625,4,0,0.0,0,0.0,0.0,100.1,1,83.625,4,0,0.0,0,0.0,0.0,100.1,1,93.483,4,0,0.0,0,0.0,0.0,98.6,1,83.625,4,0,0.0,0,0.0,0.0,100.1,1,83.625,10,0,0.0,0,0.0,0.0,100.1,1,83.625,10,0,0.0,0,0.0,0.0,100.1,1,83.625,10,0,0.0,0,0.0,0.0,100.1,1,83.625,10,0,0.0,0,0.0,0.0,100.1,1,83.625,4,0,0.0,0,0.0,0.0,100.1,1
WP2033,5041-17010-2,7,Line,1,1701-5041-1,Line,14.448,107.56,380.8,1,48.999,10,0,0.0,0,0.0,0.0,100.1,1,48.999,4,0,0.0,0,0.0,0.0,100.1,1,48.999,4,0,0.0,0,0.0,0.0,100.1,1,48.999,4,0,0.0,0,0.0,0.0,100.1,1,48.999,4,0,0.0,0,0.0,0.0,100.1,1,48.999,4,0,0.0,0,0.0,0.0,100.1,1,48.999,4,0,0.0,0,0.0,0.0,100.1,1,48.999,4,0,0.0,0,0.0,0.0,100.1,1,48.999,4,0,0.0,0,0.0,0.0,100.1,1,81.498,3,0,0.0,0,0.0,0.0,95.15,1,48.999,4,0,0.0,0,0.0,0.0,100.1,1,48.999,10,0,0.0,0,0.0,0.0,100.1,1,48.999,10,0,0.0,0,0.0,0.0,100.1,1,48.999,10,0,0.0,0,0.0,0.0,100.1,1,48.999,10,0,0.0,0,0.0,0.0,100.1,1,48.999,4,0,0.0,0,0.0,0.0,100.1,1
WP2033,5041-17010-2,9,Line,1,1701-5041-1,Line,65.977,134.54,572.1,1,226.095,10,0,0.0,0,0.0,0.0,100.1,1,226.095,6,0,0.0,0,0.0,0.0,100.1,1,226.095,6,0,0.0,0,0.0,0.0,100.1,1,226.095,6,0,0.0,0,0.0,0.0,100.1,1,226.095,6,0,0.0,0,0.0,0.0,100.1,1,226.095,6,0,0.0,0,0.0,0.0,100.1,1,226.095,6,0,0.0,0,0.0,0.0,100.1,1,226.095,6,0,0.0,0,0.0,0.0,100.1,1,226.095,6,0,0.0,0,0.0,0.0,100.1,1,231.498,6,0,0.0,0,0.0,0.0,99.28,1,226.095,6,0,0.0,0,0.0,0.0,100.1,1,226.095,10,0,0.0,0,0.0,0.0,100.1,1,226.095,10,0,0.0,0,0.0,0.0,100.1,1,226.095,10,0,0.0,0,0.0,0.0,100.1,1,226.095,10,0,0.0,0,0.0,0.0,100.1,1,226.095,6,0,0.0,0,0.0,0.0,100.1,1
WP2033,5041-17010-2,10,Line,1,1701-5041-1,Line,53.925,128.23,488.6,1,184.675,10,0,0.0,0,0.0,0.0,100.1,1,184.675,7,0,0.0,0,0.0,0.0,100.1,1,184.675,7,0,0.0,0,0.0,0.0,100.1,1,184.675,7,0,0.0,0,0.0,0.0,100.1,1,184.675,7,0,0.0,0,0.0,0.0,100.1,1,184.675,7,0,0.0,0,0.0,0.0,100.1,1,184.675,7,0,0.0,0,0.0,0.0,100.1,1,184.675,7,0,0.0,0,0.0,0.0,100.1,1,184.675,7,0,0.0,0,0.0,0.0,100.1,1,188.384,7,0,0.0,0,0.0,0.0,99.53,1,184.675,7,0,0.0,0,0.0,0.0,100.1,1,184.675,10,0,0.0,0,0.0,0.0,100.1,1,184.675,10,0,0.0,0,0.0,0.0,100.1,1,184.675,10,0,0.0,0,0.0,0.0,100.1,1,184.675,10,0,0.0,0,0.0,0.0,100.1,1,184.675,6,0,0.0,0,0.0,0.0,100.1,1
WP2033,5041-17010-2,11,Line,1,1701-5041-1,Line,65.977,134.54,581.0,1,226.095,10,0,0.0,0,0.0,0.0,100.1,1,226.095,7,0,0.0,0,0.0,0.0,100.1,1,226.095,7,0,0.0,0,0.0,0.0,100.1,1,226.095,7,0,0.0,0,0.0,0.0,100.1,1,226.095,7,0,0.0,0,0.0,0.0,100.1,1,226.095,7,0,0.0,0,0.0,0.0,100.1,1,226.095,7,0,0.0,0,0.0,0.0,100.1,1,226.095,7,0,0.0,0,0.0,0.0,100.1,1,226.095,7,0,0.0,0,0.0,0.0,100.1,1,247.138,7,0,0.0,0,0.0,0.0,96.89,1,226.095,7,0,0.0,0,0.0,0.0,100.1,1,226.095,10,0,0.0,0,0.0,0.0,100.1,1,226.095,10,0,0.0,0,0.0,0.0,100.1,1,226.095,10,0,0.0,0,0.0,0.0,100.1,1,226.095,10,0,0.0,0,0.0,0.0,100.1,1,226.095,6,0,0.0,0,0.0,0.0,100.1,1
WP2033,5041-17010-2,12,Line,1,1701-5041-1,Line,5.406,102.83,463.8,1,17.922,10,0,0.0,0,0.0,0.0,100.1,1,17.922,2,0,0.0,0,0.0,0.0,100.1,1,17.922,2,0,0.0,0,0.0,0.0,100.1,1,17.922,2,0,0.0,0,0.0,0.0,100.1,1,17.922,2,0,0.0,0,0.0,0.0,100.1,1,17.922,2,0,0.0,0,0.0,0.0,100.1,1,17.922,2,0,0.0,0,0.0,0.0,100.1,1,17.922,2,0,0.0,0,0.0,0.0,100.1,1,17.922,2,0,0.0,0,0.0,0.0,100.1,1,36.301,2,0,0.0,0,0.0,0.0,97.3,1,17.922,2,0,0.0,0,0.0,0.0,100.1,1,17.922,10,0,0.0,0,0.0,0.0,100.1,1,17.922,10,0,0.0,0,0.0,0.0,100.1,1,17.922,10,0,0.0,0,0.0,0.0,100.1,1,17.922,10,0,0.0,0,0.0,0.0,100.1,1,17.922,2,0,0.0,0,0.0,0.0,100.1,1
WP2033,5041-17010-2,13,Line,1,1701-5041-1,Line,36.949,119.35,492.7,1,126.333,10,0,0.0,0,0.0,0.0,100.1,1,126.333,5,0,0.0,0,0.0,0.0,100.1,1,126.333,5,0,0.0,0,0.0,0.0,100.1,1,126.333,5,0,0.0,0,0.0,0.0,100.1,1,126.333,5,0,0.0,0,0.0,0.0,100.1,1,126.333,5,0,0.0,0,0.0,0.0,100.1,1,126.333,5,0,0.0,0,0.0,0.0,100.1,1,126.333,5,0,0.0,0,0.0,0.0,100.1,1,126.333,5,0,0.0,0,0.0,0.0,100.1,1,149.836,5,0,0.0,0,0.0,0.0,96.52,1,126.333,5,0,0.0,0,0.0,0.0,100.1,1,126.333,10,0,0.0,0,0.0,0.0,100.1,1,126.333,10,0,0.0,0,0.0,0.0,100.1,1,126.333,10,0,0.0,0,0.0,0.0,100.1,1,126.333,10,0,0.0,0,0.0,0.0,100.1,1,126.333,5,0,0.0,0,0.0,0.0,100.1,1
WP2033,5041-17010-2,17,Line,1,1701-5041-1,Line,65.977,134.54,539.0,1,226.095,10,0,0.0,0,0.0,0.0,100.1,1,226.095,7,0,0.0,0,0.0,0.0,100.1,1,226.095,7,0,0.0,0,0.0,0.0,100.1,1,226.095,7,0,0.0,0,0.0,0.0,100.1,1,226.095,7,0,0.0,0,0.0,0.0,100.1,1,226.095,7,0,0.0,0,0.0,0.0,100.1,1,226.095,7,0,0.0,0,0.0,0.0,100.1,1,226.095,7,0,0.0,0,0.0,0.0,100.1,1,226.095,7,0,0.0,0,0.0,0.0,100.1,1,276.82,7,0,0.0,0,0.0,0.0,92.37,1,226.095,7,0,0.0,0,0.0,0.0,100.1,1,226.095,10,0,0.0,0,0.0,0.0,100.1,1,226.095,10,0,0.0,0,0.0,0.0,100.1,1,226.095,10,0,0.0,0,0.0,0.0,100.1,1,226.095,10,0,0.0,0,0.0,0.0,100.1,1,226.095,6,0,0.0,0,0.0,0.0,100.1,1
WP2033,5041-17010-2,18,Line,1,1701-5041-1,Line,65.977,134.54,642.6,1,226.095,10,0,0.0,0,0.0,0.0,100.1,1,226.095,7,0,0.0,0,0.0,0.0,100.1,1,226.095,7,0,0.0,0,0.0,0.0,100.1,1,226.095,7,0,0.0,0,0.0,0.0,100.1,1,226.095,7,0,0.0,0,0.0,0.0,100.1,1,226.095,7,0,0.0,0,0.0,0.0,100.1,1,226.095,7,0,0.0,0,0.0,0.0,100.1,1,226.095,7,0,0.0,0,0.0,0.0,100.1,1,226.095,7,0,0.0,0,0.0,0.0,100.1,1,258.248,7,0,0.0,0,0.0,0.0,95.2,1,226.095,7,0,0.0,0,0.0,0.0,100.1,1,226.095,10,0,0.0,0,0.0,0.0,100.1,1,226.095,10,0,0.0,0,0.0,0.0,100.1,1,226.095,10,0,0.0,0,0.0,0.0,100.1,1,226.095,10,0,0.0,0,0.0,0.0,100.1,1,226.095,6,0,0.0,0,0.0,0.0,100.1,1
WP2033,5041-17010-2,19,Line,1,1701-5041-1,Line,65.977,134.54,642.1,1,226.095,9,0,0.0,0,0.0,0.0,100.1,1,226.095,6,0,0.0,0,0.0,0.0,100.1,1,226.095,6,0,0.0,0,0.0,0.0,100.1,1,226.095,6,0,0.0,0,0.0,0.0,100.1,1,226.095,6,0,0.0,0,0.0,0.0,100.1,1,226.095,6,0,0.0,0,0.0,0.0,100.1,1,226.095,6,0,0.0,0,0.0,0.0,100.1,1,226.095,6,0,0.0,0,0.0,0.0,100.1,1,226.095,6,0,0.0,0,0.0,0.0,100.1,1,258.25,6,0,0.0,0,0.0,0.0,95.2,1,226.095,6,0,0.0,0,0.0,0.0,100.1,1,226.095,9,0,0.0,0,0.0,0.0,100.1,1,226.095,9,0,0.0,0,0.0,0.0,100.1,1,226.095,9,0,0.0,0,0.0,0.0,100.1,1,226.095,9,0,0.0,0,0.0,0.0,100.1,1,226.095,5,0,0.0,0,0.0,0.0,100.1,1
WP2033,5041-17010-2,20,Line,1,1701-5041-1,Line,65.977,134.54,656.3,1,226.095,9,0,0.0,0,0.0,0.0,100.1,1,226.095,6,0,0.0,0,0.0,0.0,100.1,1,226.095,6,0,0.0,0,0.0,0.0,100.1,1,226.095,6,0,0.0,0,0.0,0.0,100.1,1,226.095,6,0,0.0,0,0.0,0.0,100.1,1,226.095,6,0,0.0,0,0.0,0.0,100.1,1,226.095,6,0,0.0,0,0.0,0.0,100.1,1,226.095,6,0,0.0,0,0.0,0.0,100.1,1,226.095,6,0,0.0,0,0.0,0.0,100.1,1,291.924,6,0,0.0,0,0.0,0.0,90.07,1,226.095,6,0,0.0,0,0.0,0.0,100.1,1,226.095,9,0,0.0,0,0.0,0.0,100.1,1,226.095,9,0,0.0,0,0.0,0.0,100.1,1,226.095,9,0,0.0,0,0.0,0.0,100.1,1,226.095,9,0,0.0,0,0.0,0.0,100.1,1,226.095,5,0,0.0,0,0.0,0.0,100.1,1
WP2033,5041-17010-2,21,Line,1,1701-5041-1,Line,65.977,134.54,681.0,1,226.095,9,0,0.0,0,0.0,0.0,100.1,1,226.095,5,0,0.0,0,0.0,0.0,100.1,1,226.095,5,0,0.0,0,0.0,0.0,100.1,1,226.095,5,0,0.0,0,0.0,0.0,100.1,1,226.095,5,0,0.0,0,0.0,0.0,100.1,1,226.095,5,0,0.0,0,0.0,0.0,100.1,1,226.095,5,0,0.0,0,0.0,0.0,100.1,1,226.095,5,0,0.0,0,0.0,0.0,100.1,1,226.095,5,0,0.0,0,0.0,0.0,100.1,1,246.295,5,0,0.0,0,0.0,0.0,97.02,1,226.095,5,0,0.0,0,0.0,0.0,100.1,1,226.095,9,0,0.0,0,0.0,0.0,100.1,1,226.095,9,0,0.0,0,0.0,0.0,100.1,1,226.095,9,0,0.0,0,0.0,0.0,100.1,1,226.095,9,0,0.0,0,0.0,0.0,100.1,1,226.095,6,0,0.0,0,0.0,0.0,100.1,1
WP2033,5041-17010-2,22,Line,1,1701-5041-1,Line,60.588,131.72,686.3,1,207.574,9,0,0.0,0,0.0,0.0,100.1,1,207.574,4,0,0.0,0,0.0,0.0,100.1,1,207.574,4,0,0.0,0,0.0,0.0,100.1,1,207.574,4,0,0.0,0,0.0,0.0,100.1,1,207.574,4,0,0.0,0,0.0,0.0,100.1,1,207.574,4,0,0.0,0,0.0,0.0,100.1,1,207.574,4,0,0.0,0,0.0,0.0,100.1,1,207.574,4,0,0.0,0,0.0,0.0,100.1,1,207.574,4,0,0.0,0,0.0,0.0,100.1,1,225.965,4,0,0.0,0,0.0,0.0,97.3,1,207.574,4,0,0.0,0,0.0,0.0,100.1,1,207.574,9,0,0.0,0,0.0,0.0,100.1,1,207.574,9,0,0.0,0,0.0,0.0,100.1,1,207.574,9,0,0.0,0,0.0,0.0,100.1,1,207.574,9,0,0.0,0,0.0,0.0,100.1,1,207.574,5,0,0.0,0,0.0,0.0,100.1,1
WP2033,5041-17010-2,23,Line,1,1701-5041-1,Line,65.977,134.54,680.9,1,226.095,9,0,0.0,0,0.0,0.0,100.1,1,226.095,6,0,0.0,0,0.0,0.0,100.1,1,226.095,6,0,0.0,0,0.0,0.0,100.1,1,226.095,6,0,0.0,0,0.0,0.0,100.1,1,226.095,6,0,0.0,0,0.0,0.0,100.1,1,226.095,6,0,0.0,0,0.0,0.0,100.1,1,226.095,6,0,0.0,0,0.0,0.0,100.1,1,226.095,6,0,0.0,0,0.0,0.0,100.1,1,226.095,6,0,0.0,0,0.0,0.0,100.1,1,320.904,6,0,0.0,0,0.0,0.0,85.66,1,226.095,6,0,0.0,0,0.0,0.0,100.1,1,226.095,9,0,0.0,0,0.0,0.0,100.1,1,226.095,9,0,0.0,0,0.0,0.0,100.1,1,226.095,9,0,0.0,0,0.0,0.0,100.1,1,226.095,9,0,0.0,0,0.0,0.0,100.1,1,226.095,5,0,0.0,0,0.0,0.0,100.1,1
WP2033,5041-17010-2,24,Line,1,1701-5041-1,Line,65.977,134.54,675.0,1,226.095,10,0,0.0,0,0.0,0.0,100.1,1,226.095,6,0,0.0,0,0.0,0.0,100.1,1,226.095,6,0,0.0,0,0.0,0.0,100.1,1,226.095,6,0,0.0,0,0.0,0.0,100.1,1,226.095,6,0,0.0,0,0.0,0.0,100.1,1,226.095,6,0,0.0,0,0.0,0.0,100.1,1,226.095,6,0,0.0,0,0.0,0.0,100.1,1,226.095,6,0,0.0,0,0.0,0.0,100.1,1,226.095,6,0,0.0,0,0.0,0.0,100.1,1,243.844,6,0,0.0,0,0.0,0.0,97.4,1,226.095,6,0,0.0,0,0.0,0.0,100.1,1,226.095,10,0,0.0,0,0.0,0.0,100.1,1,226.095,10,0,0.0,0,0.0,0.0,100.1,1,226.095,10,0,0.0,0,0.0,0.0,100.1,1,226.095,10,0,0.0,0,0.0,0.0,100.1,1,226.095,6,0,0.0,0,0.0,0.0,100.1,1
WP2033,5041-17010-2,25,Line,1,1701-5041-1,Line,65.977,134.54,567.0,1,226.095,10,0,0.0,0,0.0,0.0,100.1,1,226.095,7,0,0.0,0,0.0,0.0,100.1,1,226.095,7,0,0.0,0,0.0,0.0,100.1,1,226.095,7,0,0.0,0,0.0,0.0,100.1,1,226.095,7,0,0.0,0,0.0,0.0,100.1,1,226.095,7,0,0.0,0,0.0,0.0,100.1,1,226.095,7,0,0.0,0,0.0,0.0,100.1,1,226.095,7,0,0.0,0,0.0,0.0,100.1,1,226.095,7,0,0.0,0,0.0,0.0,100.1,1,280.562,7,0,0.0,0,0.0,0.0,91.8,1,226.095,7,0,0.0,0,0.0,0.0,100.1,1,226.095,10,0,0.0,0,0.0,0.0,100.1,1,226.095,10,0,0.0,0,0.0,0.0,100.1,1,226.095,10,0,0.0,0,0.0,0.0,100.1,1,226.095,10,0,0.0,0,0.0,0.0,100.1,1,226.095,6,0,0.0,0,0.0,0.0,100.1,1
WP2033,5041-17010-2,26,Line,1,1701-5041-1,Line,65.977,134.54,614.9,1,226.095,10,0,0.0,0,0.0,0.0,100.1,1,226.095,6,0,0.0,0,0.0,0.0,100.1,1,226.095,6,0,0.0,0,0.0,0.0,100.1,1,226.095,6,0,0.0,0,0.0,0.0,100.1,1,226.095,6,0,0.0,0,0.0,0.0,100.1,1,226.095,6,0,0.0,0,0.0,0.0,100.1,1,226.095,6,0,0.0,0,0.0,0.0,100.1,1,226.095,6,0,0.0,0,0.0,0.0,100.1,1,226.095,6,0,0.0,0,0.0,0.0,100.1,1,235.237,6,0,0.0,0,0.0,0.0,98.71,1,226.095,6,0,0.0,0,0.0,0.0,100.1,1,226.095,10,0,0.0,0,0.0,0.0,100.1,1,226.095,10,0,0.0,0,0.0,0.0,100.1,1,226.095,10,0,0.0,0,0.0,0.0,100.1,1,226.095,10,0,0.0,0,0.0,0.0,100.1,1,226.095,6,0,0.0,0,0.0,0.0,100.1,1
WP2033,5041-17010-2,27,Line,1,1701-5041-1,Line,65.977,134.54,676.3,1,226.095,10,0,0.0,0,0.0,0.0,100.1,1,226.095,5,0,0.0,0,0.0,0.0,100.1,1,226.095,5,0,0.0,0,0.0,0.0,100.1,1,226.095,5,0,0.0,0,0.0,0.0,100.1,1,226.095,5,0,0.0,0,0.0,0.0,100.1,1,226.095,5,0,0.0,0,0.0,0.0,100.1,1,226.095,5,0,0.0,0,0.0,0.0,100.1,1,226.095,5,0,0.0,0,0.0,0.0,100.1,1,226.095,5,0,0.0,0,0.0,0.0,100.1,1,235.813,5,0,0.0,0,0.0,0.0,98.62,1,226.095,5,0,0.0,0,0.0,0.0,100.1,1,226.095,10,0,0.0,0,0.0,0.0,100.1,1,226.095,10,0,0.0,0,0.0,0.0,100.1,1,226.095,10,0,0.0,0,0.0,0.0,100.1,1,226.095,10,0,0.0,0,0.0,0.0,100.1,1,226.095,6,0,0.0,0,0.0,0.0,100.1,1
WP2033,5041-17010-2,28,Line,1,1701-5041-1,Line,65.977,134.54,594.4,1,226.095,10,0,0.0,0,0.0,0.0,100.1,1,226.095,7,0,0.0,0,0.0,0.0,100.1,1,226.095,7,0,0.0,0,0.0,0.0,100.1,1,226.095,7,0,0.0,0,0.0,0.0,100.1,1,226.095,7,0,0.0,0,0.0,0.0,100.1,1,226.095,7,0,0.0,0,0.0,0.0,100.1,1,226.095,7,0,0.0,0,0.0,0.0,100.1,1,226.095,7,0,0.0,0,0.0,0.0,100.1,1,226.095,7,0,0.0,0,0.0,0.0,100.1,1,285.586,7,0,0.0,0,0.0,0.0,91.04,1,226.095,7,0,0.0,0,0.0,0.0,100.1,1,226.095,10,0,0.0,0,0.0,0.0,100.1,1,226.095,10,0,0.0,0,0.0,0.0,100.1,1,226.095,10,0,0.0,0,0.0,0.0,100.1,1,226.095,10,0,0.0,0,0.0,0.0,100.1,1,226.095,7,0,0.0,0,0.0,0.0,100.1,1
WP2033,5041-17010-2,29,Line,1,1701-5041-1,Line,65.977,134.54,645.0,1,226.095,10,0,0.0,0,0.0,0.0,100.1,1,226.095,7,0,0.0,0,0.0,0.0,100.1,1,226.095,7,0,0.0,0,0.0,0.0,100.1,1,226.095,7,0,0.0,0,0.0,0.0,100.1,1,226.095,7,0,0.0,0,0.0,0.0,100.1,1,226.095,7,0,0.0,0,0.0,0.0,100.1,1,226.095,7,0,0.0,0,0.0,0.0,100.1,1,226.095,7,0,0.0,0,0.0,0.0,100.1,1,226.095,7,0,0.0,0,0.0,0.0,100.1,1,229.244,7,0,0.0,0,0.0,0.0,99.62,1,226.095,7,0,0.0,0,0.0,0.0,100.1,1,226.095,10,0,0.0,0,0.0,0.0,100.1,1,226.095,10,0,0.0,0,0.0,0.0,100.1,1,226.095,10,0,0.0,0,0.0,0.0,100.1,1,226.095,10,0,0.0,0,0.0,0.0,100.1,1,226.095,6,0,0.0,0,0.0,0.0,100.1,1
WP2033,5041-17010-2,30,Line,1,1701-5041-1,Line,63.127,133.05,538.4,1,216.302,10,0,0.0,0,0.0,0.0,100.1,1,216.302,7,0,0.0,0,0.0,0.0,100.1,1,216.302,7,0,0.0,0,0.0,0.0,100.1,1,216.302,7,0,0.0,0,0.0,0.0,100.1,1,216.302,7,0,0.0,0,0.0,0.0,100.1,1,216.302,7,0,0.0,0,0.0,0.0,100.1,1,216.302,7,0,0.0,0,0.0,0.0,100.1,1,216.302,7,0,0.0,0,0.0,0.0,100.1,1,216.302,7,0,0.0,0,0.0,0.0,100.1,1,261.413,7,0,0.0,0,0.0,0.0,93.23,1,216.302,7,0,0.0,0,0.0,0.0,100.1,1,216.302,10,0,0.0,0,0.0,0.0,100.1,1,216.302,10,0,0.0,0,0.0,0.0,100.1,1,216.302,10,0,0.0,0,0.0,0.0,100.1,1,216.302,10,0,0.0,0,0.0,0.0,100.1,1,216.302,7,0,0.0,0,0.0,0.0,100.1,1
WP2033,5041-17010-2,31,Line,1,1701-5041-1,Line,4.43,102.32,419.8,1,14.568,10,0,0.0,0,0.0,0.0,100.1,1,14.568,2,0,0.0,0,0.0,0.0,100.1,1,14.568,2,0,0.0,0,0.0,0.0,100.1,1,14.568,2,0,0.0,0,0.0,0.0,100.1,1,14.568,2,0,0.0,0,0.0,0.0,100.1,1,14.568,2,0,0.0,0,0.0,0.0,100.1,1,14.568,2,0,0.0,0,0.0,0.0,100.1,1,14.568,2,0,0.0,0,0.0,0.0,100.1,1,14.568,2,0,0.0,0,0.0,0.0,100.1,1,33.626,2,0,0.0,0,0.0,0.0,97.2,1,14.568,2,0,0.0,0,0.0,0.0,100.1,1,14.568,10,0,0.0,0,0.0,0.0,100.1,1,14.568,10,0,0.0,0,0.0,0.0,100.1,1,14.568,10,0,0.0,0,0.0,0.0,100.1,1,14.568,10,0,0.0,0,0.0,0.0,100.1,1,14.568,2,0,0.0,0,0.0,0.0,100.1,1
WP2033,5041-17010-2,59,Line,1,1701-5041-1,Line,58.436,130.59,659.7,1,200.18,10,0,0.0,0,0.0,0.0,100.1,1,200.18,5,0,0.0,0,0.0,0.0,100.1,1,200.18,5,0,0.0,0,0.0,0.0,100.1,1,200.18,5,0,0.0,0,0.0,0.0,100.1,1,200.18,5,0,0.0,0,0.0,0.0,100.1,1,200.18,5,0,0.0,0,0.0,0.0,100.1,1,200.18,5,0,0.0,0,0.0,0.0,100.1,1,200.18,5,0,0.0,0,0.0,0.0,100.1,1,200.18,5,0,0.0,0,0.0,0.0,100.1,1,210.193,5,0,0.0,0,0.0,0.0,98.57,1,200.18,5,0,0.0,0,0.0,0.0,100.1,1,200.18,10,0,0.0,0,0.0,0.0,100.1,1,200.18,10,0,0.0,0,0.0,0.0,100.1,1,200.18,10,0,0.0,0,0.0,0.0,100.1,1,200.18,10,0,0.0,0,0.0,0.0,100.1,1,200.18,6,0,0.0,0,0.0,0.0,100.1,1
WP2033,5041-17010-2,66,Line,1,1701-5041-1,Line,12.063,106.32,491.0,1,40.803,10,0,0.0,0,0.0,0.0,100.1,1,40.803,2,0,0.0,0,0.0,0.0,100.1,1,40.803,2,0,0.0,0,0.0,0.0,100.1,1,40.803,2,0,0.0,0,0.0,0.0,100.1,1,40.803,2,0,0.0,0,0.0,0.0,100.1,1,40.803,2,0,0.0,0,0.0,0.0,100.1,1,40.803,2,0,0.0,0,0.0,0.0,100.1,1,40.803,2,0,0.0,0,0.0,0.0,100.1,1,40.803,2,0,0.0,0,0.0,0.0,100.1,1,46.755,2,0,0.0,0,0.0,0.0,99.19,1,40.803,2,0,0.0,0,0.0,0.0,100.1,1,40.803,10,0,0.0,0,0.0,0.0,100.1,1,40.803,10,0,0.0,0,0.0,0.0,100.1,1,40.803,10,0,0.0,0,0.0,0.0,100.1,1,40.803,10,0,0.0,0,0.0,0.0,100.1,1,40.803,4,0,0.0,0,0.0,0.0,100.1,1
WP2033,5041-17010-2,67,Line,1,1701-5041-1,Line,28.166,114.75,489.9,1,96.145,10,0,0.0,0,0.0,0.0,100.1,1,96.145,4,0,0.0,0,0.0,0.0,100.1,1,96.145,4,0,0.0,0,0.0,0.0,100.1,1,96.145,4,0,0.0,0,0.0,0.0,100.1,1,96.145,4,0,0.0,0,0.0,0.0,100.1,1,96.145,4,0,0.0,0,0.0,0.0,100.1,1,96.145,4,0,0.0,0,0.0,0.0,100.1,1,96.145,4,0,0.0,0,0.0,0.0,100.1,1,96.145,4,0,0.0,0,0.0,0.0,100.1,1,111.72,4,0,0.0,0,0.0,0.0,97.73,1,96.145,4,0,0.0,0,0.0,0.0,100.1,1,96.145,10,0,0.0,0,0.0,0.0,100.1,1,96.145,10,0,0.0,0,0.0,0.0,100.1,1,96.145,10,0,0.0,0,0.0,0.0,100.1,1,96.145,10,0,0.0,0,0.0,0.0,100.1,1,96.145,5,0,0.0,0,0.0,0.0,100.1,1
WP2033,5041-17010-2,68,Line,1,1701-5041-1,Line,65.977,134.54,555.4,1,226.095,10,0,0.0,0,0.0,0.0,100.1,1,226.095,7,0,0.0,0,0.0,0.0,100.1,1,226.095,7,0,0.0,0,0.0,0.0,100.1,1,226.095,7,0,0.0,0,0.0,0.0,100.1,1,226.095,7,0,0.0,0,0.0,0.0,100.1,1,226.095,7,0,0.0,0,0.0,0.0,100.1,1,226.095,7,0,0.0,0,0.0,0.0,100.1,1,226.095,7,0,0.0,0,0.0,0.0,100.1,1,226.095,7,0,0.0,0,0.0,0.0,100.1,1,243.741,7,0,0.0,0,0.0,0.0,97.41,1,226.095,7,0,0.0,0,0.0,0.0,100.1,1,226.095,10,0,0.0,0,0.0,0.0,100.1,1,226.095,10,0,0.0,0,0.0,0.0,100.1,1,226.095,10,0,0.0,0,0.0,0.0,100.1,1,226.095,10,0,0.0,0,0.0,0.0,100.1,1,226.095,7,0,0.0,0,0.0,0.0,100.1,1
WP2033,5041-17010-2,69,Line,1,1701-5041-1,Line,65.977,134.54,555.5,1,226.095,10,0,0.0,0,0.0,0.0,100.1,1,226.095,7,0,0.0,0,0.0,0.0,100.1,1,226.095,7,0,0.0,0,0.0,0.0,100.1,1,226.095,7,0,0.0,0,0.0,0.0,100.1,1,226.095,7,0,0.0,0,0.0,0.0,100.1,1,226.095,7,0,0.0,0,0.0,0.0,100.1,1,226.095,7,0,0.0,0,0.0,0.0,100.1,1,226.095,7,0,0.0,0,0.0,0.0,100.1,1,226.095,7,0,0.0,0,0.0,0.0,100.1,1,239.472,7,0,0.0,0,0.0,0.0,98.06,1,226.095,7,0,0.0,0,0.0,0.0,100.1,1,226.095,10,0,0.0,0,0.0,0.0,100.1,1,226.095,10,0,0.0,0,0.0,0.0,100.1,1,226.095,10,0,0.0,0,0.0,0.0,100.1,1,226.095,10,0,0.0,0,0.0,0.0,100.1,1,226.095,7,0,0.0,0,0.0,0.0,100.1,1
WP2033,5041-17010-2,70,Line,1,1701-5041-1,Line,23.802,112.46,487.5,1,81.147,10,0,0.0,0,0.0,0.0,100.1,1,81.147,4,0,0.0,0,0.0,0.0,100.1,1,81.147,4,0,0.0,0,0.0,0.0,100.1,1,81.147,4,0,0.0,0,0.0,0.0,100.1,1,81.147,4,0,0.0,0,0.0,0.0,100.1,1,81.147,4,0,0.0,0,0.0,0.0,100.1,1,81.147,4,0,0.0,0,0.0,0.0,100.1,1,81.147,4,0,0.0,0,0.0,0.0,100.1,1,81.147,4,0,0.0,0,0.0,0.0,100.1,1,106.358,4,0,0.0,0,0.0,0.0,96.26,1,81.147,4,0,0.0,0,0.0,0.0,100.1,1,81.147,10,0,0.0,0,0.0,0.0,100.1,1,81.147,10,0,0.0,0,0.0,0.0,100.1,1,81.147,10,0,0.0,0,0.0,0.0,100.1,1,81.147,10,0,0.0,0,0.0,0.0,100.1,1,81.147,4,0,0.0,0,0.0,0.0,100.1,1
WP2033,5041-17010-2,71,Line,1,1701-5041-1,Line,8.923,104.67,482.2,1,30.012,10,0,0.0,0,0.0,0.0,100.1,1,30.012,2,0,0.0,0,0.0,0.0,100.1,1,30.012,2,0,0.0,0,0.0,0.0,100.1,1,30.012,2,0,0.0,0,0.0,0.0,100.1,1,30.012,2,0,0.0,0,0.0,0.0,100.1,1,30.012,2,0,0.0,0,0.0,0.0,100.1,1,30.012,2,0,0.0,0,0.0,0.0,100.1,1,30.012,2,0,0.0,0,0.0,0.0,100.1,1,30.012,2,0,0.0,0,0.0,0.0,100.1,1,39.22,2,0,0.0,0,0.0,0.0,98.7,1,30.012,2,0,0.0,0,0.0,0.0,100.1,1,30.012,10,0,0.0,0,0.0,0.0,100.1,1,30.012,10,0,0.0,0,0.0,0.0,100.1,1,30.012,10,0,0.0,0,0.0,0.0,100.1,1,30.012,10,0,0.0,0,0.0,0.0,100.1,1,30.012,3,0,0.0,0,0.0,0.0,100.1,1
WP2033,5041-17010-2,105,Line,1,1701-5041-1,Line,45.564,123.86,463.3,1,155.939,10,0,0.0,0,0.0,0.0,100.1,1,155.939,6,0,0.0,0,0.0,0.0,100.1,1,155.939,6,0,0.0,0,0.0,0.0,100.1,1,155.939,6,0,0.0,0,0.0,0.0,100.1,1,155.939,6,0,0.0,0,0.0,0.0,100.1,1,155.939,6,0,0.0,0,0.0,0.0,100.1,1,155.939,6,0,0.0,0,0.0,0.0,100.1,1,155.939,6,0,0.0,0,0.0,0.0,100.1,1,155.939,6,0,0.0,0,0.0,0.0,100.1,1,174.233,6,0,0.0,0,0.0,0.0,97.31,1,155.939,6,0,0.0,0,0.0,0.0,100.1,1,155.939,10,0,0.0,0,0.0,0.0,100.1,1,155.939,10,0,0.0,0,0.0,0.0,100.1,1,155.939,10,0,0.0,0,0.0,0.0,100.1,1,155.939,10,0,0.0,0,0.0,0.0,100.1,1,155.939,5,0,0.0,0,0.0,0.0,100.1,1
WP2033,5041-17010-2,106,Line,1,1701-5041-1,Line,65.977,134.54,556.7,1,226.095,10,0,0.0,0,0.0,0.0,100.1,1,226.095,6,0,0.0,0,0.0,0.0,100.1,1,226.095,6,0,0.0,0,0.0,0.0,100.1,1,226.095,6,0,0.0,0,0.0,0.0,100.1,1,226.095,6,0,0.0,0,0.0,0.0,100.1,1,226.095,6,0,0.0,0,0.0,0.0,100.1,1,226.095,6,0,0.0,0,0.0,0.0,100.1,1,226.095,6,0,0.0,0,0.0,0.0,100.1,1,226.095,6,0,0.0,0,0.0,0.0,100.1,1,233.446,6,0,0.0,0,0.0,0.0,98.98,1,226.095,6,0,0.0,0,0.0,0.0,100.1,1,226.095,10,0,0.0,0,0.0,0.0,100.1,1,226.095,10,0,0.0,0,0.0,0.0,100.1,1,226.095,10,0,0.0,0,0.0,0.0,100.1,1,226.095,10,0,0.0,0,0.0,0.0,100.1,1,226.095,6,0,0.0,0,0.0,0.0,100.1,1
WP2033,5041-17010-2,107,Line,1,1701-5041-1,Line,65.977,134.54,520.2,1,226.095,10,0,0.0,0,0.0,0.0,100.1,1,226.095,7,0,0.0,0,0.0,0.0,100.1,1,226.095,7,0,0.0,0,0.0,0.0,100.1,1,226.095,7,0,0.0,0,0.0,0.0,100.1,1,226.095,7,0,0.0,0,0.0,0.0,100.1,1,226.095,7,0,0.0,0,0.0,0.0,100.1,1,226.095,7,0,0.0,0,0.0,0.0,100.1,1,226.095,7,0,0.0,0,0.0,0.0,100.1,1,226.095,7,0,0.0,0,0.0,0.0,100.1,1,262.436,7,0,0.0,0,0.0,0.0,94.56,1,226.095,7,0,0.0,0,0.0,0.0,100.1,1,226.095,10,0,0.0,0,0.0,0.0,100.1,1,226.095,10,0,0.0,0,0.0,0.0,100.1,1,226.095,10,0,0.0,0,0.0,0.0,100.1,1,226.095,10,0,0.0,0,0.0,0.0,100.1,1,226.095,6,0,0.0,0,0.0,0.0,100.1,1
WP2033,5041-17010-2,110,Line,1,1701-5041-1,Line,15.047,107.88,440.4,1,51.057,10,0,0.0,0,0.0,0.0,100.1,1,51.057,2,0,0.0,0,0.0,0.0,100.1,1,51.057,2,0,0.0,0,0.0,0.0,100.1,1,51.057,2,0,0.0,0,0.0,0.0,100.1,1,51.057,2,0,0.0,0,0.0,0.0,100.1,1,51.057,2,0,0.0,0,0.0,0.0,100.1,1,51.057,2,0,0.0,0,0.0,0.0,100.1,1,51.057,2,0,0.0,0,0.0,0.0,100.1,1,51.057,2,0,0.0,0,0.0,0.0,100.1,1,53.737,2,0,0.0,0,0.0,0.0,99.69,1,51.057,2,0,0.0,0,0.0,0.0,100.1,1,51.057,10,0,0.0,0,0.0,0.0,100.1,1,51.057,10,0,0.0,0,0.0,0.0,100.1,1,51.057,10,0,0.0,0,0.0,0.0,100.1,1,51.057,10,0,0.0,0,0.0,0.0,100.1,1,51.057,4,0,0.0,0,0.0,0.0,100.1,1
WP2033,5041-17010-2,111,Line,1,1701-5041-1,Line,27.678,114.49,441.4,1,94.47,10,0,0.0,0,0.0,0.0,100.1,1,94.47,4,0,0.0,0,0.0,0.0,100.1,1,94.47,4,0,0.0,0,0.0,0.0,100.1,1,94.47,4,0,0.0,0,0.0,0.0,100.1,1,94.47,4,0,0.0,0,0.0,0.0,100.1,1,94.47,4,0,0.0,0,0.0,0.0,100.1,1,94.47,4,0,0.0,0,0.0,0.0,100.1,1,94.47,4,0,0.0,0,0.0,0.0,100.1,1,94.47,4,0,0.0,0,0.0,0.0,100.1,1,100.214,4,0,0.0,0,0.0,0.0,99.22,1,94.47,4,0,0.0,0,0.0,0.0,100.1,1,94.47,10,0,0.0,0,0.0,0.0,100.1,1,94.47,10,0,0.0,0,0.0,0.0,100.1,1,94.47,10,0,0.0,0,0.0,0.0,100.1,1,94.47,10,0,0.0,0,0.0,0.0,100.1,1,94.47,4,0,0.0,0,0.0,0.0,100.1,1
WP2033,5041-17010-2,112,Line,1,1701-5041-1,Line,34.298,117.96,423.5,1,117.219,10,0,0.0,0,0.0,0.0,100.1,1,117.219,5,0,0.0,0,0.0,0.0,100.1,1,117.219,5,0,0.0,0,0.0,0.0,100.1,1,117.219,5,0,0.0,0,0.0,0.0,100.1,1,117.219,5,0,0.0,0,0.0,0.0,100.1,1,117.219,5,0,0.0,0,0.0,0.0,100.1,1,117.219,5,0,0.0,0,0.0,0.0,100.1,1,117.219,5,0,0.0,0,0.0,0.0,100.1,1,117.219,5,0,0.0,0,0.0,0.0,100.1,1,135.314,5,0,0.0,0,0.0,0.0,97.34,1,117.219,5,0,0.0,0,0.0,0.0,100.1,1,117.219,10,0,0.0,0,0.0,0.0,100.1,1,117.219,10,0,0.0,0,0.0,0.0,100.1,1,117.219,10,0,0.0,0,0.0,0.0,100.1,1,117.219,10,0,0.0,0,0.0,0.0,100.1,1,117.219,4,0,0.0,0,0.0,0.0,100.1,1
WP2033,5041-17010-2,113,Line,1,1701-5041-1,Line,65.977,134.54,661.2,1,226.095,10,0,0.0,0,0.0,0.0,100.1,1,226.095,6,0,0.0,0,0.0,0.0,100.1,1,226.095,6,0,0.0,0,0.0,0.0,100.1,1,226.095,6,0,0.0,0,0.0,0.0,100.1,1,226.095,6,0,0.0,0,0.0,0.0,100.1,1,226.095,6,0,0.0,0,0.0,0.0,100.1,1,226.095,6,0,0.0,0,0.0,0.0,100.1,1,226.095,6,0,0.0,0,0.0,0.0,100.1,1,226.095,6,0,0.0,0,0.0,0.0,100.1,1,234.887,6,0,0.0,0,0.0,0.0,98.76,1,226.095,6,0,0.0,0,0.0,0.0,100.1,1,226.095,10,0,0.0,0,0.0,0.0,100.1,1,226.095,10,0,0.0,0,0.0,0.0,100.1,1,226.095,10,0,0.0,0,0.0,0.0,100.1,1,226.095,10,0,0.0,0,0.0,0.0,100.1,1,226.095,6,0,0.0,0,0.0,0.0,100.1,1
WP2033,5041-17010-2,114,Line,1,1701-5041-1,Line,57.921,130.33,693.9,1,198.409,9,0,0.0,0,0.0,0.0,100.1,1,198.409,4,0,0.0,0,0.0,0.0,100.1,1,198.409,4,0,0.0,0,0.0,0.0,100.1,1,198.409,4,0,0.0,0,0.0,0.0,100.1,1,198.409,4,0,0.0,0,0.0,0.0,100.1,1,198.409,4,0,0.0,0,0.0,0.0,100.1,1,198.409,4,0,0.0,0,0.0,0.0,100.1,1,198.409,4,0,0.0,0,0.0,0.0,100.1,1,198.409,4,0,0.0,0,0.0,0.0,100.1,1,209.151,4,0,0.0,0,0.0,0.0,98.46,1,198.409,4,0,0.0,0,0.0,0.0,100.1,1,198.409,9,0,0.0,0,0.0,0.0,100.1,1,198.409,9,0,0.0,0,0.0,0.0,100.1,1,198.409,9,0,0.0,0,0.0,0.0,100.1,1,198.409,9,0,0.0,0,0.0,0.0,100.1,1,198.409,5,0,0.0,0,0.0,0.0,100.1,1
WP2033,5041-17010-2,115,Line,1,1701-5041-1,Line,24.909,113.04,689.8,1,84.953,7,0,0.0,0,0.0,0.0,100.1,1,84.953,2,0,0.0,0,0.0,0.0,100.1,1,84.953,2,0,0.0,0,0.0,0.0,100.1,1,84.953,2,0,0.0,0,0.0,0.0,100.1,1,84.953,2,0,0.0,0,0.0,0.0,100.1,1,84.953,2,0,0.0,0,0.0,0.0,100.1,1,84.953,2,0,0.0,0,0.0,0.0,100.1,1,84.953,2,0,0.0,0,0.0,0.0,100.1,1,84.953,2,0,0.0,0,0.0,0.0,100.1,1,100.265,2,0,0.0,0,0.0,0.0,97.77,1,84.953,2,0,0.0,0,0.0,0.0,100.1,1,84.953,7,0,0.0,0,0.0,0.0,100.1,1,84.953,7,0,0.0,0,0.0,0.0,100.1,1,84.953,7,0,0.0,0,0.0,0.0,100.1,1,84.953,7,0,0.0,0,0.0,0.0,100.1,1,84.953,3,0,0.0,0,0.0,0.0,100.1,1
WP2033,5041-17010-2,116,Line,1,1701-5041-1,Line,27.897,114.61,686.9,1,95.22,8,0,0.0,0,0.0,0.0,100.1,1,95.22,3,0,0.0,0,0.0,0.0,100.1,1,95.22,3,0,0.0,0,0.0,0.0,100.1,1,95.22,3,0,0.0,0,0.0,0.0,100.1,1,95.22,3,0,0.0,0,0.0,0.0,100.1,1,95.22,3,0,0.0,0,0.0,0.0,100.1,1,95.22,3,0,0.0,0,0.0,0.0,100.1,1,95.22,3,0,0.0,0,0.0,0.0,100.1,1,95.22,3,0,0.0,0,0.0,0.0,100.1,1,104.684,2,0,0.0,0,0.0,0.0,98.66,1,95.22,3,0,0.0,0,0.0,0.0,100.1,1,95.22,8,0,0.0,0,0.0,0.0,100.1,1,95.22,8,0,0.0,0,0.0,0.0,100.1,1,95.22,8,0,0.0,0,0.0,0.0,100.1,1,95.22,8,0,0.0,0,0.0,0.0,100.1,1,95.22,3,0,0.0,0,0.0,0.0,100.1,1
WP2033,5041-17010-2,117,Line,1,1701-5041-1,Line,33.393,117.48,685.4,1,114.111,7,0,0.0,0,0.0,0.0,100.1,1,114.111,3,0,0.0,0,0.0,0.0,100.1,1,114.111,3,0,0.0,0,0.0,0.0,100.1,1,114.111,3,0,0.0,0,0.0,0.0,100.1,1,114.111,3,0,0.0,0,0.0,0.0,100.1,1,114.111,3,0,0.0,0,0.0,0.0,100.1,1,114.111,3,0,0.0,0,0.0,0.0,100.1,1,114.111,3,0,0.0,0,0.0,0.0,100.1,1,114.111,3,0,0.0,0,0.0,0.0,100.1,1,180.14,3,0,0.0,0,0.0,0.0,90.04,1,114.111,3,0,0.0,0,0.0,0.0,100.1,1,114.111,7,0,0.0,0,0.0,0.0,100.1,1,114.111,7,0,0.0,0,0.0,0.0,100.1,1,114.111,7,0,0.0,0,0.0,0.0,100.1,1,114.111,7,0,0.0,0,0.0,0.0,100.1,1,114.111,3,0,0.0,0,0.0,0.0,100.1,1
WP2033,5041-17010-2,118,Line,1,1701-5041-1,Line,37.567,119.67,685.2,1,128.456,8,0,0.0,0,0.0,0.0,100.1,1,128.456,3,0,0.0,0,0.0,0.0,100.1,1,128.456,3,0,0.0,0,0.0,0.0,100.1,1,128.456,3,0,0.0,0,0.0,0.0,100.1,1,128.456,3,0,0.0,0,0.0,0.0,100.1,1,128.456,3,0,0.0,0,0.0,0.0,100.1,1,128.456,3,0,0.0,0,0.0,0.0,100.1,1,128.456,3,0,0.0,0,0.0,0.0,100.1,1,128.456,3,0,0.0,0,0.0,0.0,100.1,1,155.159,3,0,0.0,0,0.0,0.0,96.03,1,128.456,3,0,0.0,0,0.0,0.0,100.1,1,128.456,8,0,0.0,0,0.0,0.0,100.1,1,128.456,8,0,0.0,0,0.0,0.0,100.1,1,128.456,8,0,0.0,0,0.0,0.0,100.1,1,128.456,8,0,0.0,0,0.0,0.0,100.1,1,128.456,4,0,0.0,0,0.0,0.0,100.1,1
WP2033,5041-17010-2,119,Line,1,1701-5041-1,Line,41.067,121.5,687.6,1,140.483,8,0,0.0,0,0.0,0.0,100.1,1,140.483,5,0,0.0,0,0.0,0.0,100.1,1,140.483,5,0,0.0,0,0.0,0.0,100.1,1,140.483,5,0,0.0,0,0.0,0.0,100.1,1,140.483,5,0,0.0,0,0.0,0.0,100.1,1,140.483,5,0,0.0,0,0.0,0.0,100.1,1,140.483,5,0,0.0,0,0.0,0.0,100.1,1,140.483,5,0,0.0,0,0.0,0.0,100.1,1,140.483,5,0,0.0,0,0.0,0.0,100.1,1,151.667,5,0,0.0,0,0.0,0.0,98.4,1,140.483,5,0,0.0,0,0.0,0.0,100.1,1,140.483,8,0,0.0,0,0.0,0.0,100.1,1,140.483,8,0,0.0,0,0.0,0.0,100.1,1,140.483,8,0,0.0,0,0.0,0.0,100.1,1,140.483,8,0,0.0,0,0.0,0.0,100.1,1,140.483,4,0,0.0,0,0.0,0.0,100.1,1
WP2033,5041-17010-2,120,Line,1,1701-5041-1,Line,65.977,134.54,691.9,1,226.095,9,0,0.0,0,0.0,0.0,100.1,1,226.095,6,0,0.0,0,0.0,0.0,100.1,1,226.095,6,0,0.0,0,0.0,0.0,100.1,1,226.095,6,0,0.0,0,0.0,0.0,100.1,1,226.095,6,0,0.0,0,0.0,0.0,100.1,1,226.095,6,0,0.0,0,0.0,0.0,100.1,1,226.095,6,0,0.0,0,0.0,0.0,100.1,1,226.095,6,0,0.0,0,0.0,0.0,100.1,1,226.095,6,0,0.0,0,0.0,0.0,100.1,1,296.62,6,0,0.0,0,0.0,0.0,89.36,1,226.095,6,0,0.0,0,0.0,0.0,100.1,1,226.095,9,0,0.0,0,0.0,0.0,100.1,1,226.095,9,0,0.0,0,0.0,0.0,100.1,1,226.095,9,0,0.0,0,0.0,0.0,100.1,1,226.095,9,0,0.0,0,0.0,0.0,100.1,1,226.095,5,0,0.0,0,0.0,0.0,100.1,1
WP2033,5041-17010-2,121,Line,1,1701-5041-1,Line,65.977,134.54,662.9,1,226.095,9,0,0.0,0,0.0,0.0,100.1,1,226.095,5,0,0.0,0,0.0,0.0,100.1,1,226.095,5,0,0.0,0,0.0,0.0,100.1,1,226.095,5,0,0.0,0,0.0,0.0,100.1,1,226.095,5,0,0.0,0,0.0,0.0,100.1,1,226.095,5,0,0.0,0,0.0,0.0,100.1,1,226.095,5,0,0.0,0,0.0,0.0,100.1,1,226.095,5,0,0.0,0,0.0,0.0,100.1,1,226.095,5,0,0.0,0,0.0,0.0,100.1,1,242.231,5,0,0.0,0,0.0,0.0,97.64,1,226.095,5,0,0.0,0,0.0,0.0,100.1,1,226.095,9,0,0.0,0,0.0,0.0,100.1,1,226.095,9,0,0.0,0,0.0,0.0,100.1,1,226.095,9,0,0.0,0,0.0,0.0,100.1,1,226.095,9,0,0.0,0,0.0,0.0,100.1,1,226.095,5,0,0.0,0,0.0,0.0,100.1,1
WP2033,5041-17010-2,122,Line,1,1701-5041-1,Line,65.977,134.54,633.4,1,226.095,10,0,0.0,0,0.0,0.0,100.1,1,226.095,6,0,0.0,0,0.0,0.0,100.1,1,226.095,6,0,0.0,0,0.0,0.0,100.1,1,226.095,6,0,0.0,0,0.0,0.0,100.1,1,226.095,6,0,0.0,0,0.0,0.0,100.1,1,226.095,6,0,0.0,0,0.0,0.0,100.1,1,226.095,6,0,0.0,0,0.0,0.0,100.1,1,226.095,6,0,0.0,0,0.0,0.0,100.1,1,226.095,6,0,0.0,0,0.0,0.0,100.1,1,246.049,6,0,0.0,0,0.0,0.0,97.06,1,226.095,6,0,0.0,0,0.0,0.0,100.1,1,226.095,10,0,0.0,0,0.0,0.0,100.1,1,226.095,10,0,0.0,0,0.0,0.0,100.1,1,226.095,10,0,0.0,0,0.0,0.0,100.1,1,226.095,10,0,0.0,0,0.0,0.0,100.1,1,226.095,6,0,0.0,0,0.0,0.0,100.1,1
WP2033,5041-17010-2,123,Line,1,1701-5041-1,Line,65.977,134.54,593.7,1,226.095,10,0,0.0,0,0.0,0.0,100.1,1,226.095,6,0,0.0,0,0.0,0.0,100.1,1,226.095,6,0,0.0,0,0.0,0.0,100.1,1,226.095,6,0,0.0,0,0.0,0.0,100.1,1,226.095,6,0,0.0,0,0.0,0.0,100.1,1,226.095,6,0,0.0,0,0.0,0.0,100.1,1,226.095,6,0,0.0,0,0.0,0.0,100.1,1,226.095,6,0,0.0,0,0.0,0.0,100.1,1,226.095,6,0,0.0,0,0.0,0.0,100.1,1,247.513,6,0,0.0,0,0.0,0.0,96.84,1,226.095,6,0,0.0,0,0.0,0.0,100.1,1,226.095,10,0,0.0,0,0.0,0.0,100.1,1,226.095,10,0,0.0,0,0.0,0.0,100.1,1,226.095,10,0,0.0,0,0.0,0.0,100.1,1,226.095,10,0,0.0,0,0.0,0.0,100.1,1,226.095,6,0,0.0,0,0.0,0.0,100.1,1
WP2033,5041-17010-2,124,Line,1,1701-5041-1,Line,65.977,134.54,470.8,1,226.095,10,0,0.0,0,0.0,0.0,100.1,1,226.095,7,0,0.0,0,0.0,0.0,100.1,1,226.095,7,0,0.0,0,0.0,0.0,100.1,1,226.095,7,0,0.0,0,0.0,0.0,100.1,1,226.095,7,0,0.0,0,0.0,0.0,100.1,1,226.095,7,0,0.0,0,0.0,0.0,100.1,1,226.095,7,0,0.0,0,0.0,0.0,100.1,1,226.095,7,0,0.0,0,0.0,0.0,100.1,1,226.095,7,0,0.0,0,0.0,0.0,100.1,1,249.484,7,0,0.0,0,0.0,0.0,96.54,1,226.095,7,0,0.0,0,0.0,0.0,100.1,1,226.095,10,0,0.0,0,0.0,0.0,100.1,1,226.095,10,0,0.0,0,0.0,0.0,100.1,1,226.095,10,0,0.0,0,0.0,0.0,100.1,1,226.095,10,0,0.0,0,0.0,0.0,100.1,1,226.095,6,0,0.0,0,0.0,0.0,100.1,1
WP2033,5041-17010-2,125,Line,1,1701-5041-1,Line,65.977,134.54,438.4,1,226.095,10,0,0.0,0,0.0,0.0,100.1,1,226.095,7,0,0.0,0,0.0,0.0,100.1,1,226.095,7,0,0.0,0,0.0,0.0,100.1,1,226.095,7,0,0.0,0,0.0,0.0,100.1,1,226.095,7,0,0.0,0,0.0,0.0,100.1,1,226.095,7,0,0.0,0,0.0,0.0,100.1,1,226.095,7,0,0.0,0,0.0,0.0,100.1,1,226.095,7,0,0.0,0,0.0,0.0,100.1,1,226.095,7,0,0.0,0,0.0,0.0,100.1,1,246.693,7,0,0.0,0,0.0,0.0,96.96,1,226.095,7,0,0.0,0,0.0,0.0,100.1,1,226.095,10,0,0.0,0,0.0,0.0,100.1,1,226.095,10,0,0.0,0,0.0,0.0,100.1,1,226.095,10,0,0.0,0,0.0,0.0,100.1,1,226.095,10,0,0.0,0,0.0,0.0,100.1,1,226.095,6,0,0.0,0,0.0,0.0,100.1,1
WP2033,5041-17010-2,126,Line,1,1701-5041-1,Line,65.977,134.54,500.3,1,226.095,10,0,0.0,0,0.0,0.0,100.1,1,226.095,7,0,0.0,0,0.0,0.0,100.1,1,226.095,7,0,0.0,0,0.0,0.0,100.1,1,226.095,7,0,0.0,0,0.0,0.0,100.1,1,226.095,7,0,0.0,0,0.0,0.0,100.1,1,226.095,7,0,0.0,0,0.0,0.0,100.1,1,226.095,7,0,0.0,0,0.0,0.0,100.1,1,226.095,7,0,0.0,0,0.0,0.0,100.1,1,226.095,7,0,0.0,0,0.0,0.0,100.1,1,240.36,7,0,0.0,0,0.0,0.0,97.93,1,226.095,7,0,0.0,0,0.0,0.0,100.1,1,226.095,10,0,0.0,0,0.0,0.0,100.1,1,226.095,10,0,0.0,0,0.0,0.0,100.1,1,226.095,10,0,0.0,0,0.0,0.0,100.1,1,226.095,10,0,0.0,0,0.0,0.0,100.1,1,226.095,5,0,0.0,0,0.0,0.0,100.1,1
WP2033,5041-17010-2,127,Line,1,1701-5041-1,Line,65.977,134.54,407.4,1,226.095,10,0,0.0,0,0.0,0.0,100.1,1,226.095,8,0,0.0,0,0.0,0.0,100.1,1,226.095,8,0,0.0,0,0.0,0.0,100.1,1,226.095,8,0,0.0,0,0.0,0.0,100.1,1,226.095,8,0,0.0,0,0.0,0.0,100.1,1,226.095,8,0,0.0,0,0.0,0.0,100.1,1,226.095,8,0,0.0,0,0.0,0.0,100.1,1,226.095,8,0,0.0,0,0.0,0.0,100.1,1,226.095,8,0,0.0,0,0.0,0.0,100.1,1,286.67,8,0,0.0,0,0.0,0.0,90.87,1,226.095,8,0,0.0,0,0.0,0.0,100.1,1,226.095,10,0,0.0,0,0.0,0.0,100.1,1,226.095,10,0,0.0,0,0.0,0.0,100.1,1,226.095,10,0,0.0,0,0.0,0.0,100.1,1,226.095,10,0,0.0,0,0.0,0.0,100.1,1,226.095,6,0,0.0,0,0.0,0.0,100.1,1
WP2033,5041-17010-2,128,Line,1,1701-5041-1,Line,19.392,110.15,336.3,1,65.992,10,0,0.0,0,0.0,0.0,100.1,1,65.992,3,0,0.0,0,0.0,0.0,100.1,1,65.992,3,0,0.0,0,0.0,0.0,100.1,1,65.992,3,0,0.0,0,0.0,0.0,100.1,1,65.992,3,0,0.0,0,0.0,0.0,100.1,1,65.992,3,0,0.0,0,0.0,0.0,100.1,1,65.992,3,0,0.0,0,0.0,0.0,100.1,1,65.992,3,0,0.0,0,0.0,0.0,100.1,1,65.992,3,0,0.0,0,0.0,0.0,100.1,1,83.967,4,0,0.0,0,0.0,0.0,97.36,1,65.992,3,0,0.0,0,0.0,0.0,100.1,1,65.992,10,0,0.0,0,0.0,0.0,100.1,1,65.992,10,0,0.0,0,0.0,0.0,100.1,1,65.992,10,0,0.0,0,0.0,0.0,100.1,1,65.992,10,0,0.0,0,0.0,0.0,100.1,1,65.992,3,0,0.0,0,0.0,0.0,100.1,1
WP2033,5041-17010-2,129,Line,1,1701-5041-1,Line,35.016,118.33,357.0,1,119.687,10,0,0.0,0,0.0,0.0,100.1,1,119.687,6,0,0.0,0,0.0,0.0,100.1,1,119.687,6,0,0.0,0,0.0,0.0,100.1,1,119.687,6,0,0.0,0,0.0,0.0,100.1,1,119.687,6,0,0.0,0,0.0,0.0,100.1,1,119.687,6,0,0.0,0,0.0,0.0,100.1,1,119.687,6,0,0.0,0,0.0,0.0,100.1,1,119.687,6,0,0.0,0,0.0,0.0,100.1,1,119.687,6,0,0.0,0,0.0,0.0,100.1,1,138.008,6,0,0.0,0,0.0,0.0,97.31,1,119.687,6,0,0.0,0,0.0,0.0,100.1,1,119.687,10,0,0.0,0,0.0,0.0,100.1,1,119.687,10,0,0.0,0,0.0,0.0,100.1,1,119.687,10,0,0.0,0,0.0,0.0,100.1,1,119.687,10,0,0.0,0,0.0,0.0,100.1,1,119.687,4,0,0.0,0,0.0,0.0,100.1,1
WP2033,5041-17010-2,130,Line,1,1701-5041-1,Line,65.977,134.54,611.8,1,226.095,10,0,0.0,0,0.0,0.0,100.1,1,226.095,7,0,0.0,0,0.0,0.0,100.1,1,226.095,7,0,0.0,0,0.0,0.0,100.1,1,226.095,7,0,0.0,0,0.0,0.0,100.1,1,226.095,7,0,0.0,0,0.0,0.0,100.1,1,226.095,7,0,0.0,0,0.0,0.0,100.1,1,226.095,7,0,0.0,0,0.0,0.0,100.1,1,226.095,7,0,0.0,0,0.0,0.0,100.1,1,226.095,7,0,0.0,0,0.0,0.0,100.1,1,263.829,7,0,0.0,0,0.0,0.0,94.35,1,226.095,7,0,0.0,0,0.0,0.0,100.1,1,226.095,10,0,0.0,0,0.0,0.0,100.1,1,226.095,10,0,0.0,0,0.0,0.0,100.1,1,226.095,10,0,0.0,0,0.0,0.0,100.1,1,226.095,10,0,0.0,0,0.0,0.0,100.1,1,226.095,5,0,0.0,0,0.0,0.0,100.1,1
WP2033,5041-17010-2,131,Line,1,1701-5041-1,Line,65.977,134.54,670.7,1,226.095,9,0,0.0,0,0.0,0.0,100.1,1,226.095,5,0,0.0,0,0.0,0.0,100.1,1,226.095,5,0,0.0,0,0.0,0.0,100.1,1,226.095,5,0,0.0,0,0.0,0.0,100.1,1,226.095,5,0,0.0,0,0.0,0.0,100.1,1,226.095,5,0,0.0,0,0.0,0.0,100.1,1,226.095,5,0,0.0,0,0.0,0.0,100.1,1,226.095,5,0,0.0,0,0.0,0.0,100.1,1,226.095,5,0,0.0,0,0.0,0.0,100.1,1,233.914,5,0,0.0,0,0.0,0.0,98.91,1,226.095,5,0,0.0,0,0.0,0.0,100.1,1,226.095,9,0,0.0,0,0.0,0.0,100.1,1,226.095,9,0,0.0,0,0.0,0.0,100.1,1,226.095,9,0,0.0,0,0.0,0.0,100.1,1,226.095,9,0,0.0,0,0.0,0.0,100.1,1,226.095,5,0,0.0,0,0.0,0.0,100.1,1
WP2033,5041-17010-2,132,Line,1,1701-5041-1,Line,65.977,134.54,619.0,1,226.095,10,0,0.0,0,0.0,0.0,100.1,1,226.095,6,0,0.0,0,0.0,0.0,100.1,1,226.095,6,0,0.0,0,0.0,0.0,100.1,1,226.095,6,0,0.0,0,0.0,0.0,100.1,1,226.095,6,0,0.0,0,0.0,0.0,100.1,1,226.095,6,0,0.0,0,0.0,0.0,100.1,1,226.095,6,0,0.0,0,0.0,0.0,100.1,1,226.095,6,0,0.0,0,0.0,0.0,100.1,1,226.095,6,0,0.0,0,0.0,0.0,100.1,1,227.392,6,0,0.0,0,0.0,0.0,99.9,1,226.095,6,0,0.0,0,0.0,0.0,100.1,1,226.095,10,0,0.0,0,0.0,0.0,100.1,1,226.095,10,0,0.0,0,0.0,0.0,100.1,1,226.095,10,0,0.0,0,0.0,0.0,100.1,1,226.095,10,0,0.0,0,0.0,0.0,100.1,1,226.095,5,0,0.0,0,0.0,0.0,100.1,1
WP2033,5041-17010-2,133,Line,1,1701-5041-1,Line,65.977,134.54,598.7,1,226.095,10,0,0.0,0,0.0,0.0,100.1,1,226.095,6,0,0.0,0,0.0,0.0,100.1,1,226.095,6,0,0.0,0,0.0,0.0,100.1,1,226.095,6,0,0.0,0,0.0,0.0,100.1,1,226.095,6,0,0.0,0,0.0,0.0,100.1,1,226.095,6,0,0.0,0,0.0,0.0,100.1,1,226.095,6,0,0.0,0,0.0,0.0,100.1,1,226.095,6,0,0.0,0,0.0,0.0,100.1,1,226.095,6,0,0.0,0,0.0,0.0,100.1,1,237.42,6,0,0.0,0,0.0,0.0,98.37,1,226.095,6,0,0.0,0,0.0,0.0,100.1,1,226.095,10,0,0.0,0,0.0,0.0,100.1,1,226.095,10,0,0.0,0,0.0,0.0,100.1,1,226.095,10,0,0.0,0,0.0,0.0,100.1,1,226.095,10,0,0.0,0,0.0,0.0,100.1,1,226.095,5,0,0.0,0,0.0,0.0,100.1,1
WP2033,5041-17010-2,134,Line,1,1701-5041-1,Line,65.977,134.54,620.4,1,226.095,10,0,0.0,0,0.0,0.0,100.1,1,226.095,6,0,0.0,0,0.0,0.0,100.1,1,226.095,6,0,0.0,0,0.0,0.0,100.1,1,226.095,6,0,0.0,0,0.0,0.0,100.1,1,226.095,6,0,0.0,0,0.0,0.0,100.1,1,226.095,6,0,0.0,0,0.0,0.0,100.1,1,226.095,6,0,0.0,0,0.0,0.0,100.1,1,226.095,6,0,0.0,0,0.0,0.0,100.1,1,226.095,6,0,0.0,0,0.0,0.0,100.1,1,234.148,6,0,0.0,0,0.0,0.0,98.87,1,226.095,6,0,0.0,0,0.0,0.0,100.1,1,226.095,10,0,0.0,0,0.0,0.0,100.1,1,226.095,10,0,0.0,0,0.0,0.0,100.1,1,226.095,10,0,0.0,0,0.0,0.0,100.1,1,226.095,10,0,0.0,0,0.0,0.0,100.1,1,226.095,5,0,0.0,0,0.0,0.0,100.1,1
WP2033,5041-17010-2,135,Line,1,1701-5041-1,Line,65.977,134.54,628.5,1,226.095,10,0,0.0,0,0.0,0.0,100.1,1,226.095,6,0,0.0,0,0.0,0.0,100.1,1,226.095,6,0,0.0,0,0.0,0.0,100.1,1,226.095,6,0,0.0,0,0.0,0.0,100.1,1,226.095,6,0,0.0,0,0.0,0.0,100.1,1,226.095,6,0,0.0,0,0.0,0.0,100.1,1,226.095,6,0,0.0,0,0.0,0.0,100.1,1,226.095,6,0,0.0,0,0.0,0.0,100.1,1,226.095,6,0,0.0,0,0.0,0.0,100.1,1,242.642,6,0,0.0,0,0.0,0.0,97.58,1,226.095,6,0,0.0,0,0.0,0.0,100.1,1,226.095,10,0,0.0,0,0.0,0.0,100.1,1,226.095,10,0,0.0,0,0.0,0.0,100.1,1,226.095,10,0,0.0,0,0.0,0.0,100.1,1,226.095,10,0,0.0,0,0.0,0.0,100.1,1,226.095,5,0,0.0,0,0.0,0.0,100.1,1
WP2033,5041-17010-2,136,Line,1,1701-5041-1,Line,44.525,123.31,701.1,1,152.37,8,0,0.0,0,0.0,0.0,100.1,1,152.37,4,0,0.0,0,0.0,0.0,100.1,1,152.37,4,0,0.0,0,0.0,0.0,100.1,1,152.37,4,0,0.0,0,0.0,0.0,100.1,1,152.37,4,0,0.0,0,0.0,0.0,100.1,1,152.37,4,0,0.0,0,0.0,0.0,100.1,1,152.37,4,0,0.0,0,0.0,0.0,100.1,1,152.37,4,0,0.0,0,0.0,0.0,100.1,1,152.37,4,0,0.0,0,0.0,0.0,100.1,1,179.575,3,0,0.0,0,0.0,0.0,95.96,1,152.37,4,0,0.0,0,0.0,0.0,100.1,1,152.37,8,0,0.0,0,0.0,0.0,100.1,1,152.37,8,0,0.0,0,0.0,0.0,100.1,1,152.37,8,0,0.0,0,0.0,0.0,100.1,1,152.37,8,0,0.0,0,0.0,0.0,100.1,1,152.37,4,0,0.0,0,0.0,0.0,100.1,1
WP2033,5041-17010-2,137,Line,1,1701-5041-1,Line,31.717,116.61,697.0,1,108.349,7,0,0.0,0,0.0,0.0,100.1,1,108.349,3,0,0.0,0,0.0,0.0,100.1,1,108.349,3,0,0.0,0,0.0,0.0,100.1,1,108.349,3,0,0.0,0,0.0,0.0,100.1,1,108.349,3,0,0.0,0,0.0,0.0,100.1,1,108.349,3,0,0.0,0,0.0,0.0,100.1,1,108.349,3,0,0.0,0,0.0,0.0,100.1,1,108.349,3,0,0.0,0,0.0,0.0,100.1,1,108.349,3,0,0.0,0,0.0,0.0,100.1,1,141.13,3,0,0.0,0,0.0,0.0,95.11,1,108.349,3,0,0.0,0,0.0,0.0,100.1,1,108.349,7,0,0.0,0,0.0,0.0,100.1,1,108.349,7,0,0.0,0,0.0,0.0,100.1,1,108.349,7,0,0.0,0,0.0,0.0,100.1,1,108.349,7,0,0.0,0,0.0,0.0,100.1,1,108.349,3,0,0.0,0,0.0,0.0,100.1,1
WP2033,5041-17010-2,138,Line,1,1701-5041-1,Line,25.973,113.6,696.5,1,88.61,8,0,0.0,0,0.0,0.0,100.1,1,88.61,3,0,0.0,0,0.0,0.0,100.1,1,88.61,3,0,0.0,0,0.0,0.0,100.1,1,88.61,3,0,0.0,0,0.0,0.0,100.1,1,88.61,3,0,0.0,0,0.0,0.0,100.1,1,88.61,3,0,0.0,0,0.0,0.0,100.1,1,88.61,3,0,0.0,0,0.0,0.0,100.1,1,88.61,3,0,0.0,0,0.0,0.0,100.1,1,88.61,3,0,0.0,0,0.0,0.0,100.1,1,108.8,2,0,0.0,0,0.0,0.0,97.02,1,88.61,3,0,0.0,0,0.0,0.0,100.1,1,88.61,8,0,0.0,0,0.0,0.0,100.1,1,88.61,8,0,0.0,0,0.0,0.0,100.1,1,88.61,8,0,0.0,0,0.0,0.0,100.1,1,88.61,8,0,0.0,0,0.0,0.0,100.1,1,88.61,3,0,0.0,0,0.0,0.0,100.1,1
WP2033,5041-17010-2,139,Line,1,1701-5041-1,Line,25.198,113.19,692.3,1,85.945,7,0,0.0,0,0.0,0.0,100.1,1,85.945,2,0,0.0,0,0.0,0.0,100.1,1,85.945,2,0,0.0,0,0.0,0.0,100.1,1,85.945,2,0,0.0,0,0.0,0.0,100.1,1,85.945,2,0,0.0,0,0.0,0.0,100.1,1,85.945,2,0,0.0,0,0.0,0.0,100.1,1,85.945,2,0,0.0,0,0.0,0.0,100.1,1,85.945,2,0,0.0,0,0.0,0.0,100.1,1,85.945,2,0,0.0,0,0.0,0.0,100.1,1,101.016,2,0,0.0,0,0.0,0.0,97.8,1,85.945,2,0,0.0,0,0.0,0.0,100.1,1,85.945,7,0,0.0,0,0.0,0.0,100.1,1,85.945,7,0,0.0,0,0.0,0.0,100.1,1,85.945,7,0,0.0,0,0.0,0.0,100.1,1,85.945,7,0,0.0,0,0.0,0.0,100.1,1,85.945,3,0,0.0,0,0.0,0.0,100.1,1
WP2033,5041-17010-2,140,Line,1,1701-5041-1,Line,30.556,116.0,688.3,1,104.36,8,0,0.0,0,0.0,0.0,100.1,1,104.36,3,0,0.0,0,0.0,0.0,100.1,1,104.36,3,0,0.0,0,0.0,0.0,100.1,1,104.36,3,0,0.0,0,0.0,0.0,100.1,1,104.36,3,0,0.0,0,0.0,0.0,100.1,1,104.36,3,0,0.0,0,0.0,0.0,100.1,1,104.36,3,0,0.0,0,0.0,0.0,100.1,1,104.36,3,0,0.0,0,0.0,0.0,100.1,1,104.36,3,0,0.0,0,0.0,0.0,100.1,1,119.482,3,0,0.0,0,0.0,0.0,97.8,1,104.36,3,0,0.0,0,0.0,0.0,100.1,1,104.36,8,0,0.0,0,0.0,0.0,100.1,1,104.36,8,0,0.0,0,0.0,0.0,100.1,1,104.36,8,0,0.0,0,0.0,0.0,100.1,1,104.36,8,0,0.0,0,0.0,0.0,100.1,1,104.36,4,0,0.0,0,0.0,0.0,100.1,1
WP2033,5041-17010-2,141,Line,1,1701-5041-1,Line,65.977,134.54,676.3,1,226.095,9,0,0.0,0,0.0,0.0,100.1,1,226.095,6,0,0.0,0,0.0,0.0,100.1,1,226.095,6,0,0.0,0,0.0,0.0,100.1,1,226.095,6,0,0.0,0,0.0,0.0,100.1,1,226.095,6,0,0.0,0,0.0,0.0,100.1,1,226.095,6,0,0.0,0,0.0,0.0,100.1,1,226.095,6,0,0.0,0,0.0,0.0,100.1,1,226.095,6,0,0.0,0,0.0,0.0,100.1,1,226.095,6,0,0.0,0,0.0,0.0,100.1,1,231.314,6,0,0.0,0,0.0,0.0,99.31,1,226.095,6,0,0.0,0,0.0,0.0,100.1,1,226.095,9,0,0.0,0,0.0,0.0,100.1,1,226.095,9,0,0.0,0,0.0,0.0,100.1,1,226.095,9,0,0.0,0,0.0,0.0,100.1,1,226.095,9,0,0.0,0,0.0,0.0,100.1,1,226.095,5,0,0.0,0,0.0,0.0,100.1,1
WP2033,5041-17010-2,142,Line,1,1701-5041-1,Line,65.977,134.54,609.8,1,226.095,10,0,0.0,0,0.0,0.0,100.1,1,226.095,5,0,0.0,0,0.0,0.0,100.1,1,226.095,5,0,0.0,0,0.0,0.0,100.1,1,226.095,5,0,0.0,0,0.0,0.0,100.1,1,226.095,5,0,0.0,0,0.0,0.0,100.1,1,226.095,5,0,0.0,0,0.0,0.0,100.1,1,226.095,5,0,0.0,0,0.0,0.0,100.1,1,226.095,5,0,0.0,0,0.0,0.0,100.1,1,226.095,5,0,0.0,0,0.0,0.0,100.1,1,240.806,5,0,0.0,0,0.0,0.0,97.86,1,226.095,5,0,0.0,0,0.0,0.0,100.1,1,226.095,10,0,0.0,0,0.0,0.0,100.1,1,226.095,10,0,0.0,0,0.0,0.0,100.1,1,226.095,10,0,0.0,0,0.0,0.0,100.1,1,226.095,10,0,0.0,0,0.0,0.0,100.1,1,226.095,7,0,0.0,0,0.0,0.0,100.1,1
WP2033,5041-17010-2,143,Line,1,1701-5041-1,Line,45.823,123.99,398.2,1,156.83,10,0,0.0,0,0.0,0.0,100.1,1,156.83,5,0,0.0,0,0.0,0.0,100.1,1,156.83,5,0,0.0,0,0.0,0.0,100.1,1,156.83,5,0,0.0,0,0.0,0.0,100.1,1,156.83,5,0,0.0,0,0.0,0.0,100.1,1,156.83,5,0,0.0,0,0.0,0.0,100.1,1,156.83,5,0,0.0,0,0.0,0.0,100.1,1,156.83,5,0,0.0,0,0.0,0.0,100.1,1,156.83,5,0,0.0,0,0.0,0.0,100.1,1,171.045,5,0,0.0,0,0.0,0.0,97.93,1,156.83,5,0,0.0,0,0.0,0.0,100.1,1,156.83,10,0,0.0,0,0.0,0.0,100.1,1,156.83,10,0,0.0,0,0.0,0.0,100.1,1,156.83,10,0,0.0,0,0.0,0.0,100.1,1,156.83,10,0,0.0,0,0.0,0.0,100.1,1,156.83,7,0,0.0,0,0.0,0.0,100.1,1
WP2033,5041-17010-2,144,Line,1,1701-5041-1,Line,26.284,113.76,411.5,1,89.677,10,0,0.0,0,0.0,0.0,100.1,1,89.677,3,0,0.0,0,0.0,0.0,100.1,1,89.677,3,0,0.0,0,0.0,0.0,100.1,1,89.677,3,0,0.0,0,0.0,0.0,100.1,1,89.677,3,0,0.0,0,0.0,0.0,100.1,1,89.677,3,0,0.0,0,0.0,0.0,100.1,1,89.677,3,0,0.0,0,0.0,0.0,100.1,1,89.677,3,0,0.0,0,0.0,0.0,100.1,1,89.677,3,0,0.0,0,0.0,0.0,100.1,1,108.7,3,0,0.0,0,0.0,0.0,97.2,1,89.677,3,0,0.0,0,0.0,0.0,100.1,1,89.677,10,0,0.0,0,0.0,0.0,100.1,1,89.677,10,0,0.0,0,0.0,0.0,100.1,1,89.677,10,0,0.0,0,0.0,0.0,100.1,1,89.677,10,0,0.0,0,0.0,0.0,100.1,1,89.677,5,0,0.0,0,0.0,0.0,100.1,1
WP2033,5041-17010-2,146,Line,1,1701-5041-1,Line,65.977,134.54,564.5,1,226.095,10,0,0.0,0,0.0,0.0,100.1,1,226.095,6,0,0.0,0,0.0,0.0,100.1,1,226.095,6,0,0.0,0,0.0,0.0,100.1,1,226.095,6,0,0.0,0,0.0,0.0,100.1,1,226.095,6,0,0.0,0,0.0,0.0,100.1,1,226.095,6,0,0.0,0,0.0,0.0,100.1,1,226.095,6,0,0.0,0,0.0,0.0,100.1,1,226.095,6,0,0.0,0,0.0,0.0,100.1,1,226.095,6,0,0.0,0,0.0,0.0,100.1,1,243.837,6,0,0.0,0,0.0,0.0,97.4,1,226.095,6,0,0.0,0,0.0,0.0,100.1,1,226.095,10,0,0.0,0,0.0,0.0,100.1,1,226.095,10,0,0.0,0,0.0,0.0,100.1,1,226.095,10,0,0.0,0,0.0,0.0,100.1,1,226.095,10,0,0.0,0,0.0,0.0,100.1,1,226.095,7,0,0.0,0,0.0,0.0,100.1,1
WP2033,5041-17010-2,147,Line,1,1701-5041-1,Line,62.438,132.69,490.4,1,213.935,10,0,0.0,0,0.0,0.0,100.1,1,213.935,6,0,0.0,0,0.0,0.0,100.1,1,213.935,6,0,0.0,0,0.0,0.0,100.1,1,213.935,6,0,0.0,0,0.0,0.0,100.1,1,213.935,6,0,0.0,0,0.0,0.0,100.1,1,213.935,6,0,0.0,0,0.0,0.0,100.1,1,213.935,6,0,0.0,0,0.0,0.0,100.1,1,213.935,6,0,0.0,0,0.0,0.0,100.1,1,213.935,6,0,0.0,0,0.0,0.0,100.1,1,218.393,6,0,0.0,0,0.0,0.0,99.42,1,213.935,6,0,0.0,0,0.0,0.0,100.1,1,213.935,10,0,0.0,0,0.0,0.0,100.1,1,213.935,10,0,0.0,0,0.0,0.0,100.1,1,213.935,10,0,0.0,0,0.0,0.0,100.1,1,213.935,10,0,0.0,0,0.0,0.0,100.1,1,213.935,8,0,0.0,0,0.0,0.0,100.1,1
WP2033,5041-17010-2,148,Line,1,1701-5041-1,Line,65.977,134.54,544.2,1,226.095,10,0,0.0,0,0.0,0.0,100.1,1,226.095,6,0,0.0,0,0.0,0.0,100.1,1,226.095,6,0,0.0,0,0.0,0.0,100.1,1,226.095,6,0,0.0,0,0.0,0.0,100.1,1,226.095,6,0,0.0,0,0.0,0.0,100.1,1,226.095,6,0,0.0,0,0.0,0.0,100.1,1,226.095,6,0,0.0,0,0.0,0.0,100.1,1,226.095,6,0,0.0,0,0.0,0.0,100.1,1,226.095,6,0,0.0,0,0.0,0.0,100.1,1,237.428,6,0,0.0,0,0.0,0.0,98.37,1,226.095,6,0,0.0,0,0.0,0.0,100.1,1,226.095,10,0,0.0,0,0.0,0.0,100.1,1,226.095,10,0,0.0,0,0.0,0.0,100.1,1,226.095,10,0,0.0,0,0.0,0.0,100.1,1,226.095,10,0,0.0,0,0.0,0.0,100.1,1,226.095,7,0,0.0,0,0.0,0.0,100.1,1
WP2033,5041-17010-2,149,Line,1,1701-5041-1,Line,65.977,134.54,517.0,1,226.095,10,0,0.0,0,0.0,0.0,100.1,1,226.095,7,0,0.0,0,0.0,0.0,100.1,1,226.095,7,0,0.0,0,0.0,0.0,100.1,1,226.095,7,0,0.0,0,0.0,0.0,100.1,1,226.095,7,0,0.0,0,0.0,0.0,100.1,1,226.095,7,0,0.0,0,0.0,0.0,100.1,1,226.095,7,0,0.0,0,0.0,0.0,100.1,1,226.095,7,0,0.0,0,0.0,0.0,100.1,1,226.095,7,0,0.0,0,0.0,0.0,100.1,1,265.119,7,0,0.0,0,0.0,0.0,94.16,1,226.095,7,0,0.0,0,0.0,0.0,100.1,1,226.095,10,0,0.0,0,0.0,0.0,100.1,1,226.095,10,0,0.0,0,0.0,0.0,100.1,1,226.095,10,0,0.0,0,0.0,0.0,100.1,1,226.095,10,0,0.0,0,0.0,0.0,100.1,1,226.095,7,0,0.0,0,0.0,0.0,100.1,1
WP2033,5041-17010-2,150,Line,1,1701-5041-1,Line,65.977,134.54,619.5,1,226.095,10,0,0.0,0,0.0,0.0,100.1,1,226.095,6,0,0.0,0,0.0,0.0,100.1,1,226.095,6,0,0.0,0,0.0,0.0,100.1,1,226.095,6,0,0.0,0,0.0,0.0,100.1,1,226.095,6,0,0.0,0,0.0,0.0,100.1,1,226.095,6,0,0.0,0,0.0,0.0,100.1,1,226.095,6,0,0.0,0,0.0,0.0,100.1,1,226.095,6,0,0.0,0,0.0,0.0,100.1,1,226.095,6,0,0.0,0,0.0,0.0,100.1,1,240.43,6,0,0.0,0,0.0,0.0,97.92,1,226.095,6,0,0.0,0,0.0,0.0,100.1,1,226.095,10,0,0.0,0,0.0,0.0,100.1,1,226.095,10,0,0.0,0,0.0,0.0,100.1,1,226.095,10,0,0.0,0,0.0,0.0,100.1,1,226.095,10,0,0.0,0,0.0,0.0,100.1,1,226.095,6,0,0.0,0,0.0,0.0,100.1,1
WP2033,5041-17010-2,151,Line,1,1701-5041-1,Line,65.977,134.54,665.1,1,226.095,10,0,0.0,0,0.0,0.0,100.1,1,226.095,6,0,0.0,0,0.0,0.0,100.1,1,226.095,6,0,0.0,0,0.0,0.0,100.1,1,226.095,6,0,0.0,0,0.0,0.0,100.1,1,226.095,6,0,0.0,0,0.0,0.0,100.1,1,226.095,6,0,0.0,0,0.0,0.0,100.1,1,226.095,6,0,0.0,0,0.0,0.0,100.1,1,226.095,6,0,0.0,0,0.0,0.0,100.1,1,226.095,6,0,0.0,0,0.0,0.0,100.1,1,240.302,6,0,0.0,0,0.0,0.0,97.94,1,226.095,6,0,0.0,0,0.0,0.0,100.1,1,226.095,10,0,0.0,0,0.0,0.0,100.1,1,226.095,10,0,0.0,0,0.0,0.0,100.1,1,226.095,10,0,0.0,0,0.0,0.0,100.1,1,226.095,10,0,0.0,0,0.0,0.0,100.1,1,226.095,6,0,0.0,0,0.0,0.0,100.1,1
WP2033,5041-17010-2,152,Line,1,1701-5041-1,Line,65.977,134.54,484.6,1,226.095,10,0,0.0,0,0.0,0.0,100.1,1,226.095,7,0,0.0,0,0.0,0.0,100.1,1,226.095,7,0,0.0,0,0.0,0.0,100.1,1,226.095,7,0,0.0,0,0.0,0.0,100.1,1,226.095,7,0,0.0,0,0.0,0.0,100.1,1,226.095,7,0,0.0,0,0.0,0.0,100.1,1,226.095,7,0,0.0,0,0.0,0.0,100.1,1,226.095,7,0,0.0,0,0.0,0.0,100.1,1,226.095,7,0,0.0,0,0.0,0.0,100.1,1,263.519,7,0,0.0,0,0.0,0.0,94.4,1,226.095,7,0,0.0,0,0.0,0.0,100.1,1,226.095,10,0,0.0,0,0.0,0.0,100.1,1,226.095,10,0,0.0,0,0.0,0.0,100.1,1,226.095,10,0,0.0,0,0.0,0.0,100.1,1,226.095,10,0,0.0,0,0.0,0.0,100.1,1,226.095,7,0,0.0,0,0.0,0.0,100.1,1
WP2033,5041-17010-2,153,Line,1,1701-5041-1,Line,65.977,134.54,605.0,1,226.095,10,0,0.0,0,0.0,0.0,100.1,1,226.095,6,0,0.0,0,0.0,0.0,100.1,1,226.095,6,0,0.0,0,0.0,0.0,100.1,1,226.095,6,0,0.0,0,0.0,0.0,100.1,1,226.095,6,0,0.0,0,0.0,0.0,100.1,1,226.095,6,0,0.0,0,0.0,0.0,100.1,1,226.095,6,0,0.0,0,0.0,0.0,100.1,1,226.095,6,0,0.0,0,0.0,0.0,100.1,1,226.095,6,0,0.0,0,0.0,0.0,100.1,1,245.751,6,0,0.0,0,0.0,0.0,97.11,1,226.095,6,0,0.0,0,0.0,0.0,100.1,1,226.095,10,0,0.0,0,0.0,0.0,100.1,1,226.095,10,0,0.0,0,0.0,0.0,100.1,1,226.095,10,0,0.0,0,0.0,0.0,100.1,1,226.095,10,0,0.0,0,0.0,0.0,100.1,1,226.095,6,0,0.0,0,0.0,0.0,100.1,1
WP2033,5041-17010-2,154,Line,1,1701-5041-1,Line,65.977,134.54,498.1,1,226.095,10,0,0.0,0,0.0,0.0,100.1,1,226.095,7,0,0.0,0,0.0,0.0,100.1,1,226.095,7,0,0.0,0,0.0,0.0,100.1,1,226.095,7,0,0.0,0,0.0,0.0,100.1,1,226.095,7,0,0.0,0,0.0,0.0,100.1,1,226.095,7,0,0.0,0,0.0,0.0,100.1,1,226.095,7,0,0.0,0,0.0,0.0,100.1,1,226.095,7,0,0.0,0,0.0,0.0,100.1,1,226.095,7,0,0.0,0,0.0,0.0,100.1,1,265.893,7,0,0.0,0,0.0,0.0,94.04,1,226.095,7,0,0.0,0,0.0,0.0,100.1,1,226.095,10,0,0.0,0,0.0,0.0,100.1,1,226.095,10,0,0.0,0,0.0,0.0,100.1,1,226.095,10,0,0.0,0,0.0,0.0,100.1,1,226.095,10,0,0.0,0,0.0,0.0,100.1,1,226.095,6,0,0.0,0,0.0,0.0,100.1,1
WP2033,5041-17010-2,155,Line,1,1701-5041-1,Line,65.977,134.54,619.7,1,226.095,10,0,0.0,0,0.0,0.0,100.1,1,226.095,6,0,0.0,0,0.0,0.0,100.1,1,226.095,6,0,0.0,0,0.0,0.0,100.1,1,226.095,6,0,0.0,0,0.0,0.0,100.1,1,226.095,6,0,0.0,0,0.0,0.0,100.1,1,226.095,6,0,0.0,0,0.0,0.0,100.1,1,226.095,6,0,0.0,0,0.0,0.0,100.1,1,226.095,6,0,0.0,0,0.0,0.0,100.1,1,226.095,6,0,0.0,0,0.0,0.0,100.1,1,226.698,6,0,0.0,0,0.0,0.0,100.01,1,226.095,6,0,0.0,0,0.0,0.0,100.1,1,226.095,10,0,0.0,0,0.0,0.0,100.1,1,226.095,10,0,0.0,0,0.0,0.0,100.1,1,226.095,10,0,0.0,0,0.0,0.0,100.1,1,226.095,10,0,0.0,0,0.0,0.0,100.1,1,226.095,6,0,0.0,0,0.0,0.0,100.1,1
WP2033,5041-17010-2,156,Line,1,1701-5041-1,Line,65.977,134.54,540.4,1,226.095,10,0,0.0,0,0.0,0.0,100.1,1,226.095,6,0,0.0,0,0.0,0.0,100.1,1,226.095,6,0,0.0,0,0.0,0.0,100.1,1,226.095,6,0,0.0,0,0.0,0.0,100.1,1,226.095,6,0,0.0,0,0.0,0.0,100.1,1,226.095,6,0,0.0,0,0.0,0.0,100.1,1,226.095,6,0,0.0,0,0.0,0.0,100.1,1,226.095,6,0,0.0,0,0.0,0.0,100.1,1,226.095,6,0,0.0,0,0.0,0.0,100.1,1,227.351,6,0,0.0,0,0.0,0.0,99.91,1,226.095,6,0,0.0,0,0.0,0.0,100.1,1,226.095,10,0,0.0,0,0.0,0.0,100.1,1,226.095,10,0,0.0,0,0.0,0.0,100.1,1,226.095,10,0,0.0,0,0.0,0.0,100.1,1,226.095,10,0,0.0,0,0.0,0.0,100.1,1,226.095,6,0,0.0,0,0.0,0.0,100.1,1
WP2033,5041-17010-2,157,Line,1,1701-5041-1,Line,65.977,134.54,584.9,1,226.095,10,0,0.0,0,0.0,0.0,100.1,1,226.095,6,0,0.0,0,0.0,0.0,100.1,1,226.095,6,0,0.0,0,0.0,0.0,100.1,1,226.095,6,0,0.0,0,0.0,0.0,100.1,1,226.095,6,0,0.0,0,0.0,0.0,100.1,1,226.095,6,0,0.0,0,0.0,0.0,100.1,1,226.095,6,0,0.0,0,0.0,0.0,100.1,1,226.095,6,0,0.0,0,0.0,0.0,100.1,1,226.095,6,0,0.0,0,0.0,0.0,100.1,1,227.989,6,0,0.0,0,0.0,0.0,99.81,1,226.095,6,0,0.0,0,0.0,0.0,100.1,1,226.095,10,0,0.0,0,0.0,0.0,100.1,1,226.095,10,0,0.0,0,0.0,0.0,100.1,1,226.095,10,0,0.0,0,0.0,0.0,100.1,1,226.095,10,0,0.0,0,0.0,0.0,100.1,1,226.095,6,0,0.0,0,0.0,0.0,100.1,1
WP2033,5041-17010-2,158,Line,1,1701-5041-1,Line,65.977,134.54,611.3,1,226.095,10,0,0.0,0,0.0,0.0,100.1,1,226.095,6,0,0.0,0,0.0,0.0,100.1,1,226.095,6,0,0.0,0,0.0,0.0,100.1,1,226.095,6,0,0.0,0,0.0,0.0,100.1,1,226.095,6,0,0.0,0,0.0,0.0,100.1,1,226.095,6,0,0.0,0,0.0,0.0,100.1,1,226.095,6,0,0.0,0,0.0,0.0,100.1,1,226.095,6,0,0.0,0,0.0,0.0,100.1,1,226.095,6,0,0.0,0,0.0,0.0,100.1,1,231.282,6,0,0.0,0,0.0,0.0,99.31,1,226.095,6,0,0.0,0,0.0,0.0,100.1,1,226.095,10,0,0.0,0,0.0,0.0,100.1,1,226.095,10,0,0.0,0,0.0,0.0,100.1,1,226.095,10,0,0.0,0,0.0,0.0,100.1,1,226.095,10,0,0.0,0,0.0,0.0,100.1,1,226.095,5,0,0.0,0,0.0,0.0,100.1,1
WP2033,5041-17010-2,159,Line,1,1701-5041-1,Line,50.842,126.62,402.5,1,174.08,10,0,0.0,0,0.0,0.0,100.1,1,174.08,7,0,0.0,0,0.0,0.0,100.1,1,174.08,7,0,0.0,0,0.0,0.0,100.1,1,174.08,7,0,0.0,0,0.0,0.0,100.1,1,174.08,7,0,0.0,0,0.0,0.0,100.1,1,174.08,7,0,0.0,0,0.0,0.0,100.1,1,174.08,7,0,0.0,0,0.0,0.0,100.1,1,174.08,7,0,0.0,0,0.0,0.0,100.1,1,174.08,7,0,0.0,0,0.0,0.0,100.1,1,201.417,7,0,0.0,0,0.0,0.0,95.94,1,174.08,7,0,0.0,0,0.0,0.0,100.1,1,174.08,10,0,0.0,0,0.0,0.0,100.1,1,174.08,10,0,0.0,0,0.0,0.0,100.1,1,174.08,10,0,0.0,0,0.0,0.0,100.1,1,174.08,10,0,0.0,0,0.0,0.0,100.1,1,174.08,6,0,0.0,0,0.0,0.0,100.1,1
WP2033,4981-5041-1,59,Line,1,4981-5041-2,Line,2.789,102.27,659.7,1,3.667,2,0,0.0,0,0.0,0.0,100.1,1,3.667,1,0,0.0,0,0.0,0.0,100.1,1,3.667,1,0,0.0,0,0.0,0.0,100.1,1,3.667,1,0,0.0,0,0.0,0.0,100.1,1,3.667,1,0,0.0,0,0.0,0.0,100.1,1,3.667,1,0,0.0,0,0.0,0.0,100.1,1,3.667,1,0,0.0,0,0.0,0.0,100.1,1,3.667,1,0,0.0,0,0.0,0.0,100.1,1,3.667,1,0,0.0,0,0.0,0.0,100.1,1,7.442,1,0,0.0,0,0.0,0.0,99.12,1,3.667,1,0,0.0,0,0.0,0.0,100.1,1,3.667,2,0,0.0,0,0.0,0.0,100.1,1,3.667,2,0,0.0,0,0.0,0.0,100.1,1,3.667,2,0,0.0,0,0.0,0.0,100.1,1,3.667,2,0,0.0,0,0.0,0.0,100.1,1,3.667,1,0,0.0,0,0.0,0.0,100.1,1
WP2033,4981-5041-1,61,Line,1,4981-5041-2,Line,1.7,101.38,504.9,1,2.169,2,0,0.0,0,0.0,0.0,100.1,1,2.169,1,0,0.0,0,0.0,0.0,100.1,1,2.169,1,0,0.0,0,0.0,0.0,100.1,1,2.169,1,0,0.0,0,0.0,0.0,100.1,1,2.169,1,0,0.0,0,0.0,0.0,100.1,1,2.169,1,0,0.0,0,0.0,0.0,100.1,1,2.169,1,0,0.0,0,0.0,0.0,100.1,1,2.169,1,0,0.0,0,0.0,0.0,100.1,1,2.169,1,0,0.0,0,0.0,0.0,100.1,1,4.402,1,0,0.0,0,0.0,0.0,98.78,1,2.169,1,0,0.0,0,0.0,0.0,100.1,1,2.169,2,0,0.0,0,0.0,0.0,100.1,1,2.169,2,0,0.0,0,0.0,0.0,100.1,1,2.169,2,0,0.0,0,0.0,0.0,100.1,1,2.169,2,0,0.0,0,0.0,0.0,100.1,1,2.169,1,0,0.0,0,0.0,0.0,100.1,1
WP2033,4981-5041-1,62,Line,1,4981-5041-2,Line,2.089,101.7,434.7,1,2.704,2,0,0.0,0,0.0,0.0,100.1,1,2.704,1,0,0.0,0,0.0,0.0,100.1,1,2.704,1,0,0.0,0,0.0,0.0,100.1,1,2.704,1,0,0.0,0,0.0,0.0,100.1,1,2.704,1,0,0.0,0,0.0,0.0,100.1,1,2.704,1,0,0.0,0,0.0,0.0,100.1,1,2.704,1,0,0.0,0,0.0,0.0,100.1,1,2.704,1,0,0.0,0,0.0,0.0,100.1,1,2.704,1,0,0.0,0,0.0,0.0,100.1,1,5.488,1,0,0.0,0,0.0,0.0,98.45,1,2.704,1,0,0.0,0,0.0,0.0,100.1,1,2.704,2,0,0.0,0,0.0,0.0,100.1,1,2.704,2,0,0.0,0,0.0,0.0,100.1,1,2.704,2,0,0.0,0,0.0,0.0,100.1,1,2.704,2,0,0.0,0,0.0,0.0,100.1,1,2.704,1,0,0.0,0,0.0,0.0,100.1,1
WP2033,4981-5041-1,63,Line,1,4981-5041-2,Line,2.615,102.13,384.1,1,3.427,2,0,0.0,0,0.0,0.0,100.1,1,3.427,1,0,0.0,0,0.0,0.0,100.1,1,3.427,1,0,0.0,0,0.0,0.0,100.1,1,3.427,1,0,0.0,0,0.0,0.0,100.1,1,3.427,1,0,0.0,0,0.0,0.0,100.1,1,3.427,1,0,0.0,0,0.0,0.0,100.1,1,3.427,1,0,0.0,0,0.0,0.0,100.1,1,3.427,1,0,0.0,0,0.0,0.0,100.1,1,3.427,1,0,0.0,0,0.0,0.0,100.1,1,6.956,1,0,0.0,0,0.0,0.0,98.01,1,3.427,1,0,0.0,0,0.0,0.0,100.1,1,3.427,2,0,0.0,0,0.0,0.0,100.1,1,3.427,2,0,0.0,0,0.0,0.0,100.1,1,3.427,2,0,0.0,0,0.0,0.0,100.1,1,3.427,2,0,0.0,0,0.0,0.0,100.1,1,3.427,1,0,0.0,0,0.0,0.0,100.1,1
WP2033,4981-5041-1,64,Line,1,4981-5041-2,Line,2.222,101.81,391.9,1,2.887,2,0,0.0,0,0.0,0.0,100.1,1,2.887,1,0,0.0,0,0.0,0.0,100.1,1,2.887,1,0,0.0,0,0.0,0.0,100.1,1,2.887,1,0,0.0,0,0.0,0.0,100.1,1,2.887,1,0,0.0,0,0.0,0.0,100.1,1,2.887,1,0,0.0,0,0.0,0.0,100.1,1,2.887,1,0,0.0,0,0.0,0.0,100.1,1,2.887,1,0,0.0,0,0.0,0.0,100.1,1,2.887,1,0,0.0,0,0.0,0.0,100.1,1,5.861,1,0,0.0,0,0.0,0.0,98.34,1,2.887,1,0,0.0,0,0.0,0.0,100.1,1,2.887,2,0,0.0,0,0.0,0.0,100.1,1,2.887,2,0,0.0,0,0.0,0.0,100.1,1,2.887,2,0,0.0,0,0.0,0.0,100.1,1,2.887,2,0,0.0,0,0.0,0.0,100.1,1,2.887,1,0,0.0,0,0.0,0.0,100.1,1
WP2033,4981-5041-1,65,Line,1,4981-5041-2,Line,7.556,106.14,382.9,1,10.223,2,0,0.0,0,0.0,0.0,100.1,1,10.223,1,0,0.0,0,0.0,0.0,100.1,1,10.223,1,0,0.0,0,0.0,0.0,100.1,1,10.223,1,0,0.0,0,0.0,0.0,100.1,1,10.223,1,0,0.0,0,0.0,0.0,100.1,1,10.223,1,0,0.0,0,0.0,0.0,100.1,1,10.223,1,0,0.0,0,0.0,0.0,100.1,1,10.223,1,0,0.0,0,0.0,0.0,100.1,1,10.223,1,0,0.0,0,0.0,0.0,100.1,1,20.749,1,0,0.0,0,0.0,0.0,93.88,1,10.223,1,0,0.0,0,0.0,0.0,100.1,1,10.223,2,0,0.0,0,0.0,0.0,100.1,1,10.223,2,0,0.0,0,0.0,0.0,100.1,1,10.223,2,0,0.0,0,0.0,0.0,100.1,1,10.223,2,0,0.0,0,0.0,0.0,100.1,1,10.223,1,0,0.0,0,0.0,0.0,100.1,1
WP2033,4981-5041-1,66,Line,1,4981-5041-2,Line,12.937,110.52,491.0,1,17.624,2,0,0.0,0,0.0,0.0,100.1,1,17.624,1,0,0.0,0,0.0,0.0,100.1,1,17.624,1,0,0.0,0,0.0,0.0,100.1,1,17.624,1,0,0.0,0,0.0,0.0,100.1,1,17.624,1,0,0.0,0,0.0,0.0,100.1,1,17.624,1,0,0.0,0,0.0,0.0,100.1,1,17.624,1,0,0.0,0,0.0,0.0,100.1,1,17.624,1,0,0.0,0,0.0,0.0,100.1,1,17.624,1,0,0.0,0,0.0,0.0,100.1,1,35.77,1,0,0.0,0,0.0,0.0,89.37,1,17.624,1,0,0.0,0,0.0,0.0,100.1,1,17.624,2,0,0.0,0,0.0,0.0,100.1,1,17.624,2,0,0.0,0,0.0,0.0,100.1,1,17.624,2,0,0.0,0,0.0,0.0,100.1,1,17.624,2,0,0.0,0,0.0,0.0,100.1,1,17.624,1,0,0.0,0,0.0,0.0,100.1,1
WP2033,4981-5041-1,67,Line,1,4981-5041-2,Line,8.483,106.9,489.9,1,11.498,2,0,0.0,0,0.0,0.0,100.1,1,11.498,1,0,0.0,0,0.0,0.0,100.1,1,11.498,1,0,0.0,0,0.0,0.0,100.1,1,11.498,1,0,0.0,0,0.0,0.0,100.1,1,11.498,1,0,0.0,0,0.0,0.0,100.1,1,11.498,1,0,0.0,0,0.0,0.0,100.1,1,11.498,1,0,0.0,0,0.0,0.0,100.1,1,11.498,1,0,0.0,0,0.0,0.0,100.1,1,11.498,1,0,0.0,0,0.0,0.0,100.1,1,23.337,1,0,0.0,0,0.0,0.0,93.1,1,11.498,1,0,0.0,0,0.0,0.0,100.1,1,11.498,2,0,0.0,0,0.0,0.0,100.1,1,11.498,2,0,0.0,0,0.0,0.0,100.1,1,11.498,2,0,0.0,0,0.0,0.0,100.1,1,11.498,2,0,0.0,0,0.0,0.0,100.1,1,11.498,1,0,0.0,0,0.0,0.0,100.1,1
WP2033,4981-5041-1,68,Line,1,4981-5041-2,Line,7.066,105.74,555.4,1,9.549,2,1,5.533,0,0.0,102.63,102.63,1,9.549,1,1,5.533,0,0.0,102.63,102.63,1,9.549,1,1,5.533,0,0.0,102.63,102.63,1,9.549,1,1,5.533,0,0.0,102.63,102.63,1,9.549,1,1,5.533,0,0.0,102.63,102.63,0,0.362,1,0,0.0,0,6.803,0.0,105.53,0,0.362,1,0,0.0,0,6.803,0.0,105.53,0,0.362,1,0,0.0,0,6.803,0.0,105.53,0,0.362,1,0,0.0,0,6.803,0.0,105.53,1,19.381,1,1,11.23,0,0.0,105.35,105.35,1,9.549,1,1,5.533,0,0.0,102.63,102.63,1,9.549,2,1,5.533,0,0.0,102.63,102.63,1,9.549,2,1,5.533,0,0.0,102.63,102.63,0,0.362,2,0,0.0,0,6.803,0.0,105.53,0,0.362,2,0,0.0,0,6.803,0.0,105.53,0,350.513,10,0,0.0,0,0.479,0.0,100.39,0
WP2033,4981-5041-1,69,Line,1,4981-5041-2,Line,6.975,105.67,555.5,1,9.424,2,1,5.46,0,0.0,102.6,102.6,1,9.424,1,1,5.46,0,0.0,102.6,102.6,1,9.424,1,1,5.46,0,0.0,102.6,102.6,1,9.424,1,1,5.46,0,0.0,102.6,102.6,1,9.424,1,1,5.46,0,0.0,102.6,102.6,0,0.362,1,0,0.0,0,6.712,0.0,105.46,0,0.362,1,0,0.0,0,6.712,0.0,105.46,0,0.362,1,0,0.0,0,6.712,0.0,105.46,0,0.362,1,0,0.0,0,6.712,0.0,105.46,1,19.127,1,1,11.083,0,0.0,105.28,105.28,1,9.424,1,1,5.46,0,0.0,102.6,102.6,1,9.424,2,1,5.46,0,0.0,102.6,102.6,1,9.424,2,1,5.46,0,0.0,102.6,102.6,0,0.362,2,0,0.0,0,6.712,0.0,105.46,0,0.362,2,0,0.0,0,6.712,0.0,105.46,0,351.279,10,0,0.0,0,0.374,0.0,100.3,0
WP2033,4981-5041-1,114,Line,1,4981-5041-2,Line,7.378,106.0,693.9,1,9.978,2,0,0.0,0,0.0,0.0,100.1,1,9.978,1,0,0.0,0,0.0,0.0,100.1,1,9.978,1,0,0.0,0,0.0,0.0,100.1,1,9.978,1,0,0.0,0,0.0,0.0,100.1,1,9.978,1,0,0.0,0,0.0,0.0,100.1,1,9.978,1,0,0.0,0,0.0,0.0,100.1,1,9.978,1,0,0.0,0,0.0,0.0,100.1,1,9.978,1,0,0.0,0,0.0,0.0,100.1,1,9.978,1,0,0.0,0,0.0,0.0,100.1,1,20.253,1,1,5.152,0,0.0,102.45,102.45,1,9.978,1,0,0.0,0,0.0,0.0,100.1,1,9.978,2,0,0.0,0,0.0,0.0,100.1,1,9.978,2,0,0.0,0,0.0,0.0,100.1,1,9.978,2,0,0.0,0,0.0,0.0,100.1,1,9.978,2,0,0.0,0,0.0,0.0,100.1,1,9.978,1,0,0.0,0,0.0,0.0,100.1,1
WP2033,4981-5041-1,115,Line,1,4981-5041-2,Line,22.192,118.04,689.8,1,30.353,2,0,0.0,0,0.0,0.0,100.1,1,30.353,1,0,0.0,0,0.0,0.0,100.1,1,30.353,1,0,0.0,0,0.0,0.0,100.1,1,30.353,1,0,0.0,0,0.0,0.0,100.1,1,30.353,1,0,0.0,0,0.0,0.0,100.1,1,30.353,1,0,0.0,0,0.0,0.0,100.1,1,30.353,1,0,0.0,0,0.0,0.0,100.1,1,30.353,1,0,0.0,0,0.0,0.0,100.1,1,30.353,1,0,0.0,0,0.0,0.0,100.1,1,46.335,1,0,0.0,0,0.0,0.0,96.8,1,30.353,1,0,0.0,0,0.0,0.0,100.1,1,30.353,2,0,0.0,0,0.0,0.0,100.1,1,30.353,2,0,0.0,0,0.0,0.0,100.1,1,30.353,2,0,0.0,0,0.0,0.0,100.1,1,30.353,2,0,0.0,0,0.0,0.0,100.1,1,30.353,1,0,0.0,0,0.0,0.0,100.1,1
WP2033,4981-5041-1,116,Line,1,4981-5041-2,Line,21.076,117.14,686.9,1,28.818,2,0,0.0,0,0.0,0.0,100.1,1,28.818,1,0,0.0,0,0.0,0.0,100.1,1,28.818,1,0,0.0,0,0.0,0.0,100.1,1,28.818,1,0,0.0,0,0.0,0.0,100.1,1,28.818,1,0,0.0,0,0.0,0.0,100.1,1,28.818,1,0,0.0,0,0.0,0.0,100.1,1,28.818,1,0,0.0,0,0.0,0.0,100.1,1,28.818,1,0,0.0,0,0.0,0.0,100.1,1,28.818,1,0,0.0,0,0.0,0.0,100.1,1,45.118,1,0,0.0,0,0.0,0.0,97.63,1,28.818,1,0,0.0,0,0.0,0.0,100.1,1,28.818,2,0,0.0,0,0.0,0.0,100.1,1,28.818,2,0,0.0,0,0.0,0.0,100.1,1,28.818,2,0,0.0,0,0.0,0.0,100.1,1,28.818,2,0,0.0,0,0.0,0.0,100.1,1,28.818,1,0,0.0,0,0.0,0.0,100.1,1
WP2033,4981-5041-1,117,Line,1,4981-5041-2,Line,18.864,115.34,685.4,1,25.775,2,0,0.0,0,0.0,0.0,100.1,1,25.775,1,0,0.0,0,0.0,0.0,100.1,1,25.775,1,0,0.0,0,0.0,0.0,100.1,1,25.775,1,0,0.0,0,0.0,0.0,100.1,1,25.775,1,0,0.0,0,0.0,0.0,100.1,1,25.775,1,0,0.0,0,0.0,0.0,100.1,1,25.775,1,0,0.0,0,0.0,0.0,100.1,1,25.775,1,0,0.0,0,0.0,0.0,100.1,1,25.775,1,0,0.0,0,0.0,0.0,100.1,1,42.373,1,0,0.0,0,0.0,0.0,99.01,1,25.775,1,0,0.0,0,0.0,0.0,100.1,1,25.775,2,0,0.0,0,0.0,0.0,100.1,1,25.775,2,0,0.0,0,0.0,0.0,100.1,1,25.775,2,0,0.0,0,0.0,0.0,100.1,1,25.775,2,0,0.0,0,0.0,0.0,100.1,1,25.775,1,0,0.0,0,0.0,0.0,100.1,1
WP2033,4981-5041-1,118,Line,1,4981-5041-2,Line,19.545,115.89,685.2,1,26.711,2,0,0.0,0,0.0,0.0,100.1,1,26.711,1,0,0.0,0,0.0,0.0,100.1,1,26.711,1,0,0.0,0,0.0,0.0,100.1,1,26.711,1,0,0.0,0,0.0,0.0,100.1,1,26.711,1,0,0.0,0,0.0,0.0,100.1,1,26.711,1,0,0.0,0,0.0,0.0,100.1,1,26.711,1,0,0.0,0,0.0,0.0,100.1,1,26.711,1,0,0.0,0,0.0,0.0,100.1,1,26.711,1,0,0.0,0,0.0,0.0,100.1,1,42.96,1,1,1.676,0,0.0,100.8,100.8,1,26.711,1,0,0.0,0,0.0,0.0,100.1,1,26.711,2,0,0.0,0,0.0,0.0,100.1,1,26.711,2,0,0.0,0,0.0,0.0,100.1,1,26.711,2,0,0.0,0,0.0,0.0,100.1,1,26.711,2,0,0.0,0,0.0,0.0,100.1,1,26.711,1,0,0.0,0,0.0,0.0,100.1,1
WP2033,4981-5041-1,119,Line,1,4981-5041-2,Line,18.661,115.17,687.6,1,25.496,2,0,0.0,0,0.0,0.0,100.1,1,25.496,1,0,0.0,0,0.0,0.0,100.1,1,25.496,1,0,0.0,0,0.0,0.0,100.1,1,25.496,1,0,0.0,0,0.0,0.0,100.1,1,25.496,1,0,0.0,0,0.0,0.0,100.1,1,25.496,1,0,0.0,0,0.0,0.0,100.1,1,25.496,1,0,0.0,0,0.0,0.0,100.1,1,25.496,1,0,0.0,0,0.0,0.0,100.1,1,25.496,1,0,0.0,0,0.0,0.0,100.1,1,42.911,1,1,4.507,0,0.0,102.15,102.15,1,25.496,1,0,0.0,0,0.0,0.0,100.1,1,25.496,2,0,0.0,0,0.0,0.0,100.1,1,25.496,2,0,0.0,0,0.0,0.0,100.1,1,25.496,2,0,0.0,0,0.0,0.0,100.1,1,25.496,2,0,0.0,0,0.0,0.0,100.1,1,25.496,1,0,0.0,0,0.0,0.0,100.1,1
WP2033,4981-5041-1,120,Line,1,4981-5041-2,Line,7.832,106.37,691.9,1,10.603,2,1,6.143,0,0.0,102.93,102.93,1,10.603,1,1,6.143,0,0.0,102.93,102.93,1,10.603,1,1,6.143,0,0.0,102.93,102.93,1,10.603,1,1,6.143,0,0.0,102.93,102.93,1,10.603,1,1,6.143,0,0.0,102.93,102.93,0,0.362,1,0,0.0,0,7.569,0.0,106.15,0,0.362,1,0,0.0,0,7.569,0.0,106.15,0,0.362,1,0,0.0,0,7.569,0.0,106.15,0,0.362,1,0,0.0,0,7.569,0.0,106.15,1,21.52,1,1,12.469,0,0.0,105.94,105.94,1,10.603,1,1,6.143,0,0.0,102.93,102.93,1,10.603,2,1,6.143,0,0.0,102.93,102.93,1,10.603,2,1,6.143,0,0.0,102.93,102.93,0,0.362,2,0,0.0,0,7.569,0.0,106.15,0,0.362,2,0,0.0,0,7.569,0.0,106.15,0,354.661,7,0,0.0,0,1.17,0.0,100.95,0
WP2033,4981-5041-1,136,Line,1,4981-5041-2,Line,4.892,103.98,701.1,1,6.559,2,0,0.0,0,0.0,0.0,100.1,1,6.559,1,0,0.0,0,0.0,0.0,100.1,1,6.559,1,0,0.0,0,0.0,0.0,100.1,1,6.559,1,0,0.0,0,0.0,0.0,100.1,1,6.559,1,0,0.0,0,0.0,0.0,100.1,1,6.559,1,0,0.0,0,0.0,0.0,100.1,1,6.559,1,0,0.0,0,0.0,0.0,100.1,1,6.559,1,0,0.0,0,0.0,0.0,100.1,1,6.559,1,0,0.0,0,0.0,0.0,100.1,1,13.313,1,0,0.0,0,0.0,0.0,96.11,1,6.559,1,0,0.0,0,0.0,0.0,100.1,1,6.559,2,0,0.0,0,0.0,0.0,100.1,1,6.559,2,0,0.0,0,0.0,0.0,100.1,1,6.559,2,0,0.0,0,0.0,0.0,100.1,1,6.559,2,0,0.0,0,0.0,0.0,100.1,1,6.559,1,0,0.0,0,0.0,0.0,100.1,1
WP2033,4981-5041-1,137,Line,1,4981-5041-2,Line,15.03,112.22,697.0,1,20.502,2,0,0.0,0,0.0,0.0,100.1,1,20.502,1,0,0.0,0,0.0,0.0,100.1,1,20.502,1,0,0.0,0,0.0,0.0,100.1,1,20.502,1,0,0.0,0,0.0,0.0,100.1,1,20.502,1,0,0.0,0,0.0,0.0,100.1,1,20.502,1,0,0.0,0,0.0,0.0,100.1,1,20.502,1,0,0.0,0,0.0,0.0,100.1,1,20.502,1,0,0.0,0,0.0,0.0,100.1,1,20.502,1,0,0.0,0,0.0,0.0,100.1,1,41.611,1,0,0.0,0,0.0,0.0,98.15,1,20.502,1,0,0.0,0,0.0,0.0,100.1,1,20.502,2,0,0.0,0,0.0,0.0,100.1,1,20.502,2,0,0.0,0,0.0,0.0,100.1,1,20.502,2,0,0.0,0,0.0,0.0,100.1,1,20.502,2,0,0.0,0,0.0,0.0,100.1,1,20.502,1,0,0.0,0,0.0,0.0,100.1,1
WP2033,4981-5041-1,138,Line,1,4981-5041-2,Line,20.704,116.83,696.5,1,28.305,2,0,0.0,0,0.0,0.0,100.1,1,28.305,1,0,0.0,0,0.0,0.0,100.1,1,28.305,1,0,0.0,0,0.0,0.0,100.1,1,28.305,1,0,0.0,0,0.0,0.0,100.1,1,28.305,1,0,0.0,0,0.0,0.0,100.1,1,28.305,1,0,0.0,0,0.0,0.0,100.1,1,28.305,1,0,0.0,0,0.0,0.0,100.1,1,28.305,1,0,0.0,0,0.0,0.0,100.1,1,28.305,1,0,0.0,0,0.0,0.0,100.1,1,47.275,1,0,0.0,0,0.0,0.0,97.48,1,28.305,1,0,0.0,0,0.0,0.0,100.1,1,28.305,2,0,0.0,0,0.0,0.0,100.1,1,28.305,2,0,0.0,0,0.0,0.0,100.1,1,28.305,2,0,0.0,0,0.0,0.0,100.1,1,28.305,2,0,0.0,0,0.0,0.0,100.1,1,28.305,1,0,0.0,0,0.0,0.0,100.1,1
WP2033,4981-5041-1,139,Line,1,4981-5041-2,Line,21.546,117.52,692.3,1,29.464,2,0,0.0,0,0.0,0.0,100.1,1,29.464,1,0,0.0,0,0.0,0.0,100.1,1,29.464,1,0,0.0,0,0.0,0.0,100.1,1,29.464,1,0,0.0,0,0.0,0.0,100.1,1,29.464,1,0,0.0,0,0.0,0.0,100.1,1,29.464,1,0,0.0,0,0.0,0.0,100.1,1,29.464,1,0,0.0,0,0.0,0.0,100.1,1,29.464,1,0,0.0,0,0.0,0.0,100.1,1,29.464,1,0,0.0,0,0.0,0.0,100.1,1,47.264,1,0,0.0,0,0.0,0.0,97.17,1,29.464,1,0,0.0,0,0.0,0.0,100.1,1,29.464,2,0,0.0,0,0.0,0.0,100.1,1,29.464,2,0,0.0,0,0.0,0.0,100.1,1,29.464,2,0,0.0,0,0.0,0.0,100.1,1,29.464,2,0,0.0,0,0.0,0.0,100.1,1,29.464,1,0,0.0,0,0.0,0.0,100.1,1
WP2033,4981-5041-1,140,Line,1,4981-5041-2,Line,16.644,113.53,688.3,1,22.722,2,0,0.0,0,0.0,0.0,100.1,1,22.722,1,0,0.0,0,0.0,0.0,100.1,1,22.722,1,0,0.0,0,0.0,0.0,100.1,1,22.722,1,0,0.0,0,0.0,0.0,100.1,1,22.722,1,0,0.0,0,0.0,0.0,100.1,1,22.722,1,0,0.0,0,0.0,0.0,100.1,1,22.722,1,0,0.0,0,0.0,0.0,100.1,1,22.722,1,0,0.0,0,0.0,0.0,100.1,1,22.722,1,0,0.0,0,0.0,0.0,100.1,1,46.118,1,0,0.0,0,0.0,0.0,98.94,1,22.722,1,0,0.0,0,0.0,0.0,100.1,1,22.722,2,0,0.0,0,0.0,0.0,100.1,1,22.722,2,0,0.0,0,0.0,0.0,100.1,1,22.722,2,0,0.0,0,0.0,0.0,100.1,1,22.722,2,0,0.0,0,0.0,0.0,100.1,1,22.722,1,0,0.0,0,0.0,0.0,100.1,1
WP2033,4981-5041-2,59,Line,1,4981-5041-1,Line,2.789,102.27,659.7,1,3.667,2,0,0.0,0,0.0,0.0,100.1,1,3.667,1,0,0.0,0,0.0,0.0,100.1,1,3.667,1,0,0.0,0,0.0,0.0,100.1,1,3.667,1,0,0.0,0,0.0,0.0,100.1,1,3.667,1,0,0.0,0,0.0,0.0,100.1,1,3.667,1,0,0.0,0,0.0,0.0,100.1,1,3.667,1,0,0.0,0,0.0,0.0,100.1,1,3.667,1,0,0.0,0,0.0,0.0,100.1,1,3.667,1,0,0.0,0,0.0,0.0,100.1,1,7.228,1,0,0.0,0,0.0,0.0,99.06,1,3.667,1,0,0.0,0,0.0,0.0,100.1,1,3.667,2,0,0.0,0,0.0,0.0,100.1,1,3.667,2,0,0.0,0,0.0,0.0,100.1,1,3.667,2,0,0.0,0,0.0,0.0,100.1,1,3.667,2,0,0.0,0,0.0,0.0,100.1,1,3.667,1,0,0.0,0,0.0,0.0,100.1,1
WP2033,4981-5041-2,61,Line,1,4981-5041-1,Line,1.7,101.38,504.9,1,2.169,2,0,0.0,0,0.0,0.0,100.1,1,2.169,1,0,0.0,0,0.0,0.0,100.1,1,2.169,1,0,0.0,0,0.0,0.0,100.1,1,2.169,1,0,0.0,0,0.0,0.0,100.1,1,2.169,1,0,0.0,0,0.0,0.0,100.1,1,2.169,1,0,0.0,0,0.0,0.0,100.1,1,2.169,1,0,0.0,0,0.0,0.0,100.1,1,2.169,1,0,0.0,0,0.0,0.0,100.1,1,2.169,1,0,0.0,0,0.0,0.0,100.1,1,4.275,1,0,0.0,0,0.0,0.0,98.85,1,2.169,1,0,0.0,0,0.0,0.0,100.1,1,2.169,2,0,0.0,0,0.0,0.0,100.1,1,2.169,2,0,0.0,0,0.0,0.0,100.1,1,2.169,2,0,0.0,0,0.0,0.0,100.1,1,2.169,2,0,0.0,0,0.0,0.0,100.1,1,2.169,1,0,0.0,0,0.0,0.0,100.1,1
WP2033,4981-5041-2,62,Line,1,4981-5041-1,Line,2.089,101.7,434.7,1,2.704,2,0,0.0,0,0.0,0.0,100.1,1,2.704,1,0,0.0,0,0.0,0.0,100.1,1,2.704,1,0,0.0,0,0.0,0.0,100.1,1,2.704,1,0,0.0,0,0.0,0.0,100.1,1,2.704,1,0,0.0,0,0.0,0.0,100.1,1,2.704,1,0,0.0,0,0.0,0.0,100.1,1,2.704,1,0,0.0,0,0.0,0.0,100.1,1,2.704,1,0,0.0,0,0.0,0.0,100.1,1,2.704,1,0,0.0,0,0.0,0.0,100.1,1,5.33,1,0,0.0,0,0.0,0.0,98.55,1,2.704,1,0,0.0,0,0.0,0.0,100.1,1,2.704,2,0,0.0,0,0.0,0.0,100.1,1,2.704,2,0,0.0,0,0.0,0.0,100.1,1,2.704,2,0,0.0,0,0.0,0.0,100.1,1,2.704,2,0,0.0,0,0.0,0.0,100.1,1,2.704,1,0,0.0,0,0.0,0.0,100.1,1
WP2033,4981-5041-2,63,Line,1,4981-5041-1,Line,2.615,102.13,384.1,1,3.427,2,0,0.0,0,0.0,0.0,100.1,1,3.427,1,0,0.0,0,0.0,0.0,100.1,1,3.427,1,0,0.0,0,0.0,0.0,100.1,1,3.427,1,0,0.0,0,0.0,0.0,100.1,1,3.427,1,0,0.0,0,0.0,0.0,100.1,1,3.427,1,0,0.0,0,0.0,0.0,100.1,1,3.427,1,0,0.0,0,0.0,0.0,100.1,1,3.427,1,0,0.0,0,0.0,0.0,100.1,1,3.427,1,0,0.0,0,0.0,0.0,100.1,1,6.756,1,0,0.0,0,0.0,0.0,98.13,1,3.427,1,0,0.0,0,0.0,0.0,100.1,1,3.427,2,0,0.0,0,0.0,0.0,100.1,1,3.427,2,0,0.0,0,0.0,0.0,100.1,1,3.427,2,0,0.0,0,0.0,0.0,100.1,1,3.427,2,0,0.0,0,0.0,0.0,100.1,1,3.427,1,0,0.0,0,0.0,0.0,100.1,1
WP2033,4981-5041-2,64,Line,1,4981-5041-1,Line,2.222,101.81,391.9,1,2.887,2,0,0.0,0,0.0,0.0,100.1,1,2.887,1,0,0.0,0,0.0,0.0,100.1,1,2.887,1,0,0.0,0,0.0,0.0,100.1,1,2.887,1,0,0.0,0,0.0,0.0,100.1,1,2.887,1,0,0.0,0,0.0,0.0,100.1,1,2.887,1,0,0.0,0,0.0,0.0,100.1,1,2.887,1,0,0.0,0,0.0,0.0,100.1,1,2.887,1,0,0.0,0,0.0,0.0,100.1,1,2.887,1,0,0.0,0,0.0,0.0,100.1,1,5.692,1,0,0.0,0,0.0,0.0,98.44,1,2.887,1,0,0.0,0,0.0,0.0,100.1,1,2.887,2,0,0.0,0,0.0,0.0,100.1,1,2.887,2,0,0.0,0,0.0,0.0,100.1,1,2.887,2,0,0.0,0,0.0,0.0,100.1,1,2.887,2,0,0.0,0,0.0,0.0,100.1,1,2.887,1,0,0.0,0,0.0,0.0,100.1,1
WP2033,4981-5041-2,65,Line,1,4981-5041-1,Line,7.556,106.14,382.9,1,10.223,2,0,0.0,0,0.0,0.0,100.1,1,10.223,1,0,0.0,0,0.0,0.0,100.1,1,10.223,1,0,0.0,0,0.0,0.0,100.1,1,10.223,1,0,0.0,0,0.0,0.0,100.1,1,10.223,1,0,0.0,0,0.0,0.0,100.1,1,10.223,1,0,0.0,0,0.0,0.0,100.1,1,10.223,1,0,0.0,0,0.0,0.0,100.1,1,10.223,1,0,0.0,0,0.0,0.0,100.1,1,10.223,1,0,0.0,0,0.0,0.0,100.1,1,20.152,1,0,0.0,0,0.0,0.0,94.23,1,10.223,1,0,0.0,0,0.0,0.0,100.1,1,10.223,2,0,0.0,0,0.0,0.0,100.1,1,10.223,2,0,0.0,0,0.0,0.0,100.1,1,10.223,2,0,0.0,0,0.0,0.0,100.1,1,10.223,2,0,0.0,0,0.0,0.0,100.1,1,10.223,1,0,0.0,0,0.0,0.0,100.1,1
WP2033,4981-5041-2,66,Line,1,4981-5041-1,Line,12.937,110.52,491.0,1,17.624,2,0,0.0,0,0.0,0.0,100.1,1,17.624,1,0,0.0,0,0.0,0.0,100.1,1,17.624,1,0,0.0,0,0.0,0.0,100.1,1,17.624,1,0,0.0,0,0.0,0.0,100.1,1,17.624,1,0,0.0,0,0.0,0.0,100.1,1,17.624,1,0,0.0,0,0.0,0.0,100.1,1,17.624,1,0,0.0,0,0.0,0.0,100.1,1,17.624,1,0,0.0,0,0.0,0.0,100.1,1,17.624,1,0,0.0,0,0.0,0.0,100.1,1,34.74,1,0,0.0,0,0.0,0.0,89.98,1,17.624,1,0,0.0,0,0.0,0.0,100.1,1,17.624,2,0,0.0,0,0.0,0.0,100.1,1,17.624,2,0,0.0,0,0.0,0.0,100.1,1,17.624,2,0,0.0,0,0.0,0.0,100.1,1,17.624,2,0,0.0,0,0.0,0.0,100.1,1,17.624,1,0,0.0,0,0.0,0.0,100.1,1
WP2033,4981-5041-2,67,Line,1,4981-5041-1,Line,8.483,106.9,489.9,1,11.498,2,0,0.0,0,0.0,0.0,100.1,1,11.498,1,0,0.0,0,0.0,0.0,100.1,1,11.498,1,0,0.0,0,0.0,0.0,100.1,1,11.498,1,0,0.0,0,0.0,0.0,100.1,1,11.498,1,0,0.0,0,0.0,0.0,100.1,1,11.498,1,0,0.0,0,0.0,0.0,100.1,1,11.498,1,0,0.0,0,0.0,0.0,100.1,1,11.498,1,0,0.0,0,0.0,0.0,100.1,1,11.498,1,0,0.0,0,0.0,0.0,100.1,1,22.665,1,0,0.0,0,0.0,0.0,93.5,1,11.498,1,0,0.0,0,0.0,0.0,100.1,1,11.498,2,0,0.0,0,0.0,0.0,100.1,1,11.498,2,0,0.0,0,0.0,0.0,100.1,1,11.498,2,0,0.0,0,0.0,0.0,100.1,1,11.498,2,0,0.0,0,0.0,0.0,100.1,1,11.498,1,0,0.0,0,0.0,0.0,100.1,1
WP2033,4981-5041-2,68,Line,1,4981-5041-1,Line,7.066,105.74,555.4,1,9.549,2,1,5.533,0,0.0,102.63,102.63,1,9.549,1,1,5.533,0,0.0,102.63,102.63,1,9.549,1,1,5.533,0,0.0,102.63,102.63,1,9.549,1,1,5.533,0,0.0,102.63,102.63,1,9.549,1,1,5.533,0,0.0,102.63,102.63,0,0.362,1,0,0.0,0,6.803,0.0,105.53,0,0.362,1,0,0.0,0,6.803,0.0,105.53,0,0.362,1,0,0.0,0,6.803,0.0,105.53,0,0.362,1,0,0.0,0,6.803,0.0,105.53,1,18.823,1,1,10.907,0,0.0,105.19,105.19,1,9.549,1,1,5.533,0,0.0,102.63,102.63,1,9.549,2,1,5.533,0,0.0,102.63,102.63,1,9.549,2,1,5.533,0,0.0,102.63,102.63,0,0.362,2,0,0.0,0,6.803,0.0,105.53,0,0.362,2,0,0.0,0,6.803,0.0,105.53,0,350.513,10,0,0.0,0,0.479,0.0,100.39,0
WP2033,4981-5041-2,69,Line,1,4981-5041-1,Line,6.975,105.67,555.5,1,9.424,2,1,5.46,0,0.0,102.6,102.6,1,9.424,1,1,5.46,0,0.0,102.6,102.6,1,9.424,1,1,5.46,0,0.0,102.6,102.6,1,9.424,1,1,5.46,0,0.0,102.6,102.6,1,9.424,1,1,5.46,0,0.0,102.6,102.6,0,0.362,1,0,0.0,0,6.712,0.0,105.46,0,0.362,1,0,0.0,0,6.712,0.0,105.46,0,0.362,1,0,0.0,0,6.712,0.0,105.46,0,0.362,1,0,0.0,0,6.712,0.0,105.46,1,18.577,1,1,10.764,0,0.0,105.13,105.13,1,9.424,1,1,5.46,0,0.0,102.6,102.6,1,9.424,2,1,5.46,0,0.0,102.6,102.6,1,9.424,2,1,5.46,0,0.0,102.6,102.6,0,0.362,2,0,0.0,0,6.712,0.0,105.46,0,0.362,2,0,0.0,0,6.712,0.0,105.46,0,351.279,10,0,0.0,0,0.374,0.0,100.3,0
WP2033,4981-5041-2,114,Line,1,4981-5041-1,Line,7.378,106.0,693.9,1,9.978,2,0,0.0,0,0.0,0.0,100.1,1,9.978,1,0,0.0,0,0.0,0.0,100.1,1,9.978,1,0,0.0,0,0.0,0.0,100.1,1,9.978,1,0,0.0,0,0.0,0.0,100.1,1,9.978,1,0,0.0,0,0.0,0.0,100.1,1,9.978,1,0,0.0,0,0.0,0.0,100.1,1,9.978,1,0,0.0,0,0.0,0.0,100.1,1,9.978,1,0,0.0,0,0.0,0.0,100.1,1,9.978,1,0,0.0,0,0.0,0.0,100.1,1,19.67,1,1,4.814,0,0.0,102.29,102.29,1,9.978,1,0,0.0,0,0.0,0.0,100.1,1,9.978,2,0,0.0,0,0.0,0.0,100.1,1,9.978,2,0,0.0,0,0.0,0.0,100.1,1,9.978,2,0,0.0,0,0.0,0.0,100.1,1,9.978,2,0,0.0,0,0.0,0.0,100.1,1,9.978,1,0,0.0,0,0.0,0.0,100.1,1
WP2033,4981-5041-2,115,Line,1,4981-5041-1,Line,22.192,118.04,689.8,1,30.353,2,0,0.0,0,0.0,0.0,100.1,1,30.353,1,0,0.0,0,0.0,0.0,100.1,1,30.353,1,0,0.0,0,0.0,0.0,100.1,1,30.353,1,0,0.0,0,0.0,0.0,100.1,1,30.353,1,0,0.0,0,0.0,0.0,100.1,1,30.353,1,0,0.0,0,0.0,0.0,100.1,1,30.353,1,0,0.0,0,0.0,0.0,100.1,1,30.353,1,0,0.0,0,0.0,0.0,100.1,1,30.353,1,0,0.0,0,0.0,0.0,100.1,1,46.335,1,0,0.0,0,0.0,0.0,96.8,1,30.353,1,0,0.0,0,0.0,0.0,100.1,1,30.353,2,0,0.0,0,0.0,0.0,100.1,1,30.353,2,0,0.0,0,0.0,0.0,100.1,1,30.353,2,0,0.0,0,0.0,0.0,100.1,1,30.353,2,0,0.0,0,0.0,0.0,100.1,1,30.353,1,0,0.0,0,0.0,0.0,100.1,1
WP2033,4981-5041-2,116,Line,1,4981-5041-1,Line,21.076,117.14,686.9,1,28.818,2,0,0.0,0,0.0,0.0,100.1,1,28.818,1,0,0.0,0,0.0,0.0,100.1,1,28.818,1,0,0.0,0,0.0,0.0,100.1,1,28.818,1,0,0.0,0,0.0,0.0,100.1,1,28.818,1,0,0.0,0,0.0,0.0,100.1,1,28.818,1,0,0.0,0,0.0,0.0,100.1,1,28.818,1,0,0.0,0,0.0,0.0,100.1,1,28.818,1,0,0.0,0,0.0,0.0,100.1,1,28.818,1,0,0.0,0,0.0,0.0,100.1,1,45.118,1,0,0.0,0,0.0,0.0,97.63,1,28.818,1,0,0.0,0,0.0,0.0,100.1,1,28.818,2,0,0.0,0,0.0,0.0,100.1,1,28.818,2,0,0.0,0,0.0,0.0,100.1,1,28.818,2,0,0.0,0,0.0,0.0,100.1,1,28.818,2,0,0.0,0,0.0,0.0,100.1,1,28.818,1,0,0.0,0,0.0,0.0,100.1,1
WP2033,4981-5041-2,117,Line,1,4981-5041-1,Line,18.864,115.34,685.4,1,25.775,2,0,0.0,0,0.0,0.0,100.1,1,25.775,1,0,0.0,0,0.0,0.0,100.1,1,25.775,1,0,0.0,0,0.0,0.0,100.1,1,25.775,1,0,0.0,0,0.0,0.0,100.1,1,25.775,1,0,0.0,0,0.0,0.0,100.1,1,25.775,1,0,0.0,0,0.0,0.0,100.1,1,25.775,1,0,0.0,0,0.0,0.0,100.1,1,25.775,1,0,0.0,0,0.0,0.0,100.1,1,25.775,1,0,0.0,0,0.0,0.0,100.1,1,42.373,1,0,0.0,0,0.0,0.0,99.01,1,25.775,1,0,0.0,0,0.0,0.0,100.1,1,25.775,2,0,0.0,0,0.0,0.0,100.1,1,25.775,2,0,0.0,0,0.0,0.0,100.1,1,25.775,2,0,0.0,0,0.0,0.0,100.1,1,25.775,2,0,0.0,0,0.0,0.0,100.1,1,25.775,1,0,0.0,0,0.0,0.0,100.1,1
WP2033,4981-5041-2,118,Line,1,4981-5041-1,Line,19.545,115.89,685.2,1,26.711,2,0,0.0,0,0.0,0.0,100.1,1,26.711,1,0,0.0,0,0.0,0.0,100.1,1,26.711,1,0,0.0,0,0.0,0.0,100.1,1,26.711,1,0,0.0,0,0.0,0.0,100.1,1,26.711,1,0,0.0,0,0.0,0.0,100.1,1,26.711,1,0,0.0,0,0.0,0.0,100.1,1,26.711,1,0,0.0,0,0.0,0.0,100.1,1,26.711,1,0,0.0,0,0.0,0.0,100.1,1,26.711,1,0,0.0,0,0.0,0.0,100.1,1,42.96,1,1,1.676,0,0.0,100.8,100.8,1,26.711,1,0,0.0,0,0.0,0.0,100.1,1,26.711,2,0,0.0,0,0.0,0.0,100.1,1,26.711,2,0,0.0,0,0.0,0.0,100.1,1,26.711,2,0,0.0,0,0.0,0.0,100.1,1,26.711,2,0,0.0,0,0.0,0.0,100.1,1,26.711,1,0,0.0,0,0.0,0.0,100.1,1
WP2033,4981-5041-2,119,Line,1,4981-5041-1,Line,18.661,115.17,687.6,1,25.496,2,0,0.0,0,0.0,0.0,100.1,1,25.496,1,0,0.0,0,0.0,0.0,100.1,1,25.496,1,0,0.0,0,0.0,0.0,100.1,1,25.496,1,0,0.0,0,0.0,0.0,100.1,1,25.496,1,0,0.0,0,0.0,0.0,100.1,1,25.496,1,0,0.0,0,0.0,0.0,100.1,1,25.496,1,0,0.0,0,0.0,0.0,100.1,1,25.496,1,0,0.0,0,0.0,0.0,100.1,1,25.496,1,0,0.0,0,0.0,0.0,100.1,1,42.911,1,1,4.507,0,0.0,102.15,102.15,1,25.496,1,0,0.0,0,0.0,0.0,100.1,1,25.496,2,0,0.0,0,0.0,0.0,100.1,1,25.496,2,0,0.0,0,0.0,0.0,100.1,1,25.496,2,0,0.0,0,0.0,0.0,100.1,1,25.496,2,0,0.0,0,0.0,0.0,100.1,1,25.496,1,0,0.0,0,0.0,0.0,100.1,1
WP2033,4981-5041-2,120,Line,1,4981-5041-1,Line,7.832,106.37,691.9,1,10.603,2,1,6.143,0,0.0,102.93,102.93,1,10.603,1,1,6.143,0,0.0,102.93,102.93,1,10.603,1,1,6.143,0,0.0,102.93,102.93,1,10.603,1,1,6.143,0,0.0,102.93,102.93,1,10.603,1,1,6.143,0,0.0,102.93,102.93,0,0.362,1,0,0.0,0,7.569,0.0,106.15,0,0.362,1,0,0.0,0,7.569,0.0,106.15,0,0.362,1,0,0.0,0,7.569,0.0,106.15,0,0.362,1,0,0.0,0,7.569,0.0,106.15,1,20.9,1,1,12.11,0,0.0,105.77,105.77,1,10.603,1,1,6.143,0,0.0,102.93,102.93,1,10.603,2,1,6.143,0,0.0,102.93,102.93,1,10.603,2,1,6.143,0,0.0,102.93,102.93,0,0.362,2,0,0.0,0,7.569,0.0,106.15,0,0.362,2,0,0.0,0,7.569,0.0,106.15,0,354.661,7,0,0.0,0,1.17,0.0,100.95,0
WP2033,4981-5041-2,136,Line,1,4981-5041-1,Line,4.892,103.98,701.1,1,6.559,2,0,0.0,0,0.0,0.0,100.1,1,6.559,1,0,0.0,0,0.0,0.0,100.1,1,6.559,1,0,0.0,0,0.0,0.0,100.1,1,6.559,1,0,0.0,0,0.0,0.0,100.1,1,6.559,1,0,0.0,0,0.0,0.0,100.1,1,6.559,1,0,0.0,0,0.0,0.0,100.1,1,6.559,1,0,0.0,0,0.0,0.0,100.1,1,6.559,1,0,0.0,0,0.0,0.0,100.1,1,6.559,1,0,0.0,0,0.0,0.0,100.1,1,12.93,1,0,0.0,0,0.0,0.0,96.33,1,6.559,1,0,0.0,0,0.0,0.0,100.1,1,6.559,2,0,0.0,0,0.0,0.0,100.1,1,6.559,2,0,0.0,0,0.0,0.0,100.1,1,6.559,2,0,0.0,0,0.0,0.0,100.1,1,6.559,2,0,0.0,0,0.0,0.0,100.1,1,6.559,1,0,0.0,0,0.0,0.0,100.1,1
WP2033,4981-5041-2,137,Line,1,4981-5041-1,Line,15.03,112.22,697.0,1,20.502,2,0,0.0,0,0.0,0.0,100.1,1,20.502,1,0,0.0,0,0.0,0.0,100.1,1,20.502,1,0,0.0,0,0.0,0.0,100.1,1,20.502,1,0,0.0,0,0.0,0.0,100.1,1,20.502,1,0,0.0,0,0.0,0.0,100.1,1,20.502,1,0,0.0,0,0.0,0.0,100.1,1,20.502,1,0,0.0,0,0.0,0.0,100.1,1,20.502,1,0,0.0,0,0.0,0.0,100.1,1,20.502,1,0,0.0,0,0.0,0.0,100.1,1,40.413,1,0,0.0,0,0.0,0.0,97.82,1,20.502,1,0,0.0,0,0.0,0.0,100.1,1,20.502,2,0,0.0,0,0.0,0.0,100.1,1,20.502,2,0,0.0,0,0.0,0.0,100.1,1,20.502,2,0,0.0,0,0.0,0.0,100.1,1,20.502,2,0,0.0,0,0.0,0.0,100.1,1,20.502,1,0,0.0,0,0.0,0.0,100.1,1
WP2033,4981-5041-2,138,Line,1,4981-5041-1,Line,20.704,116.83,696.5,1,28.305,2,0,0.0,0,0.0,0.0,100.1,1,28.305,1,0,0.0,0,0.0,0.0,100.1,1,28.305,1,0,0.0,0,0.0,0.0,100.1,1,28.305,1,0,0.0,0,0.0,0.0,100.1,1,28.305,1,0,0.0,0,0.0,0.0,100.1,1,28.305,1,0,0.0,0,0.0,0.0,100.1,1,28.305,1,0,0.0,0,0.0,0.0,100.1,1,28.305,1,0,0.0,0,0.0,0.0,100.1,1,28.305,1,0,0.0,0,0.0,0.0,100.1,1,47.275,1,0,0.0,0,0.0,0.0,97.48,1,28.305,1,0,0.0,0,0.0,0.0,100.1,1,28.305,2,0,0.0,0,0.0,0.0,100.1,1,28.305,2,0,0.0,0,0.0,0.0,100.1,1,28.305,2,0,0.0,0,0.0,0.0,100.1,1,28.305,2,0,0.0,0,0.0,0.0,100.1,1,28.305,1,0,0.0,0,0.0,0.0,100.1,1
WP2033,4981-5041-2,139,Line,1,4981-5041-1,Line,21.546,117.52,692.3,1,29.464,2,0,0.0,0,0.0,0.0,100.1,1,29.464,1,0,0.0,0,0.0,0.0,100.1,1,29.464,1,0,0.0,0,0.0,0.0,100.1,1,29.464,1,0,0.0,0,0.0,0.0,100.1,1,29.464,1,0,0.0,0,0.0,0.0,100.1,1,29.464,1,0,0.0,0,0.0,0.0,100.1,1,29.464,1,0,0.0,0,0.0,0.0,100.1,1,29.464,1,0,0.0,0,0.0,0.0,100.1,1,29.464,1,0,0.0,0,0.0,0.0,100.1,1,47.264,1,0,0.0,0,0.0,0.0,97.17,1,29.464,1,0,0.0,0,0.0,0.0,100.1,1,29.464,2,0,0.0,0,0.0,0.0,100.1,1,29.464,2,0,0.0,0,0.0,0.0,100.1,1,29.464,2,0,0.0,0,0.0,0.0,100.1,1,29.464,2,0,0.0,0,0.0,0.0,100.1,1,29.464,1,0,0.0,0,0.0,0.0,100.1,1
WP2033,4981-5041-2,140,Line,1,4981-5041-1,Line,16.644,113.53,688.3,1,22.722,2,0,0.0,0,0.0,0.0,100.1,1,22.722,1,0,0.0,0,0.0,0.0,100.1,1,22.722,1,0,0.0,0,0.0,0.0,100.1,1,22.722,1,0,0.0,0,0.0,0.0,100.1,1,22.722,1,0,0.0,0,0.0,0.0,100.1,1,22.722,1,0,0.0,0,0.0,0.0,100.1,1,22.722,1,0,0.0,0,0.0,0.0,100.1,1,22.722,1,0,0.0,0,0.0,0.0,100.1,1,22.722,1,0,0.0,0,0.0,0.0,100.1,1,44.79,1,0,0.0,0,0.0,0.0,98.57,1,22.722,1,0,0.0,0,0.0,0.0,100.1,1,22.722,2,0,0.0,0,0.0,0.0,100.1,1,22.722,2,0,0.0,0,0.0,0.0,100.1,1,22.722,2,0,0.0,0,0.0,0.0,100.1,1,22.722,2,0,0.0,0,0.0,0.0,100.1,1,22.722,1,0,0.0,0,0.0,0.0,100.1,1
