arm,scenario,outage,hour,broken,kind,over_MW
eir,WP2033,1031-1181-1,158,T3464-3462-34641-1-w1,Transformer,0.5
eir,WP2033,1031-1181-1,158,T3464-3462-34641-1-w2,Transformer,0.5
blind,WP2033,1031-1181-1,158,T3464-3462-34641-1-w1,Transformer,0.53
blind,WP2033,1031-1181-1,158,T3464-3462-34641-1-w2,Transformer,0.53
sum,WP2033,1031-1181-1,158,T3464-3462-34641-1-w1,Transformer,0.53
sum,WP2033,1031-1181-1,158,T3464-3462-34641-1-w2,Transformer,0.53
need,WP2033,1031-1181-1,158,T3464-3462-34641-1-w1,Transformer,0.53
need,WP2033,1031-1181-1,158,T3464-3462-34641-1-w2,Transformer,0.53
mmx,WP2033,1031-1181-1,158,T3464-3462-34641-1-w1,Transformer,0.53
mmx,WP2033,1031-1181-1,158,T3464-3462-34641-1-w2,Transformer,0.53
stale,WP2033,1031-1181-1,158,T3464-3462-34641-1-w1,Transformer,0.53
stale,WP2033,1031-1181-1,158,T3464-3462-34641-1-w2,Transformer,0.53
roster,WP2033,1031-1181-1,158,T3464-3462-34641-1-w1,Transformer,0.53
roster,WP2033,1031-1181-1,158,T3464-3462-34641-1-w2,Transformer,0.53
gper,WP2033,1031-1181-1,158,T3464-3462-34641-1-w1,Transformer,0.52
gper,WP2033,1031-1181-1,158,T3464-3462-34641-1-w2,Transformer,0.52
gnet,WP2033,1031-1181-1,158,T3464-3462-34641-1-w1,Transformer,0.52
gnet,WP2033,1031-1181-1,158,T3464-3462-34641-1-w2,Transformer,0.52
eir,WP2033,1031-4221-1,158,T3464-3462-34641-1-w1,Transformer,0.5
eir,WP2033,1031-4221-1,158,T3464-3462-34641-1-w2,Transformer,0.5
blind,WP2033,1031-4221-1,158,T3464-3462-34641-1-w1,Transformer,0.53
blind,WP2033,1031-4221-1,158,T3464-3462-34641-1-w2,Transformer,0.53
sum,WP2033,1031-4221-1,158,T3464-3462-34641-1-w1,Transformer,0.53
sum,WP2033,1031-4221-1,158,T3464-3462-34641-1-w2,Transformer,0.53
need,WP2033,1031-4221-1,158,T3464-3462-34641-1-w1,Transformer,0.53
need,WP2033,1031-4221-1,158,T3464-3462-34641-1-w2,Transformer,0.53
mmx,WP2033,1031-4221-1,158,T3464-3462-34641-1-w1,Transformer,0.53
mmx,WP2033,1031-4221-1,158,T3464-3462-34641-1-w2,Transformer,0.53
stale,WP2033,1031-4221-1,158,T3464-3462-34641-1-w1,Transformer,0.53
stale,WP2033,1031-4221-1,158,T3464-3462-34641-1-w2,Transformer,0.53
roster,WP2033,1031-4221-1,158,T3464-3462-34641-1-w1,Transformer,0.53
roster,WP2033,1031-4221-1,158,T3464-3462-34641-1-w2,Transformer,0.53
gper,WP2033,1031-4221-1,158,T3464-3462-34641-1-w1,Transformer,0.52
gper,WP2033,1031-4221-1,158,T3464-3462-34641-1-w2,Transformer,0.52
gnet,WP2033,1031-4221-1,158,T3464-3462-34641-1-w1,Transformer,0.52
gnet,WP2033,1031-4221-1,158,T3464-3462-34641-1-w2,Transformer,0.52
blind,WP2033,1071-4941-1,158,2781-4951-1,Line,0.11
sum,WP2033,1071-4941-1,158,2781-4951-1,Line,0.11
need,WP2033,1071-4941-1,158,2781-4951-1,Line,0.11
mmx,WP2033,1071-4941-1,158,2781-4951-1,Line,0.11
stale,WP2033,1071-4941-1,158,2781-4951-1,Line,0.11
roster,WP2033,1071-4941-1,158,2781-4951-1,Line,0.11
blind,WP2033,1122-1742-1,158,2781-4951-1,Line,0.39
sum,WP2033,1122-1742-1,158,2781-4951-1,Line,0.39
need,WP2033,1122-1742-1,158,2781-4951-1,Line,0.39
mmx,WP2033,1122-1742-1,158,2781-4951-1,Line,0.51
stale,WP2033,1122-1742-1,158,2781-4951-1,Line,0.39
roster,WP2033,1122-1742-1,158,2781-4951-1,Line,0.39
blind,WP2033,1181-1861-1,158,2781-4951-1,Line,0.15
sum,WP2033,1181-1861-1,158,2781-4951-1,Line,0.15
need,WP2033,1181-1861-1,158,2781-4951-1,Line,0.15
stale,WP2033,1181-1861-1,158,2781-4951-1,Line,0.15
roster,WP2033,1181-1861-1,158,2781-4951-1,Line,0.15
gnet,WP2033,1181-1861-1,158,2781-4951-1,Line,0.25
blind,WP2033,1212-1602-1,158,2781-4951-1,Line,0.26
sum,WP2033,1212-1602-1,158,2781-4951-1,Line,0.26
need,WP2033,1212-1602-1,158,2781-4951-1,Line,0.26
mmx,WP2033,1212-1602-1,158,2781-4951-1,Line,0.26
stale,WP2033,1212-1602-1,158,2781-4951-1,Line,0.28
roster,WP2033,1212-1602-1,158,2781-4951-1,Line,0.26
eir,WP2033,1251-2361-1,158,2781-4951-1,Line,0.27
blind,WP2033,1251-2361-1,158,2781-4951-1,Line,0.19
sum,WP2033,1251-2361-1,158,2781-4951-1,Line,0.19
need,WP2033,1251-2361-1,158,2781-4951-1,Line,0.19
mmx,WP2033,1251-2361-1,158,2781-4951-1,Line,0.19
stale,WP2033,1251-2361-1,158,2781-4951-1,Line,0.2
roster,WP2033,1251-2361-1,158,2781-4951-1,Line,0.19
gper,WP2033,1251-2361-1,158,2781-4951-1,Line,0.25
gnet,WP2033,1251-2361-1,158,2781-4951-1,Line,0.25
eir,WP2033,1341-1701-1,142,2781-4951-1,Line,0.12
blind,WP2033,1361-2001-1,158,2781-4951-1,Line,0.17
sum,WP2033,1361-2001-1,158,2781-4951-1,Line,0.17
need,WP2033,1361-2001-1,158,2781-4951-1,Line,0.17
mmx,WP2033,1361-2001-1,158,2781-4951-1,Line,0.26
stale,WP2033,1361-2001-1,158,2781-4951-1,Line,0.17
roster,WP2033,1361-2001-1,158,2781-4951-1,Line,0.17
blind,WP2033,1361-2161-1,158,2781-4951-1,Line,0.2
sum,WP2033,1361-2161-1,158,2781-4951-1,Line,0.2
need,WP2033,1361-2161-1,158,2781-4951-1,Line,0.2
mmx,WP2033,1361-2161-1,158,2781-4951-1,Line,0.31
stale,WP2033,1361-2161-1,158,2781-4951-1,Line,0.2
roster,WP2033,1361-2161-1,158,2781-4951-1,Line,0.2
blind,WP2033,1392-3842-1,158,2781-4951-1,Line,1.01
sum,WP2033,1392-3842-1,158,2781-4951-1,Line,1.01
need,WP2033,1392-3842-1,158,2781-4951-1,Line,1.01
mmx,WP2033,1392-3842-1,158,2781-4951-1,Line,0.34
stale,WP2033,1392-3842-1,158,2781-4951-1,Line,1.01
roster,WP2033,1392-3842-1,158,2781-4951-1,Line,1.01
blind,WP2033,1392-4943-1,158,2781-4951-1,Line,1.01
sum,WP2033,1392-4943-1,158,2781-4951-1,Line,1.01
need,WP2033,1392-4943-1,158,2781-4951-1,Line,1.01
mmx,WP2033,1392-4943-1,158,2781-4951-1,Line,0.34
stale,WP2033,1392-4943-1,158,2781-4951-1,Line,1.01
roster,WP2033,1392-4943-1,158,2781-4951-1,Line,1.01
eir,WP2033,1472-2562-1,0,2781-4951-1,Line,2.33
eir,WP2033,1472-2562-1,0,3581-89516-1,Line,1.38
blind,WP2033,1472-2562-1,0,2781-4951-1,Line,1.13
blind,WP2033,1472-2562-1,0,3581-89516-1,Line,0.79
sum,WP2033,1472-2562-1,0,2781-4951-1,Line,1.13
sum,WP2033,1472-2562-1,0,3581-89516-1,Line,0.79
need,WP2033,1472-2562-1,0,2781-4951-1,Line,1.13
need,WP2033,1472-2562-1,0,3581-89516-1,Line,0.79
mmx,WP2033,1472-2562-1,0,2781-4951-1,Line,1.13
mmx,WP2033,1472-2562-1,0,3581-89516-1,Line,0.79
stale,WP2033,1472-2562-1,0,2781-4951-1,Line,1.45
stale,WP2033,1472-2562-1,0,3581-89516-1,Line,1.02
roster,WP2033,1472-2562-1,0,2781-4951-1,Line,1.13
roster,WP2033,1472-2562-1,0,3581-89516-1,Line,0.79
gper,WP2033,1472-2562-1,0,2781-4951-1,Line,1.48
gper,WP2033,1472-2562-1,0,3581-89516-1,Line,0.98
gnet,WP2033,1472-2562-1,0,2781-4951-1,Line,1.48
gnet,WP2033,1472-2562-1,0,3581-89516-1,Line,0.98
eir,WP2033,1472-2562-1,4,2781-4951-1,Line,2.34
eir,WP2033,1472-2562-1,4,3581-89516-1,Line,1.38
blind,WP2033,1472-2562-1,4,2781-4951-1,Line,1.13
blind,WP2033,1472-2562-1,4,3581-89516-1,Line,0.79
sum,WP2033,1472-2562-1,4,2781-4951-1,Line,1.13
sum,WP2033,1472-2562-1,4,3581-89516-1,Line,0.79
need,WP2033,1472-2562-1,4,2781-4951-1,Line,1.13
need,WP2033,1472-2562-1,4,3581-89516-1,Line,0.79
mmx,WP2033,1472-2562-1,4,2781-4951-1,Line,1.13
mmx,WP2033,1472-2562-1,4,3581-89516-1,Line,0.79
stale,WP2033,1472-2562-1,4,2781-4951-1,Line,1.45
stale,WP2033,1472-2562-1,4,3581-89516-1,Line,1.03
roster,WP2033,1472-2562-1,4,2781-4951-1,Line,1.13
roster,WP2033,1472-2562-1,4,3581-89516-1,Line,0.79
gper,WP2033,1472-2562-1,4,2781-4951-1,Line,1.49
gper,WP2033,1472-2562-1,4,3581-89516-1,Line,0.98
gnet,WP2033,1472-2562-1,4,2781-4951-1,Line,1.49
gnet,WP2033,1472-2562-1,4,3581-89516-1,Line,0.98
eir,WP2033,1472-2562-1,8,3581-89516-1,Line,0.34
stale,WP2033,1472-2562-1,8,3581-89516-1,Line,0.16
gper,WP2033,1472-2562-1,8,3581-89516-1,Line,0.14
gnet,WP2033,1472-2562-1,8,3581-89516-1,Line,0.14
eir,WP2033,1472-2562-1,20,2781-4951-1,Line,0.65
eir,WP2033,1472-2562-1,20,3581-89516-1,Line,0.36
blind,WP2033,1472-2562-1,20,2781-4951-1,Line,0.29
blind,WP2033,1472-2562-1,20,3581-89516-1,Line,0.19
sum,WP2033,1472-2562-1,20,2781-4951-1,Line,0.29
sum,WP2033,1472-2562-1,20,3581-89516-1,Line,0.19
need,WP2033,1472-2562-1,20,2781-4951-1,Line,0.29
need,WP2033,1472-2562-1,20,3581-89516-1,Line,0.19
mmx,WP2033,1472-2562-1,20,2781-4951-1,Line,0.29
mmx,WP2033,1472-2562-1,20,3581-89516-1,Line,0.19
stale,WP2033,1472-2562-1,20,2781-4951-1,Line,0.37
stale,WP2033,1472-2562-1,20,3581-89516-1,Line,0.25
roster,WP2033,1472-2562-1,20,2781-4951-1,Line,0.29
roster,WP2033,1472-2562-1,20,3581-89516-1,Line,0.19
gper,WP2033,1472-2562-1,20,2781-4951-1,Line,0.4
gper,WP2033,1472-2562-1,20,3581-89516-1,Line,0.25
gnet,WP2033,1472-2562-1,20,2781-4951-1,Line,0.4
gnet,WP2033,1472-2562-1,20,3581-89516-1,Line,0.25
eir,WP2033,1472-2562-1,24,2781-4951-1,Line,2.59
eir,WP2033,1472-2562-1,24,3581-89516-1,Line,1.53
blind,WP2033,1472-2562-1,24,2781-4951-1,Line,1.25
blind,WP2033,1472-2562-1,24,3581-89516-1,Line,0.88
sum,WP2033,1472-2562-1,24,2781-4951-1,Line,1.25
sum,WP2033,1472-2562-1,24,3581-89516-1,Line,0.88
need,WP2033,1472-2562-1,24,2781-4951-1,Line,1.25
need,WP2033,1472-2562-1,24,3581-89516-1,Line,0.88
mmx,WP2033,1472-2562-1,24,2781-4951-1,Line,1.25
mmx,WP2033,1472-2562-1,24,3581-89516-1,Line,0.88
stale,WP2033,1472-2562-1,24,2781-4951-1,Line,1.61
stale,WP2033,1472-2562-1,24,3581-89516-1,Line,1.14
roster,WP2033,1472-2562-1,24,2781-4951-1,Line,1.25
roster,WP2033,1472-2562-1,24,3581-89516-1,Line,0.88
gper,WP2033,1472-2562-1,24,2781-4951-1,Line,1.65
gper,WP2033,1472-2562-1,24,3581-89516-1,Line,1.09
gnet,WP2033,1472-2562-1,24,2781-4951-1,Line,1.65
gnet,WP2033,1472-2562-1,24,3581-89516-1,Line,1.09
eir,WP2033,1472-2562-1,28,2781-4951-1,Line,2.5
eir,WP2033,1472-2562-1,28,3581-89516-1,Line,1.48
blind,WP2033,1472-2562-1,28,2781-4951-1,Line,1.21
blind,WP2033,1472-2562-1,28,3581-89516-1,Line,0.85
sum,WP2033,1472-2562-1,28,2781-4951-1,Line,1.21
sum,WP2033,1472-2562-1,28,3581-89516-1,Line,0.85
need,WP2033,1472-2562-1,28,2781-4951-1,Line,1.21
need,WP2033,1472-2562-1,28,3581-89516-1,Line,0.85
mmx,WP2033,1472-2562-1,28,2781-4951-1,Line,1.21
mmx,WP2033,1472-2562-1,28,3581-89516-1,Line,0.85
stale,WP2033,1472-2562-1,28,2781-4951-1,Line,1.56
stale,WP2033,1472-2562-1,28,3581-89516-1,Line,1.1
roster,WP2033,1472-2562-1,28,2781-4951-1,Line,1.21
roster,WP2033,1472-2562-1,28,3581-89516-1,Line,0.85
gper,WP2033,1472-2562-1,28,2781-4951-1,Line,1.59
gper,WP2033,1472-2562-1,28,3581-89516-1,Line,1.05
gnet,WP2033,1472-2562-1,28,2781-4951-1,Line,1.59
gnet,WP2033,1472-2562-1,28,3581-89516-1,Line,1.05
eir,WP2033,1472-2562-1,114,2781-4951-1,Line,3.08
eir,WP2033,1472-2562-1,114,3581-89516-1,Line,1.82
blind,WP2033,1472-2562-1,114,2781-4951-1,Line,1.49
blind,WP2033,1472-2562-1,114,3581-89516-1,Line,1.05
sum,WP2033,1472-2562-1,114,2781-4951-1,Line,1.49
sum,WP2033,1472-2562-1,114,3581-89516-1,Line,1.05
need,WP2033,1472-2562-1,114,2781-4951-1,Line,1.49
need,WP2033,1472-2562-1,114,3581-89516-1,Line,1.05
mmx,WP2033,1472-2562-1,114,2781-4951-1,Line,1.49
mmx,WP2033,1472-2562-1,114,3581-89516-1,Line,1.05
stale,WP2033,1472-2562-1,114,2781-4951-1,Line,1.91
stale,WP2033,1472-2562-1,114,3581-89516-1,Line,1.36
roster,WP2033,1472-2562-1,114,2781-4951-1,Line,1.49
roster,WP2033,1472-2562-1,114,3581-89516-1,Line,1.05
gper,WP2033,1472-2562-1,114,2781-4951-1,Line,1.96
gper,WP2033,1472-2562-1,114,3581-89516-1,Line,1.29
gnet,WP2033,1472-2562-1,114,2781-4951-1,Line,1.96
gnet,WP2033,1472-2562-1,114,3581-89516-1,Line,1.29
blind,WP2033,1602-3202-1,158,2781-4951-1,Line,0.18
sum,WP2033,1602-3202-1,158,2781-4951-1,Line,0.18
need,WP2033,1602-3202-1,158,2781-4951-1,Line,0.18
mmx,WP2033,1602-3202-1,158,2781-4951-1,Line,0.18
stale,WP2033,1602-3202-1,158,2781-4951-1,Line,0.19
roster,WP2033,1602-3202-1,158,2781-4951-1,Line,0.18
eir,WP2033,1641-2361-1,158,2781-4951-1,Line,0.12
gper,WP2033,1641-2361-1,158,2781-4951-1,Line,0.12
gnet,WP2033,1641-2361-1,158,2781-4951-1,Line,0.12
blind,WP2033,1642-2522-1,158,2781-4951-1,Line,0.34
sum,WP2033,1642-2522-1,158,2781-4951-1,Line,0.34
need,WP2033,1642-2522-1,158,2781-4951-1,Line,0.34
mmx,WP2033,1642-2522-1,158,2781-4951-1,Line,0.34
stale,WP2033,1642-2522-1,158,2781-4951-1,Line,0.35
roster,WP2033,1642-2522-1,158,2781-4951-1,Line,0.34
eir,WP2033,1642-4522-1,158,2781-4951-1,Line,0.68
blind,WP2033,1642-4522-1,158,2781-4951-1,Line,0.49
sum,WP2033,1642-4522-1,158,2781-4951-1,Line,0.49
need,WP2033,1642-4522-1,158,2781-4951-1,Line,0.49
mmx,WP2033,1642-4522-1,158,2781-4951-1,Line,0.49
stale,WP2033,1642-4522-1,158,2781-4951-1,Line,0.5
roster,WP2033,1642-4522-1,158,2781-4951-1,Line,0.49
gper,WP2033,1642-4522-1,158,2781-4951-1,Line,0.64
gnet,WP2033,1642-4522-1,158,2781-4951-1,Line,0.64
blind,WP2033,1642-5172-1,158,2781-4951-1,Line,0.45
sum,WP2033,1642-5172-1,158,2781-4951-1,Line,0.45
need,WP2033,1642-5172-1,158,2781-4951-1,Line,0.45
stale,WP2033,1642-5172-1,158,2781-4951-1,Line,0.46
roster,WP2033,1642-5172-1,158,2781-4951-1,Line,0.45
eir,WP2033,1701-1981-1,118,2781-4951-1,Line,0.16
blind,WP2033,1701-1981-1,118,2781-4951-1,Line,0.13
sum,WP2033,1701-1981-1,118,2781-4951-1,Line,0.13
need,WP2033,1701-1981-1,118,2781-4951-1,Line,0.13
mmx,WP2033,1701-1981-1,118,2781-4951-1,Line,0.13
stale,WP2033,1701-1981-1,118,2781-4951-1,Line,0.13
roster,WP2033,1701-1981-1,118,2781-4951-1,Line,0.13
gper,WP2033,1701-1981-1,118,2781-4951-1,Line,0.14
gnet,WP2033,1701-1981-1,118,2781-4951-1,Line,0.14
eir,WP2033,1701-1981-1,122,2781-4951-1,Line,0.18
blind,WP2033,1701-1981-1,122,2781-4951-1,Line,0.12
sum,WP2033,1701-1981-1,122,2781-4951-1,Line,0.12
need,WP2033,1701-1981-1,122,2781-4951-1,Line,0.12
mmx,WP2033,1701-1981-1,122,2781-4951-1,Line,0.12
stale,WP2033,1701-1981-1,122,2781-4951-1,Line,0.12
roster,WP2033,1701-1981-1,122,2781-4951-1,Line,0.12
gper,WP2033,1701-1981-1,122,2781-4951-1,Line,0.14
gnet,WP2033,1701-1981-1,122,2781-4951-1,Line,0.14
eir,WP2033,1701-1981-1,138,2781-4951-1,Line,0.11
eir,WP2033,1701-1981-1,158,2781-4951-1,Line,0.19
blind,WP2033,1701-1981-1,158,T3464-3462-34641-1-w1,Transformer,0.67
blind,WP2033,1701-1981-1,158,T3464-3462-34641-1-w2,Transformer,0.67
sum,WP2033,1701-1981-1,158,T3464-3462-34641-1-w1,Transformer,0.67
sum,WP2033,1701-1981-1,158,T3464-3462-34641-1-w2,Transformer,0.67
need,WP2033,1701-1981-1,158,T3464-3462-34641-1-w1,Transformer,0.67
need,WP2033,1701-1981-1,158,T3464-3462-34641-1-w2,Transformer,0.67
mmx,WP2033,1701-1981-1,158,T3464-3462-34641-1-w1,Transformer,0.67
mmx,WP2033,1701-1981-1,158,T3464-3462-34641-1-w2,Transformer,0.67
stale,WP2033,1701-1981-1,158,2781-4951-1,Line,0.11
stale,WP2033,1701-1981-1,158,T3464-3462-34641-1-w1,Transformer,0.68
stale,WP2033,1701-1981-1,158,T3464-3462-34641-1-w2,Transformer,0.68
roster,WP2033,1701-1981-1,158,T3464-3462-34641-1-w1,Transformer,0.67
roster,WP2033,1701-1981-1,158,T3464-3462-34641-1-w2,Transformer,0.67
gper,WP2033,1701-1981-1,158,2781-4951-1,Line,0.13
gper,WP2033,1701-1981-1,158,T3464-3462-34641-1-w1,Transformer,0.58
gper,WP2033,1701-1981-1,158,T3464-3462-34641-1-w2,Transformer,0.58
gnet,WP2033,1701-1981-1,158,2781-4951-1,Line,0.13
gnet,WP2033,1701-1981-1,158,T3464-3462-34641-1-w1,Transformer,0.58
gnet,WP2033,1701-1981-1,158,T3464-3462-34641-1-w2,Transformer,0.58
blind,WP2033,1721-2161-1,158,2781-4951-1,Line,0.27
sum,WP2033,1721-2161-1,158,2781-4951-1,Line,0.27
need,WP2033,1721-2161-1,158,2781-4951-1,Line,0.27
mmx,WP2033,1721-2161-1,158,2781-4951-1,Line,0.42
stale,WP2033,1721-2161-1,158,2781-4951-1,Line,0.27
roster,WP2033,1721-2161-1,158,2781-4951-1,Line,0.27
blind,WP2033,1721-5381-1,158,2781-4951-1,Line,0.11
sum,WP2033,1721-5381-1,158,2781-4951-1,Line,0.11
need,WP2033,1721-5381-1,158,2781-4951-1,Line,0.11
mmx,WP2033,1721-5381-1,158,2781-4951-1,Line,0.11
stale,WP2033,1721-5381-1,158,2781-4951-1,Line,0.11
roster,WP2033,1721-5381-1,158,2781-4951-1,Line,0.11
eir,WP2033,1742-17420-1,0,2781-4951-1,Line,0.86
eir,WP2033,1742-17420-1,0,3581-89516-1,Line,0.44
blind,WP2033,1742-17420-1,0,2781-4951-1,Line,0.86
blind,WP2033,1742-17420-1,0,3581-89516-1,Line,0.44
sum,WP2033,1742-17420-1,0,2781-4951-1,Line,0.86
sum,WP2033,1742-17420-1,0,3581-89516-1,Line,0.44
need,WP2033,1742-17420-1,0,2781-4951-1,Line,0.86
need,WP2033,1742-17420-1,0,3581-89516-1,Line,0.44
mmx,WP2033,1742-17420-1,0,2781-4951-1,Line,0.86
mmx,WP2033,1742-17420-1,0,3581-89516-1,Line,0.44
stale,WP2033,1742-17420-1,0,2781-4951-1,Line,1.72
stale,WP2033,1742-17420-1,0,3581-89516-1,Line,0.88
roster,WP2033,1742-17420-1,0,2781-4951-1,Line,0.86
roster,WP2033,1742-17420-1,0,3581-89516-1,Line,0.44
gper,WP2033,1742-17420-1,0,2781-4951-1,Line,0.86
gper,WP2033,1742-17420-1,0,3581-89516-1,Line,0.44
gnet,WP2033,1742-17420-1,0,2781-4951-1,Line,0.86
gnet,WP2033,1742-17420-1,0,3581-89516-1,Line,0.44
eir,WP2033,1742-17420-1,4,2781-4951-1,Line,0.88
eir,WP2033,1742-17420-1,4,3581-89516-1,Line,0.45
blind,WP2033,1742-17420-1,4,2781-4951-1,Line,0.88
blind,WP2033,1742-17420-1,4,3581-89516-1,Line,0.45
sum,WP2033,1742-17420-1,4,2781-4951-1,Line,0.88
sum,WP2033,1742-17420-1,4,3581-89516-1,Line,0.45
need,WP2033,1742-17420-1,4,2781-4951-1,Line,0.88
need,WP2033,1742-17420-1,4,3581-89516-1,Line,0.45
mmx,WP2033,1742-17420-1,4,2781-4951-1,Line,0.88
mmx,WP2033,1742-17420-1,4,3581-89516-1,Line,0.45
stale,WP2033,1742-17420-1,4,2781-4951-1,Line,1.76
stale,WP2033,1742-17420-1,4,3581-89516-1,Line,0.9
roster,WP2033,1742-17420-1,4,2781-4951-1,Line,0.88
roster,WP2033,1742-17420-1,4,3581-89516-1,Line,0.45
gper,WP2033,1742-17420-1,4,2781-4951-1,Line,0.88
gper,WP2033,1742-17420-1,4,3581-89516-1,Line,0.45
gnet,WP2033,1742-17420-1,4,2781-4951-1,Line,0.88
gnet,WP2033,1742-17420-1,4,3581-89516-1,Line,0.45
eir,WP2033,1742-17420-1,20,2781-4951-1,Line,0.84
eir,WP2033,1742-17420-1,20,3581-89516-1,Line,0.43
blind,WP2033,1742-17420-1,20,2781-4951-1,Line,0.84
blind,WP2033,1742-17420-1,20,3581-89516-1,Line,0.43
sum,WP2033,1742-17420-1,20,2781-4951-1,Line,0.84
sum,WP2033,1742-17420-1,20,3581-89516-1,Line,0.43
need,WP2033,1742-17420-1,20,2781-4951-1,Line,0.84
need,WP2033,1742-17420-1,20,3581-89516-1,Line,0.43
mmx,WP2033,1742-17420-1,20,2781-4951-1,Line,0.84
mmx,WP2033,1742-17420-1,20,3581-89516-1,Line,0.43
stale,WP2033,1742-17420-1,20,2781-4951-1,Line,1.69
stale,WP2033,1742-17420-1,20,3581-89516-1,Line,0.86
roster,WP2033,1742-17420-1,20,2781-4951-1,Line,0.84
roster,WP2033,1742-17420-1,20,3581-89516-1,Line,0.43
gper,WP2033,1742-17420-1,20,2781-4951-1,Line,0.84
gper,WP2033,1742-17420-1,20,3581-89516-1,Line,0.43
gnet,WP2033,1742-17420-1,20,2781-4951-1,Line,0.84
gnet,WP2033,1742-17420-1,20,3581-89516-1,Line,0.43
eir,WP2033,1742-17420-1,24,2781-4951-1,Line,0.87
eir,WP2033,1742-17420-1,24,3581-89516-1,Line,0.45
blind,WP2033,1742-17420-1,24,2781-4951-1,Line,0.87
blind,WP2033,1742-17420-1,24,3581-89516-1,Line,0.45
sum,WP2033,1742-17420-1,24,2781-4951-1,Line,0.87
sum,WP2033,1742-17420-1,24,3581-89516-1,Line,0.45
need,WP2033,1742-17420-1,24,2781-4951-1,Line,0.87
need,WP2033,1742-17420-1,24,3581-89516-1,Line,0.45
mmx,WP2033,1742-17420-1,24,2781-4951-1,Line,0.87
mmx,WP2033,1742-17420-1,24,3581-89516-1,Line,0.45
stale,WP2033,1742-17420-1,24,2781-4951-1,Line,1.75
stale,WP2033,1742-17420-1,24,3581-89516-1,Line,0.89
roster,WP2033,1742-17420-1,24,2781-4951-1,Line,0.87
roster,WP2033,1742-17420-1,24,3581-89516-1,Line,0.45
gper,WP2033,1742-17420-1,24,2781-4951-1,Line,0.87
gper,WP2033,1742-17420-1,24,3581-89516-1,Line,0.45
gnet,WP2033,1742-17420-1,24,2781-4951-1,Line,0.87
gnet,WP2033,1742-17420-1,24,3581-89516-1,Line,0.45
eir,WP2033,1742-17420-1,28,2781-4951-1,Line,0.88
eir,WP2033,1742-17420-1,28,3581-89516-1,Line,0.45
blind,WP2033,1742-17420-1,28,2781-4951-1,Line,0.88
blind,WP2033,1742-17420-1,28,3581-89516-1,Line,0.45
sum,WP2033,1742-17420-1,28,2781-4951-1,Line,0.88
sum,WP2033,1742-17420-1,28,3581-89516-1,Line,0.45
need,WP2033,1742-17420-1,28,2781-4951-1,Line,0.88
need,WP2033,1742-17420-1,28,3581-89516-1,Line,0.45
mmx,WP2033,1742-17420-1,28,2781-4951-1,Line,0.88
mmx,WP2033,1742-17420-1,28,3581-89516-1,Line,0.45
stale,WP2033,1742-17420-1,28,2781-4951-1,Line,1.76
stale,WP2033,1742-17420-1,28,3581-89516-1,Line,0.9
roster,WP2033,1742-17420-1,28,2781-4951-1,Line,0.88
roster,WP2033,1742-17420-1,28,3581-89516-1,Line,0.45
gper,WP2033,1742-17420-1,28,2781-4951-1,Line,0.88
gper,WP2033,1742-17420-1,28,3581-89516-1,Line,0.45
gnet,WP2033,1742-17420-1,28,2781-4951-1,Line,0.88
gnet,WP2033,1742-17420-1,28,3581-89516-1,Line,0.45
eir,WP2033,1742-17420-1,114,2781-4951-1,Line,0.88
eir,WP2033,1742-17420-1,114,3581-89516-1,Line,0.45
blind,WP2033,1742-17420-1,114,2781-4951-1,Line,0.88
blind,WP2033,1742-17420-1,114,3581-89516-1,Line,0.45
sum,WP2033,1742-17420-1,114,2781-4951-1,Line,0.88
sum,WP2033,1742-17420-1,114,3581-89516-1,Line,0.45
need,WP2033,1742-17420-1,114,2781-4951-1,Line,0.88
need,WP2033,1742-17420-1,114,3581-89516-1,Line,0.45
mmx,WP2033,1742-17420-1,114,2781-4951-1,Line,0.88
mmx,WP2033,1742-17420-1,114,3581-89516-1,Line,0.45
stale,WP2033,1742-17420-1,114,2781-4951-1,Line,1.76
stale,WP2033,1742-17420-1,114,3581-89516-1,Line,0.9
roster,WP2033,1742-17420-1,114,2781-4951-1,Line,0.88
roster,WP2033,1742-17420-1,114,3581-89516-1,Line,0.45
gper,WP2033,1742-17420-1,114,2781-4951-1,Line,0.88
gper,WP2033,1742-17420-1,114,3581-89516-1,Line,0.45
gnet,WP2033,1742-17420-1,114,2781-4951-1,Line,0.88
gnet,WP2033,1742-17420-1,114,3581-89516-1,Line,0.45
eir,WP2033,1742-17420-1,118,2781-4951-1,Line,0.85
eir,WP2033,1742-17420-1,118,3581-89516-1,Line,0.43
blind,WP2033,1742-17420-1,118,2781-4951-1,Line,0.85
blind,WP2033,1742-17420-1,118,3581-89516-1,Line,0.43
sum,WP2033,1742-17420-1,118,2781-4951-1,Line,0.85
sum,WP2033,1742-17420-1,118,3581-89516-1,Line,0.43
need,WP2033,1742-17420-1,118,2781-4951-1,Line,0.85
need,WP2033,1742-17420-1,118,3581-89516-1,Line,0.43
mmx,WP2033,1742-17420-1,118,2781-4951-1,Line,0.85
mmx,WP2033,1742-17420-1,118,3581-89516-1,Line,0.43
stale,WP2033,1742-17420-1,118,2781-4951-1,Line,1.7
stale,WP2033,1742-17420-1,118,3581-89516-1,Line,0.87
roster,WP2033,1742-17420-1,118,2781-4951-1,Line,0.85
roster,WP2033,1742-17420-1,118,3581-89516-1,Line,0.43
gper,WP2033,1742-17420-1,118,2781-4951-1,Line,0.85
gper,WP2033,1742-17420-1,118,3581-89516-1,Line,0.43
gnet,WP2033,1742-17420-1,118,2781-4951-1,Line,0.85
gnet,WP2033,1742-17420-1,118,3581-89516-1,Line,0.43
eir,WP2033,1742-17420-2,0,2781-4951-1,Line,0.86
eir,WP2033,1742-17420-2,0,3581-89516-1,Line,0.44
blind,WP2033,1742-17420-2,0,2781-4951-1,Line,0.86
blind,WP2033,1742-17420-2,0,3581-89516-1,Line,0.44
sum,WP2033,1742-17420-2,0,2781-4951-1,Line,0.86
sum,WP2033,1742-17420-2,0,3581-89516-1,Line,0.44
need,WP2033,1742-17420-2,0,2781-4951-1,Line,0.86
need,WP2033,1742-17420-2,0,3581-89516-1,Line,0.44
mmx,WP2033,1742-17420-2,0,2781-4951-1,Line,0.86
mmx,WP2033,1742-17420-2,0,3581-89516-1,Line,0.44
stale,WP2033,1742-17420-2,0,2781-4951-1,Line,1.72
stale,WP2033,1742-17420-2,0,3581-89516-1,Line,0.88
roster,WP2033,1742-17420-2,0,2781-4951-1,Line,0.86
roster,WP2033,1742-17420-2,0,3581-89516-1,Line,0.44
gper,WP2033,1742-17420-2,0,2781-4951-1,Line,0.86
gper,WP2033,1742-17420-2,0,3581-89516-1,Line,0.44
gnet,WP2033,1742-17420-2,0,2781-4951-1,Line,0.86
gnet,WP2033,1742-17420-2,0,3581-89516-1,Line,0.44
eir,WP2033,1742-17420-2,4,2781-4951-1,Line,0.88
eir,WP2033,1742-17420-2,4,3581-89516-1,Line,0.45
blind,WP2033,1742-17420-2,4,2781-4951-1,Line,0.88
blind,WP2033,1742-17420-2,4,3581-89516-1,Line,0.45
sum,WP2033,1742-17420-2,4,2781-4951-1,Line,0.88
sum,WP2033,1742-17420-2,4,3581-89516-1,Line,0.45
need,WP2033,1742-17420-2,4,2781-4951-1,Line,0.88
need,WP2033,1742-17420-2,4,3581-89516-1,Line,0.45
mmx,WP2033,1742-17420-2,4,2781-4951-1,Line,0.88
mmx,WP2033,1742-17420-2,4,3581-89516-1,Line,0.45
stale,WP2033,1742-17420-2,4,2781-4951-1,Line,1.76
stale,WP2033,1742-17420-2,4,3581-89516-1,Line,0.9
roster,WP2033,1742-17420-2,4,2781-4951-1,Line,0.88
roster,WP2033,1742-17420-2,4,3581-89516-1,Line,0.45
gper,WP2033,1742-17420-2,4,2781-4951-1,Line,0.88
gper,WP2033,1742-17420-2,4,3581-89516-1,Line,0.45
gnet,WP2033,1742-17420-2,4,2781-4951-1,Line,0.88
gnet,WP2033,1742-17420-2,4,3581-89516-1,Line,0.45
eir,WP2033,1742-17420-2,20,2781-4951-1,Line,0.84
eir,WP2033,1742-17420-2,20,3581-89516-1,Line,0.43
blind,WP2033,1742-17420-2,20,2781-4951-1,Line,0.84
blind,WP2033,1742-17420-2,20,3581-89516-1,Line,0.43
sum,WP2033,1742-17420-2,20,2781-4951-1,Line,0.84
sum,WP2033,1742-17420-2,20,3581-89516-1,Line,0.43
need,WP2033,1742-17420-2,20,2781-4951-1,Line,0.84
need,WP2033,1742-17420-2,20,3581-89516-1,Line,0.43
mmx,WP2033,1742-17420-2,20,2781-4951-1,Line,0.84
mmx,WP2033,1742-17420-2,20,3581-89516-1,Line,0.43
stale,WP2033,1742-17420-2,20,2781-4951-1,Line,1.69
stale,WP2033,1742-17420-2,20,3581-89516-1,Line,0.86
roster,WP2033,1742-17420-2,20,2781-4951-1,Line,0.84
roster,WP2033,1742-17420-2,20,3581-89516-1,Line,0.43
gper,WP2033,1742-17420-2,20,2781-4951-1,Line,0.84
gper,WP2033,1742-17420-2,20,3581-89516-1,Line,0.43
gnet,WP2033,1742-17420-2,20,2781-4951-1,Line,0.84
gnet,WP2033,1742-17420-2,20,3581-89516-1,Line,0.43
eir,WP2033,1742-17420-2,24,2781-4951-1,Line,0.87
eir,WP2033,1742-17420-2,24,3581-89516-1,Line,0.45
blind,WP2033,1742-17420-2,24,2781-4951-1,Line,0.87
blind,WP2033,1742-17420-2,24,3581-89516-1,Line,0.45
sum,WP2033,1742-17420-2,24,2781-4951-1,Line,0.87
sum,WP2033,1742-17420-2,24,3581-89516-1,Line,0.45
need,WP2033,1742-17420-2,24,2781-4951-1,Line,0.87
need,WP2033,1742-17420-2,24,3581-89516-1,Line,0.45
mmx,WP2033,1742-17420-2,24,2781-4951-1,Line,0.87
mmx,WP2033,1742-17420-2,24,3581-89516-1,Line,0.45
stale,WP2033,1742-17420-2,24,2781-4951-1,Line,1.75
stale,WP2033,1742-17420-2,24,3581-89516-1,Line,0.89
roster,WP2033,1742-17420-2,24,2781-4951-1,Line,0.87
roster,WP2033,1742-17420-2,24,3581-89516-1,Line,0.45
gper,WP2033,1742-17420-2,24,2781-4951-1,Line,0.87
gper,WP2033,1742-17420-2,24,3581-89516-1,Line,0.45
gnet,WP2033,1742-17420-2,24,2781-4951-1,Line,0.87
gnet,WP2033,1742-17420-2,24,3581-89516-1,Line,0.45
eir,WP2033,1742-17420-2,28,2781-4951-1,Line,0.88
eir,WP2033,1742-17420-2,28,3581-89516-1,Line,0.45
blind,WP2033,1742-17420-2,28,2781-4951-1,Line,0.88
blind,WP2033,1742-17420-2,28,3581-89516-1,Line,0.45
sum,WP2033,1742-17420-2,28,2781-4951-1,Line,0.88
sum,WP2033,1742-17420-2,28,3581-89516-1,Line,0.45
need,WP2033,1742-17420-2,28,2781-4951-1,Line,0.88
need,WP2033,1742-17420-2,28,3581-89516-1,Line,0.45
mmx,WP2033,1742-17420-2,28,2781-4951-1,Line,0.88
mmx,WP2033,1742-17420-2,28,3581-89516-1,Line,0.45
stale,WP2033,1742-17420-2,28,2781-4951-1,Line,1.76
stale,WP2033,1742-17420-2,28,3581-89516-1,Line,0.9
roster,WP2033,1742-17420-2,28,2781-4951-1,Line,0.88
roster,WP2033,1742-17420-2,28,3581-89516-1,Line,0.45
gper,WP2033,1742-17420-2,28,2781-4951-1,Line,0.88
gper,WP2033,1742-17420-2,28,3581-89516-1,Line,0.45
gnet,WP2033,1742-17420-2,28,2781-4951-1,Line,0.88
gnet,WP2033,1742-17420-2,28,3581-89516-1,Line,0.45
eir,WP2033,1742-17420-2,114,2781-4951-1,Line,0.88
eir,WP2033,1742-17420-2,114,3581-89516-1,Line,0.45
blind,WP2033,1742-17420-2,114,2781-4951-1,Line,0.88
blind,WP2033,1742-17420-2,114,3581-89516-1,Line,0.45
sum,WP2033,1742-17420-2,114,2781-4951-1,Line,0.88
sum,WP2033,1742-17420-2,114,3581-89516-1,Line,0.45
need,WP2033,1742-17420-2,114,2781-4951-1,Line,0.88
need,WP2033,1742-17420-2,114,3581-89516-1,Line,0.45
mmx,WP2033,1742-17420-2,114,2781-4951-1,Line,0.88
mmx,WP2033,1742-17420-2,114,3581-89516-1,Line,0.45
stale,WP2033,1742-17420-2,114,2781-4951-1,Line,1.76
stale,WP2033,1742-17420-2,114,3581-89516-1,Line,0.9
roster,WP2033,1742-17420-2,114,2781-4951-1,Line,0.88
roster,WP2033,1742-17420-2,114,3581-89516-1,Line,0.45
gper,WP2033,1742-17420-2,114,2781-4951-1,Line,0.88
gper,WP2033,1742-17420-2,114,3581-89516-1,Line,0.45
gnet,WP2033,1742-17420-2,114,2781-4951-1,Line,0.88
gnet,WP2033,1742-17420-2,114,3581-89516-1,Line,0.45
eir,WP2033,1742-17420-2,118,2781-4951-1,Line,0.85
eir,WP2033,1742-17420-2,118,3581-89516-1,Line,0.43
blind,WP2033,1742-17420-2,118,2781-4951-1,Line,0.85
blind,WP2033,1742-17420-2,118,3581-89516-1,Line,0.43
sum,WP2033,1742-17420-2,118,2781-4951-1,Line,0.85
sum,WP2033,1742-17420-2,118,3581-89516-1,Line,0.43
need,WP2033,1742-17420-2,118,2781-4951-1,Line,0.85
need,WP2033,1742-17420-2,118,3581-89516-1,Line,0.43
mmx,WP2033,1742-17420-2,118,2781-4951-1,Line,0.85
mmx,WP2033,1742-17420-2,118,3581-89516-1,Line,0.43
stale,WP2033,1742-17420-2,118,2781-4951-1,Line,1.7
stale,WP2033,1742-17420-2,118,3581-89516-1,Line,0.87
roster,WP2033,1742-17420-2,118,2781-4951-1,Line,0.85
roster,WP2033,1742-17420-2,118,3581-89516-1,Line,0.43
gper,WP2033,1742-17420-2,118,2781-4951-1,Line,0.85
gper,WP2033,1742-17420-2,118,3581-89516-1,Line,0.43
gnet,WP2033,1742-17420-2,118,2781-4951-1,Line,0.85
gnet,WP2033,1742-17420-2,118,3581-89516-1,Line,0.43
blind,WP2033,1861-2521-1,52,1122-1742-1,Line,0.58
sum,WP2033,1861-2521-1,52,1122-1742-1,Line,0.58
need,WP2033,1861-2521-1,52,1122-1742-1,Line,0.58
mmx,WP2033,1861-2521-1,52,1122-1742-1,Line,0.58
stale,WP2033,1861-2521-1,52,1122-1742-1,Line,0.59
roster,WP2033,1861-2521-1,52,1122-1742-1,Line,0.58
gper,WP2033,1861-2521-1,52,1122-1742-1,Line,0.55
gnet,WP2033,1861-2521-1,52,1122-1742-1,Line,0.55
blind,WP2033,1861-2521-2,52,1122-1742-1,Line,0.56
sum,WP2033,1861-2521-2,52,1122-1742-1,Line,0.56
need,WP2033,1861-2521-2,52,1122-1742-1,Line,0.56
mmx,WP2033,1861-2521-2,52,1122-1742-1,Line,0.56
stale,WP2033,1861-2521-2,52,1122-1742-1,Line,0.57
roster,WP2033,1861-2521-2,52,1122-1742-1,Line,0.56
gper,WP2033,1861-2521-2,52,1122-1742-1,Line,0.54
gnet,WP2033,1861-2521-2,52,1122-1742-1,Line,0.54
blind,WP2033,1981-79016-1,109,T3464-3462-34641-1-w1,Transformer,0.52
blind,WP2033,1981-79016-1,109,T3464-3462-34641-1-w2,Transformer,0.52
sum,WP2033,1981-79016-1,109,T3464-3462-34641-1-w1,Transformer,0.52
sum,WP2033,1981-79016-1,109,T3464-3462-34641-1-w2,Transformer,0.52
need,WP2033,1981-79016-1,109,T3464-3462-34641-1-w1,Transformer,0.52
need,WP2033,1981-79016-1,109,T3464-3462-34641-1-w2,Transformer,0.52
mmx,WP2033,1981-79016-1,109,T3464-3462-34641-1-w1,Transformer,0.52
mmx,WP2033,1981-79016-1,109,T3464-3462-34641-1-w2,Transformer,0.52
stale,WP2033,1981-79016-1,109,T3464-3462-34641-1-w1,Transformer,0.52
stale,WP2033,1981-79016-1,109,T3464-3462-34641-1-w2,Transformer,0.52
roster,WP2033,1981-79016-1,109,T3464-3462-34641-1-w1,Transformer,0.52
roster,WP2033,1981-79016-1,109,T3464-3462-34641-1-w2,Transformer,0.52
eir,WP2033,1981-79016-1,114,2781-4951-1,Line,0.2
blind,WP2033,1981-79016-1,114,2781-4951-1,Line,0.15
sum,WP2033,1981-79016-1,114,2781-4951-1,Line,0.15
need,WP2033,1981-79016-1,114,2781-4951-1,Line,0.15
mmx,WP2033,1981-79016-1,114,2781-4951-1,Line,0.15
stale,WP2033,1981-79016-1,114,2781-4951-1,Line,0.16
roster,WP2033,1981-79016-1,114,2781-4951-1,Line,0.15
gper,WP2033,1981-79016-1,114,2781-4951-1,Line,0.17
gnet,WP2033,1981-79016-1,114,2781-4951-1,Line,0.17
eir,WP2033,1981-79016-1,118,2781-4951-1,Line,0.11
blind,WP2033,2001-4791-1,158,2781-4951-1,Line,0.17
sum,WP2033,2001-4791-1,158,2781-4951-1,Line,0.17
need,WP2033,2001-4791-1,158,2781-4951-1,Line,0.17
mmx,WP2033,2001-4791-1,158,2781-4951-1,Line,0.17
stale,WP2033,2001-4791-1,158,2781-4951-1,Line,0.17
roster,WP2033,2001-4791-1,158,2781-4951-1,Line,0.17
eir,WP2033,2002-2742-1,142,2781-4951-1,Line,1.77
blind,WP2033,2002-2742-1,142,2781-4951-1,Line,1.44
sum,WP2033,2002-2742-1,142,2781-4951-1,Line,1.45
need,WP2033,2002-2742-1,142,2781-4951-1,Line,1.44
mmx,WP2033,2002-2742-1,142,2781-4951-1,Line,1.44
stale,WP2033,2002-2742-1,142,2781-4951-1,Line,1.51
roster,WP2033,2002-2742-1,142,2781-4951-1,Line,1.44
gper,WP2033,2002-2742-1,142,2781-4951-1,Line,1.71
gnet,WP2033,2002-2742-1,142,2781-4951-1,Line,1.76
eir,WP2033,2002-2742-1,150,2781-4951-1,Line,0.27
gper,WP2033,2002-2742-1,150,2781-4951-1,Line,0.13
gnet,WP2033,2002-2742-1,150,2781-4951-1,Line,0.61
eir,WP2033,2002-2742-1,158,2781-4951-1,Line,2.49
blind,WP2033,2002-2742-1,158,2781-4951-1,Line,1.86
sum,WP2033,2002-2742-1,158,2781-4951-1,Line,2.47
need,WP2033,2002-2742-1,158,2781-4951-1,Line,2.2
mmx,WP2033,2002-2742-1,158,2781-4951-1,Line,1.39
stale,WP2033,2002-2742-1,158,2781-4951-1,Line,2.03
roster,WP2033,2002-2742-1,158,2781-4951-1,Line,1.95
gper,WP2033,2002-2742-1,158,2781-4951-1,Line,2.32
gnet,WP2033,2002-2742-1,158,2781-4951-1,Line,2.92
eir,WP2033,2002-3203-1,142,2781-4951-1,Line,0.3
blind,WP2033,2002-3203-1,142,2781-4951-1,Line,0.21
sum,WP2033,2002-3203-1,142,2781-4951-1,Line,0.21
need,WP2033,2002-3203-1,142,2781-4951-1,Line,0.21
stale,WP2033,2002-3203-1,142,2781-4951-1,Line,0.21
roster,WP2033,2002-3203-1,142,2781-4951-1,Line,0.21
gper,WP2033,2002-3203-1,142,2781-4951-1,Line,0.25
gnet,WP2033,2002-3203-1,142,2781-4951-1,Line,0.31
blind,WP2033,2002-3203-1,158,2781-4951-1,Line,1.39
sum,WP2033,2002-3203-1,158,2781-4951-1,Line,1.39
need,WP2033,2002-3203-1,158,2781-4951-1,Line,1.39
mmx,WP2033,2002-3203-1,158,2781-4951-1,Line,1.79
stale,WP2033,2002-3203-1,158,2781-4951-1,Line,1.4
roster,WP2033,2002-3203-1,158,2781-4951-1,Line,1.39
blind,WP2033,2141-4791-1,158,2781-4951-1,Line,0.17
sum,WP2033,2141-4791-1,158,2781-4951-1,Line,0.17
need,WP2033,2141-4791-1,158,2781-4951-1,Line,0.17
mmx,WP2033,2141-4791-1,158,2781-4951-1,Line,0.17
stale,WP2033,2141-4791-1,158,2781-4951-1,Line,0.17
roster,WP2033,2141-4791-1,158,2781-4951-1,Line,0.17
blind,WP2033,2141-6931-1,158,2781-4951-1,Line,0.26
sum,WP2033,2141-6931-1,158,2781-4951-1,Line,0.26
need,WP2033,2141-6931-1,158,2781-4951-1,Line,0.26
mmx,WP2033,2141-6931-1,158,2781-4951-1,Line,0.26
stale,WP2033,2141-6931-1,158,2781-4951-1,Line,0.26
roster,WP2033,2141-6931-1,158,2781-4951-1,Line,0.26
blind,WP2033,2202-3342-1,158,2781-4951-1,Line,0.19
sum,WP2033,2202-3342-1,158,2781-4951-1,Line,0.19
need,WP2033,2202-3342-1,158,2781-4951-1,Line,0.19
mmx,WP2033,2202-3342-1,158,2781-4951-1,Line,0.26
stale,WP2033,2202-3342-1,158,2781-4951-1,Line,0.19
roster,WP2033,2202-3342-1,158,2781-4951-1,Line,0.19
blind,WP2033,2204-22044-1,142,2781-4951-1,Line,0.96
sum,WP2033,2204-22044-1,142,2781-4951-1,Line,0.96
need,WP2033,2204-22044-1,142,2781-4951-1,Line,0.96
roster,WP2033,2204-22044-1,142,2781-4951-1,Line,0.96
blind,WP2033,2204-22044-1,146,2781-4951-1,Line,0.14
sum,WP2033,2204-22044-1,146,2781-4951-1,Line,0.18
need,WP2033,2204-22044-1,146,2781-4951-1,Line,0.14
roster,WP2033,2204-22044-1,146,2781-4951-1,Line,0.14
blind,WP2033,2204-22044-1,150,2781-4951-1,Line,2.25
sum,WP2033,2204-22044-1,150,2781-4951-1,Line,2.28
need,WP2033,2204-22044-1,150,2781-4951-1,Line,2.25
roster,WP2033,2204-22044-1,150,2781-4951-1,Line,2.25
blind,WP2033,2204-22044-1,158,2781-4951-1,Line,4.7
sum,WP2033,2204-22044-1,158,2781-4951-1,Line,4.74
need,WP2033,2204-22044-1,158,2781-4951-1,Line,4.7
roster,WP2033,2204-22044-1,158,2781-4951-1,Line,4.7
eir,WP2033,2321-3581-1,114,2781-4951-1,Line,0.11
stale,WP2033,2321-3581-1,114,2781-4951-1,Line,0.16
eir,WP2033,2321-28710-1,114,2781-4951-1,Line,0.11
stale,WP2033,2321-28710-1,114,2781-4951-1,Line,0.16
eir,WP2033,2522-3522-1,4,2781-4951-1,Line,0.13
eir,WP2033,2522-3522-1,24,2781-4951-1,Line,0.11
eir,WP2033,2522-3522-1,28,2781-4951-1,Line,0.2
gper,WP2033,2522-3522-1,28,2781-4951-1,Line,0.13
gnet,WP2033,2522-3522-1,28,2781-4951-1,Line,0.13
eir,WP2033,2522-3522-1,105,2781-4951-1,Line,0.12
eir,WP2033,2522-3522-1,114,2781-4951-1,Line,0.19
blind,WP2033,2522-3522-1,114,2781-4951-1,Line,0.12
sum,WP2033,2522-3522-1,114,2781-4951-1,Line,0.12
need,WP2033,2522-3522-1,114,2781-4951-1,Line,0.12
mmx,WP2033,2522-3522-1,114,2781-4951-1,Line,0.12
stale,WP2033,2522-3522-1,114,2781-4951-1,Line,0.12
roster,WP2033,2522-3522-1,114,2781-4951-1,Line,0.12
gper,WP2033,2522-3522-1,114,2781-4951-1,Line,0.13
gnet,WP2033,2522-3522-1,114,2781-4951-1,Line,0.13
eir,WP2033,2522-3522-1,118,2781-4951-1,Line,0.12
eir,WP2033,2522-3522-1,122,2781-4951-1,Line,0.18
gper,WP2033,2522-3522-1,122,2781-4951-1,Line,0.13
gnet,WP2033,2522-3522-1,122,2781-4951-1,Line,0.13
eir,WP2033,2522-3522-1,138,2781-4951-1,Line,0.16
gper,WP2033,2522-3522-1,138,2781-4951-1,Line,0.11
gnet,WP2033,2522-3522-1,138,2781-4951-1,Line,0.11
eir,WP2033,2522-3522-1,142,2781-4951-1,Line,0.21
blind,WP2033,2522-3522-1,142,2781-4951-1,Line,0.13
sum,WP2033,2522-3522-1,142,2781-4951-1,Line,0.13
need,WP2033,2522-3522-1,142,2781-4951-1,Line,0.13
mmx,WP2033,2522-3522-1,142,2781-4951-1,Line,0.13
stale,WP2033,2522-3522-1,142,2781-4951-1,Line,0.13
roster,WP2033,2522-3522-1,142,2781-4951-1,Line,0.13
gper,WP2033,2522-3522-1,142,2781-4951-1,Line,0.16
gnet,WP2033,2522-3522-1,142,2781-4951-1,Line,0.16
blind,WP2033,2522-3522-1,158,2781-4951-1,Line,0.49
sum,WP2033,2522-3522-1,158,2781-4951-1,Line,0.49
need,WP2033,2522-3522-1,158,2781-4951-1,Line,0.49
stale,WP2033,2522-3522-1,158,2781-4951-1,Line,0.49
roster,WP2033,2522-3522-1,158,2781-4951-1,Line,0.49
gnet,WP2033,2522-3522-1,158,2781-4951-1,Line,0.73
eir,WP2033,2563-4242-1,0,2781-4951-1,Line,3.82
eir,WP2033,2563-4242-1,0,3581-89516-1,Line,2.3
eir,WP2033,2563-4242-1,0,T89510-89515-1,Transformer,0.3
eir,WP2033,2563-4242-1,0,T89515-89516-1,Transformer,0.3
blind,WP2033,2563-4242-1,0,2781-4951-1,Line,1.79
blind,WP2033,2563-4242-1,0,3581-89516-1,Line,1.33
sum,WP2033,2563-4242-1,0,2781-4951-1,Line,1.79
sum,WP2033,2563-4242-1,0,3581-89516-1,Line,1.33
need,WP2033,2563-4242-1,0,2781-4951-1,Line,1.79
need,WP2033,2563-4242-1,0,3581-89516-1,Line,1.33
mmx,WP2033,2563-4242-1,0,2781-4951-1,Line,1.79
mmx,WP2033,2563-4242-1,0,3581-89516-1,Line,1.33
stale,WP2033,2563-4242-1,0,2781-4951-1,Line,1.91
stale,WP2033,2563-4242-1,0,3581-89516-1,Line,1.42
roster,WP2033,2563-4242-1,0,2781-4951-1,Line,1.79
roster,WP2033,2563-4242-1,0,3581-89516-1,Line,1.33
gper,WP2033,2563-4242-1,0,2781-4951-1,Line,2.36
gper,WP2033,2563-4242-1,0,3581-89516-1,Line,1.61
gnet,WP2033,2563-4242-1,0,2781-4951-1,Line,2.36
gnet,WP2033,2563-4242-1,0,3581-89516-1,Line,1.61
eir,WP2033,2563-4242-1,4,2781-4951-1,Line,3.84
eir,WP2033,2563-4242-1,4,3581-89516-1,Line,2.31
eir,WP2033,2563-4242-1,4,T89510-89515-1,Transformer,0.31
eir,WP2033,2563-4242-1,4,T89515-89516-1,Transformer,0.31
blind,WP2033,2563-4242-1,4,2781-4951-1,Line,1.8
blind,WP2033,2563-4242-1,4,3581-89516-1,Line,1.34
sum,WP2033,2563-4242-1,4,2781-4951-1,Line,1.8
sum,WP2033,2563-4242-1,4,3581-89516-1,Line,1.34
need,WP2033,2563-4242-1,4,2781-4951-1,Line,1.8
need,WP2033,2563-4242-1,4,3581-89516-1,Line,1.34
mmx,WP2033,2563-4242-1,4,2781-4951-1,Line,1.8
mmx,WP2033,2563-4242-1,4,3581-89516-1,Line,1.34
stale,WP2033,2563-4242-1,4,2781-4951-1,Line,1.92
stale,WP2033,2563-4242-1,4,3581-89516-1,Line,1.42
roster,WP2033,2563-4242-1,4,2781-4951-1,Line,1.8
roster,WP2033,2563-4242-1,4,3581-89516-1,Line,1.34
gper,WP2033,2563-4242-1,4,2781-4951-1,Line,2.37
gper,WP2033,2563-4242-1,4,3581-89516-1,Line,1.61
gnet,WP2033,2563-4242-1,4,2781-4951-1,Line,2.37
gnet,WP2033,2563-4242-1,4,3581-89516-1,Line,1.61
eir,WP2033,2563-4242-1,8,3581-89516-1,Line,1.28
blind,WP2033,2563-4242-1,8,3581-89516-1,Line,0.59
sum,WP2033,2563-4242-1,8,3581-89516-1,Line,0.59
need,WP2033,2563-4242-1,8,3581-89516-1,Line,0.59
mmx,WP2033,2563-4242-1,8,3581-89516-1,Line,0.59
stale,WP2033,2563-4242-1,8,3581-89516-1,Line,0.65
roster,WP2033,2563-4242-1,8,3581-89516-1,Line,0.59
gper,WP2033,2563-4242-1,8,3581-89516-1,Line,0.79
gnet,WP2033,2563-4242-1,8,3581-89516-1,Line,0.79
eir,WP2033,2563-4242-1,12,3581-89516-1,Line,0.76
blind,WP2033,2563-4242-1,12,3581-89516-1,Line,0.42
sum,WP2033,2563-4242-1,12,3581-89516-1,Line,0.42
need,WP2033,2563-4242-1,12,3581-89516-1,Line,0.42
mmx,WP2033,2563-4242-1,12,3581-89516-1,Line,0.42
stale,WP2033,2563-4242-1,12,3581-89516-1,Line,0.45
roster,WP2033,2563-4242-1,12,3581-89516-1,Line,0.42
gper,WP2033,2563-4242-1,12,3581-89516-1,Line,0.52
gnet,WP2033,2563-4242-1,12,3581-89516-1,Line,0.52
eir,WP2033,2563-4242-1,20,2781-4951-1,Line,2.32
eir,WP2033,2563-4242-1,20,3581-89516-1,Line,1.37
blind,WP2033,2563-4242-1,20,2781-4951-1,Line,1.01
blind,WP2033,2563-4242-1,20,3581-89516-1,Line,0.76
sum,WP2033,2563-4242-1,20,2781-4951-1,Line,1.01
sum,WP2033,2563-4242-1,20,3581-89516-1,Line,0.76
need,WP2033,2563-4242-1,20,2781-4951-1,Line,1.01
need,WP2033,2563-4242-1,20,3581-89516-1,Line,0.76
mmx,WP2033,2563-4242-1,20,2781-4951-1,Line,1.01
mmx,WP2033,2563-4242-1,20,3581-89516-1,Line,0.76
stale,WP2033,2563-4242-1,20,2781-4951-1,Line,1.07
stale,WP2033,2563-4242-1,20,3581-89516-1,Line,0.8
roster,WP2033,2563-4242-1,20,2781-4951-1,Line,1.01
roster,WP2033,2563-4242-1,20,3581-89516-1,Line,0.76
gper,WP2033,2563-4242-1,20,2781-4951-1,Line,1.37
gper,WP2033,2563-4242-1,20,3581-89516-1,Line,0.93
gnet,WP2033,2563-4242-1,20,2781-4951-1,Line,1.37
gnet,WP2033,2563-4242-1,20,3581-89516-1,Line,0.93
eir,WP2033,2563-4242-1,24,2781-4951-1,Line,4.09
eir,WP2033,2563-4242-1,24,3581-89516-1,Line,2.46
eir,WP2033,2563-4242-1,24,T89510-89515-1,Transformer,0.46
eir,WP2033,2563-4242-1,24,T89515-89516-1,Transformer,0.46
blind,WP2033,2563-4242-1,24,2781-4951-1,Line,1.92
blind,WP2033,2563-4242-1,24,3581-89516-1,Line,1.43
sum,WP2033,2563-4242-1,24,2781-4951-1,Line,1.92
sum,WP2033,2563-4242-1,24,3581-89516-1,Line,1.43
need,WP2033,2563-4242-1,24,2781-4951-1,Line,1.92
need,WP2033,2563-4242-1,24,3581-89516-1,Line,1.43
mmx,WP2033,2563-4242-1,24,2781-4951-1,Line,1.92
mmx,WP2033,2563-4242-1,24,3581-89516-1,Line,1.43
stale,WP2033,2563-4242-1,24,2781-4951-1,Line,2.04
stale,WP2033,2563-4242-1,24,3581-89516-1,Line,1.52
roster,WP2033,2563-4242-1,24,2781-4951-1,Line,1.92
roster,WP2033,2563-4242-1,24,3581-89516-1,Line,1.43
gper,WP2033,2563-4242-1,24,2781-4951-1,Line,2.53
gper,WP2033,2563-4242-1,24,3581-89516-1,Line,1.72
gnet,WP2033,2563-4242-1,24,2781-4951-1,Line,2.53
gnet,WP2033,2563-4242-1,24,3581-89516-1,Line,1.72
eir,WP2033,2563-4242-1,28,2781-4951-1,Line,4.0
eir,WP2033,2563-4242-1,28,3581-89516-1,Line,2.41
eir,WP2033,2563-4242-1,28,T89510-89515-1,Transformer,0.41
eir,WP2033,2563-4242-1,28,T89515-89516-1,Transformer,0.41
blind,WP2033,2563-4242-1,28,2781-4951-1,Line,1.88
blind,WP2033,2563-4242-1,28,3581-89516-1,Line,1.39
sum,WP2033,2563-4242-1,28,2781-4951-1,Line,1.88
sum,WP2033,2563-4242-1,28,3581-89516-1,Line,1.39
need,WP2033,2563-4242-1,28,2781-4951-1,Line,1.88
need,WP2033,2563-4242-1,28,3581-89516-1,Line,1.39
mmx,WP2033,2563-4242-1,28,2781-4951-1,Line,1.88
mmx,WP2033,2563-4242-1,28,3581-89516-1,Line,1.39
stale,WP2033,2563-4242-1,28,2781-4951-1,Line,2.0
stale,WP2033,2563-4242-1,28,3581-89516-1,Line,1.48
roster,WP2033,2563-4242-1,28,2781-4951-1,Line,1.88
roster,WP2033,2563-4242-1,28,3581-89516-1,Line,1.39
gper,WP2033,2563-4242-1,28,2781-4951-1,Line,2.47
gper,WP2033,2563-4242-1,28,3581-89516-1,Line,1.68
gnet,WP2033,2563-4242-1,28,2781-4951-1,Line,2.47
gnet,WP2033,2563-4242-1,28,3581-89516-1,Line,1.68
eir,WP2033,2563-4242-1,105,2781-4951-1,Line,0.99
eir,WP2033,2563-4242-1,105,3581-89516-1,Line,0.54
blind,WP2033,2563-4242-1,105,2781-4951-1,Line,0.37
blind,WP2033,2563-4242-1,105,3581-89516-1,Line,0.3
sum,WP2033,2563-4242-1,105,2781-4951-1,Line,0.37
sum,WP2033,2563-4242-1,105,3581-89516-1,Line,0.3
need,WP2033,2563-4242-1,105,2781-4951-1,Line,0.37
need,WP2033,2563-4242-1,105,3581-89516-1,Line,0.3
mmx,WP2033,2563-4242-1,105,2781-4951-1,Line,0.37
mmx,WP2033,2563-4242-1,105,3581-89516-1,Line,0.3
stale,WP2033,2563-4242-1,105,2781-4951-1,Line,0.4
stale,WP2033,2563-4242-1,105,3581-89516-1,Line,0.31
roster,WP2033,2563-4242-1,105,2781-4951-1,Line,0.37
roster,WP2033,2563-4242-1,105,3581-89516-1,Line,0.3
gper,WP2033,2563-4242-1,105,2781-4951-1,Line,0.54
gper,WP2033,2563-4242-1,105,3581-89516-1,Line,0.36
gnet,WP2033,2563-4242-1,105,2781-4951-1,Line,0.54
gnet,WP2033,2563-4242-1,105,3581-89516-1,Line,0.36
eir,WP2033,2563-4242-1,114,2781-4951-1,Line,4.55
eir,WP2033,2563-4242-1,114,3581-89516-1,Line,2.74
eir,WP2033,2563-4242-1,114,T89510-89515-1,Transformer,0.74
eir,WP2033,2563-4242-1,114,T89515-89516-1,Transformer,0.74
blind,WP2033,2563-4242-1,114,1472-5022-1,Line,3.95
blind,WP2033,2563-4242-1,114,2781-4951-1,Line,2.14
blind,WP2033,2563-4242-1,114,3581-89516-1,Line,1.59
sum,WP2033,2563-4242-1,114,1472-5022-1,Line,3.95
sum,WP2033,2563-4242-1,114,2781-4951-1,Line,2.14
sum,WP2033,2563-4242-1,114,3581-89516-1,Line,1.59
need,WP2033,2563-4242-1,114,1472-5022-1,Line,3.95
need,WP2033,2563-4242-1,114,2781-4951-1,Line,2.14
need,WP2033,2563-4242-1,114,3581-89516-1,Line,1.59
mmx,WP2033,2563-4242-1,114,1472-5022-1,Line,3.95
mmx,WP2033,2563-4242-1,114,2781-4951-1,Line,2.14
mmx,WP2033,2563-4242-1,114,3581-89516-1,Line,1.59
stale,WP2033,2563-4242-1,114,1472-5022-1,Line,9.19
stale,WP2033,2563-4242-1,114,2781-4951-1,Line,2.27
stale,WP2033,2563-4242-1,114,3581-89516-1,Line,1.69
roster,WP2033,2563-4242-1,114,1472-5022-1,Line,3.95
roster,WP2033,2563-4242-1,114,2781-4951-1,Line,2.14
roster,WP2033,2563-4242-1,114,3581-89516-1,Line,1.59
gper,WP2033,2563-4242-1,114,2781-4951-1,Line,2.81
gper,WP2033,2563-4242-1,114,3581-89516-1,Line,1.91
gnet,WP2033,2563-4242-1,114,2781-4951-1,Line,2.81
gnet,WP2033,2563-4242-1,114,3581-89516-1,Line,1.91
eir,WP2033,2563-4242-1,122,2781-4951-1,Line,1.11
eir,WP2033,2563-4242-1,122,3581-89516-1,Line,0.68
blind,WP2033,2563-4242-1,122,2781-4951-1,Line,0.51
blind,WP2033,2563-4242-1,122,3581-89516-1,Line,0.4
sum,WP2033,2563-4242-1,122,2781-4951-1,Line,0.51
sum,WP2033,2563-4242-1,122,3581-89516-1,Line,0.4
need,WP2033,2563-4242-1,122,2781-4951-1,Line,0.51
need,WP2033,2563-4242-1,122,3581-89516-1,Line,0.4
mmx,WP2033,2563-4242-1,122,2781-4951-1,Line,0.51
mmx,WP2033,2563-4242-1,122,3581-89516-1,Line,0.4
stale,WP2033,2563-4242-1,122,2781-4951-1,Line,0.55
stale,WP2033,2563-4242-1,122,3581-89516-1,Line,0.42
roster,WP2033,2563-4242-1,122,2781-4951-1,Line,0.51
roster,WP2033,2563-4242-1,122,3581-89516-1,Line,0.4
gper,WP2033,2563-4242-1,122,2781-4951-1,Line,0.68
gper,WP2033,2563-4242-1,122,3581-89516-1,Line,0.48
gnet,WP2033,2563-4242-1,122,2781-4951-1,Line,0.68
gnet,WP2033,2563-4242-1,122,3581-89516-1,Line,0.48
eir,WP2033,2563-4242-1,138,2781-4951-1,Line,0.54
eir,WP2033,2563-4242-1,138,3581-89516-1,Line,0.35
blind,WP2033,2563-4242-1,138,2781-4951-1,Line,0.27
blind,WP2033,2563-4242-1,138,3581-89516-1,Line,0.22
sum,WP2033,2563-4242-1,138,2781-4951-1,Line,0.27
sum,WP2033,2563-4242-1,138,3581-89516-1,Line,0.22
need,WP2033,2563-4242-1,138,2781-4951-1,Line,0.27
need,WP2033,2563-4242-1,138,3581-89516-1,Line,0.22
mmx,WP2033,2563-4242-1,138,2781-4951-1,Line,0.27
mmx,WP2033,2563-4242-1,138,3581-89516-1,Line,0.22
stale,WP2033,2563-4242-1,138,2781-4951-1,Line,0.28
stale,WP2033,2563-4242-1,138,3581-89516-1,Line,0.23
roster,WP2033,2563-4242-1,138,2781-4951-1,Line,0.27
roster,WP2033,2563-4242-1,138,3581-89516-1,Line,0.22
gper,WP2033,2563-4242-1,138,2781-4951-1,Line,0.34
gper,WP2033,2563-4242-1,138,3581-89516-1,Line,0.25
gnet,WP2033,2563-4242-1,138,2781-4951-1,Line,0.34
gnet,WP2033,2563-4242-1,138,3581-89516-1,Line,0.25
blind,WP2033,2742-3342-1,158,2781-4951-1,Line,0.26
sum,WP2033,2742-3342-1,158,2781-4951-1,Line,0.26
need,WP2033,2742-3342-1,158,2781-4951-1,Line,0.26
mmx,WP2033,2742-3342-1,158,2781-4951-1,Line,0.31
stale,WP2033,2742-3342-1,158,2781-4951-1,Line,0.27
roster,WP2033,2742-3342-1,158,2781-4951-1,Line,0.26
eir,WP2033,2870-2871-1,4,2781-4951-1,Line,0.53
blind,WP2033,2870-2871-1,4,2781-4951-1,Line,0.45
sum,WP2033,2870-2871-1,4,2781-4951-1,Line,0.45
need,WP2033,2870-2871-1,4,2781-4951-1,Line,0.45
mmx,WP2033,2870-2871-1,4,2781-4951-1,Line,0.45
stale,WP2033,2870-2871-1,4,2781-4951-1,Line,0.57
roster,WP2033,2870-2871-1,4,2781-4951-1,Line,0.45
gper,WP2033,2870-2871-1,4,2781-4951-1,Line,0.48
gnet,WP2033,2870-2871-1,4,2781-4951-1,Line,0.48
eir,WP2033,2870-2871-1,20,2781-4951-1,Line,0.37
blind,WP2033,2870-2871-1,20,2781-4951-1,Line,0.34
sum,WP2033,2870-2871-1,20,2781-4951-1,Line,0.34
need,WP2033,2870-2871-1,20,2781-4951-1,Line,0.34
mmx,WP2033,2870-2871-1,20,2781-4951-1,Line,0.34
stale,WP2033,2870-2871-1,20,2781-4951-1,Line,0.52
roster,WP2033,2870-2871-1,20,2781-4951-1,Line,0.34
gper,WP2033,2870-2871-1,20,2781-4951-1,Line,0.35
gnet,WP2033,2870-2871-1,20,2781-4951-1,Line,0.35
eir,WP2033,2870-2871-1,24,2781-4951-1,Line,0.71
blind,WP2033,2870-2871-1,24,2781-4951-1,Line,0.59
sum,WP2033,2870-2871-1,24,2781-4951-1,Line,0.59
need,WP2033,2870-2871-1,24,2781-4951-1,Line,0.59
mmx,WP2033,2870-2871-1,24,2781-4951-1,Line,0.59
stale,WP2033,2870-2871-1,24,2781-4951-1,Line,0.63
roster,WP2033,2870-2871-1,24,2781-4951-1,Line,0.59
gper,WP2033,2870-2871-1,24,2781-4951-1,Line,0.63
gnet,WP2033,2870-2871-1,24,2781-4951-1,Line,0.63
eir,WP2033,2870-2871-1,28,2781-4951-1,Line,0.83
blind,WP2033,2870-2871-1,28,2781-4951-1,Line,0.6
sum,WP2033,2870-2871-1,28,2781-4951-1,Line,0.6
need,WP2033,2870-2871-1,28,2781-4951-1,Line,0.6
mmx,WP2033,2870-2871-1,28,2781-4951-1,Line,0.6
stale,WP2033,2870-2871-1,28,2781-4951-1,Line,0.68
roster,WP2033,2870-2871-1,28,2781-4951-1,Line,0.6
gper,WP2033,2870-2871-1,28,2781-4951-1,Line,0.68
gnet,WP2033,2870-2871-1,28,2781-4951-1,Line,0.68
eir,WP2033,2870-2871-1,52,1122-1742-1,Line,2.32
blind,WP2033,2870-2871-1,52,1122-1742-1,Line,2.21
sum,WP2033,2870-2871-1,52,1122-1742-1,Line,2.16
need,WP2033,2870-2871-1,52,1122-1742-1,Line,2.16
stale,WP2033,2870-2871-1,52,1122-1742-1,Line,1.83
roster,WP2033,2870-2871-1,52,1122-1742-1,Line,1.83
gper,WP2033,2870-2871-1,52,1122-1742-1,Line,2.09
gnet,WP2033,2870-2871-1,52,1122-1742-1,Line,1.21
blind,WP2033,2870-2871-1,101,T3464-3462-34641-1-w1,Transformer,0.6
blind,WP2033,2870-2871-1,101,T3464-3462-34641-1-w2,Transformer,0.6
sum,WP2033,2870-2871-1,101,T3464-3462-34641-1-w1,Transformer,0.6
sum,WP2033,2870-2871-1,101,T3464-3462-34641-1-w2,Transformer,0.6
need,WP2033,2870-2871-1,101,T3464-3462-34641-1-w1,Transformer,0.6
need,WP2033,2870-2871-1,101,T3464-3462-34641-1-w2,Transformer,0.6
mmx,WP2033,2870-2871-1,101,T3464-3462-34641-1-w1,Transformer,0.6
mmx,WP2033,2870-2871-1,101,T3464-3462-34641-1-w2,Transformer,0.6
stale,WP2033,2870-2871-1,101,T3464-3462-34641-1-w1,Transformer,0.6
stale,WP2033,2870-2871-1,101,T3464-3462-34641-1-w2,Transformer,0.6
roster,WP2033,2870-2871-1,101,T3464-3462-34641-1-w1,Transformer,0.6
roster,WP2033,2870-2871-1,101,T3464-3462-34641-1-w2,Transformer,0.6
gper,WP2033,2870-2871-1,101,T3464-3462-34641-1-w1,Transformer,0.59
gper,WP2033,2870-2871-1,101,T3464-3462-34641-1-w2,Transformer,0.59
gnet,WP2033,2870-2871-1,101,T3464-3462-34641-1-w1,Transformer,0.59
gnet,WP2033,2870-2871-1,101,T3464-3462-34641-1-w2,Transformer,0.59
eir,WP2033,2870-2871-1,114,2781-4951-1,Line,0.89
blind,WP2033,2870-2871-1,114,2781-4951-1,Line,0.74
sum,WP2033,2870-2871-1,114,2781-4951-1,Line,0.74
need,WP2033,2870-2871-1,114,2781-4951-1,Line,0.74
mmx,WP2033,2870-2871-1,114,2781-4951-1,Line,0.74
stale,WP2033,2870-2871-1,114,2781-4951-1,Line,0.86
roster,WP2033,2870-2871-1,114,2781-4951-1,Line,0.74
gper,WP2033,2870-2871-1,114,2781-4951-1,Line,0.8
gnet,WP2033,2870-2871-1,114,2781-4951-1,Line,0.8
eir,WP2033,2870-2871-1,118,2781-4951-1,Line,0.54
blind,WP2033,2870-2871-1,118,2781-4951-1,Line,0.45
sum,WP2033,2870-2871-1,118,2781-4951-1,Line,0.45
need,WP2033,2870-2871-1,118,2781-4951-1,Line,0.45
mmx,WP2033,2870-2871-1,118,2781-4951-1,Line,0.45
stale,WP2033,2870-2871-1,118,2781-4951-1,Line,0.49
roster,WP2033,2870-2871-1,118,2781-4951-1,Line,0.45
gper,WP2033,2870-2871-1,118,2781-4951-1,Line,0.49
gnet,WP2033,2870-2871-1,118,2781-4951-1,Line,0.49
eir,WP2033,2870-2871-1,122,2781-4951-1,Line,0.52
blind,WP2033,2870-2871-1,122,2781-4951-1,Line,0.33
sum,WP2033,2870-2871-1,122,2781-4951-1,Line,0.33
need,WP2033,2870-2871-1,122,2781-4951-1,Line,0.33
mmx,WP2033,2870-2871-1,122,2781-4951-1,Line,0.33
stale,WP2033,2870-2871-1,122,2781-4951-1,Line,0.39
roster,WP2033,2870-2871-1,122,2781-4951-1,Line,0.33
gper,WP2033,2870-2871-1,122,2781-4951-1,Line,0.4
gnet,WP2033,2870-2871-1,122,2781-4951-1,Line,0.4
eir,WP2033,2870-2871-1,138,2781-4951-1,Line,0.61
blind,WP2033,2870-2871-1,138,2781-4951-1,Line,0.49
sum,WP2033,2870-2871-1,138,2781-4951-1,Line,0.49
need,WP2033,2870-2871-1,138,2781-4951-1,Line,0.49
mmx,WP2033,2870-2871-1,138,2781-4951-1,Line,0.49
stale,WP2033,2870-2871-1,138,2781-4951-1,Line,0.54
roster,WP2033,2870-2871-1,138,2781-4951-1,Line,0.49
gper,WP2033,2870-2871-1,138,2781-4951-1,Line,0.54
gnet,WP2033,2870-2871-1,138,2781-4951-1,Line,0.54
eir,WP2033,2870-2871-1,158,2781-4951-1,Line,0.75
blind,WP2033,2870-2871-1,158,2781-4951-1,Line,0.65
sum,WP2033,2870-2871-1,158,2781-4951-1,Line,0.65
need,WP2033,2870-2871-1,158,2781-4951-1,Line,0.65
stale,WP2033,2870-2871-1,158,2781-4951-1,Line,0.75
roster,WP2033,2870-2871-1,158,2781-4951-1,Line,0.65
gper,WP2033,2870-2871-1,158,2781-4951-1,Line,0.63
gnet,WP2033,2870-2871-1,158,2781-4951-1,Line,0.64
eir,WP2033,2871-28019-1,114,2781-4951-1,Line,0.18
blind,WP2033,2871-28019-1,114,2781-4951-1,Line,0.15
sum,WP2033,2871-28019-1,114,2781-4951-1,Line,0.15
need,WP2033,2871-28019-1,114,2781-4951-1,Line,0.15
mmx,WP2033,2871-28019-1,114,2781-4951-1,Line,0.15
stale,WP2033,2871-28019-1,114,2781-4951-1,Line,0.23
roster,WP2033,2871-28019-1,114,2781-4951-1,Line,0.15
gper,WP2033,2871-28019-1,114,2781-4951-1,Line,0.16
gnet,WP2033,2871-28019-1,114,2781-4951-1,Line,0.16
eir,WP2033,3082-3122-1,105,2781-4951-1,Line,0.69
blind,WP2033,3082-3122-1,105,2781-4951-1,Line,0.42
sum,WP2033,3082-3122-1,105,2781-4951-1,Line,0.42
need,WP2033,3082-3122-1,105,2781-4951-1,Line,0.42
stale,WP2033,3082-3122-1,105,2781-4951-1,Line,1.2
roster,WP2033,3082-3122-1,105,2781-4951-1,Line,0.42
gper,WP2033,3082-3122-1,105,2781-4951-1,Line,0.51
gnet,WP2033,3082-3122-1,105,2781-4951-1,Line,0.51
eir,WP2033,3082-3472-2,114,2781-4951-1,Line,0.28
eir,WP2033,3082-3472-2,114,3581-89516-1,Line,0.15
blind,WP2033,3082-3472-2,114,2781-4951-1,Line,0.26
blind,WP2033,3082-3472-2,114,3581-89516-1,Line,0.14
sum,WP2033,3082-3472-2,114,2781-4951-1,Line,0.26
sum,WP2033,3082-3472-2,114,3581-89516-1,Line,0.14
need,WP2033,3082-3472-2,114,2781-4951-1,Line,0.26
need,WP2033,3082-3472-2,114,3581-89516-1,Line,0.14
mmx,WP2033,3082-3472-2,114,2781-4951-1,Line,0.26
mmx,WP2033,3082-3472-2,114,3581-89516-1,Line,0.14
stale,WP2033,3082-3472-2,114,2781-4951-1,Line,0.4
stale,WP2033,3082-3472-2,114,3581-89516-1,Line,0.21
roster,WP2033,3082-3472-2,114,2781-4951-1,Line,0.26
roster,WP2033,3082-3472-2,114,3581-89516-1,Line,0.14
gper,WP2033,3082-3472-2,114,2781-4951-1,Line,0.28
gper,WP2033,3082-3472-2,114,3581-89516-1,Line,0.14
gnet,WP2033,3082-3472-2,114,2781-4951-1,Line,0.28
gnet,WP2033,3082-3472-2,114,3581-89516-1,Line,0.14
blind,WP2033,3202-3203-1,158,2781-4951-1,Line,0.19
sum,WP2033,3202-3203-1,158,2781-4951-1,Line,0.19
need,WP2033,3202-3203-1,158,2781-4951-1,Line,0.19
mmx,WP2033,3202-3203-1,158,2781-4951-1,Line,0.19
stale,WP2033,3202-3203-1,158,2781-4951-1,Line,0.19
roster,WP2033,3202-3203-1,158,2781-4951-1,Line,0.19
blind,WP2033,3209-6931-1,158,2781-4951-1,Line,0.17
sum,WP2033,3209-6931-1,158,2781-4951-1,Line,0.17
need,WP2033,3209-6931-1,158,2781-4951-1,Line,0.17
mmx,WP2033,3209-6931-1,158,2781-4951-1,Line,0.17
stale,WP2033,3209-6931-1,158,2781-4951-1,Line,0.17
roster,WP2033,3209-6931-1,158,2781-4951-1,Line,0.17
blind,WP2033,3261-3341-1,52,T3464-3462-34641-1-w1,Transformer,0.51
blind,WP2033,3261-3341-1,52,T3464-3462-34641-1-w2,Transformer,0.51
sum,WP2033,3261-3341-1,52,T3464-3462-34641-1-w1,Transformer,0.51
sum,WP2033,3261-3341-1,52,T3464-3462-34641-1-w2,Transformer,0.51
need,WP2033,3261-3341-1,52,T3464-3462-34641-1-w1,Transformer,0.51
need,WP2033,3261-3341-1,52,T3464-3462-34641-1-w2,Transformer,0.51
mmx,WP2033,3261-3341-1,52,T3464-3462-34641-1-w1,Transformer,0.51
mmx,WP2033,3261-3341-1,52,T3464-3462-34641-1-w2,Transformer,0.51
stale,WP2033,3261-3341-1,52,T3464-3462-34641-1-w1,Transformer,0.51
stale,WP2033,3261-3341-1,52,T3464-3462-34641-1-w2,Transformer,0.51
roster,WP2033,3261-3341-1,52,T3464-3462-34641-1-w1,Transformer,0.51
roster,WP2033,3261-3341-1,52,T3464-3462-34641-1-w2,Transformer,0.51
eir,WP2033,3282-4942-1,158,2781-4951-1,Line,0.93
blind,WP2033,3282-4942-1,158,2781-4951-1,Line,0.7
sum,WP2033,3282-4942-1,158,2781-4951-1,Line,0.7
need,WP2033,3282-4942-1,158,2781-4951-1,Line,0.7
mmx,WP2033,3282-4942-1,158,2781-4951-1,Line,0.7
stale,WP2033,3282-4942-1,158,2781-4951-1,Line,0.7
roster,WP2033,3282-4942-1,158,2781-4951-1,Line,0.7
gper,WP2033,3282-4942-1,158,2781-4951-1,Line,0.88
gnet,WP2033,3282-4942-1,158,2781-4951-1,Line,0.88
blind,WP2033,3462-3940-1,158,2781-4951-1,Line,0.14
sum,WP2033,3462-3940-1,158,2781-4951-1,Line,0.14
need,WP2033,3462-3940-1,158,2781-4951-1,Line,0.14
mmx,WP2033,3462-3940-1,158,2781-4951-1,Line,0.14
stale,WP2033,3462-3940-1,158,2781-4951-1,Line,0.14
roster,WP2033,3462-3940-1,158,2781-4951-1,Line,0.14
blind,WP2033,3462-3942-2,158,2781-4951-1,Line,0.16
sum,WP2033,3462-3942-2,158,2781-4951-1,Line,0.16
need,WP2033,3462-3942-2,158,2781-4951-1,Line,0.16
mmx,WP2033,3462-3942-2,158,2781-4951-1,Line,0.16
stale,WP2033,3462-3942-2,158,2781-4951-1,Line,0.16
roster,WP2033,3462-3942-2,158,2781-4951-1,Line,0.16
blind,WP2033,3464-3934-1,142,2781-4951-1,Line,0.83
sum,WP2033,3464-3934-1,142,2781-4951-1,Line,0.84
need,WP2033,3464-3934-1,142,2781-4951-1,Line,0.83
mmx,WP2033,3464-3934-1,142,2781-4951-1,Line,1.13
stale,WP2033,3464-3934-1,142,2781-4951-1,Line,1.16
roster,WP2033,3464-3934-1,142,2781-4951-1,Line,0.83
blind,WP2033,3464-3934-1,150,2781-4951-1,Line,1.68
sum,WP2033,3464-3934-1,150,2781-4951-1,Line,1.69
need,WP2033,3464-3934-1,150,2781-4951-1,Line,1.68
mmx,WP2033,3464-3934-1,150,2781-4951-1,Line,1.68
stale,WP2033,3464-3934-1,150,2781-4951-1,Line,1.72
roster,WP2033,3464-3934-1,150,2781-4951-1,Line,1.68
blind,WP2033,3464-3934-1,158,2781-4951-1,Line,3.79
sum,WP2033,3464-3934-1,158,2781-4951-1,Line,3.81
need,WP2033,3464-3934-1,158,2781-4951-1,Line,3.79
mmx,WP2033,3464-3934-1,158,2781-4951-1,Line,3.79
stale,WP2033,3464-3934-1,158,2781-4951-1,Line,3.82
roster,WP2033,3464-3934-1,158,2781-4951-1,Line,3.79
blind,WP2033,3501-4971-1,158,2781-4951-1,Line,0.13
sum,WP2033,3501-4971-1,158,2781-4951-1,Line,0.13
need,WP2033,3501-4971-1,158,2781-4951-1,Line,0.13
stale,WP2033,3501-4971-1,158,2781-4951-1,Line,0.13
roster,WP2033,3501-4971-1,158,2781-4951-1,Line,0.13
gnet,WP2033,3501-4971-1,158,2781-4951-1,Line,0.21
eir,WP2033,3521-4781-1,154,T3464-3462-34641-1-w1,Transformer,0.52
eir,WP2033,3521-4781-1,154,T3464-3462-34641-1-w2,Transformer,0.52
blind,WP2033,3521-4781-1,154,T3464-3462-34641-1-w1,Transformer,0.55
blind,WP2033,3521-4781-1,154,T3464-3462-34641-1-w2,Transformer,0.55
sum,WP2033,3521-4781-1,154,T3464-3462-34641-1-w1,Transformer,0.55
sum,WP2033,3521-4781-1,154,T3464-3462-34641-1-w2,Transformer,0.55
need,WP2033,3521-4781-1,154,T3464-3462-34641-1-w1,Transformer,0.55
need,WP2033,3521-4781-1,154,T3464-3462-34641-1-w2,Transformer,0.55
mmx,WP2033,3521-4781-1,154,T3464-3462-34641-1-w1,Transformer,0.55
mmx,WP2033,3521-4781-1,154,T3464-3462-34641-1-w2,Transformer,0.55
stale,WP2033,3521-4781-1,154,T3464-3462-34641-1-w1,Transformer,0.55
stale,WP2033,3521-4781-1,154,T3464-3462-34641-1-w2,Transformer,0.55
roster,WP2033,3521-4781-1,154,T3464-3462-34641-1-w1,Transformer,0.55
roster,WP2033,3521-4781-1,154,T3464-3462-34641-1-w2,Transformer,0.55
gper,WP2033,3521-4781-1,154,T3464-3462-34641-1-w1,Transformer,0.54
gper,WP2033,3521-4781-1,154,T3464-3462-34641-1-w2,Transformer,0.54
gnet,WP2033,3521-4781-1,154,T3464-3462-34641-1-w1,Transformer,0.54
gnet,WP2033,3521-4781-1,154,T3464-3462-34641-1-w2,Transformer,0.54
mmx,WP2033,3551-4481-1,158,2781-4951-1,Line,0.15
blind,WP2033,3554-22044-1,142,2781-4951-1,Line,0.96
sum,WP2033,3554-22044-1,142,2781-4951-1,Line,0.96
need,WP2033,3554-22044-1,142,2781-4951-1,Line,0.96
roster,WP2033,3554-22044-1,142,2781-4951-1,Line,0.96
blind,WP2033,3554-22044-1,146,2781-4951-1,Line,0.14
sum,WP2033,3554-22044-1,146,2781-4951-1,Line,0.18
need,WP2033,3554-22044-1,146,2781-4951-1,Line,0.14
roster,WP2033,3554-22044-1,146,2781-4951-1,Line,0.14
blind,WP2033,3554-22044-1,150,2781-4951-1,Line,2.25
sum,WP2033,3554-22044-1,150,2781-4951-1,Line,2.28
need,WP2033,3554-22044-1,150,2781-4951-1,Line,2.25
roster,WP2033,3554-22044-1,150,2781-4951-1,Line,2.25
blind,WP2033,3554-22044-1,158,2781-4951-1,Line,4.7
sum,WP2033,3554-22044-1,158,2781-4951-1,Line,4.74
need,WP2033,3554-22044-1,158,2781-4951-1,Line,4.7
roster,WP2033,3554-22044-1,158,2781-4951-1,Line,4.7
blind,WP2033,3554-39444-1,142,2781-4951-1,Line,1.73
sum,WP2033,3554-39444-1,142,2781-4951-1,Line,1.73
need,WP2033,3554-39444-1,142,2781-4951-1,Line,1.73
roster,WP2033,3554-39444-1,142,2781-4951-1,Line,1.73
blind,WP2033,3554-39444-1,146,2781-4951-1,Line,0.92
sum,WP2033,3554-39444-1,146,2781-4951-1,Line,0.98
need,WP2033,3554-39444-1,146,2781-4951-1,Line,0.92
roster,WP2033,3554-39444-1,146,2781-4951-1,Line,0.92
blind,WP2033,3554-39444-1,150,2781-4951-1,Line,2.99
sum,WP2033,3554-39444-1,150,2781-4951-1,Line,3.03
need,WP2033,3554-39444-1,150,2781-4951-1,Line,2.99
roster,WP2033,3554-39444-1,150,2781-4951-1,Line,2.99
blind,WP2033,3554-39444-1,158,2781-4951-1,Line,5.11
sum,WP2033,3554-39444-1,158,2781-4951-1,Line,5.16
need,WP2033,3554-39444-1,158,2781-4951-1,Line,5.11
roster,WP2033,3554-39444-1,158,2781-4951-1,Line,5.11
blind,WP2033,3571-4481-1,158,2781-4951-1,Line,0.26
sum,WP2033,3571-4481-1,158,2781-4951-1,Line,0.26
need,WP2033,3571-4481-1,158,2781-4951-1,Line,0.26
stale,WP2033,3571-4481-1,158,2781-4951-1,Line,0.26
roster,WP2033,3571-4481-1,158,2781-4951-1,Line,0.26
blind,WP2033,3571-5081-1,158,2781-4951-1,Line,0.19
sum,WP2033,3571-5081-1,158,2781-4951-1,Line,0.19
need,WP2033,3571-5081-1,158,2781-4951-1,Line,0.19
mmx,WP2033,3571-5081-1,158,2781-4951-1,Line,0.22
stale,WP2033,3571-5081-1,158,2781-4951-1,Line,0.19
roster,WP2033,3571-5081-1,158,2781-4951-1,Line,0.19
eir,WP2033,3581-28019-1,114,2781-4951-1,Line,0.18
blind,WP2033,3581-28019-1,114,2781-4951-1,Line,0.15
sum,WP2033,3581-28019-1,114,2781-4951-1,Line,0.15
need,WP2033,3581-28019-1,114,2781-4951-1,Line,0.15
mmx,WP2033,3581-28019-1,114,2781-4951-1,Line,0.15
stale,WP2033,3581-28019-1,114,2781-4951-1,Line,0.23
roster,WP2033,3581-28019-1,114,2781-4951-1,Line,0.15
gper,WP2033,3581-28019-1,114,2781-4951-1,Line,0.16
gnet,WP2033,3581-28019-1,114,2781-4951-1,Line,0.16
blind,WP2033,3934-3944-1,142,2781-4951-1,Line,0.76
sum,WP2033,3934-3944-1,142,2781-4951-1,Line,0.76
need,WP2033,3934-3944-1,142,2781-4951-1,Line,0.76
mmx,WP2033,3934-3944-1,142,2781-4951-1,Line,1.08
stale,WP2033,3934-3944-1,142,2781-4951-1,Line,1.23
roster,WP2033,3934-3944-1,142,2781-4951-1,Line,0.76
blind,WP2033,3934-3944-1,150,2781-4951-1,Line,1.57
sum,WP2033,3934-3944-1,150,2781-4951-1,Line,1.57
need,WP2033,3934-3944-1,150,2781-4951-1,Line,1.57
mmx,WP2033,3934-3944-1,150,2781-4951-1,Line,1.57
stale,WP2033,3934-3944-1,150,2781-4951-1,Line,1.64
roster,WP2033,3934-3944-1,150,2781-4951-1,Line,1.57
blind,WP2033,3934-3944-1,158,2781-4951-1,Line,3.56
sum,WP2033,3934-3944-1,158,2781-4951-1,Line,3.56
need,WP2033,3934-3944-1,158,2781-4951-1,Line,3.56
mmx,WP2033,3934-3944-1,158,2781-4951-1,Line,3.56
stale,WP2033,3934-3944-1,158,2781-4951-1,Line,3.6
roster,WP2033,3934-3944-1,158,2781-4951-1,Line,3.56
blind,WP2033,3940-3942-1,158,2781-4951-1,Line,0.2
sum,WP2033,3940-3942-1,158,2781-4951-1,Line,0.2
need,WP2033,3940-3942-1,158,2781-4951-1,Line,0.2
mmx,WP2033,3940-3942-1,158,2781-4951-1,Line,0.2
stale,WP2033,3940-3942-1,158,2781-4951-1,Line,0.2
roster,WP2033,3940-3942-1,158,2781-4951-1,Line,0.2
blind,WP2033,3944-3954-1,142,2781-4951-1,Line,0.15
sum,WP2033,3944-3954-1,142,2781-4951-1,Line,0.15
need,WP2033,3944-3954-1,142,2781-4951-1,Line,0.15
stale,WP2033,3944-3954-1,142,2781-4951-1,Line,0.19
roster,WP2033,3944-3954-1,142,2781-4951-1,Line,0.15
blind,WP2033,3944-3954-1,150,2781-4951-1,Line,1.0
sum,WP2033,3944-3954-1,150,2781-4951-1,Line,1.01
need,WP2033,3944-3954-1,150,2781-4951-1,Line,1.01
mmx,WP2033,3944-3954-1,150,2781-4951-1,Line,1.01
stale,WP2033,3944-3954-1,150,2781-4951-1,Line,1.01
roster,WP2033,3944-3954-1,150,2781-4951-1,Line,1.01
blind,WP2033,3944-3954-1,158,2781-4951-1,Line,3.09
sum,WP2033,3944-3954-1,158,2781-4951-1,Line,3.1
need,WP2033,3944-3954-1,158,2781-4951-1,Line,3.1
mmx,WP2033,3944-3954-1,158,2781-4951-1,Line,3.1
stale,WP2033,3944-3954-1,158,2781-4951-1,Line,3.11
roster,WP2033,3944-3954-1,158,2781-4951-1,Line,3.1
blind,WP2033,3944-39444-1,142,2781-4951-1,Line,1.73
sum,WP2033,3944-39444-1,142,2781-4951-1,Line,1.73
need,WP2033,3944-39444-1,142,2781-4951-1,Line,1.73
roster,WP2033,3944-39444-1,142,2781-4951-1,Line,1.73
blind,WP2033,3944-39444-1,146,2781-4951-1,Line,0.92
sum,WP2033,3944-39444-1,146,2781-4951-1,Line,0.98
need,WP2033,3944-39444-1,146,2781-4951-1,Line,0.92
roster,WP2033,3944-39444-1,146,2781-4951-1,Line,0.92
blind,WP2033,3944-39444-1,150,2781-4951-1,Line,2.99
sum,WP2033,3944-39444-1,150,2781-4951-1,Line,3.03
need,WP2033,3944-39444-1,150,2781-4951-1,Line,2.99
roster,WP2033,3944-39444-1,150,2781-4951-1,Line,2.99
blind,WP2033,3944-39444-1,158,2781-4951-1,Line,5.11
sum,WP2033,3944-39444-1,158,2781-4951-1,Line,5.16
need,WP2033,3944-39444-1,158,2781-4951-1,Line,5.11
roster,WP2033,3944-39444-1,158,2781-4951-1,Line,5.11
blind,WP2033,4001-4971-1,158,2781-4951-1,Line,0.13
sum,WP2033,4001-4971-1,158,2781-4951-1,Line,0.13
need,WP2033,4001-4971-1,158,2781-4951-1,Line,0.13
stale,WP2033,4001-4971-1,158,2781-4951-1,Line,0.13
roster,WP2033,4001-4971-1,158,2781-4951-1,Line,0.13
gnet,WP2033,4001-4971-1,158,2781-4951-1,Line,0.21
eir,WP2033,4242-4462-1,0,2781-4951-1,Line,3.82
eir,WP2033,4242-4462-1,0,3581-89516-1,Line,2.3
eir,WP2033,4242-4462-1,0,T89510-89515-1,Transformer,0.3
eir,WP2033,4242-4462-1,0,T89515-89516-1,Transformer,0.3
blind,WP2033,4242-4462-1,0,2781-4951-1,Line,1.79
blind,WP2033,4242-4462-1,0,3581-89516-1,Line,1.33
sum,WP2033,4242-4462-1,0,2781-4951-1,Line,1.79
sum,WP2033,4242-4462-1,0,3581-89516-1,Line,1.33
need,WP2033,4242-4462-1,0,2781-4951-1,Line,1.79
need,WP2033,4242-4462-1,0,3581-89516-1,Line,1.33
mmx,WP2033,4242-4462-1,0,2781-4951-1,Line,1.79
mmx,WP2033,4242-4462-1,0,3581-89516-1,Line,1.33
stale,WP2033,4242-4462-1,0,2781-4951-1,Line,1.91
stale,WP2033,4242-4462-1,0,3581-89516-1,Line,1.42
roster,WP2033,4242-4462-1,0,2781-4951-1,Line,1.79
roster,WP2033,4242-4462-1,0,3581-89516-1,Line,1.33
gper,WP2033,4242-4462-1,0,2781-4951-1,Line,2.36
gper,WP2033,4242-4462-1,0,3581-89516-1,Line,1.61
gnet,WP2033,4242-4462-1,0,2781-4951-1,Line,2.36
gnet,WP2033,4242-4462-1,0,3581-89516-1,Line,1.61
eir,WP2033,4242-4462-1,4,2781-4951-1,Line,3.84
eir,WP2033,4242-4462-1,4,3581-89516-1,Line,2.31
eir,WP2033,4242-4462-1,4,T89510-89515-1,Transformer,0.31
eir,WP2033,4242-4462-1,4,T89515-89516-1,Transformer,0.31
blind,WP2033,4242-4462-1,4,2781-4951-1,Line,1.8
blind,WP2033,4242-4462-1,4,3581-89516-1,Line,1.34
sum,WP2033,4242-4462-1,4,2781-4951-1,Line,1.8
sum,WP2033,4242-4462-1,4,3581-89516-1,Line,1.34
need,WP2033,4242-4462-1,4,2781-4951-1,Line,1.8
need,WP2033,4242-4462-1,4,3581-89516-1,Line,1.34
mmx,WP2033,4242-4462-1,4,2781-4951-1,Line,1.8
mmx,WP2033,4242-4462-1,4,3581-89516-1,Line,1.34
stale,WP2033,4242-4462-1,4,2781-4951-1,Line,1.92
stale,WP2033,4242-4462-1,4,3581-89516-1,Line,1.42
roster,WP2033,4242-4462-1,4,2781-4951-1,Line,1.8
roster,WP2033,4242-4462-1,4,3581-89516-1,Line,1.34
gper,WP2033,4242-4462-1,4,2781-4951-1,Line,2.37
gper,WP2033,4242-4462-1,4,3581-89516-1,Line,1.61
gnet,WP2033,4242-4462-1,4,2781-4951-1,Line,2.37
gnet,WP2033,4242-4462-1,4,3581-89516-1,Line,1.61
eir,WP2033,4242-4462-1,8,3581-89516-1,Line,1.28
blind,WP2033,4242-4462-1,8,3581-89516-1,Line,0.59
sum,WP2033,4242-4462-1,8,3581-89516-1,Line,0.59
need,WP2033,4242-4462-1,8,3581-89516-1,Line,0.59
mmx,WP2033,4242-4462-1,8,3581-89516-1,Line,0.59
stale,WP2033,4242-4462-1,8,3581-89516-1,Line,0.65
roster,WP2033,4242-4462-1,8,3581-89516-1,Line,0.59
gper,WP2033,4242-4462-1,8,3581-89516-1,Line,0.79
gnet,WP2033,4242-4462-1,8,3581-89516-1,Line,0.79
eir,WP2033,4242-4462-1,12,3581-89516-1,Line,0.76
blind,WP2033,4242-4462-1,12,3581-89516-1,Line,0.42
sum,WP2033,4242-4462-1,12,3581-89516-1,Line,0.42
need,WP2033,4242-4462-1,12,3581-89516-1,Line,0.42
mmx,WP2033,4242-4462-1,12,3581-89516-1,Line,0.42
stale,WP2033,4242-4462-1,12,3581-89516-1,Line,0.45
roster,WP2033,4242-4462-1,12,3581-89516-1,Line,0.42
gper,WP2033,4242-4462-1,12,3581-89516-1,Line,0.52
gnet,WP2033,4242-4462-1,12,3581-89516-1,Line,0.52
eir,WP2033,4242-4462-1,20,2781-4951-1,Line,2.32
eir,WP2033,4242-4462-1,20,3581-89516-1,Line,1.37
blind,WP2033,4242-4462-1,20,2781-4951-1,Line,1.01
blind,WP2033,4242-4462-1,20,3581-89516-1,Line,0.76
sum,WP2033,4242-4462-1,20,2781-4951-1,Line,1.01
sum,WP2033,4242-4462-1,20,3581-89516-1,Line,0.76
need,WP2033,4242-4462-1,20,2781-4951-1,Line,1.01
need,WP2033,4242-4462-1,20,3581-89516-1,Line,0.76
mmx,WP2033,4242-4462-1,20,2781-4951-1,Line,1.01
mmx,WP2033,4242-4462-1,20,3581-89516-1,Line,0.76
stale,WP2033,4242-4462-1,20,2781-4951-1,Line,1.07
stale,WP2033,4242-4462-1,20,3581-89516-1,Line,0.8
roster,WP2033,4242-4462-1,20,2781-4951-1,Line,1.01
roster,WP2033,4242-4462-1,20,3581-89516-1,Line,0.76
gper,WP2033,4242-4462-1,20,2781-4951-1,Line,1.37
gper,WP2033,4242-4462-1,20,3581-89516-1,Line,0.93
gnet,WP2033,4242-4462-1,20,2781-4951-1,Line,1.37
gnet,WP2033,4242-4462-1,20,3581-89516-1,Line,0.93
eir,WP2033,4242-4462-1,24,2781-4951-1,Line,4.09
eir,WP2033,4242-4462-1,24,3581-89516-1,Line,2.46
eir,WP2033,4242-4462-1,24,T89510-89515-1,Transformer,0.46
eir,WP2033,4242-4462-1,24,T89515-89516-1,Transformer,0.46
blind,WP2033,4242-4462-1,24,2781-4951-1,Line,1.92
blind,WP2033,4242-4462-1,24,3581-89516-1,Line,1.43
sum,WP2033,4242-4462-1,24,2781-4951-1,Line,1.92
sum,WP2033,4242-4462-1,24,3581-89516-1,Line,1.43
need,WP2033,4242-4462-1,24,2781-4951-1,Line,1.92
need,WP2033,4242-4462-1,24,3581-89516-1,Line,1.43
mmx,WP2033,4242-4462-1,24,2781-4951-1,Line,1.92
mmx,WP2033,4242-4462-1,24,3581-89516-1,Line,1.43
stale,WP2033,4242-4462-1,24,2781-4951-1,Line,2.04
stale,WP2033,4242-4462-1,24,3581-89516-1,Line,1.52
roster,WP2033,4242-4462-1,24,2781-4951-1,Line,1.92
roster,WP2033,4242-4462-1,24,3581-89516-1,Line,1.43
gper,WP2033,4242-4462-1,24,2781-4951-1,Line,2.53
gper,WP2033,4242-4462-1,24,3581-89516-1,Line,1.72
gnet,WP2033,4242-4462-1,24,2781-4951-1,Line,2.53
gnet,WP2033,4242-4462-1,24,3581-89516-1,Line,1.72
eir,WP2033,4242-4462-1,28,2781-4951-1,Line,4.0
eir,WP2033,4242-4462-1,28,3581-89516-1,Line,2.41
eir,WP2033,4242-4462-1,28,T89510-89515-1,Transformer,0.41
eir,WP2033,4242-4462-1,28,T89515-89516-1,Transformer,0.41
blind,WP2033,4242-4462-1,28,2781-4951-1,Line,1.88
blind,WP2033,4242-4462-1,28,3581-89516-1,Line,1.39
sum,WP2033,4242-4462-1,28,2781-4951-1,Line,1.88
sum,WP2033,4242-4462-1,28,3581-89516-1,Line,1.39
need,WP2033,4242-4462-1,28,2781-4951-1,Line,1.88
need,WP2033,4242-4462-1,28,3581-89516-1,Line,1.39
mmx,WP2033,4242-4462-1,28,2781-4951-1,Line,1.88
mmx,WP2033,4242-4462-1,28,3581-89516-1,Line,1.39
stale,WP2033,4242-4462-1,28,2781-4951-1,Line,2.0
stale,WP2033,4242-4462-1,28,3581-89516-1,Line,1.48
roster,WP2033,4242-4462-1,28,2781-4951-1,Line,1.88
roster,WP2033,4242-4462-1,28,3581-89516-1,Line,1.39
gper,WP2033,4242-4462-1,28,2781-4951-1,Line,2.47
gper,WP2033,4242-4462-1,28,3581-89516-1,Line,1.68
gnet,WP2033,4242-4462-1,28,2781-4951-1,Line,2.47
gnet,WP2033,4242-4462-1,28,3581-89516-1,Line,1.68
eir,WP2033,4242-4462-1,105,2781-4951-1,Line,0.99
eir,WP2033,4242-4462-1,105,3581-89516-1,Line,0.54
blind,WP2033,4242-4462-1,105,2781-4951-1,Line,0.37
blind,WP2033,4242-4462-1,105,3581-89516-1,Line,0.3
sum,WP2033,4242-4462-1,105,2781-4951-1,Line,0.37
sum,WP2033,4242-4462-1,105,3581-89516-1,Line,0.3
need,WP2033,4242-4462-1,105,2781-4951-1,Line,0.37
need,WP2033,4242-4462-1,105,3581-89516-1,Line,0.3
mmx,WP2033,4242-4462-1,105,2781-4951-1,Line,0.37
mmx,WP2033,4242-4462-1,105,3581-89516-1,Line,0.3
stale,WP2033,4242-4462-1,105,2781-4951-1,Line,0.4
stale,WP2033,4242-4462-1,105,3581-89516-1,Line,0.31
roster,WP2033,4242-4462-1,105,2781-4951-1,Line,0.37
roster,WP2033,4242-4462-1,105,3581-89516-1,Line,0.3
gper,WP2033,4242-4462-1,105,2781-4951-1,Line,0.54
gper,WP2033,4242-4462-1,105,3581-89516-1,Line,0.36
gnet,WP2033,4242-4462-1,105,2781-4951-1,Line,0.54
gnet,WP2033,4242-4462-1,105,3581-89516-1,Line,0.36
eir,WP2033,4242-4462-1,114,2781-4951-1,Line,4.55
eir,WP2033,4242-4462-1,114,3581-89516-1,Line,2.74
eir,WP2033,4242-4462-1,114,T89510-89515-1,Transformer,0.74
eir,WP2033,4242-4462-1,114,T89515-89516-1,Transformer,0.74
blind,WP2033,4242-4462-1,114,1472-5022-1,Line,3.95
blind,WP2033,4242-4462-1,114,2781-4951-1,Line,2.14
blind,WP2033,4242-4462-1,114,3581-89516-1,Line,1.59
sum,WP2033,4242-4462-1,114,1472-5022-1,Line,3.95
sum,WP2033,4242-4462-1,114,2781-4951-1,Line,2.14
sum,WP2033,4242-4462-1,114,3581-89516-1,Line,1.59
need,WP2033,4242-4462-1,114,1472-5022-1,Line,3.95
need,WP2033,4242-4462-1,114,2781-4951-1,Line,2.14
need,WP2033,4242-4462-1,114,3581-89516-1,Line,1.59
mmx,WP2033,4242-4462-1,114,1472-5022-1,Line,3.95
mmx,WP2033,4242-4462-1,114,2781-4951-1,Line,2.14
mmx,WP2033,4242-4462-1,114,3581-89516-1,Line,1.59
stale,WP2033,4242-4462-1,114,1472-5022-1,Line,9.19
stale,WP2033,4242-4462-1,114,2781-4951-1,Line,2.27
stale,WP2033,4242-4462-1,114,3581-89516-1,Line,1.69
roster,WP2033,4242-4462-1,114,1472-5022-1,Line,3.95
roster,WP2033,4242-4462-1,114,2781-4951-1,Line,2.14
roster,WP2033,4242-4462-1,114,3581-89516-1,Line,1.59
gper,WP2033,4242-4462-1,114,2781-4951-1,Line,2.81
gper,WP2033,4242-4462-1,114,3581-89516-1,Line,1.91
gnet,WP2033,4242-4462-1,114,2781-4951-1,Line,2.81
gnet,WP2033,4242-4462-1,114,3581-89516-1,Line,1.91
eir,WP2033,4242-4462-1,122,2781-4951-1,Line,1.11
eir,WP2033,4242-4462-1,122,3581-89516-1,Line,0.68
blind,WP2033,4242-4462-1,122,2781-4951-1,Line,0.51
blind,WP2033,4242-4462-1,122,3581-89516-1,Line,0.4
sum,WP2033,4242-4462-1,122,2781-4951-1,Line,0.51
sum,WP2033,4242-4462-1,122,3581-89516-1,Line,0.4
need,WP2033,4242-4462-1,122,2781-4951-1,Line,0.51
need,WP2033,4242-4462-1,122,3581-89516-1,Line,0.4
mmx,WP2033,4242-4462-1,122,2781-4951-1,Line,0.51
mmx,WP2033,4242-4462-1,122,3581-89516-1,Line,0.4
stale,WP2033,4242-4462-1,122,2781-4951-1,Line,0.55
stale,WP2033,4242-4462-1,122,3581-89516-1,Line,0.42
roster,WP2033,4242-4462-1,122,2781-4951-1,Line,0.51
roster,WP2033,4242-4462-1,122,3581-89516-1,Line,0.4
gper,WP2033,4242-4462-1,122,2781-4951-1,Line,0.68
gper,WP2033,4242-4462-1,122,3581-89516-1,Line,0.48
gnet,WP2033,4242-4462-1,122,2781-4951-1,Line,0.68
gnet,WP2033,4242-4462-1,122,3581-89516-1,Line,0.48
eir,WP2033,4242-4462-1,138,2781-4951-1,Line,0.54
eir,WP2033,4242-4462-1,138,3581-89516-1,Line,0.35
blind,WP2033,4242-4462-1,138,2781-4951-1,Line,0.27
blind,WP2033,4242-4462-1,138,3581-89516-1,Line,0.22
sum,WP2033,4242-4462-1,138,2781-4951-1,Line,0.27
sum,WP2033,4242-4462-1,138,3581-89516-1,Line,0.22
need,WP2033,4242-4462-1,138,2781-4951-1,Line,0.27
need,WP2033,4242-4462-1,138,3581-89516-1,Line,0.22
mmx,WP2033,4242-4462-1,138,2781-4951-1,Line,0.27
mmx,WP2033,4242-4462-1,138,3581-89516-1,Line,0.22
stale,WP2033,4242-4462-1,138,2781-4951-1,Line,0.28
stale,WP2033,4242-4462-1,138,3581-89516-1,Line,0.23
roster,WP2033,4242-4462-1,138,2781-4951-1,Line,0.27
roster,WP2033,4242-4462-1,138,3581-89516-1,Line,0.22
gper,WP2033,4242-4462-1,138,2781-4951-1,Line,0.34
gper,WP2033,4242-4462-1,138,3581-89516-1,Line,0.25
gnet,WP2033,4242-4462-1,138,2781-4951-1,Line,0.34
gnet,WP2033,4242-4462-1,138,3581-89516-1,Line,0.25
eir,WP2033,4382-5172-1,4,2781-4951-1,Line,0.15
gper,WP2033,4382-5172-1,4,2781-4951-1,Line,0.13
gnet,WP2033,4382-5172-1,4,2781-4951-1,Line,0.13
eir,WP2033,4382-5172-1,20,2781-4951-1,Line,0.12
eir,WP2033,4382-5172-1,24,2781-4951-1,Line,0.15
stale,WP2033,4382-5172-1,24,2781-4951-1,Line,0.11
gper,WP2033,4382-5172-1,24,2781-4951-1,Line,0.12
gnet,WP2033,4382-5172-1,24,2781-4951-1,Line,0.12
eir,WP2033,4382-5172-1,28,2781-4951-1,Line,0.21
blind,WP2033,4382-5172-1,28,2781-4951-1,Line,0.12
sum,WP2033,4382-5172-1,28,2781-4951-1,Line,0.12
need,WP2033,4382-5172-1,28,2781-4951-1,Line,0.12
mmx,WP2033,4382-5172-1,28,2781-4951-1,Line,0.12
stale,WP2033,4382-5172-1,28,2781-4951-1,Line,0.12
roster,WP2033,4382-5172-1,28,2781-4951-1,Line,0.12
gper,WP2033,4382-5172-1,28,2781-4951-1,Line,0.15
gnet,WP2033,4382-5172-1,28,2781-4951-1,Line,0.15
eir,WP2033,4382-5172-1,105,2781-4951-1,Line,0.13
gper,WP2033,4382-5172-1,105,2781-4951-1,Line,0.12
gnet,WP2033,4382-5172-1,105,2781-4951-1,Line,0.12
eir,WP2033,4382-5172-1,114,2781-4951-1,Line,0.15
blind,WP2033,4382-5172-1,114,2781-4951-1,Line,0.13
sum,WP2033,4382-5172-1,114,2781-4951-1,Line,0.13
need,WP2033,4382-5172-1,114,2781-4951-1,Line,0.13
mmx,WP2033,4382-5172-1,114,2781-4951-1,Line,0.13
stale,WP2033,4382-5172-1,114,2781-4951-1,Line,0.13
roster,WP2033,4382-5172-1,114,2781-4951-1,Line,0.13
gper,WP2033,4382-5172-1,114,2781-4951-1,Line,0.14
gnet,WP2033,4382-5172-1,114,2781-4951-1,Line,0.14
eir,WP2033,4382-5172-1,118,2781-4951-1,Line,0.17
blind,WP2033,4382-5172-1,118,2781-4951-1,Line,0.13
sum,WP2033,4382-5172-1,118,2781-4951-1,Line,0.13
need,WP2033,4382-5172-1,118,2781-4951-1,Line,0.13
mmx,WP2033,4382-5172-1,118,2781-4951-1,Line,0.13
stale,WP2033,4382-5172-1,118,2781-4951-1,Line,0.13
roster,WP2033,4382-5172-1,118,2781-4951-1,Line,0.13
gper,WP2033,4382-5172-1,118,2781-4951-1,Line,0.15
gnet,WP2033,4382-5172-1,118,2781-4951-1,Line,0.15
eir,WP2033,4382-5172-1,122,2781-4951-1,Line,0.2
blind,WP2033,4382-5172-1,122,2781-4951-1,Line,0.13
sum,WP2033,4382-5172-1,122,2781-4951-1,Line,0.13
need,WP2033,4382-5172-1,122,2781-4951-1,Line,0.13
mmx,WP2033,4382-5172-1,122,2781-4951-1,Line,0.13
stale,WP2033,4382-5172-1,122,2781-4951-1,Line,0.13
roster,WP2033,4382-5172-1,122,2781-4951-1,Line,0.13
gper,WP2033,4382-5172-1,122,2781-4951-1,Line,0.15
gnet,WP2033,4382-5172-1,122,2781-4951-1,Line,0.15
eir,WP2033,4382-5172-1,138,2781-4951-1,Line,0.18
blind,WP2033,4382-5172-1,138,2781-4951-1,Line,0.13
sum,WP2033,4382-5172-1,138,2781-4951-1,Line,0.13
need,WP2033,4382-5172-1,138,2781-4951-1,Line,0.13
mmx,WP2033,4382-5172-1,138,2781-4951-1,Line,0.13
stale,WP2033,4382-5172-1,138,2781-4951-1,Line,0.13
roster,WP2033,4382-5172-1,138,2781-4951-1,Line,0.13
gper,WP2033,4382-5172-1,138,2781-4951-1,Line,0.15
gnet,WP2033,4382-5172-1,138,2781-4951-1,Line,0.15
eir,WP2033,4382-5172-1,142,2781-4951-1,Line,0.19
blind,WP2033,4382-5172-1,142,2781-4951-1,Line,0.14
sum,WP2033,4382-5172-1,142,2781-4951-1,Line,0.14
need,WP2033,4382-5172-1,142,2781-4951-1,Line,0.14
mmx,WP2033,4382-5172-1,142,2781-4951-1,Line,0.14
stale,WP2033,4382-5172-1,142,2781-4951-1,Line,0.14
roster,WP2033,4382-5172-1,142,2781-4951-1,Line,0.14
gper,WP2033,4382-5172-1,142,2781-4951-1,Line,0.17
gnet,WP2033,4382-5172-1,142,2781-4951-1,Line,0.17
blind,WP2033,4382-5172-1,158,2781-4951-1,Line,1.8
sum,WP2033,4382-5172-1,158,2781-4951-1,Line,1.8
need,WP2033,4382-5172-1,158,2781-4951-1,Line,1.8
stale,WP2033,4382-5172-1,158,2781-4951-1,Line,1.8
roster,WP2033,4382-5172-1,158,2781-4951-1,Line,1.8
eir,WP2033,4384-43844-1,28,2781-4951-1,Line,0.11
eir,WP2033,4384-43844-1,122,2781-4951-1,Line,0.11
eir,WP2033,4384-43844-1,142,2781-4951-1,Line,0.14
blind,WP2033,4384-43844-1,142,2781-4951-1,Line,0.11
sum,WP2033,4384-43844-1,142,2781-4951-1,Line,0.11
need,WP2033,4384-43844-1,142,2781-4951-1,Line,0.11
mmx,WP2033,4384-43844-1,142,2781-4951-1,Line,0.11
stale,WP2033,4384-43844-1,142,2781-4951-1,Line,0.11
roster,WP2033,4384-43844-1,142,2781-4951-1,Line,0.11
gper,WP2033,4384-43844-1,142,2781-4951-1,Line,0.13
gnet,WP2033,4384-43844-1,142,2781-4951-1,Line,0.13
eir,WP2033,4384-43844-1,158,2781-4951-1,Line,0.25
blind,WP2033,4384-43844-1,158,2781-4951-1,Line,0.14
sum,WP2033,4384-43844-1,158,2781-4951-1,Line,0.14
need,WP2033,4384-43844-1,158,2781-4951-1,Line,0.14
mmx,WP2033,4384-43844-1,158,2781-4951-1,Line,0.14
stale,WP2033,4384-43844-1,158,2781-4951-1,Line,0.14
roster,WP2033,4384-43844-1,158,2781-4951-1,Line,0.14
gper,WP2033,4384-43844-1,158,2781-4951-1,Line,0.19
gnet,WP2033,4384-43844-1,158,2781-4951-1,Line,0.19
sum,WP2033,4461-4651-3,12,3581-89516-1,Line,0.76
sum,WP2033,4461-4651-3,36,3082-3122-1,Line,21.37
sum,WP2033,4461-4651-3,61,3581-89516-1,Line,0.29
sum,WP2033,4461-4651-3,109,3581-89516-1,Line,0.37
sum,WP2033,4461-4651-3,109,T3464-3462-34641-1-w1,Transformer,4.48
sum,WP2033,4461-4651-3,109,T3464-3462-34641-1-w2,Transformer,4.48
sum,WP2033,4471-4651-4,12,3581-89516-1,Line,1.1
sum,WP2033,4471-4651-4,36,3082-3122-1,Line,39.18
sum,WP2033,4471-4651-4,61,3581-89516-1,Line,0.51
sum,WP2033,4471-4651-4,109,3581-89516-1,Line,0.71
sum,WP2033,4471-4651-4,109,T3464-3462-34641-1-w1,Transformer,8.6
sum,WP2033,4471-4651-4,109,T3464-3462-34641-1-w2,Transformer,8.6
blind,WP2033,4472-17431-1,52,T3464-3462-34641-1-w1,Transformer,2.96
blind,WP2033,4472-17431-1,52,T3464-3462-34641-1-w2,Transformer,2.96
sum,WP2033,4472-17431-1,52,T3464-3462-34641-1-w1,Transformer,2.96
sum,WP2033,4472-17431-1,52,T3464-3462-34641-1-w2,Transformer,2.96
need,WP2033,4472-17431-1,52,T3464-3462-34641-1-w1,Transformer,2.96
need,WP2033,4472-17431-1,52,T3464-3462-34641-1-w2,Transformer,2.96
mmx,WP2033,4472-17431-1,52,T3464-3462-34641-1-w1,Transformer,2.96
mmx,WP2033,4472-17431-1,52,T3464-3462-34641-1-w2,Transformer,2.96
stale,WP2033,4472-17431-1,52,T3464-3462-34641-1-w1,Transformer,3.18
stale,WP2033,4472-17431-1,52,T3464-3462-34641-1-w2,Transformer,3.18
roster,WP2033,4472-17431-1,52,T3464-3462-34641-1-w1,Transformer,2.96
roster,WP2033,4472-17431-1,52,T3464-3462-34641-1-w2,Transformer,2.96
blind,WP2033,4472-17431-1,97,3581-89516-1,Line,0.39
sum,WP2033,4472-17431-1,97,3581-89516-1,Line,0.39
need,WP2033,4472-17431-1,97,3581-89516-1,Line,0.39
mmx,WP2033,4472-17431-1,97,3581-89516-1,Line,0.39
stale,WP2033,4472-17431-1,97,3581-89516-1,Line,0.48
roster,WP2033,4472-17431-1,97,3581-89516-1,Line,0.39
gper,WP2033,4472-17431-1,97,3581-89516-1,Line,0.19
gnet,WP2033,4472-17431-1,97,3581-89516-1,Line,0.19
blind,WP2033,4472-17431-1,101,T3464-3462-34641-1-w1,Transformer,2.11
blind,WP2033,4472-17431-1,101,T3464-3462-34641-1-w2,Transformer,2.11
sum,WP2033,4472-17431-1,101,T3464-3462-34641-1-w1,Transformer,2.11
sum,WP2033,4472-17431-1,101,T3464-3462-34641-1-w2,Transformer,2.11
need,WP2033,4472-17431-1,101,T3464-3462-34641-1-w1,Transformer,2.11
need,WP2033,4472-17431-1,101,T3464-3462-34641-1-w2,Transformer,2.11
mmx,WP2033,4472-17431-1,101,T3464-3462-34641-1-w1,Transformer,2.11
mmx,WP2033,4472-17431-1,101,T3464-3462-34641-1-w2,Transformer,2.11
stale,WP2033,4472-17431-1,101,T3464-3462-34641-1-w1,Transformer,2.61
stale,WP2033,4472-17431-1,101,T3464-3462-34641-1-w2,Transformer,2.61
roster,WP2033,4472-17431-1,101,T3464-3462-34641-1-w1,Transformer,2.11
roster,WP2033,4472-17431-1,101,T3464-3462-34641-1-w2,Transformer,2.11
blind,WP2033,4472-17431-1,109,3581-89516-1,Line,0.19
blind,WP2033,4472-17431-1,109,T3464-3462-34641-1-w1,Transformer,2.31
blind,WP2033,4472-17431-1,109,T3464-3462-34641-1-w2,Transformer,2.31
sum,WP2033,4472-17431-1,109,3581-89516-1,Line,0.19
sum,WP2033,4472-17431-1,109,T3464-3462-34641-1-w1,Transformer,2.31
sum,WP2033,4472-17431-1,109,T3464-3462-34641-1-w2,Transformer,2.31
need,WP2033,4472-17431-1,109,3581-89516-1,Line,0.19
need,WP2033,4472-17431-1,109,T3464-3462-34641-1-w1,Transformer,2.31
need,WP2033,4472-17431-1,109,T3464-3462-34641-1-w2,Transformer,2.31
mmx,WP2033,4472-17431-1,109,3581-89516-1,Line,0.19
mmx,WP2033,4472-17431-1,109,T3464-3462-34641-1-w1,Transformer,2.31
mmx,WP2033,4472-17431-1,109,T3464-3462-34641-1-w2,Transformer,2.31
stale,WP2033,4472-17431-1,109,3581-89516-1,Line,0.23
stale,WP2033,4472-17431-1,109,T3464-3462-34641-1-w1,Transformer,2.78
stale,WP2033,4472-17431-1,109,T3464-3462-34641-1-w2,Transformer,2.78
roster,WP2033,4472-17431-1,109,3581-89516-1,Line,0.19
roster,WP2033,4472-17431-1,109,T3464-3462-34641-1-w1,Transformer,2.31
roster,WP2033,4472-17431-1,109,T3464-3462-34641-1-w2,Transformer,2.31
eir,WP2033,4472-30820-1,0,2781-4951-1,Line,1.29
eir,WP2033,4472-30820-1,0,3581-89516-1,Line,0.81
blind,WP2033,4472-30820-1,0,2781-4951-1,Line,0.78
blind,WP2033,4472-30820-1,0,3581-89516-1,Line,0.41
sum,WP2033,4472-30820-1,0,2781-4951-1,Line,0.78
sum,WP2033,4472-30820-1,0,3581-89516-1,Line,0.41
need,WP2033,4472-30820-1,0,2781-4951-1,Line,0.78
need,WP2033,4472-30820-1,0,3581-89516-1,Line,0.41
mmx,WP2033,4472-30820-1,0,2781-4951-1,Line,0.78
mmx,WP2033,4472-30820-1,0,3581-89516-1,Line,0.41
stale,WP2033,4472-30820-1,0,2781-4951-1,Line,1.47
stale,WP2033,4472-30820-1,0,3581-89516-1,Line,0.79
roster,WP2033,4472-30820-1,0,2781-4951-1,Line,0.78
roster,WP2033,4472-30820-1,0,3581-89516-1,Line,0.41
gper,WP2033,4472-30820-1,0,2781-4951-1,Line,0.91
gper,WP2033,4472-30820-1,0,3581-89516-1,Line,0.51
gnet,WP2033,4472-30820-1,0,2781-4951-1,Line,0.91
gnet,WP2033,4472-30820-1,0,3581-89516-1,Line,0.51
eir,WP2033,4472-30820-1,4,2781-4951-1,Line,1.08
eir,WP2033,4472-30820-1,4,3581-89516-1,Line,0.68
blind,WP2033,4472-30820-1,4,2781-4951-1,Line,0.65
blind,WP2033,4472-30820-1,4,3581-89516-1,Line,0.35
sum,WP2033,4472-30820-1,4,2781-4951-1,Line,0.65
sum,WP2033,4472-30820-1,4,3581-89516-1,Line,0.35
need,WP2033,4472-30820-1,4,2781-4951-1,Line,0.65
need,WP2033,4472-30820-1,4,3581-89516-1,Line,0.35
mmx,WP2033,4472-30820-1,4,2781-4951-1,Line,0.65
mmx,WP2033,4472-30820-1,4,3581-89516-1,Line,0.35
stale,WP2033,4472-30820-1,4,2781-4951-1,Line,1.23
stale,WP2033,4472-30820-1,4,3581-89516-1,Line,0.66
roster,WP2033,4472-30820-1,4,2781-4951-1,Line,0.65
roster,WP2033,4472-30820-1,4,3581-89516-1,Line,0.35
gper,WP2033,4472-30820-1,4,2781-4951-1,Line,0.76
gper,WP2033,4472-30820-1,4,3581-89516-1,Line,0.43
gnet,WP2033,4472-30820-1,4,2781-4951-1,Line,0.76
gnet,WP2033,4472-30820-1,4,3581-89516-1,Line,0.43
eir,WP2033,4472-30820-1,20,2781-4951-1,Line,0.95
eir,WP2033,4472-30820-1,20,3581-89516-1,Line,0.59
blind,WP2033,4472-30820-1,20,2781-4951-1,Line,0.61
blind,WP2033,4472-30820-1,20,3581-89516-1,Line,0.32
sum,WP2033,4472-30820-1,20,2781-4951-1,Line,0.61
sum,WP2033,4472-30820-1,20,3581-89516-1,Line,0.32
need,WP2033,4472-30820-1,20,2781-4951-1,Line,0.61
need,WP2033,4472-30820-1,20,3581-89516-1,Line,0.32
mmx,WP2033,4472-30820-1,20,2781-4951-1,Line,0.61
mmx,WP2033,4472-30820-1,20,3581-89516-1,Line,0.32
stale,WP2033,4472-30820-1,20,2781-4951-1,Line,1.15
stale,WP2033,4472-30820-1,20,3581-89516-1,Line,0.62
roster,WP2033,4472-30820-1,20,2781-4951-1,Line,0.61
roster,WP2033,4472-30820-1,20,3581-89516-1,Line,0.32
gper,WP2033,4472-30820-1,20,2781-4951-1,Line,0.69
gper,WP2033,4472-30820-1,20,3581-89516-1,Line,0.39
gnet,WP2033,4472-30820-1,20,2781-4951-1,Line,0.69
gnet,WP2033,4472-30820-1,20,3581-89516-1,Line,0.39
eir,WP2033,4472-30820-1,24,2781-4951-1,Line,1.34
eir,WP2033,4472-30820-1,24,3581-89516-1,Line,0.84
blind,WP2033,4472-30820-1,24,2781-4951-1,Line,0.81
blind,WP2033,4472-30820-1,24,3581-89516-1,Line,0.43
sum,WP2033,4472-30820-1,24,2781-4951-1,Line,0.81
sum,WP2033,4472-30820-1,24,3581-89516-1,Line,0.43
need,WP2033,4472-30820-1,24,2781-4951-1,Line,0.81
need,WP2033,4472-30820-1,24,3581-89516-1,Line,0.43
mmx,WP2033,4472-30820-1,24,2781-4951-1,Line,0.81
mmx,WP2033,4472-30820-1,24,3581-89516-1,Line,0.43
stale,WP2033,4472-30820-1,24,2781-4951-1,Line,1.52
stale,WP2033,4472-30820-1,24,3581-89516-1,Line,0.82
roster,WP2033,4472-30820-1,24,2781-4951-1,Line,0.81
roster,WP2033,4472-30820-1,24,3581-89516-1,Line,0.43
gper,WP2033,4472-30820-1,24,2781-4951-1,Line,0.94
gper,WP2033,4472-30820-1,24,3581-89516-1,Line,0.53
gnet,WP2033,4472-30820-1,24,2781-4951-1,Line,0.94
gnet,WP2033,4472-30820-1,24,3581-89516-1,Line,0.53
eir,WP2033,4472-30820-1,28,2781-4951-1,Line,1.04
eir,WP2033,4472-30820-1,28,3581-89516-1,Line,0.65
blind,WP2033,4472-30820-1,28,2781-4951-1,Line,0.63
blind,WP2033,4472-30820-1,28,3581-89516-1,Line,0.33
sum,WP2033,4472-30820-1,28,2781-4951-1,Line,0.63
sum,WP2033,4472-30820-1,28,3581-89516-1,Line,0.33
need,WP2033,4472-30820-1,28,2781-4951-1,Line,0.63
need,WP2033,4472-30820-1,28,3581-89516-1,Line,0.33
mmx,WP2033,4472-30820-1,28,2781-4951-1,Line,0.63
mmx,WP2033,4472-30820-1,28,3581-89516-1,Line,0.33
stale,WP2033,4472-30820-1,28,2781-4951-1,Line,1.19
stale,WP2033,4472-30820-1,28,3581-89516-1,Line,0.64
roster,WP2033,4472-30820-1,28,2781-4951-1,Line,0.63
roster,WP2033,4472-30820-1,28,3581-89516-1,Line,0.33
gper,WP2033,4472-30820-1,28,2781-4951-1,Line,0.73
gper,WP2033,4472-30820-1,28,3581-89516-1,Line,0.41
gnet,WP2033,4472-30820-1,28,2781-4951-1,Line,0.73
gnet,WP2033,4472-30820-1,28,3581-89516-1,Line,0.41
eir,WP2033,4472-30820-1,114,2781-4951-1,Line,1.2
eir,WP2033,4472-30820-1,114,3581-89516-1,Line,0.75
blind,WP2033,4472-30820-1,114,2781-4951-1,Line,0.72
blind,WP2033,4472-30820-1,114,3581-89516-1,Line,0.39
sum,WP2033,4472-30820-1,114,2781-4951-1,Line,0.72
sum,WP2033,4472-30820-1,114,3581-89516-1,Line,0.39
need,WP2033,4472-30820-1,114,2781-4951-1,Line,0.72
need,WP2033,4472-30820-1,114,3581-89516-1,Line,0.39
mmx,WP2033,4472-30820-1,114,2781-4951-1,Line,0.72
mmx,WP2033,4472-30820-1,114,3581-89516-1,Line,0.39
stale,WP2033,4472-30820-1,114,2781-4951-1,Line,1.36
stale,WP2033,4472-30820-1,114,3581-89516-1,Line,0.73
roster,WP2033,4472-30820-1,114,2781-4951-1,Line,0.72
roster,WP2033,4472-30820-1,114,3581-89516-1,Line,0.39
gper,WP2033,4472-30820-1,114,2781-4951-1,Line,0.84
gper,WP2033,4472-30820-1,114,3581-89516-1,Line,0.48
gnet,WP2033,4472-30820-1,114,2781-4951-1,Line,0.84
gnet,WP2033,4472-30820-1,114,3581-89516-1,Line,0.48
eir,WP2033,4472-30820-2,0,2781-4951-1,Line,1.26
eir,WP2033,4472-30820-2,0,3581-89516-1,Line,0.79
blind,WP2033,4472-30820-2,0,2781-4951-1,Line,0.76
blind,WP2033,4472-30820-2,0,3581-89516-1,Line,0.4
sum,WP2033,4472-30820-2,0,2781-4951-1,Line,0.76
sum,WP2033,4472-30820-2,0,3581-89516-1,Line,0.4
need,WP2033,4472-30820-2,0,2781-4951-1,Line,0.76
need,WP2033,4472-30820-2,0,3581-89516-1,Line,0.4
mmx,WP2033,4472-30820-2,0,2781-4951-1,Line,0.76
mmx,WP2033,4472-30820-2,0,3581-89516-1,Line,0.4
stale,WP2033,4472-30820-2,0,2781-4951-1,Line,1.51
stale,WP2033,4472-30820-2,0,3581-89516-1,Line,0.82
roster,WP2033,4472-30820-2,0,2781-4951-1,Line,0.76
roster,WP2033,4472-30820-2,0,3581-89516-1,Line,0.4
gper,WP2033,4472-30820-2,0,2781-4951-1,Line,0.89
gper,WP2033,4472-30820-2,0,3581-89516-1,Line,0.5
gnet,WP2033,4472-30820-2,0,2781-4951-1,Line,0.89
gnet,WP2033,4472-30820-2,0,3581-89516-1,Line,0.5
eir,WP2033,4472-30820-2,4,2781-4951-1,Line,1.05
eir,WP2033,4472-30820-2,4,3581-89516-1,Line,0.66
blind,WP2033,4472-30820-2,4,2781-4951-1,Line,0.64
blind,WP2033,4472-30820-2,4,3581-89516-1,Line,0.34
sum,WP2033,4472-30820-2,4,2781-4951-1,Line,0.64
sum,WP2033,4472-30820-2,4,3581-89516-1,Line,0.34
need,WP2033,4472-30820-2,4,2781-4951-1,Line,0.64
need,WP2033,4472-30820-2,4,3581-89516-1,Line,0.34
mmx,WP2033,4472-30820-2,4,2781-4951-1,Line,0.64
mmx,WP2033,4472-30820-2,4,3581-89516-1,Line,0.34
stale,WP2033,4472-30820-2,4,2781-4951-1,Line,1.26
stale,WP2033,4472-30820-2,4,3581-89516-1,Line,0.68
roster,WP2033,4472-30820-2,4,2781-4951-1,Line,0.64
roster,WP2033,4472-30820-2,4,3581-89516-1,Line,0.34
gper,WP2033,4472-30820-2,4,2781-4951-1,Line,0.74
gper,WP2033,4472-30820-2,4,3581-89516-1,Line,0.42
gnet,WP2033,4472-30820-2,4,2781-4951-1,Line,0.74
gnet,WP2033,4472-30820-2,4,3581-89516-1,Line,0.42
eir,WP2033,4472-30820-2,20,2781-4951-1,Line,0.93
eir,WP2033,4472-30820-2,20,3581-89516-1,Line,0.57
blind,WP2033,4472-30820-2,20,2781-4951-1,Line,0.59
blind,WP2033,4472-30820-2,20,3581-89516-1,Line,0.31
sum,WP2033,4472-30820-2,20,2781-4951-1,Line,0.59
sum,WP2033,4472-30820-2,20,3581-89516-1,Line,0.31
need,WP2033,4472-30820-2,20,2781-4951-1,Line,0.59
need,WP2033,4472-30820-2,20,3581-89516-1,Line,0.31
mmx,WP2033,4472-30820-2,20,2781-4951-1,Line,0.59
mmx,WP2033,4472-30820-2,20,3581-89516-1,Line,0.31
stale,WP2033,4472-30820-2,20,2781-4951-1,Line,1.18
stale,WP2033,4472-30820-2,20,3581-89516-1,Line,0.63
roster,WP2033,4472-30820-2,20,2781-4951-1,Line,0.59
roster,WP2033,4472-30820-2,20,3581-89516-1,Line,0.31
gper,WP2033,4472-30820-2,20,2781-4951-1,Line,0.67
gper,WP2033,4472-30820-2,20,3581-89516-1,Line,0.37
gnet,WP2033,4472-30820-2,20,2781-4951-1,Line,0.67
gnet,WP2033,4472-30820-2,20,3581-89516-1,Line,0.37
eir,WP2033,4472-30820-2,24,2781-4951-1,Line,1.31
eir,WP2033,4472-30820-2,24,3581-89516-1,Line,0.82
blind,WP2033,4472-30820-2,24,2781-4951-1,Line,0.79
blind,WP2033,4472-30820-2,24,3581-89516-1,Line,0.42
sum,WP2033,4472-30820-2,24,2781-4951-1,Line,0.79
sum,WP2033,4472-30820-2,24,3581-89516-1,Line,0.42
need,WP2033,4472-30820-2,24,2781-4951-1,Line,0.79
need,WP2033,4472-30820-2,24,3581-89516-1,Line,0.42
mmx,WP2033,4472-30820-2,24,2781-4951-1,Line,0.79
mmx,WP2033,4472-30820-2,24,3581-89516-1,Line,0.42
stale,WP2033,4472-30820-2,24,2781-4951-1,Line,1.57
stale,WP2033,4472-30820-2,24,3581-89516-1,Line,0.85
roster,WP2033,4472-30820-2,24,2781-4951-1,Line,0.79
roster,WP2033,4472-30820-2,24,3581-89516-1,Line,0.42
gper,WP2033,4472-30820-2,24,2781-4951-1,Line,0.92
gper,WP2033,4472-30820-2,24,3581-89516-1,Line,0.52
gnet,WP2033,4472-30820-2,24,2781-4951-1,Line,0.92
gnet,WP2033,4472-30820-2,24,3581-89516-1,Line,0.52
eir,WP2033,4472-30820-2,28,2781-4951-1,Line,1.02
eir,WP2033,4472-30820-2,28,3581-89516-1,Line,0.63
blind,WP2033,4472-30820-2,28,2781-4951-1,Line,0.61
blind,WP2033,4472-30820-2,28,3581-89516-1,Line,0.32
sum,WP2033,4472-30820-2,28,2781-4951-1,Line,0.61
sum,WP2033,4472-30820-2,28,3581-89516-1,Line,0.32
need,WP2033,4472-30820-2,28,2781-4951-1,Line,0.61
need,WP2033,4472-30820-2,28,3581-89516-1,Line,0.32
mmx,WP2033,4472-30820-2,28,2781-4951-1,Line,0.61
mmx,WP2033,4472-30820-2,28,3581-89516-1,Line,0.32
stale,WP2033,4472-30820-2,28,2781-4951-1,Line,1.22
stale,WP2033,4472-30820-2,28,3581-89516-1,Line,0.65
roster,WP2033,4472-30820-2,28,2781-4951-1,Line,0.61
roster,WP2033,4472-30820-2,28,3581-89516-1,Line,0.32
gper,WP2033,4472-30820-2,28,2781-4951-1,Line,0.71
gper,WP2033,4472-30820-2,28,3581-89516-1,Line,0.4
gnet,WP2033,4472-30820-2,28,2781-4951-1,Line,0.71
gnet,WP2033,4472-30820-2,28,3581-89516-1,Line,0.4
eir,WP2033,4472-30820-2,114,2781-4951-1,Line,1.17
eir,WP2033,4472-30820-2,114,3581-89516-1,Line,0.73
blind,WP2033,4472-30820-2,114,2781-4951-1,Line,0.71
blind,WP2033,4472-30820-2,114,3581-89516-1,Line,0.38
sum,WP2033,4472-30820-2,114,2781-4951-1,Line,0.71
sum,WP2033,4472-30820-2,114,3581-89516-1,Line,0.38
need,WP2033,4472-30820-2,114,2781-4951-1,Line,0.71
need,WP2033,4472-30820-2,114,3581-89516-1,Line,0.38
mmx,WP2033,4472-30820-2,114,2781-4951-1,Line,0.71
mmx,WP2033,4472-30820-2,114,3581-89516-1,Line,0.38
stale,WP2033,4472-30820-2,114,2781-4951-1,Line,1.41
stale,WP2033,4472-30820-2,114,3581-89516-1,Line,0.76
roster,WP2033,4472-30820-2,114,2781-4951-1,Line,0.71
roster,WP2033,4472-30820-2,114,3581-89516-1,Line,0.38
gper,WP2033,4472-30820-2,114,2781-4951-1,Line,0.82
gper,WP2033,4472-30820-2,114,3581-89516-1,Line,0.46
gnet,WP2033,4472-30820-2,114,2781-4951-1,Line,0.82
gnet,WP2033,4472-30820-2,114,3581-89516-1,Line,0.46
eir,WP2033,4664-5464-1,28,2781-4951-1,Line,0.11
eir,WP2033,4664-5464-1,122,2781-4951-1,Line,0.11
eir,WP2033,4664-5464-1,142,2781-4951-1,Line,0.14
blind,WP2033,4664-5464-1,142,2781-4951-1,Line,0.11
sum,WP2033,4664-5464-1,142,2781-4951-1,Line,0.11
need,WP2033,4664-5464-1,142,2781-4951-1,Line,0.11
mmx,WP2033,4664-5464-1,142,2781-4951-1,Line,0.11
stale,WP2033,4664-5464-1,142,2781-4951-1,Line,0.11
roster,WP2033,4664-5464-1,142,2781-4951-1,Line,0.11
gper,WP2033,4664-5464-1,142,2781-4951-1,Line,0.13
gnet,WP2033,4664-5464-1,142,2781-4951-1,Line,0.13
eir,WP2033,4664-5464-1,158,2781-4951-1,Line,0.25
blind,WP2033,4664-5464-1,158,2781-4951-1,Line,0.14
sum,WP2033,4664-5464-1,158,2781-4951-1,Line,0.14
need,WP2033,4664-5464-1,158,2781-4951-1,Line,0.14
mmx,WP2033,4664-5464-1,158,2781-4951-1,Line,0.14
stale,WP2033,4664-5464-1,158,2781-4951-1,Line,0.14
roster,WP2033,4664-5464-1,158,2781-4951-1,Line,0.14
gper,WP2033,4664-5464-1,158,2781-4951-1,Line,0.19
gnet,WP2033,4664-5464-1,158,2781-4951-1,Line,0.19
eir,WP2033,4664-43844-1,28,2781-4951-1,Line,0.11
eir,WP2033,4664-43844-1,122,2781-4951-1,Line,0.11
eir,WP2033,4664-43844-1,142,2781-4951-1,Line,0.14
blind,WP2033,4664-43844-1,142,2781-4951-1,Line,0.11
sum,WP2033,4664-43844-1,142,2781-4951-1,Line,0.11
need,WP2033,4664-43844-1,142,2781-4951-1,Line,0.11
mmx,WP2033,4664-43844-1,142,2781-4951-1,Line,0.11
stale,WP2033,4664-43844-1,142,2781-4951-1,Line,0.11
roster,WP2033,4664-43844-1,142,2781-4951-1,Line,0.11
gper,WP2033,4664-43844-1,142,2781-4951-1,Line,0.13
gnet,WP2033,4664-43844-1,142,2781-4951-1,Line,0.13
eir,WP2033,4664-43844-1,158,2781-4951-1,Line,0.25
blind,WP2033,4664-43844-1,158,2781-4951-1,Line,0.14
sum,WP2033,4664-43844-1,158,2781-4951-1,Line,0.14
need,WP2033,4664-43844-1,158,2781-4951-1,Line,0.14
mmx,WP2033,4664-43844-1,158,2781-4951-1,Line,0.14
stale,WP2033,4664-43844-1,158,2781-4951-1,Line,0.14
roster,WP2033,4664-43844-1,158,2781-4951-1,Line,0.14
gper,WP2033,4664-43844-1,158,2781-4951-1,Line,0.19
gnet,WP2033,4664-43844-1,158,2781-4951-1,Line,0.19
eir,WP2033,4941-5351-1,158,2781-4951-1,Line,0.11
gnet,WP2033,4942-4943-1,150,2781-4951-1,Line,0.12
blind,WP2033,4942-4943-1,158,2781-4951-1,Line,1.24
sum,WP2033,4942-4943-1,158,2781-4951-1,Line,1.35
need,WP2033,4942-4943-1,158,2781-4951-1,Line,1.21
mmx,WP2033,4942-4943-1,158,2781-4951-1,Line,1.36
stale,WP2033,4942-4943-1,158,2781-4951-1,Line,1.26
roster,WP2033,4942-4943-1,158,2781-4951-1,Line,1.24
blind,WP2033,5274-5381-1,158,2781-4951-1,Line,0.13
sum,WP2033,5274-5381-1,158,2781-4951-1,Line,0.13
need,WP2033,5274-5381-1,158,2781-4951-1,Line,0.13
mmx,WP2033,5274-5381-1,158,2781-4951-1,Line,0.13
stale,WP2033,5274-5381-1,158,2781-4951-1,Line,0.13
roster,WP2033,5274-5381-1,158,2781-4951-1,Line,0.13
eir,WP2033,5351-31019-1,158,2781-4951-1,Line,0.11
eir,WP2033,5464-90440-1,24,2781-4951-1,Line,0.15
blind,WP2033,5464-90440-1,24,2781-4951-1,Line,0.12
sum,WP2033,5464-90440-1,24,2781-4951-1,Line,0.12
need,WP2033,5464-90440-1,24,2781-4951-1,Line,0.12
mmx,WP2033,5464-90440-1,24,2781-4951-1,Line,0.12
stale,WP2033,5464-90440-1,24,2781-4951-1,Line,0.12
roster,WP2033,5464-90440-1,24,2781-4951-1,Line,0.12
gper,WP2033,5464-90440-1,24,2781-4951-1,Line,0.14
gnet,WP2033,5464-90440-1,24,2781-4951-1,Line,0.14
eir,WP2033,5464-90440-1,28,2781-4951-1,Line,0.19
blind,WP2033,5464-90440-1,28,2781-4951-1,Line,0.14
sum,WP2033,5464-90440-1,28,2781-4951-1,Line,0.14
need,WP2033,5464-90440-1,28,2781-4951-1,Line,0.14
mmx,WP2033,5464-90440-1,28,2781-4951-1,Line,0.14
stale,WP2033,5464-90440-1,28,2781-4951-1,Line,0.14
roster,WP2033,5464-90440-1,28,2781-4951-1,Line,0.14
gper,WP2033,5464-90440-1,28,2781-4951-1,Line,0.16
gnet,WP2033,5464-90440-1,28,2781-4951-1,Line,0.16
eir,WP2033,5464-90440-1,105,2781-4951-1,Line,0.17
blind,WP2033,5464-90440-1,105,2781-4951-1,Line,0.14
sum,WP2033,5464-90440-1,105,2781-4951-1,Line,0.14
need,WP2033,5464-90440-1,105,2781-4951-1,Line,0.14
mmx,WP2033,5464-90440-1,105,2781-4951-1,Line,0.14
stale,WP2033,5464-90440-1,105,2781-4951-1,Line,0.14
roster,WP2033,5464-90440-1,105,2781-4951-1,Line,0.14
gper,WP2033,5464-90440-1,105,2781-4951-1,Line,0.16
gnet,WP2033,5464-90440-1,105,2781-4951-1,Line,0.16
eir,WP2033,5464-90440-1,114,2781-4951-1,Line,0.27
blind,WP2033,5464-90440-1,114,2781-4951-1,Line,0.24
sum,WP2033,5464-90440-1,114,2781-4951-1,Line,0.24
need,WP2033,5464-90440-1,114,2781-4951-1,Line,0.24
mmx,WP2033,5464-90440-1,114,2781-4951-1,Line,0.24
stale,WP2033,5464-90440-1,114,2781-4951-1,Line,0.24
roster,WP2033,5464-90440-1,114,2781-4951-1,Line,0.24
gper,WP2033,5464-90440-1,114,2781-4951-1,Line,0.25
gnet,WP2033,5464-90440-1,114,2781-4951-1,Line,0.25
eir,WP2033,5464-90440-1,158,2781-4951-1,Line,0.18
gper,WP2033,5464-90440-1,158,2781-4951-1,Line,0.14
gnet,WP2033,5464-90440-1,158,2781-4951-1,Line,0.14
eir,WP2033,28710-28712-1,20,2781-4951-1,Line,0.11
stale,WP2033,28710-28712-1,20,2781-4951-1,Line,0.11
blind,WP2033,T1742-17431-1,52,T3464-3462-34641-1-w1,Transformer,2.96
blind,WP2033,T1742-17431-1,52,T3464-3462-34641-1-w2,Transformer,2.96
sum,WP2033,T1742-17431-1,52,T3464-3462-34641-1-w1,Transformer,2.96
sum,WP2033,T1742-17431-1,52,T3464-3462-34641-1-w2,Transformer,2.96
need,WP2033,T1742-17431-1,52,T3464-3462-34641-1-w1,Transformer,2.96
need,WP2033,T1742-17431-1,52,T3464-3462-34641-1-w2,Transformer,2.96
mmx,WP2033,T1742-17431-1,52,T3464-3462-34641-1-w1,Transformer,2.96
mmx,WP2033,T1742-17431-1,52,T3464-3462-34641-1-w2,Transformer,2.96
stale,WP2033,T1742-17431-1,52,T3464-3462-34641-1-w1,Transformer,3.18
stale,WP2033,T1742-17431-1,52,T3464-3462-34641-1-w2,Transformer,3.18
roster,WP2033,T1742-17431-1,52,T3464-3462-34641-1-w1,Transformer,2.96
roster,WP2033,T1742-17431-1,52,T3464-3462-34641-1-w2,Transformer,2.96
blind,WP2033,T1742-17431-1,97,3581-89516-1,Line,0.39
sum,WP2033,T1742-17431-1,97,3581-89516-1,Line,0.39
need,WP2033,T1742-17431-1,97,3581-89516-1,Line,0.39
mmx,WP2033,T1742-17431-1,97,3581-89516-1,Line,0.39
stale,WP2033,T1742-17431-1,97,3581-89516-1,Line,0.48
roster,WP2033,T1742-17431-1,97,3581-89516-1,Line,0.39
gper,WP2033,T1742-17431-1,97,3581-89516-1,Line,0.19
gnet,WP2033,T1742-17431-1,97,3581-89516-1,Line,0.19
blind,WP2033,T1742-17431-1,101,T3464-3462-34641-1-w1,Transformer,2.11
blind,WP2033,T1742-17431-1,101,T3464-3462-34641-1-w2,Transformer,2.11
sum,WP2033,T1742-17431-1,101,T3464-3462-34641-1-w1,Transformer,2.11
sum,WP2033,T1742-17431-1,101,T3464-3462-34641-1-w2,Transformer,2.11
need,WP2033,T1742-17431-1,101,T3464-3462-34641-1-w1,Transformer,2.11
need,WP2033,T1742-17431-1,101,T3464-3462-34641-1-w2,Transformer,2.11
mmx,WP2033,T1742-17431-1,101,T3464-3462-34641-1-w1,Transformer,2.11
mmx,WP2033,T1742-17431-1,101,T3464-3462-34641-1-w2,Transformer,2.11
stale,WP2033,T1742-17431-1,101,T3464-3462-34641-1-w1,Transformer,2.61
stale,WP2033,T1742-17431-1,101,T3464-3462-34641-1-w2,Transformer,2.61
roster,WP2033,T1742-17431-1,101,T3464-3462-34641-1-w1,Transformer,2.11
roster,WP2033,T1742-17431-1,101,T3464-3462-34641-1-w2,Transformer,2.11
blind,WP2033,T1742-17431-1,109,3581-89516-1,Line,0.19
blind,WP2033,T1742-17431-1,109,T3464-3462-34641-1-w1,Transformer,2.31
blind,WP2033,T1742-17431-1,109,T3464-3462-34641-1-w2,Transformer,2.31
sum,WP2033,T1742-17431-1,109,3581-89516-1,Line,0.19
sum,WP2033,T1742-17431-1,109,T3464-3462-34641-1-w1,Transformer,2.31
sum,WP2033,T1742-17431-1,109,T3464-3462-34641-1-w2,Transformer,2.31
need,WP2033,T1742-17431-1,109,3581-89516-1,Line,0.19
need,WP2033,T1742-17431-1,109,T3464-3462-34641-1-w1,Transformer,2.31
need,WP2033,T1742-17431-1,109,T3464-3462-34641-1-w2,Transformer,2.31
mmx,WP2033,T1742-17431-1,109,3581-89516-1,Line,0.19
mmx,WP2033,T1742-17431-1,109,T3464-3462-34641-1-w1,Transformer,2.31
mmx,WP2033,T1742-17431-1,109,T3464-3462-34641-1-w2,Transformer,2.31
stale,WP2033,T1742-17431-1,109,3581-89516-1,Line,0.23
stale,WP2033,T1742-17431-1,109,T3464-3462-34641-1-w1,Transformer,2.78
stale,WP2033,T1742-17431-1,109,T3464-3462-34641-1-w2,Transformer,2.78
roster,WP2033,T1742-17431-1,109,3581-89516-1,Line,0.19
roster,WP2033,T1742-17431-1,109,T3464-3462-34641-1-w1,Transformer,2.31
roster,WP2033,T1742-17431-1,109,T3464-3462-34641-1-w2,Transformer,2.31
blind,WP2033,T79010-79015-1,109,T3464-3462-34641-1-w1,Transformer,0.52
blind,WP2033,T79010-79015-1,109,T3464-3462-34641-1-w2,Transformer,0.52
sum,WP2033,T79010-79015-1,109,T3464-3462-34641-1-w1,Transformer,0.52
sum,WP2033,T79010-79015-1,109,T3464-3462-34641-1-w2,Transformer,0.52
need,WP2033,T79010-79015-1,109,T3464-3462-34641-1-w1,Transformer,0.52
need,WP2033,T79010-79015-1,109,T3464-3462-34641-1-w2,Transformer,0.52
mmx,WP2033,T79010-79015-1,109,T3464-3462-34641-1-w1,Transformer,0.52
mmx,WP2033,T79010-79015-1,109,T3464-3462-34641-1-w2,Transformer,0.52
stale,WP2033,T79010-79015-1,109,T3464-3462-34641-1-w1,Transformer,0.52
stale,WP2033,T79010-79015-1,109,T3464-3462-34641-1-w2,Transformer,0.52
roster,WP2033,T79010-79015-1,109,T3464-3462-34641-1-w1,Transformer,0.52
roster,WP2033,T79010-79015-1,109,T3464-3462-34641-1-w2,Transformer,0.52
eir,WP2033,T79010-79015-1,114,2781-4951-1,Line,0.2
blind,WP2033,T79010-79015-1,114,2781-4951-1,Line,0.15
sum,WP2033,T79010-79015-1,114,2781-4951-1,Line,0.15
need,WP2033,T79010-79015-1,114,2781-4951-1,Line,0.15
mmx,WP2033,T79010-79015-1,114,2781-4951-1,Line,0.15
stale,WP2033,T79010-79015-1,114,2781-4951-1,Line,0.16
roster,WP2033,T79010-79015-1,114,2781-4951-1,Line,0.15
gper,WP2033,T79010-79015-1,114,2781-4951-1,Line,0.17
gnet,WP2033,T79010-79015-1,114,2781-4951-1,Line,0.17
eir,WP2033,T79010-79015-1,118,2781-4951-1,Line,0.11
blind,WP2033,T79015-79016-1,109,T3464-3462-34641-1-w1,Transformer,0.52
blind,WP2033,T79015-79016-1,109,T3464-3462-34641-1-w2,Transformer,0.52
sum,WP2033,T79015-79016-1,109,T3464-3462-34641-1-w1,Transformer,0.52
sum,WP2033,T79015-79016-1,109,T3464-3462-34641-1-w2,Transformer,0.52
need,WP2033,T79015-79016-1,109,T3464-3462-34641-1-w1,Transformer,0.52
need,WP2033,T79015-79016-1,109,T3464-3462-34641-1-w2,Transformer,0.52
mmx,WP2033,T79015-79016-1,109,T3464-3462-34641-1-w1,Transformer,0.52
mmx,WP2033,T79015-79016-1,109,T3464-3462-34641-1-w2,Transformer,0.52
stale,WP2033,T79015-79016-1,109,T3464-3462-34641-1-w1,Transformer,0.52
stale,WP2033,T79015-79016-1,109,T3464-3462-34641-1-w2,Transformer,0.52
roster,WP2033,T79015-79016-1,109,T3464-3462-34641-1-w1,Transformer,0.52
roster,WP2033,T79015-79016-1,109,T3464-3462-34641-1-w2,Transformer,0.52
eir,WP2033,T79015-79016-1,114,2781-4951-1,Line,0.2
blind,WP2033,T79015-79016-1,114,2781-4951-1,Line,0.15
sum,WP2033,T79015-79016-1,114,2781-4951-1,Line,0.15
need,WP2033,T79015-79016-1,114,2781-4951-1,Line,0.15
mmx,WP2033,T79015-79016-1,114,2781-4951-1,Line,0.15
stale,WP2033,T79015-79016-1,114,2781-4951-1,Line,0.16
roster,WP2033,T79015-79016-1,114,2781-4951-1,Line,0.15
gper,WP2033,T79015-79016-1,114,2781-4951-1,Line,0.17
gnet,WP2033,T79015-79016-1,114,2781-4951-1,Line,0.17
eir,WP2033,T79015-79016-1,118,2781-4951-1,Line,0.11
eir,WP2033,T1212-1211-12121-1-w1,142,2781-4951-1,Line,0.44
blind,WP2033,T1212-1211-12121-1-w1,142,2781-4951-1,Line,0.44
sum,WP2033,T1212-1211-12121-1-w1,142,2781-4951-1,Line,0.44
need,WP2033,T1212-1211-12121-1-w1,142,2781-4951-1,Line,0.44
mmx,WP2033,T1212-1211-12121-1-w1,142,2781-4951-1,Line,0.44
stale,WP2033,T1212-1211-12121-1-w1,142,2781-4951-1,Line,0.66
roster,WP2033,T1212-1211-12121-1-w1,142,2781-4951-1,Line,0.44
gper,WP2033,T1212-1211-12121-1-w1,142,2781-4951-1,Line,0.44
gnet,WP2033,T1212-1211-12121-1-w1,142,2781-4951-1,Line,0.44
eir,WP2033,T1212-1211-12121-1-w1,158,2781-4951-1,Line,0.53
blind,WP2033,T1212-1211-12121-1-w1,158,2781-4951-1,Line,0.53
sum,WP2033,T1212-1211-12121-1-w1,158,2781-4951-1,Line,0.53
need,WP2033,T1212-1211-12121-1-w1,158,2781-4951-1,Line,0.53
mmx,WP2033,T1212-1211-12121-1-w1,158,2781-4951-1,Line,0.53
stale,WP2033,T1212-1211-12121-1-w1,158,2781-4951-1,Line,0.75
roster,WP2033,T1212-1211-12121-1-w1,158,2781-4951-1,Line,0.53
gper,WP2033,T1212-1211-12121-1-w1,158,2781-4951-1,Line,0.53
gnet,WP2033,T1212-1211-12121-1-w1,158,2781-4951-1,Line,0.53
eir,WP2033,T1212-1211-12121-1-w2,142,2781-4951-1,Line,0.44
blind,WP2033,T1212-1211-12121-1-w2,142,2781-4951-1,Line,0.44
sum,WP2033,T1212-1211-12121-1-w2,142,2781-4951-1,Line,0.44
need,WP2033,T1212-1211-12121-1-w2,142,2781-4951-1,Line,0.44
mmx,WP2033,T1212-1211-12121-1-w2,142,2781-4951-1,Line,0.44
stale,WP2033,T1212-1211-12121-1-w2,142,2781-4951-1,Line,0.66
roster,WP2033,T1212-1211-12121-1-w2,142,2781-4951-1,Line,0.44
gper,WP2033,T1212-1211-12121-1-w2,142,2781-4951-1,Line,0.44
gnet,WP2033,T1212-1211-12121-1-w2,142,2781-4951-1,Line,0.44
eir,WP2033,T1212-1211-12121-1-w2,158,2781-4951-1,Line,0.53
blind,WP2033,T1212-1211-12121-1-w2,158,2781-4951-1,Line,0.53
sum,WP2033,T1212-1211-12121-1-w2,158,2781-4951-1,Line,0.53
need,WP2033,T1212-1211-12121-1-w2,158,2781-4951-1,Line,0.53
mmx,WP2033,T1212-1211-12121-1-w2,158,2781-4951-1,Line,0.53
stale,WP2033,T1212-1211-12121-1-w2,158,2781-4951-1,Line,0.75
roster,WP2033,T1212-1211-12121-1-w2,158,2781-4951-1,Line,0.53
gper,WP2033,T1212-1211-12121-1-w2,158,2781-4951-1,Line,0.53
gnet,WP2033,T1212-1211-12121-1-w2,158,2781-4951-1,Line,0.53
eir,WP2033,T1212-12111-12122-2-w1,142,2781-4951-1,Line,0.44
blind,WP2033,T1212-12111-12122-2-w1,142,2781-4951-1,Line,0.44
sum,WP2033,T1212-12111-12122-2-w1,142,2781-4951-1,Line,0.44
need,WP2033,T1212-12111-12122-2-w1,142,2781-4951-1,Line,0.44
mmx,WP2033,T1212-12111-12122-2-w1,142,2781-4951-1,Line,0.44
stale,WP2033,T1212-12111-12122-2-w1,142,2781-4951-1,Line,0.47
roster,WP2033,T1212-12111-12122-2-w1,142,2781-4951-1,Line,0.44
gper,WP2033,T1212-12111-12122-2-w1,142,2781-4951-1,Line,0.44
gnet,WP2033,T1212-12111-12122-2-w1,142,2781-4951-1,Line,0.44
eir,WP2033,T1212-12111-12122-2-w1,158,2781-4951-1,Line,0.53
blind,WP2033,T1212-12111-12122-2-w1,158,2781-4951-1,Line,0.53
sum,WP2033,T1212-12111-12122-2-w1,158,2781-4951-1,Line,0.53
need,WP2033,T1212-12111-12122-2-w1,158,2781-4951-1,Line,0.53
mmx,WP2033,T1212-12111-12122-2-w1,158,2781-4951-1,Line,0.53
stale,WP2033,T1212-12111-12122-2-w1,158,2781-4951-1,Line,0.55
roster,WP2033,T1212-12111-12122-2-w1,158,2781-4951-1,Line,0.53
gper,WP2033,T1212-12111-12122-2-w1,158,2781-4951-1,Line,0.53
gnet,WP2033,T1212-12111-12122-2-w1,158,2781-4951-1,Line,0.53
eir,WP2033,T1212-12111-12122-2-w2,142,2781-4951-1,Line,0.44
blind,WP2033,T1212-12111-12122-2-w2,142,2781-4951-1,Line,0.44
sum,WP2033,T1212-12111-12122-2-w2,142,2781-4951-1,Line,0.44
need,WP2033,T1212-12111-12122-2-w2,142,2781-4951-1,Line,0.44
mmx,WP2033,T1212-12111-12122-2-w2,142,2781-4951-1,Line,0.44
stale,WP2033,T1212-12111-12122-2-w2,142,2781-4951-1,Line,0.47
roster,WP2033,T1212-12111-12122-2-w2,142,2781-4951-1,Line,0.44
gper,WP2033,T1212-12111-12122-2-w2,142,2781-4951-1,Line,0.44
gnet,WP2033,T1212-12111-12122-2-w2,142,2781-4951-1,Line,0.44
eir,WP2033,T1212-12111-12122-2-w2,158,2781-4951-1,Line,0.53
blind,WP2033,T1212-12111-12122-2-w2,158,2781-4951-1,Line,0.53
sum,WP2033,T1212-12111-12122-2-w2,158,2781-4951-1,Line,0.53
need,WP2033,T1212-12111-12122-2-w2,158,2781-4951-1,Line,0.53
mmx,WP2033,T1212-12111-12122-2-w2,158,2781-4951-1,Line,0.53
stale,WP2033,T1212-12111-12122-2-w2,158,2781-4951-1,Line,0.55
roster,WP2033,T1212-12111-12122-2-w2,158,2781-4951-1,Line,0.53
gper,WP2033,T1212-12111-12122-2-w2,158,2781-4951-1,Line,0.53
gnet,WP2033,T1212-12111-12122-2-w2,158,2781-4951-1,Line,0.53
blind,WP2033,T3464-3462-34641-1-w1,142,2781-4951-1,Line,0.83
sum,WP2033,T3464-3462-34641-1-w1,142,2781-4951-1,Line,0.84
need,WP2033,T3464-3462-34641-1-w1,142,2781-4951-1,Line,0.83
mmx,WP2033,T3464-3462-34641-1-w1,142,2781-4951-1,Line,1.13
stale,WP2033,T3464-3462-34641-1-w1,142,2781-4951-1,Line,1.16
roster,WP2033,T3464-3462-34641-1-w1,142,2781-4951-1,Line,0.83
blind,WP2033,T3464-3462-34641-1-w1,150,2781-4951-1,Line,1.68
sum,WP2033,T3464-3462-34641-1-w1,150,2781-4951-1,Line,1.69
need,WP2033,T3464-3462-34641-1-w1,150,2781-4951-1,Line,1.68
mmx,WP2033,T3464-3462-34641-1-w1,150,2781-4951-1,Line,1.68
stale,WP2033,T3464-3462-34641-1-w1,150,2781-4951-1,Line,1.72
roster,WP2033,T3464-3462-34641-1-w1,150,2781-4951-1,Line,1.68
blind,WP2033,T3464-3462-34641-1-w1,158,2781-4951-1,Line,3.79
sum,WP2033,T3464-3462-34641-1-w1,158,2781-4951-1,Line,3.81
need,WP2033,T3464-3462-34641-1-w1,158,2781-4951-1,Line,3.79
mmx,WP2033,T3464-3462-34641-1-w1,158,2781-4951-1,Line,3.79
stale,WP2033,T3464-3462-34641-1-w1,158,2781-4951-1,Line,3.82
roster,WP2033,T3464-3462-34641-1-w1,158,2781-4951-1,Line,3.79
blind,WP2033,T3464-3462-34641-1-w2,142,2781-4951-1,Line,0.83
sum,WP2033,T3464-3462-34641-1-w2,142,2781-4951-1,Line,0.84
need,WP2033,T3464-3462-34641-1-w2,142,2781-4951-1,Line,0.83
mmx,WP2033,T3464-3462-34641-1-w2,142,2781-4951-1,Line,1.13
stale,WP2033,T3464-3462-34641-1-w2,142,2781-4951-1,Line,1.16
roster,WP2033,T3464-3462-34641-1-w2,142,2781-4951-1,Line,0.83
blind,WP2033,T3464-3462-34641-1-w2,150,2781-4951-1,Line,1.68
sum,WP2033,T3464-3462-34641-1-w2,150,2781-4951-1,Line,1.69
need,WP2033,T3464-3462-34641-1-w2,150,2781-4951-1,Line,1.68
mmx,WP2033,T3464-3462-34641-1-w2,150,2781-4951-1,Line,1.68
stale,WP2033,T3464-3462-34641-1-w2,150,2781-4951-1,Line,1.72
roster,WP2033,T3464-3462-34641-1-w2,150,2781-4951-1,Line,1.68
blind,WP2033,T3464-3462-34641-1-w2,158,2781-4951-1,Line,3.79
sum,WP2033,T3464-3462-34641-1-w2,158,2781-4951-1,Line,3.81
need,WP2033,T3464-3462-34641-1-w2,158,2781-4951-1,Line,3.79
mmx,WP2033,T3464-3462-34641-1-w2,158,2781-4951-1,Line,3.79
stale,WP2033,T3464-3462-34641-1-w2,158,2781-4951-1,Line,3.82
roster,WP2033,T3464-3462-34641-1-w2,158,2781-4951-1,Line,3.79
blind,WP2033,T3934-3942-39402-1-w1,142,2781-4951-1,Line,0.85
sum,WP2033,T3934-3942-39402-1-w1,142,2781-4951-1,Line,0.85
need,WP2033,T3934-3942-39402-1-w1,142,2781-4951-1,Line,0.85
mmx,WP2033,T3934-3942-39402-1-w1,142,2781-4951-1,Line,1.1
stale,WP2033,T3934-3942-39402-1-w1,142,2781-4951-1,Line,1.25
roster,WP2033,T3934-3942-39402-1-w1,142,2781-4951-1,Line,0.85
blind,WP2033,T3934-3942-39402-1-w1,150,2781-4951-1,Line,1.77
sum,WP2033,T3934-3942-39402-1-w1,150,2781-4951-1,Line,1.77
need,WP2033,T3934-3942-39402-1-w1,150,2781-4951-1,Line,1.77
mmx,WP2033,T3934-3942-39402-1-w1,150,2781-4951-1,Line,1.77
stale,WP2033,T3934-3942-39402-1-w1,150,2781-4951-1,Line,1.78
roster,WP2033,T3934-3942-39402-1-w1,150,2781-4951-1,Line,1.77
blind,WP2033,T3934-3942-39402-1-w1,158,2781-4951-1,Line,3.89
sum,WP2033,T3934-3942-39402-1-w1,158,2781-4951-1,Line,3.89
need,WP2033,T3934-3942-39402-1-w1,158,2781-4951-1,Line,3.89
mmx,WP2033,T3934-3942-39402-1-w1,158,2781-4951-1,Line,3.89
stale,WP2033,T3934-3942-39402-1-w1,158,2781-4951-1,Line,3.9
roster,WP2033,T3934-3942-39402-1-w1,158,2781-4951-1,Line,3.89
blind,WP2033,T3934-3942-39402-1-w2,142,2781-4951-1,Line,0.85
sum,WP2033,T3934-3942-39402-1-w2,142,2781-4951-1,Line,0.85
need,WP2033,T3934-3942-39402-1-w2,142,2781-4951-1,Line,0.85
mmx,WP2033,T3934-3942-39402-1-w2,142,2781-4951-1,Line,1.1
stale,WP2033,T3934-3942-39402-1-w2,142,2781-4951-1,Line,1.25
roster,WP2033,T3934-3942-39402-1-w2,142,2781-4951-1,Line,0.85
blind,WP2033,T3934-3942-39402-1-w2,150,2781-4951-1,Line,1.77
sum,WP2033,T3934-3942-39402-1-w2,150,2781-4951-1,Line,1.77
need,WP2033,T3934-3942-39402-1-w2,150,2781-4951-1,Line,1.77
mmx,WP2033,T3934-3942-39402-1-w2,150,2781-4951-1,Line,1.77
stale,WP2033,T3934-3942-39402-1-w2,150,2781-4951-1,Line,1.78
roster,WP2033,T3934-3942-39402-1-w2,150,2781-4951-1,Line,1.77
blind,WP2033,T3934-3942-39402-1-w2,158,2781-4951-1,Line,3.89
sum,WP2033,T3934-3942-39402-1-w2,158,2781-4951-1,Line,3.89
need,WP2033,T3934-3942-39402-1-w2,158,2781-4951-1,Line,3.89
mmx,WP2033,T3934-3942-39402-1-w2,158,2781-4951-1,Line,3.89
stale,WP2033,T3934-3942-39402-1-w2,158,2781-4951-1,Line,3.9
roster,WP2033,T3934-3942-39402-1-w2,158,2781-4951-1,Line,3.89
blind,WP2033,T3954-3942-39421-2-w1,142,2781-4951-1,Line,0.15
sum,WP2033,T3954-3942-39421-2-w1,142,2781-4951-1,Line,0.15
need,WP2033,T3954-3942-39421-2-w1,142,2781-4951-1,Line,0.15
stale,WP2033,T3954-3942-39421-2-w1,142,2781-4951-1,Line,0.19
roster,WP2033,T3954-3942-39421-2-w1,142,2781-4951-1,Line,0.15
blind,WP2033,T3954-3942-39421-2-w1,150,2781-4951-1,Line,1.0
sum,WP2033,T3954-3942-39421-2-w1,150,2781-4951-1,Line,1.01
need,WP2033,T3954-3942-39421-2-w1,150,2781-4951-1,Line,1.01
mmx,WP2033,T3954-3942-39421-2-w1,150,2781-4951-1,Line,1.01
stale,WP2033,T3954-3942-39421-2-w1,150,2781-4951-1,Line,1.01
roster,WP2033,T3954-3942-39421-2-w1,150,2781-4951-1,Line,1.01
blind,WP2033,T3954-3942-39421-2-w1,158,2781-4951-1,Line,3.09
sum,WP2033,T3954-3942-39421-2-w1,158,2781-4951-1,Line,3.1
need,WP2033,T3954-3942-39421-2-w1,158,2781-4951-1,Line,3.1
mmx,WP2033,T3954-3942-39421-2-w1,158,2781-4951-1,Line,3.1
stale,WP2033,T3954-3942-39421-2-w1,158,2781-4951-1,Line,3.11
roster,WP2033,T3954-3942-39421-2-w1,158,2781-4951-1,Line,3.1
blind,WP2033,T3954-3942-39421-2-w2,142,2781-4951-1,Line,0.15
sum,WP2033,T3954-3942-39421-2-w2,142,2781-4951-1,Line,0.15
need,WP2033,T3954-3942-39421-2-w2,142,2781-4951-1,Line,0.15
stale,WP2033,T3954-3942-39421-2-w2,142,2781-4951-1,Line,0.19
roster,WP2033,T3954-3942-39421-2-w2,142,2781-4951-1,Line,0.15
blind,WP2033,T3954-3942-39421-2-w2,150,2781-4951-1,Line,1.0
sum,WP2033,T3954-3942-39421-2-w2,150,2781-4951-1,Line,1.01
need,WP2033,T3954-3942-39421-2-w2,150,2781-4951-1,Line,1.01
mmx,WP2033,T3954-3942-39421-2-w2,150,2781-4951-1,Line,1.01
stale,WP2033,T3954-3942-39421-2-w2,150,2781-4951-1,Line,1.01
roster,WP2033,T3954-3942-39421-2-w2,150,2781-4951-1,Line,1.01
blind,WP2033,T3954-3942-39421-2-w2,158,2781-4951-1,Line,3.09
sum,WP2033,T3954-3942-39421-2-w2,158,2781-4951-1,Line,3.1
need,WP2033,T3954-3942-39421-2-w2,158,2781-4951-1,Line,3.1
mmx,WP2033,T3954-3942-39421-2-w2,158,2781-4951-1,Line,3.1
stale,WP2033,T3954-3942-39421-2-w2,158,2781-4951-1,Line,3.11
roster,WP2033,T3954-3942-39421-2-w2,158,2781-4951-1,Line,3.1
eir,WP2033,T4384-4382-43821-1-w1,4,2781-4951-1,Line,0.15
gper,WP2033,T4384-4382-43821-1-w1,4,2781-4951-1,Line,0.13
gnet,WP2033,T4384-4382-43821-1-w1,4,2781-4951-1,Line,0.13
eir,WP2033,T4384-4382-43821-1-w1,20,2781-4951-1,Line,0.12
eir,WP2033,T4384-4382-43821-1-w1,24,2781-4951-1,Line,0.15
stale,WP2033,T4384-4382-43821-1-w1,24,2781-4951-1,Line,0.11
gper,WP2033,T4384-4382-43821-1-w1,24,2781-4951-1,Line,0.12
gnet,WP2033,T4384-4382-43821-1-w1,24,2781-4951-1,Line,0.12
eir,WP2033,T4384-4382-43821-1-w1,28,2781-4951-1,Line,0.21
blind,WP2033,T4384-4382-43821-1-w1,28,2781-4951-1,Line,0.12
sum,WP2033,T4384-4382-43821-1-w1,28,2781-4951-1,Line,0.12
need,WP2033,T4384-4382-43821-1-w1,28,2781-4951-1,Line,0.12
mmx,WP2033,T4384-4382-43821-1-w1,28,2781-4951-1,Line,0.12
stale,WP2033,T4384-4382-43821-1-w1,28,2781-4951-1,Line,0.12
roster,WP2033,T4384-4382-43821-1-w1,28,2781-4951-1,Line,0.12
gper,WP2033,T4384-4382-43821-1-w1,28,2781-4951-1,Line,0.15
gnet,WP2033,T4384-4382-43821-1-w1,28,2781-4951-1,Line,0.15
eir,WP2033,T4384-4382-43821-1-w1,105,2781-4951-1,Line,0.13
gper,WP2033,T4384-4382-43821-1-w1,105,2781-4951-1,Line,0.12
gnet,WP2033,T4384-4382-43821-1-w1,105,2781-4951-1,Line,0.12
eir,WP2033,T4384-4382-43821-1-w1,114,2781-4951-1,Line,0.15
blind,WP2033,T4384-4382-43821-1-w1,114,2781-4951-1,Line,0.13
sum,WP2033,T4384-4382-43821-1-w1,114,2781-4951-1,Line,0.13
need,WP2033,T4384-4382-43821-1-w1,114,2781-4951-1,Line,0.13
mmx,WP2033,T4384-4382-43821-1-w1,114,2781-4951-1,Line,0.13
stale,WP2033,T4384-4382-43821-1-w1,114,2781-4951-1,Line,0.13
roster,WP2033,T4384-4382-43821-1-w1,114,2781-4951-1,Line,0.13
gper,WP2033,T4384-4382-43821-1-w1,114,2781-4951-1,Line,0.14
gnet,WP2033,T4384-4382-43821-1-w1,114,2781-4951-1,Line,0.14
eir,WP2033,T4384-4382-43821-1-w1,118,2781-4951-1,Line,0.17
blind,WP2033,T4384-4382-43821-1-w1,118,2781-4951-1,Line,0.13
sum,WP2033,T4384-4382-43821-1-w1,118,2781-4951-1,Line,0.13
need,WP2033,T4384-4382-43821-1-w1,118,2781-4951-1,Line,0.13
mmx,WP2033,T4384-4382-43821-1-w1,118,2781-4951-1,Line,0.13
stale,WP2033,T4384-4382-43821-1-w1,118,2781-4951-1,Line,0.13
roster,WP2033,T4384-4382-43821-1-w1,118,2781-4951-1,Line,0.13
gper,WP2033,T4384-4382-43821-1-w1,118,2781-4951-1,Line,0.15
gnet,WP2033,T4384-4382-43821-1-w1,118,2781-4951-1,Line,0.15
eir,WP2033,T4384-4382-43821-1-w1,122,2781-4951-1,Line,0.2
blind,WP2033,T4384-4382-43821-1-w1,122,2781-4951-1,Line,0.13
sum,WP2033,T4384-4382-43821-1-w1,122,2781-4951-1,Line,0.13
need,WP2033,T4384-4382-43821-1-w1,122,2781-4951-1,Line,0.13
mmx,WP2033,T4384-4382-43821-1-w1,122,2781-4951-1,Line,0.13
stale,WP2033,T4384-4382-43821-1-w1,122,2781-4951-1,Line,0.13
roster,WP2033,T4384-4382-43821-1-w1,122,2781-4951-1,Line,0.13
gper,WP2033,T4384-4382-43821-1-w1,122,2781-4951-1,Line,0.15
gnet,WP2033,T4384-4382-43821-1-w1,122,2781-4951-1,Line,0.15
eir,WP2033,T4384-4382-43821-1-w1,138,2781-4951-1,Line,0.18
blind,WP2033,T4384-4382-43821-1-w1,138,2781-4951-1,Line,0.13
sum,WP2033,T4384-4382-43821-1-w1,138,2781-4951-1,Line,0.13
need,WP2033,T4384-4382-43821-1-w1,138,2781-4951-1,Line,0.13
mmx,WP2033,T4384-4382-43821-1-w1,138,2781-4951-1,Line,0.13
stale,WP2033,T4384-4382-43821-1-w1,138,2781-4951-1,Line,0.13
roster,WP2033,T4384-4382-43821-1-w1,138,2781-4951-1,Line,0.13
gper,WP2033,T4384-4382-43821-1-w1,138,2781-4951-1,Line,0.15
gnet,WP2033,T4384-4382-43821-1-w1,138,2781-4951-1,Line,0.15
eir,WP2033,T4384-4382-43821-1-w1,142,2781-4951-1,Line,0.19
blind,WP2033,T4384-4382-43821-1-w1,142,2781-4951-1,Line,0.14
sum,WP2033,T4384-4382-43821-1-w1,142,2781-4951-1,Line,0.14
need,WP2033,T4384-4382-43821-1-w1,142,2781-4951-1,Line,0.14
mmx,WP2033,T4384-4382-43821-1-w1,142,2781-4951-1,Line,0.14
stale,WP2033,T4384-4382-43821-1-w1,142,2781-4951-1,Line,0.14
roster,WP2033,T4384-4382-43821-1-w1,142,2781-4951-1,Line,0.14
gper,WP2033,T4384-4382-43821-1-w1,142,2781-4951-1,Line,0.17
gnet,WP2033,T4384-4382-43821-1-w1,142,2781-4951-1,Line,0.17
blind,WP2033,T4384-4382-43821-1-w1,158,2781-4951-1,Line,1.8
sum,WP2033,T4384-4382-43821-1-w1,158,2781-4951-1,Line,1.8
need,WP2033,T4384-4382-43821-1-w1,158,2781-4951-1,Line,1.8
stale,WP2033,T4384-4382-43821-1-w1,158,2781-4951-1,Line,1.8
roster,WP2033,T4384-4382-43821-1-w1,158,2781-4951-1,Line,1.8
eir,WP2033,T4384-4382-43821-1-w2,4,2781-4951-1,Line,0.15
gper,WP2033,T4384-4382-43821-1-w2,4,2781-4951-1,Line,0.13
gnet,WP2033,T4384-4382-43821-1-w2,4,2781-4951-1,Line,0.13
eir,WP2033,T4384-4382-43821-1-w2,20,2781-4951-1,Line,0.12
eir,WP2033,T4384-4382-43821-1-w2,24,2781-4951-1,Line,0.15
stale,WP2033,T4384-4382-43821-1-w2,24,2781-4951-1,Line,0.11
gper,WP2033,T4384-4382-43821-1-w2,24,2781-4951-1,Line,0.12
gnet,WP2033,T4384-4382-43821-1-w2,24,2781-4951-1,Line,0.12
eir,WP2033,T4384-4382-43821-1-w2,28,2781-4951-1,Line,0.21
blind,WP2033,T4384-4382-43821-1-w2,28,2781-4951-1,Line,0.12
sum,WP2033,T4384-4382-43821-1-w2,28,2781-4951-1,Line,0.12
need,WP2033,T4384-4382-43821-1-w2,28,2781-4951-1,Line,0.12
mmx,WP2033,T4384-4382-43821-1-w2,28,2781-4951-1,Line,0.12
stale,WP2033,T4384-4382-43821-1-w2,28,2781-4951-1,Line,0.12
roster,WP2033,T4384-4382-43821-1-w2,28,2781-4951-1,Line,0.12
gper,WP2033,T4384-4382-43821-1-w2,28,2781-4951-1,Line,0.15
gnet,WP2033,T4384-4382-43821-1-w2,28,2781-4951-1,Line,0.15
eir,WP2033,T4384-4382-43821-1-w2,105,2781-4951-1,Line,0.13
gper,WP2033,T4384-4382-43821-1-w2,105,2781-4951-1,Line,0.12
gnet,WP2033,T4384-4382-43821-1-w2,105,2781-4951-1,Line,0.12
eir,WP2033,T4384-4382-43821-1-w2,114,2781-4951-1,Line,0.15
blind,WP2033,T4384-4382-43821-1-w2,114,2781-4951-1,Line,0.13
sum,WP2033,T4384-4382-43821-1-w2,114,2781-4951-1,Line,0.13
need,WP2033,T4384-4382-43821-1-w2,114,2781-4951-1,Line,0.13
mmx,WP2033,T4384-4382-43821-1-w2,114,2781-4951-1,Line,0.13
stale,WP2033,T4384-4382-43821-1-w2,114,2781-4951-1,Line,0.13
roster,WP2033,T4384-4382-43821-1-w2,114,2781-4951-1,Line,0.13
gper,WP2033,T4384-4382-43821-1-w2,114,2781-4951-1,Line,0.14
gnet,WP2033,T4384-4382-43821-1-w2,114,2781-4951-1,Line,0.14
eir,WP2033,T4384-4382-43821-1-w2,118,2781-4951-1,Line,0.17
blind,WP2033,T4384-4382-43821-1-w2,118,2781-4951-1,Line,0.13
sum,WP2033,T4384-4382-43821-1-w2,118,2781-4951-1,Line,0.13
need,WP2033,T4384-4382-43821-1-w2,118,2781-4951-1,Line,0.13
mmx,WP2033,T4384-4382-43821-1-w2,118,2781-4951-1,Line,0.13
stale,WP2033,T4384-4382-43821-1-w2,118,2781-4951-1,Line,0.13
roster,WP2033,T4384-4382-43821-1-w2,118,2781-4951-1,Line,0.13
gper,WP2033,T4384-4382-43821-1-w2,118,2781-4951-1,Line,0.15
gnet,WP2033,T4384-4382-43821-1-w2,118,2781-4951-1,Line,0.15
eir,WP2033,T4384-4382-43821-1-w2,122,2781-4951-1,Line,0.2
blind,WP2033,T4384-4382-43821-1-w2,122,2781-4951-1,Line,0.13
sum,WP2033,T4384-4382-43821-1-w2,122,2781-4951-1,Line,0.13
need,WP2033,T4384-4382-43821-1-w2,122,2781-4951-1,Line,0.13
mmx,WP2033,T4384-4382-43821-1-w2,122,2781-4951-1,Line,0.13
stale,WP2033,T4384-4382-43821-1-w2,122,2781-4951-1,Line,0.13
roster,WP2033,T4384-4382-43821-1-w2,122,2781-4951-1,Line,0.13
gper,WP2033,T4384-4382-43821-1-w2,122,2781-4951-1,Line,0.15
gnet,WP2033,T4384-4382-43821-1-w2,122,2781-4951-1,Line,0.15
eir,WP2033,T4384-4382-43821-1-w2,138,2781-4951-1,Line,0.18
blind,WP2033,T4384-4382-43821-1-w2,138,2781-4951-1,Line,0.13
sum,WP2033,T4384-4382-43821-1-w2,138,2781-4951-1,Line,0.13
need,WP2033,T4384-4382-43821-1-w2,138,2781-4951-1,Line,0.13
mmx,WP2033,T4384-4382-43821-1-w2,138,2781-4951-1,Line,0.13
stale,WP2033,T4384-4382-43821-1-w2,138,2781-4951-1,Line,0.13
roster,WP2033,T4384-4382-43821-1-w2,138,2781-4951-1,Line,0.13
gper,WP2033,T4384-4382-43821-1-w2,138,2781-4951-1,Line,0.15
gnet,WP2033,T4384-4382-43821-1-w2,138,2781-4951-1,Line,0.15
eir,WP2033,T4384-4382-43821-1-w2,142,2781-4951-1,Line,0.19
blind,WP2033,T4384-4382-43821-1-w2,142,2781-4951-1,Line,0.14
sum,WP2033,T4384-4382-43821-1-w2,142,2781-4951-1,Line,0.14
need,WP2033,T4384-4382-43821-1-w2,142,2781-4951-1,Line,0.14
mmx,WP2033,T4384-4382-43821-1-w2,142,2781-4951-1,Line,0.14
stale,WP2033,T4384-4382-43821-1-w2,142,2781-4951-1,Line,0.14
roster,WP2033,T4384-4382-43821-1-w2,142,2781-4951-1,Line,0.14
gper,WP2033,T4384-4382-43821-1-w2,142,2781-4951-1,Line,0.17
gnet,WP2033,T4384-4382-43821-1-w2,142,2781-4951-1,Line,0.17
blind,WP2033,T4384-4382-43821-1-w2,158,2781-4951-1,Line,1.8
sum,WP2033,T4384-4382-43821-1-w2,158,2781-4951-1,Line,1.8
need,WP2033,T4384-4382-43821-1-w2,158,2781-4951-1,Line,1.8
stale,WP2033,T4384-4382-43821-1-w2,158,2781-4951-1,Line,1.8
roster,WP2033,T4384-4382-43821-1-w2,158,2781-4951-1,Line,1.8
sum,WP2033,T4472-4461-44623-3-w1,12,3581-89516-1,Line,0.76
sum,WP2033,T4472-4461-44623-3-w1,36,3082-3122-1,Line,21.37
sum,WP2033,T4472-4461-44623-3-w1,61,3581-89516-1,Line,0.29
sum,WP2033,T4472-4461-44623-3-w1,109,3581-89516-1,Line,0.37
sum,WP2033,T4472-4461-44623-3-w1,109,T3464-3462-34641-1-w1,Transformer,4.48
sum,WP2033,T4472-4461-44623-3-w1,109,T3464-3462-34641-1-w2,Transformer,4.48
sum,WP2033,T4472-4461-44623-3-w2,12,3581-89516-1,Line,0.76
sum,WP2033,T4472-4461-44623-3-w2,36,3082-3122-1,Line,21.37
sum,WP2033,T4472-4461-44623-3-w2,61,3581-89516-1,Line,0.29
sum,WP2033,T4472-4461-44623-3-w2,109,3581-89516-1,Line,0.37
sum,WP2033,T4472-4461-44623-3-w2,109,T3464-3462-34641-1-w1,Transformer,4.48
sum,WP2033,T4472-4461-44623-3-w2,109,T3464-3462-34641-1-w2,Transformer,4.48
sum,WP2033,T4472-4471-44624-4-w1,12,3581-89516-1,Line,1.1
sum,WP2033,T4472-4471-44624-4-w1,36,3082-3122-1,Line,39.18
sum,WP2033,T4472-4471-44624-4-w1,61,3581-89516-1,Line,0.46
sum,WP2033,T4472-4471-44624-4-w1,109,3581-89516-1,Line,0.71
sum,WP2033,T4472-4471-44624-4-w1,109,T3464-3462-34641-1-w1,Transformer,8.6
sum,WP2033,T4472-4471-44624-4-w1,109,T3464-3462-34641-1-w2,Transformer,8.6
sum,WP2033,T4472-4471-44624-4-w2,12,3581-89516-1,Line,1.1
sum,WP2033,T4472-4471-44624-4-w2,36,3082-3122-1,Line,39.18
sum,WP2033,T4472-4471-44624-4-w2,61,3581-89516-1,Line,0.46
sum,WP2033,T4472-4471-44624-4-w2,109,3581-89516-1,Line,0.71
sum,WP2033,T4472-4471-44624-4-w2,109,T3464-3462-34641-1-w1,Transformer,8.6
sum,WP2033,T4472-4471-44624-4-w2,109,T3464-3462-34641-1-w2,Transformer,8.6
