outage,branch,kind,s_nom,hours_over,peak_loading_pct,peak_overload_MW,intact_loading_pct,n_helpful_nodes,best_sensitivity
1021-2121-1,1122-1742-1,Line,513.0,3,100.1495,0.767,100.0,33,0.5458
1021-2121-1,3581-89516-1,Line,123.0,16,100.1695,0.2085,100.0,26,0.5054
1021-2121-1,T3464-3462-34641-1-w1,Transformer,500.0,6,100.1307,0.6536,100.0,56,0.186
1021-2121-1,T3464-3462-34641-1-w2,Transformer,500.0,6,100.1307,0.6536,100.0,56,0.1873
1021-2341-1,3581-89516-1,Line,123.0,15,100.1781,0.2191,100.0,26,0.5054
1021-2361-1,1122-1742-1,Line,513.0,3,100.129,0.662,100.0,33,0.5458
1021-2361-1,3581-89516-1,Line,123.0,39,100.2266,0.2788,100.0,26,0.5054
1021-10210-1,1122-1742-1,Line,513.0,2,100.1115,0.572,100.0,33,0.5459
1031-1181-1,3581-89516-1,Line,123.0,104,102.2864,2.8122,100.0,26,0.5071
1031-1181-1,T89510-89515-1,Transformer,125.0,6,100.6498,0.8122,98.4,26,0.5031
1031-1181-1,T89515-89516-1,Transformer,125.0,6,100.6498,0.8122,98.4,26,0.5058
1031-1181-1,T3464-3462-34641-1-w1,Transformer,500.0,9,100.1773,0.8867,100.0,56,0.1858
1031-1181-1,T3464-3462-34641-1-w2,Transformer,500.0,9,100.1773,0.8867,100.0,56,0.1872
1031-4221-1,3581-89516-1,Line,123.0,104,102.2864,2.8122,100.0,26,0.507
1031-4221-1,T89510-89515-1,Transformer,125.0,6,100.6498,0.8122,98.4,26,0.503
1031-4221-1,T89515-89516-1,Transformer,125.0,6,100.6498,0.8122,98.4,26,0.5057
1031-4221-1,T3464-3462-34641-1-w1,Transformer,500.0,9,100.1773,0.8867,100.0,56,0.1858
1031-4221-1,T3464-3462-34641-1-w2,Transformer,500.0,9,100.1773,0.8867,100.0,56,0.1871
1042-10422-1,1122-11260-1,Line,513.0,32,100.1154,0.592,100.0,1,0.9973
1042-10422-1,2781-4951-1,Line,106.0,37,101.2403,1.3147,100.0,5,0.8104
1042-10422-1,3581-89516-1,Line,123.0,119,100.9945,1.2232,100.0,26,0.5053
1061-10619-1,3581-89516-1,Line,123.0,24,100.3553,0.437,100.0,25,0.5055
1071-2231-1,2781-4951-1,Line,106.0,36,100.2991,0.3171,100.0,5,0.8104
1071-2361-1,1122-1742-1,Line,513.0,1,100.1145,0.5874,100.0,33,0.5457
1071-2361-1,3082-3122-1,Line,634.0,1,100.1004,0.6365,100.0,19,0.4717
1071-2361-1,3581-89516-1,Line,123.0,6,100.1667,0.205,100.0,26,0.5054
1071-2361-1,T3464-3462-34641-1-w1,Transformer,500.0,19,100.589,2.9452,100.0,55,0.1872
1071-2361-1,T3464-3462-34641-1-w2,Transformer,500.0,19,100.589,2.9452,100.0,55,0.1885
1071-4941-1,1122-1742-1,Line,513.0,8,100.1477,0.7575,100.0,33,0.5457
1071-4941-1,3082-3122-1,Line,634.0,5,100.17,1.0777,100.0,19,0.4717
1071-4941-1,3691-4041-1,Line,192.0,2,100.3329,0.6391,100.0,8,0.5533
1071-4941-1,T3464-3462-34641-1-w1,Transformer,500.0,20,101.1904,5.9518,100.0,56,0.1869
1071-4941-1,T3464-3462-34641-1-w2,Transformer,500.0,20,101.1904,5.9518,100.0,56,0.1883
1081-32810-1,T3464-3462-34641-1-w1,Transformer,500.0,12,100.1233,0.6164,100.0,56,0.186
1081-32810-1,T3464-3462-34641-1-w2,Transformer,500.0,12,100.1247,0.6236,100.0,56,0.1874
1101-2161-1,1122-1742-1,Line,513.0,9,100.2576,1.3215,100.0,33,0.5459
1101-2161-1,3082-3122-1,Line,634.0,7,100.1495,0.9476,100.0,19,0.4719
1101-2161-1,T3464-3462-34641-1-w1,Transformer,500.0,19,100.1524,0.7618,100.0,56,0.186
1101-2161-1,T3464-3462-34641-1-w2,Transformer,500.0,19,100.1559,0.7793,100.0,56,0.1873
1121-1301-1,1122-1742-1,Line,513.0,21,117.3056,88.7777,100.0,34,0.6102
1121-1301-1,3581-89516-1,Line,123.0,15,100.1279,0.1574,100.0,26,0.5053
1121-1301-1,T3464-3462-34641-1-w1,Transformer,500.0,20,100.7188,3.5941,100.0,56,0.1859
1121-1301-1,T3464-3462-34641-1-w2,Transformer,500.0,20,100.7188,3.5941,100.0,56,0.1872
1121-3181-1,2781-4951-1,Line,106.0,3,100.2632,0.279,100.0,5,0.8104
1121-3181-1,3581-89516-1,Line,123.0,36,100.3714,0.4568,100.0,26,0.5053
1121-3181-1,T3464-3462-34641-1-w1,Transformer,500.0,9,100.2635,1.3176,100.0,56,0.1858
1121-3181-1,T3464-3462-34641-1-w2,Transformer,500.0,9,100.251,1.2548,100.0,56,0.1872
1121-4321-1,3082-3122-1,Line,634.0,1,100.2846,1.8043,100.0,18,0.4752
1121-4321-1,T3464-3462-34641-1-w1,Transformer,500.0,9,100.3335,1.6674,100.0,56,0.1858
1121-4321-1,T3464-3462-34641-1-w2,Transformer,500.0,9,100.3335,1.6674,100.0,56,0.1872
1122-1742-1,1121-1301-1,Line,159.0,50,182.977,131.9334,79.6902,13,0.3309
1122-1742-1,1301-17411-1,Line,159.0,44,173.2467,116.4623,69.9599,13,0.3296
1122-1742-1,3581-89516-1,Line,123.0,67,101.2105,1.4889,100.0,26,0.5053
1122-1742-1,3691-4041-1,Line,192.0,2,100.9115,1.7501,100.0,8,0.5533
1122-1742-1,T3464-3462-34641-1-w1,Transformer,500.0,25,106.6842,33.4209,100.0,56,0.1859
1122-1742-1,T3464-3462-34641-1-w2,Transformer,500.0,25,106.6842,33.4209,100.0,57,0.1872
1122-1742-1,T3934-3942-39402-1-w1,Transformer,500.0,21,104.2925,21.4626,98.3911,56,0.192
1122-3642-1,3082-3122-1,Line,634.0,3,104.0588,25.7325,100.0,11,0.5036
1122-3642-1,3581-89516-1,Line,123.0,30,100.2815,0.3462,100.0,26,0.5053
1122-3642-1,3691-4041-1,Line,192.0,1,100.1401,0.269,100.0,8,0.5533
1122-3642-1,T3464-3462-34641-1-w1,Transformer,500.0,18,102.0159,10.0794,100.0,56,0.1868
1122-3642-1,T3464-3462-34641-1-w2,Transformer,500.0,18,102.0159,10.0794,100.0,57,0.1882
1122-11260-1,2781-4951-1,Line,106.0,10,102.8698,3.042,100.0,5,0.8104
1122-11260-1,3581-89516-1,Line,123.0,77,104.052,4.984,100.0,26,0.5053
1122-11260-1,T89510-89515-1,Transformer,125.0,66,104.031,5.0387,98.4,26,0.5013
1122-11260-1,T89515-89516-1,Transformer,125.0,56,102.9351,3.6689,98.4,26,0.504
1122-11260-1,T3464-3462-34641-1-w1,Transformer,500.0,21,102.877,14.3851,100.0,56,0.1858
1122-11260-1,T3464-3462-34641-1-w2,Transformer,500.0,21,102.74,13.7001,100.0,56,0.1871
1122-11260-1,T3934-3942-39402-1-w1,Transformer,500.0,5,100.7479,3.7394,98.3911,56,0.1922
1131-2131-1,2781-4951-1,Line,106.0,15,100.1433,0.1519,100.0,5,0.8104
1131-2131-1,3581-89516-1,Line,123.0,39,100.1178,0.1449,100.0,26,0.5053
1131-11310-1,2781-4951-1,Line,106.0,15,100.1164,0.1234,100.0,5,0.8104
1131-31911-1,2781-4951-1,Line,106.0,15,100.4336,0.4596,100.0,5,0.8104
1131-31911-1,3581-89516-1,Line,123.0,77,100.3564,0.4383,100.0,26,0.5053
1141-1911-1,1122-1742-1,Line,513.0,1,100.2123,1.089,100.0,33,0.5457
1141-1911-1,2781-4951-1,Line,106.0,37,100.1899,0.2013,100.0,5,0.8104
1141-1911-1,3082-3122-1,Line,634.0,7,100.2941,1.8648,100.0,19,0.4717
1141-3501-1,1122-1742-1,Line,513.0,9,100.8956,4.5947,100.0,33,0.5461
1141-3501-1,3082-3122-1,Line,634.0,7,100.5212,3.3044,100.0,20,0.4719
1141-3501-1,3581-89516-1,Line,123.0,16,100.8241,1.0137,100.0,26,0.507
1141-3501-1,3691-4041-1,Line,192.0,2,100.999,1.9182,100.0,8,0.5514
1141-3501-1,T3464-3462-34641-1-w1,Transformer,500.0,20,101.4667,7.3336,100.0,57,0.1866
1141-3501-1,T3464-3462-34641-1-w2,Transformer,500.0,20,101.4667,7.3336,100.0,57,0.1879
1141-4941-1,1122-1742-1,Line,513.0,9,100.7952,4.0796,100.0,33,0.5462
1141-4941-1,3082-3122-1,Line,634.0,7,100.5629,3.569,100.0,20,0.472
1141-4941-1,3691-4041-1,Line,192.0,2,101.7086,3.2805,100.0,8,0.5515
1141-4941-1,T3464-3462-34641-1-w1,Transformer,500.0,20,101.3023,6.5115,100.0,57,0.1868
1141-4941-1,T3464-3462-34641-1-w2,Transformer,500.0,20,101.3023,6.5115,100.0,57,0.1881
1151-1161-1,1122-1742-1,Line,513.0,1,100.1378,0.7069,100.0,33,0.5457
1151-1161-1,3581-89516-1,Line,123.0,4,100.1172,0.1441,100.0,26,0.5053
1151-1161-1,T3464-3462-34641-1-w1,Transformer,500.0,1,100.1286,0.6429,100.0,56,0.1873
1151-1161-1,T3464-3462-34641-1-w2,Transformer,500.0,1,100.1286,0.6429,100.0,56,0.1886
1151-3461-1,1122-1742-1,Line,513.0,1,100.1378,0.7069,100.0,33,0.5457
1151-3461-1,3581-89516-1,Line,123.0,5,100.1172,0.1441,100.0,26,0.5053
1161-1781-1,1122-1742-1,Line,513.0,8,100.1104,0.5666,100.0,33,0.5458
1161-1781-1,3691-4041-1,Line,192.0,2,100.2098,0.4027,100.0,8,0.5534
1161-1781-1,T3464-3462-34641-1-w1,Transformer,500.0,21,101.3932,6.966,100.0,56,0.1861
1161-1781-1,T3464-3462-34641-1-w2,Transformer,500.0,21,101.4059,7.0296,100.0,56,0.1874
1161-3901-1,T3464-3462-34641-1-w1,Transformer,500.0,20,100.5786,2.8929,100.0,56,0.1868
1161-3901-1,T3464-3462-34641-1-w2,Transformer,500.0,20,100.5786,2.8929,100.0,56,0.1882
1161-5051-3,2781-4951-1,Line,106.0,37,100.2179,0.231,100.0,5,0.8104
1161-5051-3,3581-89516-1,Line,123.0,118,100.2781,0.342,100.0,26,0.5054
1161-5071-4,2781-4951-1,Line,106.0,37,100.2179,0.231,100.0,5,0.8104
1161-5071-4,3581-89516-1,Line,123.0,118,100.2781,0.342,100.0,26,0.5054
1181-1861-1,1122-1742-1,Line,513.0,9,100.3034,1.5565,100.0,33,0.5457
1181-1861-1,3082-3122-1,Line,634.0,7,100.2955,1.8736,100.0,19,0.4717
1181-1861-1,3581-89516-1,Line,123.0,124,104.7181,5.8033,100.0,26,0.5053
1181-1861-1,T89510-89515-1,Transformer,125.0,98,103.0427,3.8033,98.4,25,0.5014
1181-1861-1,T89515-89516-1,Transformer,125.0,98,103.0427,3.8033,98.4,26,0.504
1181-1861-1,T3464-3462-34641-1-w1,Transformer,500.0,20,100.9057,4.5286,100.0,56,0.1862
1181-1861-1,T3464-3462-34641-1-w2,Transformer,500.0,20,100.9057,4.5286,100.0,56,0.1875
1181-2821-1,3581-89516-1,Line,123.0,49,103.551,4.3678,100.0,26,0.5139
1181-2821-1,T89510-89515-1,Transformer,125.0,19,101.8942,2.3678,98.4,26,0.5099
1181-2821-1,T89515-89516-1,Transformer,125.0,19,101.8942,2.3678,98.4,26,0.5125
1181-4961-1,3581-89516-1,Line,123.0,114,100.8901,1.0948,100.0,26,0.5061
1181-4961-2,3581-89516-1,Line,123.0,111,100.5859,0.7207,100.0,26,0.5059
1201-2561-1,2561-3781-1,Line,114.0,117,129.4989,33.6287,92.8535,0,0.0042
1201-3781-1,2561-3781-1,Line,114.0,51,116.0361,18.2811,92.8535,0,0.0032
1211-1751-1,2781-4951-1,Line,106.0,11,100.2715,0.2878,100.0,5,0.8104
1211-1751-1,3581-89516-1,Line,123.0,68,100.2194,0.2698,100.0,26,0.5053
1211-2771-1,2781-4951-1,Line,106.0,12,100.9393,0.9956,100.0,5,0.8104
1211-2771-1,3581-89516-1,Line,123.0,78,100.7589,0.9334,100.0,26,0.5053
1212-1602-1,T3464-3462-34641-1-w1,Transformer,500.0,24,105.7716,28.8582,100.0,50,0.2023
1212-1602-1,T3464-3462-34641-1-w2,Transformer,500.0,24,105.7716,28.8582,100.0,50,0.2037
1212-1602-1,T3934-3942-39402-1-w1,Transformer,500.0,17,103.6423,18.2116,98.3911,49,0.2025
1212-3332-1,1122-1742-1,Line,513.0,15,106.1534,31.5667,100.0,40,0.5469
1212-3332-1,3082-3122-1,Line,634.0,10,103.3142,21.0123,100.0,33,0.47
1221-1901-1,1122-1742-1,Line,513.0,9,100.373,1.9133,100.0,33,0.5474
1221-1901-1,3082-3122-1,Line,634.0,6,100.3196,2.0264,100.0,20,0.4722
1221-1901-1,T3464-3462-34641-1-w1,Transformer,500.0,2,100.1184,0.5921,100.0,56,0.1858
1221-1901-1,T3464-3462-34641-1-w2,Transformer,500.0,2,100.1184,0.5921,100.0,56,0.1871
1231-1841-1,3581-89516-1,Line,123.0,27,100.2721,0.3347,100.0,26,0.5053
1251-2361-1,T3464-3462-34641-1-w1,Transformer,500.0,21,101.7311,8.6556,100.0,56,0.1887
1251-2361-1,T3464-3462-34641-1-w2,Transformer,500.0,21,101.7311,8.6556,100.0,56,0.19
1251-2361-1,T3934-3942-39402-1-w1,Transformer,500.0,9,100.2706,1.3532,98.3911,55,0.1961
1251-52219-1,1122-1742-1,Line,513.0,7,100.1599,0.8201,100.0,33,0.5457
1251-52219-1,3581-89516-1,Line,123.0,93,100.5255,0.6464,100.0,26,0.5053
1251-52219-1,3691-4041-1,Line,192.0,2,100.4233,0.8128,100.0,14,0.5536
1271-1491-1,3691-4041-1,Line,192.0,1,100.1007,0.1933,100.0,8,0.5533
1271-2041-1,3691-4041-1,Line,192.0,1,100.1723,0.3308,100.0,8,0.5533
1281-2221-1,2781-4951-1,Line,106.0,11,100.2761,0.2927,100.0,5,0.8104
1281-2221-1,3581-89516-1,Line,123.0,68,100.2186,0.2689,100.0,26,0.5054
1301-17411-1,1122-1742-1,Line,513.0,20,115.1926,77.9379,100.0,34,0.6092
1301-17411-1,3581-89516-1,Line,123.0,8,100.1139,0.1401,100.0,26,0.5053
1301-17411-1,T3464-3462-34641-1-w1,Transformer,500.0,20,100.6344,3.1722,100.0,56,0.1859
1301-17411-1,T3464-3462-34641-1-w2,Transformer,500.0,20,100.6344,3.1722,100.0,56,0.1872
1311-3331-1,2781-4951-1,Line,106.0,6,100.7421,0.7867,100.0,5,0.8104
1311-3331-1,3581-89516-1,Line,123.0,62,100.6025,0.7411,100.0,26,0.5053
1331-2041-1,1122-1742-1,Line,513.0,4,100.1295,0.6641,100.0,33,0.5456
1331-2041-1,3082-3122-1,Line,634.0,4,100.1424,0.9026,100.0,19,0.4715
1331-2041-1,3581-89516-1,Line,123.0,118,101.1944,1.4691,100.0,26,0.5054
1331-2041-1,T3464-3462-34641-1-w1,Transformer,500.0,20,100.4146,2.073,100.0,56,0.1857
1331-2041-1,T3464-3462-34641-1-w2,Transformer,500.0,20,100.4146,2.073,100.0,56,0.1871
1331-4001-1,1122-1742-1,Line,513.0,7,100.1471,0.7546,100.0,33,0.5456
1331-4001-1,3082-3122-1,Line,634.0,6,100.164,1.0399,100.0,19,0.4715
1331-4001-1,3581-89516-1,Line,123.0,119,101.351,1.6617,100.0,26,0.5054
1331-4001-1,T3464-3462-34641-1-w1,Transformer,500.0,20,100.469,2.3448,100.0,56,0.1858
1331-4001-1,T3464-3462-34641-1-w2,Transformer,500.0,20,100.469,2.3448,100.0,56,0.1871
1341-1701-1,3581-89516-1,Line,123.0,50,108.125,9.9938,100.0,26,0.5366
1341-1701-1,T89510-89515-1,Transformer,125.0,31,106.395,7.9938,98.4,22,0.5326
1341-1701-1,T89515-89516-1,Transformer,125.0,31,106.395,7.9938,98.4,26,0.5352
1341-5191-1,3581-89516-1,Line,123.0,3,100.7435,0.9145,100.0,26,0.5369
1341-5191-1,T3464-3462-34641-1-w1,Transformer,500.0,1,100.1282,0.6412,100.0,56,0.1859
1341-5191-1,T3464-3462-34641-1-w2,Transformer,500.0,1,100.1282,0.6412,100.0,56,0.1872
1351-4081-1,1122-1742-1,Line,513.0,9,100.3034,1.5565,100.0,33,0.5456
1351-4081-1,3082-3122-1,Line,634.0,7,100.2751,1.7441,100.0,19,0.4713
1351-4081-1,3581-89516-1,Line,123.0,17,100.1357,0.1669,100.0,26,0.5054
1351-4201-1,1122-1742-1,Line,513.0,9,100.3323,1.7049,100.0,33,0.5456
1351-4201-1,3082-3122-1,Line,634.0,7,100.305,1.9334,100.0,19,0.4714
1351-4201-1,3581-89516-1,Line,123.0,28,100.145,0.1783,100.0,26,0.5054
1361-2001-1,3082-3122-1,Line,634.0,1,100.282,1.788,100.0,17,0.4741
1361-2001-1,3581-89516-1,Line,123.0,107,100.5168,0.6357,100.0,26,0.5053
1361-2001-1,3691-4041-1,Line,192.0,2,100.29,0.5568,100.0,8,0.5534
1361-2001-1,T3464-3462-34641-1-w1,Transformer,500.0,21,101.6364,8.1818,100.0,57,0.1863
1361-2001-1,T3464-3462-34641-1-w2,Transformer,500.0,21,101.6364,8.1818,100.0,57,0.1876
1361-2161-1,3581-89516-1,Line,123.0,113,100.5706,0.7019,100.0,26,0.5053
1361-2161-1,3691-4041-1,Line,192.0,2,100.336,0.6452,100.0,8,0.5534
1361-2161-1,T3464-3462-34641-1-w1,Transformer,500.0,21,101.8335,9.1673,100.0,57,0.1864
1361-2161-1,T3464-3462-34641-1-w2,Transformer,500.0,21,101.8335,9.1673,100.0,57,0.1877
1361-2161-1,T3934-3942-39402-1-w1,Transformer,500.0,2,100.1394,0.6972,98.3911,56,0.1927
1381-4721-1,1122-1742-1,Line,513.0,9,100.4377,2.2452,100.0,32,0.5458
1381-4721-1,3082-3122-1,Line,634.0,7,100.2606,1.6519,100.0,18,0.4718
1381-4721-1,3691-4041-1,Line,192.0,1,100.1103,0.2117,100.0,8,0.5534
1381-4721-1,T3464-3462-34641-1-w1,Transformer,500.0,20,100.7021,3.5106,100.0,55,0.186
1381-4721-1,T3464-3462-34641-1-w2,Transformer,500.0,20,100.7113,3.5566,100.0,55,0.1873
1392-3842-1,1122-1742-1,Line,513.0,11,104.6859,24.0384,100.0,33,0.5432
1392-3842-1,3082-3122-1,Line,634.0,11,104.34,27.5156,100.0,23,0.4664
1392-3842-1,3581-89516-1,Line,123.0,122,104.042,4.9717,100.0,26,0.5052
1392-3842-1,3691-4041-1,Line,192.0,2,101.6279,3.1255,100.0,14,0.5537
1392-3842-1,T89510-89515-1,Transformer,125.0,67,102.3773,2.9717,98.4,26,0.5012
1392-3842-1,T89515-89516-1,Transformer,125.0,67,102.3773,2.9717,98.4,26,0.5038
1392-3842-1,T3464-3462-34641-1-w1,Transformer,500.0,31,109.3107,46.5533,100.0,58,0.1899
1392-3842-1,T3464-3462-34641-1-w2,Transformer,500.0,31,109.3107,46.5533,100.0,58,0.1913
1392-3842-1,T3934-3942-39402-1-w1,Transformer,500.0,29,106.7367,33.6837,98.3911,58,0.1957
1392-4943-1,1122-1742-1,Line,513.0,11,104.6859,24.0384,100.0,33,0.5433
1392-4943-1,3082-3122-1,Line,634.0,11,103.8594,24.4688,100.0,23,0.4665
1392-4943-1,3581-89516-1,Line,123.0,122,103.284,4.0394,100.0,26,0.5052
1392-4943-1,3691-4041-1,Line,192.0,2,101.6279,3.1255,100.0,14,0.5537
1392-4943-1,T89510-89515-1,Transformer,125.0,65,101.6315,2.0394,98.4,26,0.5012
1392-4943-1,T89515-89516-1,Transformer,125.0,65,101.6315,2.0394,98.4,26,0.5038
1392-4943-1,T3464-3462-34641-1-w1,Transformer,500.0,31,109.3107,46.5533,100.0,58,0.1901
1392-4943-1,T3464-3462-34641-1-w2,Transformer,500.0,31,109.3107,46.5533,100.0,58,0.1915
1392-4943-1,T3934-3942-39402-1-w1,Transformer,500.0,29,106.7367,33.6837,98.3911,58,0.1959
1401-1661-1,1401-3691-1,Line,192.0,1,102.2592,4.3376,71.875,4,0.9947
1401-1661-1,3581-89516-1,Line,123.0,76,106.4397,7.9208,100.0,26,0.5081
1401-1661-1,3691-4041-1,Line,192.0,4,130.3842,58.3376,100.0,4,0.9933
1401-1661-1,T89510-89515-1,Transformer,125.0,36,104.7366,5.9208,98.4,26,0.5041
1401-1661-1,T89515-89516-1,Transformer,125.0,36,104.7366,5.9208,98.4,26,0.5068
1401-1661-1,T3464-3462-34641-1-w1,Transformer,500.0,1,100.3094,1.5469,100.0,56,0.1865
1401-1661-1,T3464-3462-34641-1-w2,Transformer,500.0,1,100.3094,1.5469,100.0,56,0.1878
1401-3691-1,1122-1742-1,Line,513.0,6,100.2228,1.1431,100.0,33,0.5458
1401-3691-1,3082-3122-1,Line,634.0,4,100.2245,1.4232,100.0,19,0.4718
1401-3691-1,3581-89516-1,Line,123.0,38,102.5863,3.1811,100.0,22,0.5085
1401-3691-1,T89510-89515-1,Transformer,125.0,3,100.9449,1.1811,98.4,22,0.5046
1401-3691-1,T89515-89516-1,Transformer,125.0,3,100.9449,1.1811,98.4,22,0.5072
1401-3691-1,T3464-3462-34641-1-w1,Transformer,500.0,19,101.332,6.6599,100.0,56,0.1862
1401-3691-1,T3464-3462-34641-1-w2,Transformer,500.0,19,101.332,6.6599,100.0,56,0.1876
1401-14010-1,1122-1742-1,Line,513.0,9,100.4388,2.2512,100.0,33,0.5457
1401-14010-1,2781-4951-1,Line,106.0,5,100.9812,1.04,100.0,5,0.8104
1401-14010-1,3082-3122-1,Line,634.0,7,100.3959,2.5101,100.0,19,0.4717
1431-2651-1,1122-1742-1,Line,513.0,9,101.012,5.1915,100.0,34,0.5488
1431-2651-1,3082-3122-1,Line,634.0,6,100.5672,3.5962,100.0,21,0.4719
1431-2651-1,T3464-3462-34641-1-w1,Transformer,500.0,4,100.3544,1.7721,100.0,56,0.1857
1431-2651-1,T3464-3462-34641-1-w2,Transformer,500.0,4,100.3544,1.7721,100.0,56,0.187
1431-3261-1,1122-1742-1,Line,513.0,9,100.5642,2.8941,100.0,33,0.549
1431-3261-1,3082-3122-1,Line,634.0,5,100.7011,4.4449,100.0,20,0.472
1431-3261-1,T3464-3462-34641-1-w1,Transformer,500.0,3,100.1764,0.8818,100.0,56,0.1857
1431-3261-1,T3464-3462-34641-1-w2,Transformer,500.0,3,100.1764,0.8818,100.0,56,0.1871
1441-2225-1,T3464-3462-34641-1-w1,Transformer,500.0,20,100.3461,1.7303,100.0,56,0.1861
1441-2225-1,T3464-3462-34641-1-w2,Transformer,500.0,20,100.3461,1.7303,100.0,56,0.1874
1441-47210-1,T3464-3462-34641-1-w1,Transformer,500.0,14,100.1527,0.7634,100.0,56,0.1859
1441-47210-1,T3464-3462-34641-1-w2,Transformer,500.0,14,100.1527,0.7634,100.0,56,0.1873
1461-14619-1,1122-1742-1,Line,513.0,1,100.1088,0.5582,100.0,32,0.5459
1461-14619-1,T3464-3462-34641-1-w1,Transformer,500.0,2,100.5449,2.7243,100.0,55,0.186
1461-14619-1,T3464-3462-34641-1-w2,Transformer,500.0,2,100.5529,2.7647,100.0,55,0.1873
1472-2562-1,2563-4242-1,Line,548.0,37,141.6433,228.2055,79.4673,12,0.6428
1472-2562-1,4242-4462-1,Line,570.0,37,136.1764,206.2055,76.4001,12,0.6441
1472-5022-1,2563-4242-1,Line,548.0,1,103.7165,20.3664,79.4673,12,0.7659
1472-14720-1,1122-1742-1,Line,513.0,9,101.0132,5.1976,100.0,33,0.5457
1472-14720-1,1122-11260-1,Line,513.0,17,100.2339,1.1998,100.0,1,0.9973
1472-14720-1,2781-4951-1,Line,106.0,38,102.514,2.6649,100.0,5,0.8104
1472-14720-1,3082-3122-1,Line,634.0,10,102.2399,14.2009,100.0,19,0.4717
1472-14720-1,3581-89516-1,Line,123.0,118,104.3275,5.3229,100.0,26,0.5053
1472-14720-1,3691-4041-1,Line,192.0,2,100.1744,0.3348,100.0,8,0.5533
1472-14720-1,T89510-89515-1,Transformer,125.0,76,104.0983,5.1229,98.4,26,0.5013
1472-14720-1,T89515-89516-1,Transformer,125.0,71,103.1383,3.9229,98.4,26,0.504
1472-14720-1,T3464-3462-34641-1-w1,Transformer,500.0,20,102.3367,11.6836,100.0,56,0.1858
1472-14720-1,T3464-3462-34641-1-w2,Transformer,500.0,20,102.2867,11.4335,100.0,56,0.1871
1472-14720-1,T3934-3942-39402-1-w1,Transformer,500.0,2,100.3683,1.8414,98.3911,56,0.1922
1474-5464-1,1122-1742-1,Line,513.0,8,100.5842,2.9969,100.0,33,0.5456
1474-5464-1,3082-3122-1,Line,634.0,7,101.071,6.7903,100.0,20,0.4708
1474-5464-1,3691-4041-1,Line,192.0,2,100.1099,0.2111,100.0,8,0.5534
1481-2001-1,2001-5441-1,Line,201.0,1,100.6221,1.2505,66.3473,25,0.2511
1481-2001-1,T3464-3462-34641-1-w1,Transformer,500.0,19,100.2239,1.1195,100.0,56,0.186
1481-2001-1,T3464-3462-34641-1-w2,Transformer,500.0,19,100.2239,1.1195,100.0,56,0.1873
1481-3401-1,T3464-3462-34641-1-w1,Transformer,500.0,13,100.1352,0.6762,100.0,56,0.1859
1481-3401-1,T3464-3462-34641-1-w2,Transformer,500.0,13,100.1352,0.6762,100.0,56,0.1873
1491-2181-1,3691-4041-1,Line,192.0,1,100.1007,0.1933,100.0,8,0.5533
1511-52610-1,2781-4951-1,Line,106.0,17,100.5056,0.5359,100.0,5,0.8104
1511-52610-1,3581-89516-1,Line,123.0,82,100.4155,0.5111,100.0,26,0.5053
1521-2401-1,1122-1742-1,Line,513.0,1,100.102,0.5234,100.0,33,0.5457
1521-2401-1,2781-4951-1,Line,106.0,35,100.2836,0.3006,100.0,5,0.8104
1521-2401-1,3082-3122-1,Line,634.0,2,100.1155,0.7325,100.0,19,0.4717
1521-2401-1,3581-89516-1,Line,123.0,76,100.231,0.2841,100.0,26,0.5053
1521-2401-1,T3464-3462-34641-1-w1,Transformer,500.0,19,100.4623,2.3117,100.0,56,0.1858
1521-2401-1,T3464-3462-34641-1-w2,Transformer,500.0,19,100.4489,2.2446,100.0,56,0.1871
1522-2042-1,1122-1742-1,Line,513.0,3,100.2187,1.1217,100.0,33,0.5457
1522-2042-1,3082-3122-1,Line,634.0,3,100.2693,1.7077,100.0,19,0.4713
1522-2042-1,3581-89516-1,Line,123.0,27,100.1879,0.2312,100.0,26,0.5053
1522-5462-1,1122-1742-1,Line,513.0,8,100.3735,1.9159,100.0,33,0.5457
1522-5462-1,3082-3122-1,Line,634.0,6,100.7017,4.4488,100.0,19,0.4713
1522-5462-1,3581-89516-1,Line,123.0,1,100.1024,0.126,100.0,26,0.5053
1541-4321-1,3082-3122-1,Line,634.0,1,100.2846,1.8043,100.0,17,0.475
1541-4321-1,T3464-3462-34641-1-w1,Transformer,500.0,9,100.3335,1.6674,100.0,56,0.1859
1541-4321-1,T3464-3462-34641-1-w2,Transformer,500.0,9,100.3335,1.6674,100.0,56,0.1872
1541-5291-1,3082-3122-1,Line,634.0,1,100.1124,0.7124,100.0,17,0.4748
1541-5291-1,T3464-3462-34641-1-w1,Transformer,500.0,11,100.3688,1.844,100.0,56,0.1859
1541-5291-1,T3464-3462-34641-1-w2,Transformer,500.0,11,100.3688,1.844,100.0,56,0.1873
1551-16011-1,2781-4951-1,Line,106.0,19,100.85,0.901,100.0,5,0.8104
1551-16011-1,3581-89516-1,Line,123.0,88,100.6738,0.8288,100.0,26,0.5054
1571-5191-1,3581-89516-1,Line,123.0,38,103.0826,3.7916,100.0,25,0.5059
1571-5191-1,T89510-89515-1,Transformer,125.0,6,101.4033,1.7541,98.4,25,0.5019
1571-5191-1,T89515-89516-1,Transformer,125.0,6,101.4233,1.7791,98.4,25,0.5046
1581-4491-1,2561-3781-1,Line,114.0,28,111.1969,12.7644,92.8535,0,0.0034
1581-5521-1,2561-3781-1,Line,114.0,8,102.1714,2.4754,92.8535,0,0.0024
1591-3381-1,3581-89516-1,Line,123.0,86,100.9596,1.1803,100.0,26,0.5059
1591-3381-1,T3464-3462-34641-1-w1,Transformer,500.0,11,100.2538,1.2691,100.0,56,0.1859
1591-3381-1,T3464-3462-34641-1-w2,Transformer,500.0,11,100.2538,1.2691,100.0,56,0.1872
1591-4001-1,3581-89516-1,Line,123.0,76,100.9596,1.1803,100.0,26,0.5059
1591-4001-1,T3464-3462-34641-1-w1,Transformer,500.0,9,100.2538,1.2691,100.0,56,0.1859
1591-4001-1,T3464-3462-34641-1-w2,Transformer,500.0,9,100.2538,1.2691,100.0,56,0.1872
1601-1611-1,1122-1742-1,Line,513.0,9,100.6965,3.5733,100.0,33,0.5461
1601-1611-1,3082-3122-1,Line,634.0,7,100.3842,2.4361,100.0,20,0.4717
1602-3202-1,T3464-3462-34641-1-w1,Transformer,500.0,22,103.4218,17.109,100.0,55,0.1917
1602-3202-1,T3464-3462-34641-1-w2,Transformer,500.0,22,103.4218,17.109,100.0,56,0.193
1602-3202-1,T3934-3942-39402-1-w1,Transformer,500.0,6,101.4424,7.2121,98.3911,52,0.1959
1611-3301-1,1122-1742-1,Line,513.0,9,100.6965,3.5733,100.0,33,0.546
1611-3301-1,3082-3122-1,Line,634.0,7,100.3842,2.4361,100.0,20,0.4717
1621-3061-1,T3464-3462-34641-1-w1,Transformer,500.0,20,100.4014,2.0068,100.0,56,0.1862
1621-3061-1,T3464-3462-34641-1-w2,Transformer,500.0,20,100.4014,2.0068,100.0,56,0.1875
1621-3221-1,T3464-3462-34641-1-w1,Transformer,500.0,20,100.3519,1.7596,100.0,56,0.1862
1621-3221-1,T3464-3462-34641-1-w2,Transformer,500.0,20,100.3519,1.7596,100.0,56,0.1875
1631-2671-1,1122-1742-1,Line,513.0,4,100.1753,0.8995,100.0,33,0.5457
1631-2671-1,2781-4951-1,Line,106.0,10,100.4051,0.4294,100.0,5,0.8104
1631-2671-1,3082-3122-1,Line,634.0,3,100.1602,1.0156,100.0,19,0.4717
1631-2671-1,3691-4041-1,Line,192.0,1,101.0462,2.0086,100.0,8,0.5532
1631-2671-1,T3464-3462-34641-1-w1,Transformer,500.0,12,100.2197,1.0984,100.0,56,0.1858
1631-2671-1,T3464-3462-34641-1-w2,Transformer,500.0,12,100.2033,1.0164,100.0,56,0.1872
1631-5041-1,3581-89516-1,Line,123.0,13,100.9812,1.2068,100.0,26,0.5131
1631-5041-1,3691-4041-1,Line,192.0,2,100.3376,0.6481,100.0,8,0.5533
1631-10619-1,3581-89516-1,Line,123.0,71,105.308,6.5288,100.0,26,0.5127
1631-10619-1,3691-4041-1,Line,192.0,1,100.1428,0.2742,100.0,8,0.5533
1631-10619-1,T89510-89515-1,Transformer,125.0,29,103.623,4.5288,98.4,25,0.5087
1631-10619-1,T89515-89516-1,Transformer,125.0,29,103.623,4.5288,98.4,26,0.5114
1641-1821-1,1122-1742-1,Line,513.0,7,100.1273,0.6531,100.0,33,0.5458
1641-1821-1,3082-3122-1,Line,634.0,6,100.1523,0.9656,100.0,19,0.4719
1641-1821-1,3581-89516-1,Line,123.0,1,100.2431,0.299,100.0,26,0.506
1641-1821-1,T3464-3462-34641-1-w1,Transformer,500.0,20,100.5727,2.8636,100.0,56,0.1867
1641-1821-1,T3464-3462-34641-1-w2,Transformer,500.0,20,100.5727,2.8636,100.0,56,0.188
1641-2361-1,1122-1742-1,Line,513.0,9,100.5128,2.6308,100.0,33,0.5459
1641-2361-1,3082-3122-1,Line,634.0,7,100.3061,1.9405,100.0,20,0.4717
1641-2361-1,3581-89516-1,Line,123.0,14,100.515,0.6335,100.0,26,0.5058
1641-2361-1,T3464-3462-34641-1-w1,Transformer,500.0,20,101.566,7.8299,100.0,56,0.1876
1641-2361-1,T3464-3462-34641-1-w2,Transformer,500.0,20,101.566,7.8299,100.0,57,0.1889
1641-4951-1,2781-4951-1,Line,106.0,77,138.6706,40.9909,100.0,5,0.992
1641-16410-1,2781-4951-1,Line,106.0,3,100.2326,0.2465,100.0,5,0.8104
1641-16411-1,3691-4041-1,Line,192.0,2,100.7455,1.4314,100.0,14,0.5549
1641-22811-1,3581-89516-1,Line,123.0,29,101.1819,1.4537,100.0,26,0.5058
1641-22811-1,3691-4041-1,Line,192.0,2,104.5807,8.7949,100.0,8,0.6293
1641-22811-1,T3464-3462-34641-1-w1,Transformer,500.0,2,100.1446,0.7229,100.0,56,0.1862
1641-22811-1,T3464-3462-34641-1-w2,Transformer,500.0,2,100.1446,0.7229,100.0,56,0.1876
1641-50019-1,1122-1742-1,Line,513.0,1,100.1378,0.7068,100.0,33,0.5459
1641-50019-1,3581-89516-1,Line,123.0,91,100.4249,0.5226,100.0,26,0.5055
1641-50019-1,3691-4041-1,Line,192.0,2,100.9431,1.8107,100.0,14,0.5563
1642-2522-1,1122-1742-1,Line,513.0,9,101.0536,5.4051,100.0,33,0.5462
1642-2522-1,3082-3122-1,Line,634.0,7,101.2385,7.8519,100.0,20,0.4722
1642-2522-1,3691-4041-1,Line,192.0,2,113.3794,25.6884,100.0,14,0.546
1642-2522-1,T3464-3462-34641-1-w1,Transformer,500.0,23,104.088,20.4399,100.0,56,0.1909
1642-2522-1,T3464-3462-34641-1-w2,Transformer,500.0,23,104.088,20.4399,100.0,57,0.1922
1642-2522-1,T3934-3942-39402-1-w1,Transformer,500.0,20,101.9149,9.5745,98.3911,56,0.1973
1642-4522-1,1122-1742-1,Line,513.0,9,100.7289,3.7393,100.0,33,0.5461
1642-4522-1,3082-3122-1,Line,634.0,7,100.7118,4.5126,100.0,20,0.472
1642-4522-1,3581-89516-1,Line,123.0,26,101.4209,1.7477,100.0,26,0.5068
1642-4522-1,T3464-3462-34641-1-w1,Transformer,500.0,28,108.2635,41.3173,100.0,56,0.2123
1642-4522-1,T3464-3462-34641-1-w2,Transformer,500.0,28,108.2635,41.3173,100.0,56,0.2136
1642-4522-1,T3934-3942-39402-1-w1,Transformer,500.0,23,106.0949,30.4746,98.3911,56,0.2193
1642-5172-1,1122-1742-1,Line,513.0,3,100.1556,0.7981,100.0,33,0.5452
1642-5172-1,3581-89516-1,Line,123.0,73,103.944,4.8511,100.0,26,0.5065
1642-5172-1,3691-4041-1,Line,192.0,2,101.5758,3.0256,100.0,14,0.5579
1642-5172-1,T89510-89515-1,Transformer,125.0,31,102.2809,2.8511,98.4,26,0.5025
1642-5172-1,T89515-89516-1,Transformer,125.0,31,102.2809,2.8511,98.4,26,0.5052
1642-5172-1,T3464-3462-34641-1-w1,Transformer,500.0,23,104.8619,24.3096,100.0,66,0.1868
1642-5172-1,T3464-3462-34641-1-w2,Transformer,500.0,23,104.8619,24.3096,100.0,66,0.1881
1642-5172-1,T3934-3942-39402-1-w1,Transformer,500.0,14,103.2138,16.0689,98.3911,66,0.1931
1651-5261-1,1122-1742-1,Line,513.0,7,100.1067,0.5474,100.0,33,0.5457
1661-1821-1,3581-89516-1,Line,123.0,50,101.5751,1.9374,100.0,26,0.5057
1661-1821-1,3691-4041-1,Line,192.0,2,109.8681,18.9467,100.0,7,0.6568
1661-1951-1,3581-89516-1,Line,123.0,119,100.5536,0.6809,100.0,26,0.5054
1661-1951-1,3691-4041-1,Line,192.0,2,102.8203,5.4149,100.0,14,0.5537
1661-2281-1,3581-89516-1,Line,123.0,30,100.9532,1.1724,100.0,26,0.5059
1661-2281-1,3691-4041-1,Line,192.0,2,102.6486,5.0854,100.0,6,0.6309
1661-2281-1,T3464-3462-34641-1-w1,Transformer,500.0,1,100.1581,0.7904,100.0,56,0.1861
1661-2281-1,T3464-3462-34641-1-w2,Transformer,500.0,1,100.1581,0.7904,100.0,56,0.1874
1671-1941-1,1122-1742-1,Line,513.0,1,100.106,0.5439,100.0,33,0.5457
1671-1941-1,2781-4951-1,Line,106.0,17,100.377,0.3996,100.0,5,0.8104
1671-1941-1,3082-3122-1,Line,634.0,3,100.1393,0.8834,100.0,19,0.4717
1671-1941-1,3581-89516-1,Line,123.0,53,100.3508,0.4315,100.0,26,0.5053
1671-1941-1,T3464-3462-34641-1-w1,Transformer,500.0,18,100.5118,2.5592,100.0,56,0.1858
1671-1941-1,T3464-3462-34641-1-w2,Transformer,500.0,18,100.4971,2.4855,100.0,56,0.1871
1681-3881-1,T3464-3462-34641-1-w1,Transformer,500.0,20,100.3674,1.837,100.0,56,0.1862
1681-3881-1,T3464-3462-34641-1-w2,Transformer,500.0,20,100.3674,1.837,100.0,56,0.1876
1681-32210-1,T3464-3462-34641-1-w1,Transformer,500.0,20,100.3674,1.837,100.0,56,0.1862
1681-32210-1,T3464-3462-34641-1-w2,Transformer,500.0,20,100.3674,1.837,100.0,56,0.1875
1691-5131-1,3082-3122-1,Line,634.0,7,100.5595,3.5469,100.0,19,0.4724
1691-51319-1,3082-3122-1,Line,634.0,8,101.2802,8.1163,100.0,20,0.473
1701-1761-1,1122-1742-1,Line,513.0,9,100.1293,0.6634,100.0,33,0.5457
1701-1761-1,2781-4951-1,Line,106.0,3,100.1117,0.1184,100.0,5,0.8104
1701-1761-1,3082-3122-1,Line,634.0,7,100.1156,0.7332,100.0,19,0.4717
1701-1761-1,3691-4041-1,Line,192.0,2,100.167,0.3207,100.0,8,0.5533
1701-1761-1,T3464-3462-34641-1-w1,Transformer,500.0,12,100.1235,0.6175,100.0,56,0.1858
1701-1761-1,T3464-3462-34641-1-w2,Transformer,500.0,12,100.1182,0.5908,100.0,56,0.1872
1701-1981-1,3581-89516-1,Line,123.0,127,115.5177,19.0868,100.0,25,0.5593
1701-1981-1,T89510-89515-1,Transformer,125.0,123,113.6694,17.0868,98.4,25,0.5553
1701-1981-1,T89515-89516-1,Transformer,125.0,123,113.6694,17.0868,98.4,25,0.5579
1701-1981-1,T3464-3462-34641-1-w1,Transformer,500.0,7,100.1636,0.818,100.0,56,0.1858
1701-1981-1,T3464-3462-34641-1-w2,Transformer,500.0,7,100.1636,0.818,100.0,56,0.1872
1701-5041-1,3581-89516-1,Line,123.0,27,106.7447,8.296,100.0,22,0.5405
1701-5041-1,T89510-89515-1,Transformer,125.0,14,105.0368,6.296,98.4,22,0.5365
1701-5041-1,T89515-89516-1,Transformer,125.0,14,105.0368,6.296,98.4,22,0.5392
1701-5041-1,T3464-3462-34641-1-w1,Transformer,500.0,13,100.2847,1.4236,100.0,56,0.1861
1701-5041-1,T3464-3462-34641-1-w2,Transformer,500.0,13,100.2847,1.4236,100.0,56,0.1874
1701-17010-1,3581-89516-1,Line,123.0,84,100.5765,0.7091,100.0,26,0.5054
1701-28712-2,3581-89516-1,Line,123.0,5,100.9262,1.1392,100.0,26,0.5341
1721-2161-1,3581-89516-1,Line,123.0,119,100.7373,0.9068,100.0,26,0.5054
1721-2161-1,3691-4041-1,Line,192.0,2,100.4532,0.8702,100.0,8,0.5534
1721-2161-1,T3464-3462-34641-1-w1,Transformer,500.0,21,102.4337,12.1685,100.0,57,0.1866
1721-2161-1,T3464-3462-34641-1-w2,Transformer,500.0,21,102.4337,12.1685,100.0,57,0.188
1721-2161-1,T3934-3942-39402-1-w1,Transformer,500.0,12,100.7202,3.6009,98.3911,56,0.193
1721-2391-1,1122-1742-1,Line,513.0,1,100.5775,2.9627,100.0,29,0.5472
1721-2391-1,3082-3122-1,Line,634.0,1,100.1739,1.1027,100.0,21,0.4721
1721-2391-1,3581-89516-1,Line,123.0,103,101.0071,1.2387,100.0,26,0.5054
1721-2391-1,3691-4041-1,Line,192.0,2,100.1738,0.3337,100.0,8,0.5534
1721-5381-1,3581-89516-1,Line,123.0,9,100.1132,0.1393,100.0,26,0.5054
1721-5381-1,3691-4041-1,Line,192.0,1,100.1986,0.3813,100.0,8,0.5534
1721-5381-1,T3464-3462-34641-1-w1,Transformer,500.0,21,101.2428,6.2141,100.0,52,0.1869
1721-5381-1,T3464-3462-34641-1-w2,Transformer,500.0,21,101.2428,6.2141,100.0,52,0.1882
1721-14619-1,T3464-3462-34641-1-w1,Transformer,500.0,20,100.3547,1.7736,100.0,53,0.1862
1721-14619-1,T3464-3462-34641-1-w2,Transformer,500.0,20,100.3547,1.7736,100.0,53,0.1876
1741-1851-1,3082-3122-1,Line,634.0,9,101.6512,10.4687,100.0,19,0.4724
1741-4511-1,3082-3122-1,Line,634.0,8,101.1851,7.5136,100.0,19,0.4724
1741-51319-1,3082-3122-1,Line,634.0,8,101.2819,8.1271,100.0,20,0.4737
1742-2202-1,1122-1742-1,Line,513.0,4,101.4292,7.3319,100.0,33,0.5312
1742-2202-1,3082-3122-1,Line,634.0,12,113.8711,87.9425,100.0,14,0.6274
1742-2202-1,T3464-3462-34641-1-w1,Transformer,500.0,1,100.1016,0.508,100.0,56,0.1853
1742-2202-1,T3464-3462-34641-1-w2,Transformer,500.0,1,100.1016,0.508,100.0,56,0.1866
1742-3122-1,3581-89516-1,Line,123.0,29,100.1596,0.1963,100.0,26,0.5053
1742-3122-1,3691-4041-1,Line,192.0,1,100.2246,0.4312,100.0,8,0.5533
1742-3122-1,T1742-17431-1,Transformer,350.0,16,120.6572,72.3003,44.4761,16,0.4173
1742-3122-1,T3464-3462-34641-1-w1,Transformer,500.0,20,100.5936,2.9681,100.0,56,0.1859
1742-3122-1,T3464-3462-34641-1-w2,Transformer,500.0,20,100.5936,2.9681,100.0,56,0.1873
1742-17420-1,1742-17420-2,Line,570.0,40,130.1053,171.6,65.0526,1,0.9987
1742-17420-2,1742-17420-1,Line,570.0,40,130.1053,171.6,65.0526,1,0.9987
1791-4201-1,1122-1742-1,Line,513.0,9,100.7273,3.7309,100.0,34,0.5458
1791-4201-1,3082-3122-1,Line,634.0,7,100.7666,4.8603,100.0,20,0.4714
1791-4201-1,3691-4041-1,Line,192.0,2,100.1351,0.2594,100.0,8,0.5534
1791-4201-1,T3464-3462-34641-1-w1,Transformer,500.0,4,100.1184,0.5918,100.0,56,0.1859
1791-4201-1,T3464-3462-34641-1-w2,Transformer,500.0,4,100.1184,0.5918,100.0,56,0.1873
1791-4481-1,1122-1742-1,Line,513.0,9,100.7273,3.7309,100.0,34,0.5459
1791-4481-1,3082-3122-1,Line,634.0,7,100.7666,4.8603,100.0,20,0.4715
1791-4481-1,3691-4041-1,Line,192.0,2,100.1351,0.2594,100.0,8,0.5534
1791-4481-1,T3464-3462-34641-1-w1,Transformer,500.0,4,100.1184,0.5918,100.0,56,0.186
1791-4481-1,T3464-3462-34641-1-w2,Transformer,500.0,4,100.1184,0.5918,100.0,56,0.1873
1821-35011-1,1122-1742-1,Line,513.0,2,100.1076,0.552,100.0,33,0.5457
1821-35011-1,3082-3122-1,Line,634.0,5,100.162,1.027,100.0,19,0.4717
1821-35011-1,3581-89516-1,Line,123.0,5,100.2608,0.3208,100.0,26,0.5055
1821-35011-1,3691-4041-1,Line,192.0,2,106.4305,12.3465,100.0,14,0.5636
1821-35011-1,T3464-3462-34641-1-w1,Transformer,500.0,20,100.6102,3.0508,100.0,56,0.1863
1821-35011-1,T3464-3462-34641-1-w2,Transformer,500.0,20,100.6102,3.0508,100.0,56,0.1876
1831-2091-1,2781-4951-1,Line,106.0,52,115.5884,16.5237,100.0,4,0.8115
1831-2091-1,3581-89516-1,Line,123.0,115,100.219,0.2693,100.0,26,0.5054
1831-2091-1,3691-4041-1,Line,192.0,2,100.4812,0.924,100.0,8,0.5534
1831-2091-1,T3464-3462-34641-1-w1,Transformer,500.0,5,100.1281,0.6407,100.0,56,0.1859
1831-2091-1,T3464-3462-34641-1-w2,Transformer,500.0,5,100.1335,0.6677,100.0,56,0.1873
1841-2351-1,1122-1742-1,Line,513.0,8,100.6237,3.1997,100.0,33,0.5473
1841-2351-1,3082-3122-1,Line,634.0,2,100.1035,0.656,100.0,19,0.4718
1841-5291-1,3082-3122-1,Line,634.0,1,100.1124,0.7124,100.0,16,0.4746
1841-5291-1,T3464-3462-34641-1-w1,Transformer,500.0,9,100.2504,1.2521,100.0,56,0.186
1841-5291-1,T3464-3462-34641-1-w2,Transformer,500.0,9,100.2504,1.2521,100.0,56,0.1873
1841-5501-1,1122-1742-1,Line,513.0,4,101.3691,7.0233,100.0,26,0.5615
1841-5501-1,3082-3122-1,Line,634.0,5,101.3273,8.4151,100.0,15,0.4754
1841-5501-1,T3464-3462-34641-1-w1,Transformer,500.0,7,100.2733,1.3667,100.0,56,0.186
1841-5501-1,T3464-3462-34641-1-w2,Transformer,500.0,7,100.2733,1.3667,100.0,56,0.1874
1861-2521-1,1861-2521-2,Line,121.0,9,117.8603,21.611,62.03,19,0.1715
1861-2521-2,1861-2521-1,Line,121.0,9,117.6243,21.3254,60.4395,19,0.1712
1861-10619-1,3581-89516-1,Line,123.0,78,105.8894,7.244,100.0,26,0.5125
1861-10619-1,3691-4041-1,Line,192.0,1,100.1553,0.2982,100.0,8,0.5534
1861-10619-1,T89510-89515-1,Transformer,125.0,33,104.1952,5.244,98.4,26,0.5085
1861-10619-1,T89515-89516-1,Transformer,125.0,33,104.1952,5.244,98.4,26,0.5111
1881-3281-1,1122-1742-1,Line,513.0,9,100.5358,2.7486,100.0,33,0.5458
1881-3281-1,3082-3122-1,Line,634.0,7,100.3292,2.0874,100.0,22,0.4716
1881-3281-1,3581-89516-1,Line,123.0,1,100.1089,0.134,100.0,26,0.5054
1881-4021-1,1122-1742-1,Line,513.0,8,100.1957,1.0042,100.0,31,0.546
1881-4021-1,3082-3122-1,Line,634.0,3,100.1513,0.9595,100.0,20,0.4717
1881-4021-1,3581-89516-1,Line,123.0,30,100.1626,0.2,100.0,26,0.5054
1881-4021-1,T3464-3462-34641-1-w1,Transformer,500.0,1,100.1055,0.5275,100.0,56,0.1859
1881-4021-1,T3464-3462-34641-1-w2,Transformer,500.0,1,100.1055,0.5275,100.0,56,0.1872
1881-18810-1,2781-4951-1,Line,106.0,7,100.2846,0.3017,100.0,5,0.8104
1881-18810-1,3581-89516-1,Line,123.0,10,100.1733,0.2132,100.0,26,0.5054
1901-50619-1,1122-1742-1,Line,513.0,9,100.2488,1.2763,100.0,33,0.546
1901-50619-1,3082-3122-1,Line,634.0,7,100.2143,1.3584,100.0,19,0.472
1931-4371-1,3581-89516-1,Line,123.0,1,100.4172,0.5132,100.0,18,0.5094
1931-4371-1,T3464-3462-34641-1-w1,Transformer,500.0,19,100.3844,1.9218,100.0,56,0.1859
1931-4371-1,T3464-3462-34641-1-w2,Transformer,500.0,19,100.3844,1.9218,100.0,56,0.1872
1931-4981-1,1122-1742-1,Line,513.0,3,100.1165,0.5977,100.0,33,0.5457
1931-4981-1,3581-89516-1,Line,123.0,1,100.4172,0.5132,100.0,17,0.5096
1931-4981-1,T3464-3462-34641-1-w1,Transformer,500.0,20,100.3872,1.9359,100.0,56,0.1859
1931-4981-1,T3464-3462-34641-1-w2,Transformer,500.0,20,100.3872,1.9359,100.0,56,0.1872
1941-2401-1,1122-1742-1,Line,513.0,1,100.1014,0.5204,100.0,33,0.5459
1941-2401-1,3082-3122-1,Line,634.0,2,100.1102,0.6987,100.0,19,0.4719
1941-2401-1,3581-89516-1,Line,123.0,76,100.4414,0.5429,100.0,26,0.5054
1941-4201-1,1122-1742-1,Line,513.0,9,100.1859,0.9536,100.0,33,0.5457
1941-4201-1,3082-3122-1,Line,634.0,7,100.2303,1.4601,100.0,19,0.4716
1941-4201-1,3581-89516-1,Line,123.0,110,100.3108,0.3823,100.0,26,0.5053
1941-4201-1,T3464-3462-34641-1-w1,Transformer,500.0,10,100.127,0.635,100.0,56,0.1859
1941-4201-1,T3464-3462-34641-1-w2,Transformer,500.0,10,100.127,0.635,100.0,56,0.1872
1941-4391-1,1122-1742-1,Line,513.0,9,100.4378,2.2458,100.0,33,0.5459
1941-4391-1,3082-3122-1,Line,634.0,7,100.473,2.9987,100.0,19,0.4716
1971-2731-1,2781-4951-1,Line,106.0,11,100.1561,0.1654,100.0,5,0.8104
1971-2731-1,3581-89516-1,Line,123.0,43,100.1324,0.1628,100.0,26,0.5053
1971-16110-1,2781-4951-1,Line,106.0,11,100.5639,0.5978,100.0,5,0.8104
1971-16110-1,3581-89516-1,Line,123.0,77,100.4556,0.5604,100.0,26,0.5053
1981-2821-1,3581-89516-1,Line,123.0,85,105.0907,6.2616,100.0,25,0.5141
1981-2821-1,T89510-89515-1,Transformer,125.0,55,103.4092,4.2616,98.4,25,0.5101
1981-2821-1,T89515-89516-1,Transformer,125.0,55,103.4092,4.2616,98.4,25,0.5128
1981-79016-1,3581-89516-1,Line,123.0,76,112.7996,15.7435,100.0,27,0.5144
1981-79016-1,T89510-89515-1,Transformer,125.0,58,110.9948,13.7435,98.4,26,0.5104
1981-79016-1,T89515-89516-1,Transformer,125.0,58,110.9948,13.7435,98.4,27,0.513
1981-79016-1,T3464-3462-34641-1-w1,Transformer,500.0,5,100.1963,0.9814,100.0,56,0.186
1981-79016-1,T3464-3462-34641-1-w2,Transformer,500.0,5,100.1963,0.9814,100.0,56,0.1873
1991-3641-1,2781-4951-1,Line,106.0,5,100.2082,0.2207,100.0,5,0.8104
1991-3641-1,3581-89516-1,Line,123.0,45,100.2691,0.331,100.0,26,0.5053
2001-4791-1,3581-89516-1,Line,123.0,43,100.1829,0.225,100.0,26,0.5053
2001-4791-1,3691-4041-1,Line,192.0,1,100.1676,0.3217,100.0,8,0.5533
2001-4791-1,T3464-3462-34641-1-w1,Transformer,500.0,21,101.8595,9.2973,100.0,56,0.1866
2001-4791-1,T3464-3462-34641-1-w2,Transformer,500.0,21,101.8595,9.2973,100.0,56,0.1879
2001-5441-1,3401-5441-1,Line,121.0,6,109.5968,11.6121,48.8669,17,0.5599
2001-5441-1,T3464-3462-34641-1-w1,Transformer,500.0,20,100.4983,2.4914,100.0,56,0.1861
2001-5441-1,T3464-3462-34641-1-w2,Transformer,500.0,20,100.4983,2.4914,100.0,56,0.1874
2002-2742-1,2001-5441-1,Line,201.0,38,139.0667,78.5242,66.3473,37,0.2269
2002-2742-1,3401-5441-1,Line,121.0,3,108.5575,10.3546,48.8669,22,0.6652
2002-2742-1,3581-89516-1,Line,123.0,119,101.0373,1.2759,100.0,26,0.5053
2002-2742-1,3691-4041-1,Line,192.0,2,100.7461,1.4326,100.0,8,0.5533
2002-2742-1,T3464-3462-34641-1-w1,Transformer,500.0,30,107.993,39.965,100.0,57,0.1896
2002-2742-1,T3464-3462-34641-1-w2,Transformer,500.0,30,107.993,39.965,100.0,57,0.191
2002-2742-1,T3934-3942-39402-1-w1,Transformer,500.0,25,105.767,28.8349,98.3911,57,0.1949
2002-3203-1,1721-2161-1,Line,210.0,19,114.0725,29.5523,79.4172,15,0.2637
2002-3203-1,2141-6931-1,Line,210.0,6,103.8687,8.1242,65.3765,21,0.4744
2002-3203-1,3581-89516-1,Line,123.0,119,101.3803,1.6977,100.0,26,0.5053
2002-3203-1,3691-4041-1,Line,192.0,2,101.0414,1.9996,100.0,8,0.5533
2002-3203-1,T3464-3462-34641-1-w1,Transformer,500.0,34,112.6656,63.3278,100.0,56,0.1928
2002-3203-1,T3464-3462-34641-1-w2,Transformer,500.0,34,112.6656,63.3278,100.0,56,0.1942
2002-3203-1,T3934-3942-39402-1-w1,Transformer,500.0,31,110.4331,52.1654,98.3911,55,0.1973
2011-2261-1,1122-1742-1,Line,513.0,2,100.6152,3.1559,100.0,33,0.5457
2011-2261-1,3082-3122-1,Line,634.0,2,100.6725,4.2634,100.0,19,0.4717
2011-2261-1,3581-89516-1,Line,123.0,15,100.2492,0.3065,100.0,26,0.5054
2011-2261-1,T3464-3462-34641-1-w1,Transformer,500.0,1,100.7652,3.8258,100.0,56,0.1858
2011-2261-1,T3464-3462-34641-1-w2,Transformer,500.0,1,100.7425,3.7125,100.0,56,0.1871
2052-5462-2,1122-1742-1,Line,513.0,7,100.3507,1.7992,100.0,33,0.5457
2052-5462-2,3082-3122-1,Line,634.0,6,100.6185,3.9212,100.0,19,0.4713
2052-5462-2,3581-89516-1,Line,123.0,5,100.1334,0.1641,100.0,26,0.5053
2090-2111-1,1122-1742-1,Line,513.0,9,100.3338,1.7122,100.0,33,0.5457
2090-2111-1,2781-4951-1,Line,106.0,64,123.3915,24.795,100.0,5,0.8102
2090-2111-1,3082-3122-1,Line,634.0,6,100.2698,1.7103,100.0,19,0.4717
2090-2781-1,1122-1742-1,Line,513.0,9,100.3342,1.7145,100.0,33,0.5457
2090-2781-1,2781-4951-1,Line,106.0,64,123.4227,24.8281,100.0,5,0.81
2090-2781-1,3082-3122-1,Line,634.0,6,100.2701,1.7126,100.0,19,0.4717
2091-4951-1,1122-1742-1,Line,513.0,9,100.3243,1.6636,100.0,33,0.5457
2091-4951-1,3082-3122-1,Line,634.0,6,100.2503,1.5869,100.0,19,0.4717
2091-4951-1,3581-89516-1,Line,123.0,4,100.1654,0.2034,100.0,26,0.5054
2091-20900-1,1122-1742-1,Line,513.0,9,100.2095,1.0746,100.0,33,0.5457
2091-20900-1,3082-3122-1,Line,634.0,5,100.1693,1.0734,100.0,19,0.4717
2101-4061-1,3581-89516-1,Line,123.0,7,100.1112,0.1368,100.0,26,0.5054
2121-21210-1,3581-89516-1,Line,123.0,59,100.2597,0.3195,100.0,26,0.5054
2121-21210-1,3691-4041-1,Line,192.0,1,100.1478,0.2837,100.0,14,0.5536
2141-4791-1,3581-89516-1,Line,123.0,41,100.165,0.203,100.0,26,0.5053
2141-4791-1,3691-4041-1,Line,192.0,1,100.1233,0.2368,100.0,8,0.5533
2141-4791-1,T3464-3462-34641-1-w1,Transformer,500.0,21,101.6777,8.3884,100.0,56,0.1867
2141-4791-1,T3464-3462-34641-1-w2,Transformer,500.0,21,101.6777,8.3884,100.0,56,0.188
2141-6931-1,3581-89516-1,Line,123.0,107,100.2297,0.2825,100.0,26,0.5053
2141-6931-1,3691-4041-1,Line,192.0,2,100.1921,0.3688,100.0,8,0.5533
2141-6931-1,T3464-3462-34641-1-w1,Transformer,500.0,21,102.3163,11.5815,100.0,55,0.1868
2141-6931-1,T3464-3462-34641-1-w2,Transformer,500.0,21,102.3163,11.5815,100.0,55,0.1881
2141-6931-1,T3934-3942-39402-1-w1,Transformer,500.0,10,100.5715,2.8576,98.3911,55,0.1929
2151-3461-1,1122-1742-1,Line,513.0,3,100.1058,0.5429,100.0,33,0.5457
2202-3342-1,1122-1742-1,Line,513.0,18,114.3246,73.4854,100.0,37,0.5631
2202-3342-1,3082-3122-1,Line,634.0,11,104.3368,27.4955,100.0,24,0.4676
2202-3342-1,3581-89516-1,Line,123.0,51,100.776,0.9545,100.0,26,0.5052
2202-3342-1,3691-4041-1,Line,192.0,1,100.4364,0.8378,100.0,8,0.5533
2202-3342-1,T3464-3462-34641-1-w1,Transformer,500.0,22,104.0768,20.3842,100.0,56,0.1857
2202-3342-1,T3464-3462-34641-1-w2,Transformer,500.0,22,104.0768,20.3842,100.0,57,0.1871
2202-3342-1,T3934-3942-39402-1-w1,Transformer,500.0,6,101.8107,9.0536,98.3911,56,0.1917
2202-3842-1,1122-1742-1,Line,513.0,9,100.5489,2.8156,100.0,33,0.5461
2202-3842-1,3082-3122-1,Line,634.0,10,103.9287,24.908,100.0,21,0.472
2202-3852-2,1122-1742-1,Line,513.0,9,101.0133,5.1981,100.0,33,0.5459
2202-3852-2,3082-3122-1,Line,634.0,11,105.9783,37.9023,100.0,23,0.469
2202-3852-2,3691-4041-1,Line,192.0,2,100.2335,0.4483,100.0,8,0.5533
2202-5202-1,1122-1742-1,Line,513.0,9,100.9301,4.7715,100.0,33,0.5458
2202-5202-1,3082-3122-1,Line,634.0,13,105.7267,36.3076,100.0,20,0.4711
2202-5202-1,3691-4041-1,Line,192.0,2,100.26,0.4992,100.0,8,0.5533
2204-5464-1,1122-1742-1,Line,513.0,9,101.9805,10.1598,100.0,34,0.5474
2204-5464-1,3082-3122-1,Line,634.0,14,108.1848,51.8918,100.0,30,0.4776
2204-5464-1,3581-89516-1,Line,123.0,120,104.3464,5.346,100.0,26,0.5043
2204-5464-1,3691-4041-1,Line,192.0,2,101.3459,2.5842,100.0,8,0.5532
2204-5464-1,4664-5464-1,Line,997.0,2,102.178,21.715,75.4486,85,0.2242
2204-5464-1,4664-43844-1,Line,997.0,2,102.178,21.715,75.4486,91,0.2309
2204-5464-1,T89510-89515-1,Transformer,125.0,79,102.6768,3.346,98.4,26,0.5003
2204-5464-1,T89515-89516-1,Transformer,125.0,79,102.6768,3.346,98.4,26,0.503
2204-22044-1,1122-1742-1,Line,513.0,18,109.7469,50.0015,100.0,36,0.5421
2204-22044-1,1392-3842-1,Line,420.0,1,103.9019,16.3882,89.5025,53,0.161
2204-22044-1,3082-3122-1,Line,634.0,8,101.6593,10.5203,100.0,20,0.4703
2204-22044-1,3581-89516-1,Line,123.0,128,107.7607,9.5456,100.0,26,0.5045
2204-22044-1,3691-4041-1,Line,192.0,2,104.2404,8.1415,100.0,14,0.5535
2204-22044-1,4664-5464-1,Line,997.0,66,137.4003,372.8807,75.4486,89,0.3391
2204-22044-1,4664-43844-1,Line,997.0,66,137.4003,372.8807,75.4486,90,0.3458
2204-22044-1,T89510-89515-1,Transformer,125.0,111,106.0365,7.5456,98.4,26,0.5006
2204-22044-1,T89515-89516-1,Transformer,125.0,111,106.0365,7.5456,98.4,26,0.5032
2211-2641-1,2781-4951-1,Line,106.0,1,100.1425,0.151,100.0,5,0.8104
2211-2641-1,3581-89516-1,Line,123.0,7,100.1747,0.2149,100.0,26,0.5053
2211-5501-1,2781-4951-1,Line,106.0,4,100.4059,0.4303,100.0,5,0.8104
2211-5501-1,3581-89516-1,Line,123.0,18,100.4977,0.6122,100.0,26,0.5053
2221-2225-1,T3464-3462-34641-1-w1,Transformer,500.0,19,100.13,0.65,100.0,56,0.1859
2221-2225-1,T3464-3462-34641-1-w2,Transformer,500.0,19,100.13,0.65,100.0,56,0.1872
2221-3891-1,2781-4951-1,Line,106.0,14,100.3414,0.3619,100.0,5,0.8104
2221-3891-1,3581-89516-1,Line,123.0,77,100.2703,0.3324,100.0,26,0.5054
2261-3311-1,1122-1742-1,Line,513.0,9,100.284,1.4572,100.0,33,0.5457
2261-3311-1,2781-4951-1,Line,106.0,37,100.5541,0.5873,100.0,5,0.8104
2261-3311-1,3082-3122-1,Line,634.0,7,100.3438,2.18,100.0,19,0.4717
2261-3311-1,3581-89516-1,Line,123.0,79,100.2908,0.3577,100.0,26,0.5054
2261-3311-1,T3464-3462-34641-1-w1,Transformer,500.0,20,100.648,3.2399,100.0,56,0.1858
2261-3311-1,T3464-3462-34641-1-w2,Transformer,500.0,20,100.6288,3.144,100.0,56,0.1871
2261-3381-1,3581-89516-1,Line,123.0,3,100.1389,0.1708,100.0,26,0.5056
2261-22612-1,3581-89516-1,Line,123.0,116,100.9618,1.1831,100.0,26,0.5055
2261-22612-1,T3464-3462-34641-1-w1,Transformer,500.0,3,100.161,0.8051,100.0,56,0.1858
2261-22612-1,T3464-3462-34641-1-w2,Transformer,500.0,3,100.161,0.8051,100.0,56,0.1871
2281-22811-1,3581-89516-1,Line,123.0,96,102.0289,2.4955,100.0,26,0.5058
2281-22811-1,3691-4041-1,Line,192.0,2,109.7944,18.8053,100.0,7,0.6298
2281-22811-1,T89510-89515-1,Transformer,125.0,1,100.3964,0.4955,98.4,26,0.5018
2281-22811-1,T89515-89516-1,Transformer,125.0,1,100.3964,0.4955,98.4,26,0.5045
2321-3581-1,3581-28019-1,Line,121.0,5,107.2812,8.8103,64.2848,11,0.306
2321-3581-1,T3464-3462-34641-1-w1,Transformer,500.0,15,100.1386,0.693,100.0,56,0.1859
2321-3581-1,T3464-3462-34641-1-w2,Transformer,500.0,15,100.1386,0.693,100.0,56,0.1872
2321-4071-1,1122-1742-1,Line,513.0,3,100.1596,0.8187,100.0,33,0.5457
2321-4071-1,2781-4951-1,Line,106.0,3,100.1931,0.2046,100.0,5,0.8104
2321-4071-1,3082-3122-1,Line,634.0,4,100.1405,0.891,100.0,19,0.4717
2321-4071-1,T3464-3462-34641-1-w1,Transformer,500.0,6,100.2991,1.4955,100.0,56,0.1858
2321-4071-1,T3464-3462-34641-1-w2,Transformer,500.0,6,100.2886,1.4429,100.0,56,0.1872
2321-28710-1,3581-28019-1,Line,121.0,5,107.2812,8.8103,64.2848,10,0.3076
2321-28710-1,T3464-3462-34641-1-w1,Transformer,500.0,11,100.1256,0.6278,100.0,56,0.1859
2321-28710-1,T3464-3462-34641-1-w2,Transformer,500.0,11,100.1256,0.6278,100.0,56,0.1872
2351-3641-1,1122-1742-1,Line,513.0,8,100.6237,3.1997,100.0,33,0.5474
2351-3641-1,3082-3122-1,Line,634.0,2,100.1035,0.656,100.0,19,0.4719
2361-21210-1,3581-89516-1,Line,123.0,52,100.2199,0.2705,100.0,26,0.5054
2361-23610-1,2781-4951-1,Line,106.0,37,100.364,0.3858,100.0,5,0.8104
2391-5301-1,1122-1742-1,Line,513.0,1,100.8101,4.1556,100.0,30,0.5471
2391-5301-1,3082-3122-1,Line,634.0,1,100.3335,2.1144,100.0,22,0.472
2391-5301-1,3581-89516-1,Line,123.0,96,101.0071,1.2387,100.0,26,0.5054
2391-5301-1,3691-4041-1,Line,192.0,1,100.1738,0.3337,100.0,8,0.5534
2401-5321-1,1122-1742-1,Line,513.0,9,100.2725,1.3977,100.0,33,0.5459
2401-5321-1,3082-3122-1,Line,634.0,7,100.2532,1.6051,100.0,19,0.4718
2401-5321-1,3691-4041-1,Line,192.0,1,100.1199,0.2303,100.0,8,0.5533
2441-4501-1,3691-4041-1,Line,192.0,2,100.4236,0.8133,100.0,8,0.5533
2481-24819-1,3082-3122-1,Line,634.0,12,104.2619,27.0205,100.0,19,0.4724
2521-2681-1,3581-89516-1,Line,123.0,119,100.5653,0.6953,100.0,26,0.5054
2521-4981-1,3581-89516-1,Line,123.0,29,102.1406,2.6329,100.0,26,0.5101
2521-4981-1,3691-4041-1,Line,192.0,2,100.2935,0.5635,100.0,8,0.5528
2521-4981-1,T89510-89515-1,Transformer,125.0,1,100.5064,0.6329,98.4,26,0.5061
2521-4981-1,T89515-89516-1,Transformer,125.0,1,100.5064,0.6329,98.4,26,0.5087
2521-5341-1,3581-89516-1,Line,123.0,94,101.7196,2.1151,100.0,26,0.5053
2521-5341-1,T3464-3462-34641-1-w1,Transformer,500.0,18,100.3284,1.6421,100.0,56,0.1858
2521-5341-1,T3464-3462-34641-1-w2,Transformer,500.0,18,100.3284,1.6421,100.0,56,0.1871
2521-66094-1,1122-1742-1,Line,513.0,8,100.21,1.077,100.0,33,0.5459
2521-66094-1,3581-89516-1,Line,123.0,10,103.6949,4.5447,100.0,26,0.5122
2521-66094-1,3691-4041-1,Line,192.0,2,104.2751,8.2082,100.0,14,0.541
2521-66094-1,T89510-89515-1,Transformer,125.0,3,102.0357,2.5447,98.4,26,0.5082
2521-66094-1,T89515-89516-1,Transformer,125.0,3,102.0357,2.5447,98.4,26,0.5108
2521-66094-1,T3464-3462-34641-1-w1,Transformer,500.0,13,100.3807,1.9037,100.0,56,0.1861
2521-66094-1,T3464-3462-34641-1-w2,Transformer,500.0,13,100.3807,1.9037,100.0,56,0.1875
2522-3522-1,1122-1742-1,Line,513.0,9,100.6503,3.336,100.0,33,0.5454
2522-3522-1,3082-3122-1,Line,634.0,7,100.6399,4.0569,100.0,19,0.4712
2522-3522-1,3581-89516-1,Line,123.0,129,116.6398,20.4669,100.0,27,0.5113
2522-3522-1,T89510-89515-1,Transformer,125.0,121,114.7735,18.4669,98.4,26,0.5073
2522-3522-1,T89515-89516-1,Transformer,125.0,121,114.7735,18.4669,98.4,27,0.51
2522-3522-1,T3464-3462-34641-1-w1,Transformer,500.0,21,102.6602,13.3009,100.0,56,0.1868
2522-3522-1,T3464-3462-34641-1-w2,Transformer,500.0,21,102.6602,13.3009,100.0,56,0.1881
2522-3522-1,T3934-3942-39402-1-w1,Transformer,500.0,12,101.0373,5.1864,98.3911,56,0.1932
2522-5042-1,3581-89516-1,Line,123.0,24,108.5114,10.469,100.0,26,0.526
2522-5042-1,3691-4041-1,Line,192.0,2,102.3017,4.4192,100.0,14,0.5476
2522-5042-1,T89510-89515-1,Transformer,125.0,17,106.7752,8.469,98.4,26,0.522
2522-5042-1,T89515-89516-1,Transformer,125.0,17,106.7752,8.469,98.4,26,0.5247
2522-5042-1,T3464-3462-34641-1-w1,Transformer,500.0,7,100.1713,0.8567,100.0,56,0.1862
2522-5042-1,T3464-3462-34641-1-w2,Transformer,500.0,7,100.1713,0.8567,100.0,56,0.1875
2561-4491-1,2561-3781-1,Line,114.0,86,120.8853,23.8092,92.8535,0,0.0043
2561-25610-1,1122-1742-1,Line,513.0,2,100.1512,0.7755,100.0,33,0.5457
2561-25610-1,2781-4951-1,Line,106.0,2,100.1178,0.1249,100.0,5,0.8104
2561-25610-1,3082-3122-1,Line,634.0,2,100.1755,1.1129,100.0,19,0.4717
2561-25610-1,3581-89516-1,Line,123.0,15,100.3969,0.4882,100.0,26,0.5053
2561-25610-1,T3464-3462-34641-1-w1,Transformer,500.0,4,100.2312,1.156,100.0,56,0.1858
2561-25610-1,T3464-3462-34641-1-w2,Transformer,500.0,4,100.2262,1.1312,100.0,56,0.1871
2562-4012-1,3082-3122-1,Line,634.0,1,100.1045,0.6624,100.0,19,0.4716
2563-4242-1,1472-2562-1,Line,457.0,53,169.3115,316.7535,81.8587,12,0.6627
2601-4041-1,3581-89516-1,Line,123.0,24,102.5758,3.1682,100.0,20,0.5092
2601-4041-1,T89510-89515-1,Transformer,125.0,4,100.9346,1.1682,98.4,19,0.5052
2601-4041-1,T89515-89516-1,Transformer,125.0,4,100.9346,1.1682,98.4,20,0.5079
2601-4041-1,T3464-3462-34641-1-w1,Transformer,500.0,4,100.3103,1.5515,100.0,56,0.1859
2601-4041-1,T3464-3462-34641-1-w2,Transformer,500.0,4,100.3103,1.5515,100.0,56,0.1873
2601-4371-1,3581-89516-1,Line,123.0,2,100.6828,0.8398,100.0,19,0.5093
2601-4371-1,T3464-3462-34641-1-w1,Transformer,500.0,17,100.3844,1.9218,100.0,56,0.1859
2601-4371-1,T3464-3462-34641-1-w2,Transformer,500.0,17,100.3844,1.9218,100.0,56,0.1872
2651-3551-1,1122-1742-1,Line,513.0,9,101.9363,9.9332,100.0,35,0.5486
2651-3551-1,3082-3122-1,Line,634.0,7,101.1739,7.4424,100.0,22,0.4717
2651-3551-1,T3464-3462-34641-1-w1,Transformer,500.0,8,100.6781,3.3907,100.0,56,0.1856
2651-3551-1,T3464-3462-34641-1-w2,Transformer,500.0,8,100.6781,3.3907,100.0,56,0.187
2661-2671-1,3691-4041-1,Line,192.0,1,100.3717,0.7137,100.0,8,0.5533
2712-34620-1,3462-5142-2,Line,513.0,10,165.9322,338.2323,80.3026,20,0.0994
2741-3441-1,1122-1742-1,Line,513.0,11,103.2031,16.4318,100.0,32,0.5521
2741-3441-1,3082-3122-1,Line,634.0,8,101.663,10.5434,100.0,20,0.472
2741-3441-1,T3464-3462-34641-1-w1,Transformer,500.0,20,101.1783,5.8914,100.0,56,0.186
2741-3441-1,T3464-3462-34641-1-w2,Transformer,500.0,20,101.1783,5.8914,100.0,56,0.1874
2741-5441-1,T3464-3462-34641-1-w1,Transformer,500.0,16,100.2361,1.1807,100.0,56,0.186
2741-5441-1,T3464-3462-34641-1-w2,Transformer,500.0,16,100.2361,1.1807,100.0,56,0.1873
2741-5441-2,T3464-3462-34641-1-w1,Transformer,500.0,13,100.1997,0.9987,100.0,56,0.186
2741-5441-2,T3464-3462-34641-1-w2,Transformer,500.0,13,100.1997,0.9987,100.0,56,0.1873
2741-5451-1,1122-1742-1,Line,513.0,6,101.2926,6.6308,100.0,21,0.5597
2741-5451-1,3082-3122-1,Line,634.0,5,100.7202,4.566,100.0,15,0.4742
2741-5451-1,T3464-3462-34641-1-w1,Transformer,500.0,10,100.4091,2.0457,100.0,56,0.1863
2741-5451-1,T3464-3462-34641-1-w2,Transformer,500.0,10,100.4091,2.0457,100.0,56,0.1876
2742-3342-1,1122-1742-1,Line,513.0,21,117.7622,91.1202,100.0,39,0.5753
2742-3342-1,3082-3122-1,Line,634.0,13,106.8925,43.6987,100.0,28,0.4693
2742-3342-1,3581-89516-1,Line,123.0,54,100.6334,0.7791,100.0,26,0.5053
2742-3342-1,3691-4041-1,Line,192.0,1,100.458,0.8794,100.0,8,0.5533
2742-3342-1,T3464-3462-34641-1-w1,Transformer,500.0,23,105.1136,25.5678,100.0,57,0.1863
2742-3342-1,T3464-3462-34641-1-w2,Transformer,500.0,23,105.1136,25.5678,100.0,57,0.1876
2742-3342-1,T3934-3942-39402-1-w1,Transformer,500.0,13,102.799,13.9952,98.3911,56,0.1921
2742-3642-1,1122-1742-1,Line,513.0,1,102.737,14.0409,100.0,10,0.7088
2742-3642-1,3082-3122-1,Line,634.0,6,105.1867,32.8834,100.0,11,0.4995
2742-3642-1,3581-89516-1,Line,123.0,29,100.2719,0.3345,100.0,26,0.5053
2742-3642-1,T3464-3462-34641-1-w1,Transformer,500.0,18,101.3564,6.7818,100.0,57,0.1875
2742-3642-1,T3464-3462-34641-1-w2,Transformer,500.0,18,101.3564,6.7818,100.0,57,0.1888
2742-3662-1,1122-1742-1,Line,513.0,27,120.4022,104.6633,100.0,33,0.5463
2742-3662-1,3082-3122-1,Line,634.0,18,111.9694,75.8857,100.0,19,0.4722
2742-3662-1,3691-4041-1,Line,192.0,2,100.7771,1.4921,100.0,8,0.5534
2742-3662-1,T54640-54630-1,Transformer,582.0,4,100.1335,0.777,100.0,0,0.0013
2742-3662-1,T3464-3462-34641-1-w1,Transformer,500.0,20,101.0382,5.1911,100.0,56,0.1859
2742-3662-1,T3464-3462-34641-1-w2,Transformer,500.0,20,101.1936,5.9682,100.0,56,0.1872
2771-16110-1,2781-4951-1,Line,106.0,11,100.5647,0.5986,100.0,5,0.8104
2771-16110-1,3581-89516-1,Line,123.0,77,100.4562,0.5612,100.0,26,0.5053
2781-4951-1,1641-4951-1,Line,105.0,78,139.9913,41.9909,39.0389,5,0.992
2801-2871-1,1122-1742-1,Line,513.0,1,100.3967,2.0351,100.0,33,0.5457
2801-2871-1,3082-3122-1,Line,634.0,1,100.1957,1.2408,100.0,19,0.4717
2801-2871-1,3581-89516-1,Line,123.0,127,118.1834,22.3656,100.0,26,0.5059
2801-2871-1,T89510-89515-1,Transformer,125.0,126,116.1005,20.1256,98.4,26,0.5019
2801-2871-1,T89515-89516-1,Transformer,125.0,126,116.2285,20.2856,98.4,26,0.5045
2842-3522-1,3581-89516-1,Line,123.0,10,100.9422,1.1589,100.0,26,0.5041
2842-3522-1,3691-4041-1,Line,192.0,1,100.1532,0.2941,100.0,8,0.553
2842-3852-1,3581-89516-1,Line,123.0,45,100.7775,0.9563,100.0,26,0.5046
2842-3852-1,3691-4041-1,Line,192.0,2,101.0006,1.9211,100.0,8,0.5527
2842-3852-1,T3464-3462-34641-1-w1,Transformer,500.0,2,100.1012,0.506,100.0,56,0.1857
2842-3852-1,T3464-3462-34641-1-w2,Transformer,500.0,2,100.1012,0.506,100.0,56,0.187
2870-2871-1,2321-3581-1,Line,123.0,105,140.673,50.0277,71.258,13,0.6098
2870-2871-1,2321-28710-1,Line,123.0,74,140.673,50.0277,70.8028,13,0.3242
2870-2871-1,3581-89516-1,Line,123.0,2,101.7997,2.2136,100.0,26,0.5407
2870-2871-1,T89510-89515-1,Transformer,125.0,1,100.1709,0.2136,98.4,22,0.5367
2870-2871-1,T89515-89516-1,Transformer,125.0,1,100.1709,0.2136,98.4,26,0.5394
2870-2871-1,T3464-3462-34641-1-w1,Transformer,500.0,19,100.1936,0.9678,100.0,56,0.1859
2870-2871-1,T3464-3462-34641-1-w2,Transformer,500.0,19,100.1936,0.9678,100.0,56,0.1872
2870-4091-1,1122-1742-1,Line,513.0,3,100.1263,0.6478,100.0,33,0.5457
2870-4091-1,2781-4951-1,Line,106.0,35,100.4774,0.5061,100.0,5,0.8104
2870-4091-1,3082-3122-1,Line,634.0,1,100.1121,0.7105,100.0,19,0.4717
2870-4091-1,3691-4041-1,Line,192.0,2,100.4778,0.9173,100.0,8,0.5533
2870-4091-1,T3464-3462-34641-1-w1,Transformer,500.0,15,100.4017,2.0086,100.0,56,0.1858
2870-4091-1,T3464-3462-34641-1-w2,Transformer,500.0,15,100.3861,1.9303,100.0,56,0.1872
2870-17010-1,3581-89516-1,Line,123.0,5,100.9187,1.13,100.0,26,0.5341
2870-28712-1,3581-89516-1,Line,123.0,104,100.2266,0.2787,100.0,26,0.5054
2871-28019-1,2321-3581-1,Line,123.0,15,110.2471,12.604,71.258,13,0.6081
2871-28019-1,2321-28710-1,Line,123.0,9,110.2471,12.604,70.8028,13,0.3225
2871-28019-1,T3464-3462-34641-1-w1,Transformer,500.0,4,100.1048,0.5242,100.0,56,0.1859
2871-28019-1,T3464-3462-34641-1-w2,Transformer,500.0,4,100.1048,0.5242,100.0,56,0.1872
2921-3381-1,3082-3122-1,Line,634.0,2,100.1088,0.6897,100.0,19,0.4716
2921-3381-1,3581-89516-1,Line,123.0,116,100.5227,0.6429,100.0,26,0.5054
2921-3381-1,T3464-3462-34641-1-w1,Transformer,500.0,10,100.1255,0.6276,100.0,56,0.1859
2921-3381-1,T3464-3462-34641-1-w2,Transformer,500.0,10,100.1255,0.6276,100.0,56,0.1872
2921-4121-1,1122-1742-1,Line,513.0,1,100.1013,0.5196,100.0,33,0.5457
2921-4121-1,3082-3122-1,Line,634.0,2,100.1088,0.6897,100.0,19,0.4716
2921-4121-1,3581-89516-1,Line,123.0,116,100.5227,0.6429,100.0,26,0.5054
2921-4121-1,T3464-3462-34641-1-w1,Transformer,500.0,11,100.1255,0.6276,100.0,56,0.1858
2921-4121-1,T3464-3462-34641-1-w2,Transformer,500.0,11,100.1255,0.6276,100.0,56,0.1872
2931-4741-1,3581-89516-1,Line,123.0,44,100.3866,0.4755,100.0,26,0.5053
2931-23019-1,1122-1742-1,Line,513.0,1,100.1002,0.5141,100.0,33,0.5456
2931-23019-1,3082-3122-1,Line,634.0,5,100.158,1.0019,100.0,19,0.4715
2931-23019-1,3581-89516-1,Line,123.0,119,100.7303,0.8983,100.0,26,0.5053
2931-23019-1,T3464-3462-34641-1-w1,Transformer,500.0,16,100.2031,1.0154,100.0,56,0.1858
2931-23019-1,T3464-3462-34641-1-w2,Transformer,500.0,16,100.2031,1.0154,100.0,56,0.1871
2962-4012-1,1122-1742-1,Line,513.0,9,103.3526,17.1989,100.0,33,0.5457
2962-4012-1,1122-11260-1,Line,513.0,1,100.1836,0.9419,100.0,1,0.9973
2962-4012-1,2781-4951-1,Line,106.0,37,100.9944,1.0541,100.0,5,0.8104
2962-4012-1,3082-3122-1,Line,634.0,10,103.8754,24.57,100.0,19,0.4717
2962-4012-1,3581-89516-1,Line,123.0,121,103.3936,4.1741,100.0,26,0.5053
2962-4012-1,3691-4041-1,Line,192.0,2,100.17,0.3265,100.0,8,0.5533
2962-4012-1,T89510-89515-1,Transformer,125.0,119,102.8695,3.5869,98.4,26,0.5013
2962-4012-1,T89515-89516-1,Transformer,125.0,118,102.116,2.645,98.4,26,0.504
2962-4012-1,T3464-3462-34641-1-w1,Transformer,500.0,22,103.1611,15.8054,100.0,56,0.1858
2962-4012-1,T3464-3462-34641-1-w2,Transformer,500.0,22,103.0933,15.4665,100.0,56,0.1871
2962-4012-1,T3934-3942-39402-1-w1,Transformer,500.0,14,100.9149,4.5746,98.3911,56,0.1922
3061-3881-1,T3464-3462-34641-1-w1,Transformer,500.0,20,100.4014,2.0068,100.0,56,0.1862
3061-3881-1,T3464-3462-34641-1-w2,Transformer,500.0,20,100.4014,2.0068,100.0,56,0.1876
3082-3122-1,3581-89516-1,Line,123.0,87,100.2337,0.2874,100.0,26,0.5053
3082-3122-1,3691-4041-1,Line,192.0,2,100.3091,0.5935,100.0,8,0.5533
3082-3122-1,T1742-17431-1,Transformer,350.0,62,147.8059,167.3205,44.4761,15,0.415
3082-3122-1,T3464-3462-34641-1-w1,Transformer,500.0,20,100.869,4.3448,100.0,56,0.1859
3082-3122-1,T3464-3462-34641-1-w2,Transformer,500.0,20,100.869,4.3448,100.0,56,0.1872
3082-3472-2,3472-30820-1,Line,548.0,12,123.3326,127.8628,78.5175,14,0.4752
3082-30820-1,T3464-3462-34641-1-w1,Transformer,500.0,4,100.1412,0.706,100.0,56,0.1859
3082-30820-1,T3464-3462-34641-1-w2,Transformer,500.0,4,100.1412,0.706,100.0,56,0.1872
3101-31019-1,1122-1742-1,Line,513.0,1,100.1029,0.528,100.0,33,0.5458
3190-3461-1,1122-1742-1,Line,513.0,7,100.1091,0.5597,100.0,33,0.5457
3190-5261-2,1122-1742-1,Line,513.0,7,100.1091,0.5597,100.0,33,0.5457
3191-52610-1,2781-4951-1,Line,106.0,19,100.7394,0.7837,100.0,5,0.8104
3191-52610-1,3581-89516-1,Line,123.0,84,100.6077,0.7475,100.0,26,0.5053
3192-3332-1,1122-1742-1,Line,513.0,17,110.4791,53.758,100.0,43,0.5458
3192-3332-1,3082-3122-1,Line,634.0,10,105.6442,35.7839,100.0,36,0.4693
3192-3332-1,3581-89516-1,Line,123.0,12,100.1207,0.1485,100.0,26,0.5053
3192-3462-1,1122-1742-1,Line,513.0,9,100.2529,1.2975,100.0,33,0.5457
3192-3462-1,3082-3122-1,Line,634.0,6,100.1362,0.8637,100.0,19,0.4717
3192-3462-1,3192-3462-2,Line,660.0,3,105.7132,37.7071,74.1684,35,0.816
3192-3462-2,1122-1742-1,Line,513.0,9,101.1555,5.9275,100.0,33,0.5456
3192-3462-2,3082-3122-1,Line,634.0,7,100.6223,3.9456,100.0,20,0.4715
3201-14619-1,T3464-3462-34641-1-w1,Transformer,500.0,20,100.3983,1.9913,100.0,53,0.1864
3201-14619-1,T3464-3462-34641-1-w2,Transformer,500.0,20,100.3983,1.9913,100.0,53,0.1877
3202-3203-1,3581-89516-1,Line,123.0,54,100.1792,0.2204,100.0,26,0.5054
3202-3203-1,3691-4041-1,Line,192.0,2,100.1109,0.2129,100.0,8,0.5534
3202-3203-1,T3464-3462-34641-1-w1,Transformer,500.0,21,101.8402,9.2011,100.0,56,0.1873
3202-3203-1,T3464-3462-34641-1-w2,Transformer,500.0,21,101.8402,9.2011,100.0,56,0.1886
3202-3203-1,T3934-3942-39402-1-w1,Transformer,500.0,1,100.1165,0.5827,98.3911,56,0.1934
3202-3282-1,1122-1742-1,Line,513.0,12,104.4422,22.7885,100.0,31,0.5478
3202-3282-1,3082-3122-1,Line,634.0,10,102.7618,17.5095,100.0,27,0.4709
3202-3282-1,3581-89516-1,Line,123.0,36,100.2241,0.2757,100.0,26,0.5054
3202-32060-1,1122-11260-1,Line,513.0,18,100.2105,1.08,100.0,1,0.9973
3202-32060-1,2781-4951-1,Line,106.0,6,102.197,2.3288,100.0,5,0.8104
3202-32060-1,3581-89516-1,Line,123.0,58,101.8198,2.2384,100.0,26,0.5053
3202-32060-1,T89510-89515-1,Transformer,125.0,47,101.4867,1.8584,98.4,26,0.5013
3202-32060-1,T89515-89516-1,Transformer,125.0,35,100.6227,0.7784,98.4,26,0.504
3209-6931-1,3581-89516-1,Line,123.0,52,100.1647,0.2026,100.0,26,0.5054
3209-6931-1,3691-4041-1,Line,192.0,1,100.117,0.2247,100.0,8,0.5534
3209-6931-1,T3464-3462-34641-1-w1,Transformer,500.0,21,101.6402,8.2009,100.0,53,0.187
3209-6931-1,T3464-3462-34641-1-w2,Transformer,500.0,21,101.6402,8.2009,100.0,53,0.1883
3241-4081-1,1122-1742-1,Line,513.0,9,100.1873,0.9607,100.0,33,0.5456
3241-4081-1,3082-3122-1,Line,634.0,7,100.1549,0.9819,100.0,19,0.4713
3251-5281-1,2781-4951-1,Line,106.0,36,100.4181,0.4432,100.0,5,0.8104
3251-5281-1,3581-89516-1,Line,123.0,112,100.315,0.3874,100.0,26,0.5054
3261-3341-1,1122-1742-1,Line,513.0,9,100.3455,1.7725,100.0,33,0.5459
3261-3341-1,T3464-3462-34641-1-w1,Transformer,500.0,2,100.1228,0.6139,100.0,56,0.1859
3261-3341-1,T3464-3462-34641-1-w2,Transformer,500.0,2,100.1228,0.6139,100.0,56,0.1872
3261-3441-1,1122-1742-1,Line,513.0,12,103.8076,19.5329,100.0,32,0.5518
3261-3441-1,3082-3122-1,Line,634.0,9,102.6139,16.5718,100.0,20,0.4718
3261-3441-1,T3464-3462-34641-1-w1,Transformer,500.0,20,101.339,6.695,100.0,56,0.186
3261-3441-1,T3464-3462-34641-1-w2,Transformer,500.0,20,101.339,6.695,100.0,56,0.1873
3281-3631-1,2781-4951-1,Line,106.0,35,100.3964,0.4202,100.0,5,0.8104
3281-3631-1,3581-89516-1,Line,123.0,57,100.193,0.2374,100.0,26,0.5053
3281-5091-1,1122-1742-1,Line,513.0,5,100.1466,0.7523,100.0,33,0.5459
3282-4942-1,1122-1742-1,Line,513.0,9,102.6756,13.726,100.0,33,0.5453
3282-4942-1,3082-3122-1,Line,634.0,10,102.4403,15.4717,100.0,21,0.47
3282-4942-1,3581-89516-1,Line,123.0,1,100.1147,0.1411,100.0,26,0.5054
3282-4942-1,3691-4041-1,Line,192.0,2,100.2584,0.4961,100.0,8,0.5533
3282-4942-1,T3464-3462-34641-1-w1,Transformer,500.0,29,107.3655,36.8277,100.0,56,0.1943
3282-4942-1,T3464-3462-34641-1-w2,Transformer,500.0,29,107.3655,36.8277,100.0,56,0.1956
3282-4942-1,T3934-3942-39402-1-w1,Transformer,500.0,25,104.8983,24.4915,98.3911,56,0.1996
3282-34620-1,1122-1742-1,Line,513.0,9,100.7268,3.7286,100.0,33,0.546
3282-34620-1,3082-3122-1,Line,634.0,7,100.2623,1.6631,100.0,20,0.4715
3282-34620-1,3581-89516-1,Line,123.0,15,100.2011,0.2473,100.0,26,0.5053
3301-43619-1,1122-1742-1,Line,513.0,9,100.372,1.9085,100.0,34,0.5459
3301-43619-1,3082-3122-1,Line,634.0,7,100.2052,1.3011,100.0,20,0.4716
3330-3331-1,2781-4951-1,Line,106.0,7,100.7448,0.7895,100.0,5,0.8104
3330-3331-1,3581-89516-1,Line,123.0,63,100.6047,0.7438,100.0,26,0.5053
3330-28810-1,2781-4951-1,Line,106.0,7,100.7438,0.7885,100.0,5,0.8104
3330-28810-1,3581-89516-1,Line,123.0,63,100.6039,0.7428,100.0,26,0.5053
3341-33410-1,2781-4951-1,Line,106.0,2,100.1482,0.157,100.0,5,0.8104
3341-33410-1,3581-89516-1,Line,123.0,12,100.1951,0.2399,100.0,26,0.5053
3341-33410-1,T3464-3462-34641-1-w1,Transformer,500.0,1,100.1302,0.6512,100.0,56,0.1858
3341-33410-1,T3464-3462-34641-1-w2,Transformer,500.0,1,100.125,0.625,100.0,56,0.1872
3352-3842-1,3581-89516-1,Line,123.0,27,100.3465,0.4262,100.0,26,0.5052
3352-3842-1,T3464-3462-34641-1-w1,Transformer,500.0,5,100.4142,2.0708,100.0,56,0.1856
3352-3842-1,T3464-3462-34641-1-w2,Transformer,500.0,5,100.4142,2.0708,100.0,56,0.1869
3352-5462-1,1122-1742-1,Line,513.0,9,100.328,1.6827,100.0,31,0.544
3352-5462-1,3082-3122-1,Line,634.0,5,100.6632,4.205,100.0,18,0.4665
3391-28810-1,2781-4951-1,Line,106.0,7,100.5279,0.5596,100.0,5,0.8104
3391-28810-1,3581-89516-1,Line,123.0,60,100.4286,0.5272,100.0,26,0.5053
3401-5441-1,T3464-3462-34641-1-w1,Transformer,500.0,2,100.1099,0.5496,100.0,56,0.1859
3401-5441-1,T3464-3462-34641-1-w2,Transformer,500.0,2,100.1099,0.5496,100.0,56,0.1873
3461-3481-1,2781-4951-1,Line,106.0,16,100.186,0.1972,100.0,5,0.8104
3461-3481-1,3581-89516-1,Line,123.0,62,100.1389,0.1708,100.0,26,0.5054
3461-4681-1,T3464-3462-34641-1-w1,Transformer,500.0,19,100.3972,1.9859,100.0,56,0.1872
3461-4681-1,T3464-3462-34641-1-w2,Transformer,500.0,19,100.3972,1.9859,100.0,56,0.1886
3462-3940-1,T3464-3462-34641-1-w1,Transformer,500.0,21,101.5854,7.9271,100.0,56,0.1919
3462-3940-1,T3464-3462-34641-1-w2,Transformer,500.0,21,101.5854,7.9271,100.0,56,0.1932
3462-3942-2,T3464-3462-34641-1-w1,Transformer,500.0,21,101.7996,8.9982,100.0,56,0.1925
3462-3942-2,T3464-3462-34641-1-w2,Transformer,500.0,21,101.7996,8.9982,100.0,56,0.1938
3462-5142-2,3581-89516-1,Line,123.0,1,100.1296,0.1594,100.0,26,0.5054
3462-34620-1,3462-5142-2,Line,513.0,4,139.1836,201.0118,80.3026,31,0.1187
3462-34620-1,3581-89516-1,Line,123.0,2,100.119,0.1464,100.0,26,0.5053
3464-3934-1,1122-1742-1,Line,513.0,9,101.9398,9.951,100.0,33,0.5452
3464-3934-1,3082-3122-1,Line,634.0,7,100.7735,4.9043,100.0,20,0.4713
3464-3934-1,3581-89516-1,Line,123.0,120,101.6121,1.9828,100.0,26,0.5052
3464-3934-1,3691-4041-1,Line,192.0,2,100.9843,1.8899,100.0,8,0.5534
3464-3934-1,3944-3954-1,Line,500.0,41,115.1976,75.9882,79.7295,57,0.2156
3464-3934-1,T3934-3942-39402-1-w1,Transformer,500.0,79,142.5519,212.7597,98.3911,57,0.2685
3464-3934-1,T3954-3942-39421-2-w1,Transformer,500.0,41,115.1976,75.9882,79.7295,57,0.2169
3472-3842-1,1122-1742-1,Line,513.0,9,102.8195,14.464,100.0,33,0.5385
3472-3842-1,3082-3122-1,Line,634.0,11,107.7348,49.0386,100.0,23,0.428
3472-3842-1,3581-89516-1,Line,123.0,57,100.2412,0.2967,100.0,26,0.5054
3472-3842-1,3691-4041-1,Line,192.0,2,100.1573,0.302,100.0,8,0.5534
3472-3842-1,T3464-3462-34641-1-w1,Transformer,500.0,17,100.1922,0.9612,100.0,56,0.186
3472-3842-1,T3464-3462-34641-1-w2,Transformer,500.0,17,100.1922,0.9612,100.0,56,0.1873
3472-3852-2,1122-1742-1,Line,513.0,7,100.9366,4.805,100.0,33,0.5407
3472-3852-2,3082-3122-1,Line,634.0,6,101.4898,9.4456,100.0,17,0.4317
3472-3852-2,3581-89516-1,Line,123.0,6,100.135,0.1661,100.0,26,0.5053
3491-3561-1,3581-89516-1,Line,123.0,102,101.92,2.3616,100.0,26,0.5066
3491-3561-1,T89510-89515-1,Transformer,125.0,3,100.2892,0.3616,98.4,26,0.5026
3491-3561-1,T89515-89516-1,Transformer,125.0,3,100.2892,0.3616,98.4,26,0.5052
3491-3561-1,T3464-3462-34641-1-w1,Transformer,500.0,2,100.1239,0.6195,100.0,56,0.1859
3491-3561-1,T3464-3462-34641-1-w2,Transformer,500.0,2,100.1239,0.6195,100.0,56,0.1872
3491-4961-1,3581-89516-1,Line,123.0,74,101.0657,1.3108,100.0,26,0.5066
3501-4671-1,1122-1742-1,Line,513.0,4,100.1501,0.7701,100.0,33,0.5457
3501-4671-1,2781-4951-1,Line,106.0,36,100.4514,0.4785,100.0,5,0.8104
3501-4671-1,3082-3122-1,Line,634.0,4,100.1834,1.1626,100.0,19,0.4717
3501-4971-1,1122-1742-1,Line,513.0,9,100.3761,1.9295,100.0,33,0.5455
3501-4971-1,3082-3122-1,Line,634.0,7,100.4206,2.6668,100.0,19,0.4712
3501-4971-1,3581-89516-1,Line,123.0,114,105.0786,6.2467,100.0,26,0.5069
3501-4971-1,T89510-89515-1,Transformer,125.0,59,103.3974,4.2467,98.4,26,0.5029
3501-4971-1,T89515-89516-1,Transformer,125.0,59,103.3974,4.2467,98.4,26,0.5056
3501-4971-1,T3464-3462-34641-1-w1,Transformer,500.0,21,101.5474,7.7368,100.0,56,0.1861
3501-4971-1,T3464-3462-34641-1-w2,Transformer,500.0,21,101.5474,7.7368,100.0,56,0.1875
3501-35011-1,3581-89516-1,Line,123.0,47,101.5966,1.9638,100.0,26,0.5068
3511-4001-1,1122-1742-1,Line,513.0,8,100.2362,1.2118,100.0,33,0.5457
3511-4001-1,2781-4951-1,Line,106.0,37,100.4902,0.5197,100.0,5,0.8104
3511-4001-1,3082-3122-1,Line,634.0,7,100.2859,1.8125,100.0,19,0.4717
3511-4001-1,3691-4041-1,Line,192.0,2,100.1442,0.2769,100.0,8,0.5533
3511-4001-1,T3464-3462-34641-1-w1,Transformer,500.0,19,100.4314,2.157,100.0,56,0.1858
3511-4001-1,T3464-3462-34641-1-w2,Transformer,500.0,19,100.4144,2.0721,100.0,56,0.1872
3521-4061-1,3581-89516-1,Line,123.0,50,100.144,0.1771,100.0,26,0.5054
3521-4781-1,3581-89516-1,Line,123.0,65,102.599,3.1968,100.0,26,0.5074
3521-4781-1,T89510-89515-1,Transformer,125.0,8,100.9575,1.1968,98.4,26,0.5034
3521-4781-1,T89515-89516-1,Transformer,125.0,8,100.9575,1.1968,98.4,26,0.5061
3521-4781-1,T3464-3462-34641-1-w1,Transformer,500.0,5,100.1899,0.9493,100.0,56,0.1858
3521-4781-1,T3464-3462-34641-1-w2,Transformer,500.0,5,100.1899,0.9493,100.0,56,0.1871
3522-66121-1,3581-89516-1,Line,123.0,95,102.9581,3.6384,100.0,26,0.5043
3522-66121-1,3691-4041-1,Line,192.0,2,101.7401,3.341,100.0,8,0.5528
3522-66121-1,T89510-89515-1,Transformer,125.0,42,101.3108,1.6384,98.4,26,0.5003
3522-66121-1,T89515-89516-1,Transformer,125.0,42,101.3108,1.6384,98.4,26,0.503
3522-66121-1,T3464-3462-34641-1-w1,Transformer,500.0,5,100.3051,1.5253,100.0,56,0.185
3522-66121-1,T3464-3462-34641-1-w2,Transformer,500.0,5,100.3051,1.5253,100.0,56,0.1864
3541-3901-1,T3464-3462-34641-1-w1,Transformer,500.0,17,100.3371,1.6857,100.0,56,0.1866
3541-3901-1,T3464-3462-34641-1-w2,Transformer,500.0,17,100.3371,1.6857,100.0,56,0.1879
3541-4681-1,T3464-3462-34641-1-w1,Transformer,500.0,6,100.1923,0.9614,100.0,56,0.1871
3541-4681-1,T3464-3462-34641-1-w2,Transformer,500.0,6,100.1923,0.9614,100.0,56,0.1885
3551-4481-1,1122-1742-1,Line,513.0,9,100.9197,4.7179,100.0,34,0.5471
3551-4481-1,3082-3122-1,Line,634.0,6,101.0956,6.946,100.0,21,0.4724
3551-4481-1,3581-89516-1,Line,123.0,70,100.8022,0.9868,100.0,26,0.5054
3551-4481-1,T3464-3462-34641-1-w1,Transformer,500.0,9,100.6014,3.0068,100.0,56,0.1849
3551-4481-1,T3464-3462-34641-1-w2,Transformer,500.0,9,100.6014,3.0068,100.0,57,0.1862
3554-22044-1,1122-1742-1,Line,513.0,18,109.7469,50.0015,100.0,36,0.5422
3554-22044-1,1392-3842-1,Line,420.0,1,103.9019,16.3882,89.5025,53,0.1611
3554-22044-1,3082-3122-1,Line,634.0,8,101.6593,10.5203,100.0,20,0.4703
3554-22044-1,3581-89516-1,Line,123.0,128,107.7607,9.5456,100.0,26,0.5046
3554-22044-1,3691-4041-1,Line,192.0,2,104.2404,8.1415,100.0,14,0.5535
3554-22044-1,4664-5464-1,Line,997.0,66,137.4003,372.8807,75.4486,89,0.3399
3554-22044-1,4664-43844-1,Line,997.0,66,137.4003,372.8807,75.4486,90,0.3466
3554-22044-1,T89510-89515-1,Transformer,125.0,111,106.0365,7.5456,98.4,26,0.5006
3554-22044-1,T89515-89516-1,Transformer,125.0,111,106.0365,7.5456,98.4,26,0.5032
3554-39444-1,1122-1742-1,Line,513.0,15,107.264,37.2645,100.0,33,0.5427
3554-39444-1,1392-3842-1,Line,420.0,1,104.7386,19.9021,89.5025,64,0.1575
3554-39444-1,3082-3122-1,Line,634.0,7,100.6339,4.0189,100.0,19,0.4713
3554-39444-1,3581-89516-1,Line,123.0,129,107.5303,9.2623,100.0,26,0.5048
3554-39444-1,3691-4041-1,Line,192.0,2,104.8062,9.2279,100.0,14,0.5536
3554-39444-1,4664-5464-1,Line,997.0,80,146.2727,461.3389,75.4486,84,0.3922
3554-39444-1,4664-43844-1,Line,997.0,80,146.2727,461.3389,75.4486,85,0.3989
3554-39444-1,T89510-89515-1,Transformer,125.0,113,105.8098,7.2623,98.4,26,0.5008
3554-39444-1,T89515-89516-1,Transformer,125.0,113,105.8098,7.2623,98.4,26,0.5035
3561-35211-1,3581-89516-1,Line,123.0,37,101.0149,1.2484,100.0,26,0.5064
3561-35211-1,3691-4041-1,Line,192.0,2,100.1815,0.3484,100.0,8,0.5529
3571-4481-1,3581-89516-1,Line,123.0,120,101.535,1.8881,100.0,26,0.5054
3571-4481-1,3691-4041-1,Line,192.0,2,100.6368,1.2226,100.0,14,0.5536
3571-4481-1,T3464-3462-34641-1-w1,Transformer,500.0,21,102.6015,13.0074,100.0,57,0.1861
3571-4481-1,T3464-3462-34641-1-w2,Transformer,500.0,21,102.6015,13.0074,100.0,57,0.1875
3571-4481-1,T3934-3942-39402-1-w1,Transformer,500.0,11,100.6034,3.017,98.3911,57,0.1925
3571-5081-1,3581-89516-1,Line,123.0,119,101.4351,1.7651,100.0,26,0.5054
3571-5081-1,3691-4041-1,Line,192.0,2,100.5264,1.0107,100.0,14,0.5536
3571-5081-1,T3464-3462-34641-1-w1,Transformer,500.0,21,102.2771,11.3854,100.0,57,0.1863
3571-5081-1,T3464-3462-34641-1-w2,Transformer,500.0,21,102.2771,11.3854,100.0,57,0.1876
3571-5081-1,T3934-3942-39402-1-w1,Transformer,500.0,1,100.2052,1.0261,98.3911,57,0.1926
3581-3591-1,T3464-3462-34641-1-w1,Transformer,500.0,17,100.1499,0.7494,100.0,56,0.1859
3581-3591-1,T3464-3462-34641-1-w2,Transformer,500.0,17,100.1499,0.7494,100.0,56,0.1872
3581-5361-1,2781-4951-1,Line,106.0,1,100.1735,0.1839,100.0,5,0.8104
3581-5361-1,3581-89516-1,Line,123.0,100,108.6888,10.6873,100.0,24,0.5067
3581-5361-1,T89510-89515-1,Transformer,125.0,89,106.8822,8.6028,98.4,24,0.5027
3581-5361-1,T89515-89516-1,Transformer,125.0,89,106.9273,8.6591,98.4,24,0.5054
3581-28019-1,2321-3581-1,Line,123.0,15,110.2471,12.604,71.258,11,0.6073
3581-28019-1,2321-28710-1,Line,123.0,9,110.2471,12.604,70.8028,12,0.3217
3581-28019-1,T3464-3462-34641-1-w1,Transformer,500.0,4,100.1048,0.5242,100.0,56,0.1859
3581-28019-1,T3464-3462-34641-1-w2,Transformer,500.0,4,100.1048,0.5242,100.0,56,0.1872
3581-89516-1,1122-1742-1,Line,513.0,9,100.1908,0.979,100.0,33,0.5457
3581-89516-1,3082-3122-1,Line,634.0,6,100.113,0.7165,100.0,19,0.4717
3581-89516-1,T3464-3462-34641-1-w1,Transformer,500.0,20,100.8758,4.379,100.0,56,0.1857
3581-89516-1,T3464-3462-34641-1-w2,Transformer,500.0,20,100.8758,4.379,100.0,56,0.187
3591-5191-1,T3464-3462-34641-1-w1,Transformer,500.0,12,100.1397,0.6985,100.0,56,0.1859
3591-5191-1,T3464-3462-34641-1-w2,Transformer,500.0,12,100.1397,0.6985,100.0,56,0.1872
3601-39610-1,1122-1742-1,Line,513.0,9,100.3009,1.5438,100.0,33,0.5458
3601-39610-1,3082-3122-1,Line,634.0,7,100.1791,1.1357,100.0,19,0.4718
3601-39610-1,T3464-3462-34641-1-w1,Transformer,500.0,20,100.5083,2.5414,100.0,56,0.186
3601-39610-1,T3464-3462-34641-1-w2,Transformer,500.0,20,100.5148,2.5741,100.0,56,0.1873
3621-5301-1,2781-4951-1,Line,106.0,32,100.6414,0.6799,100.0,5,0.8104
3621-5301-1,3581-89516-1,Line,123.0,69,100.1425,0.1752,100.0,26,0.5054
3621-36210-1,2781-4951-1,Line,106.0,32,100.2967,0.3145,100.0,5,0.8104
3631-4261-1,T3464-3462-34641-1-w1,Transformer,500.0,20,100.4321,2.1605,100.0,55,0.186
3631-4261-1,T3464-3462-34641-1-w2,Transformer,500.0,20,100.4372,2.1858,100.0,55,0.1874
3631-66096-1,2781-4951-1,Line,106.0,37,100.4223,0.4477,100.0,5,0.8104
3631-66096-1,3581-89516-1,Line,123.0,74,100.2054,0.2527,100.0,26,0.5054
3641-36411-1,2781-4951-1,Line,106.0,5,100.3025,0.3206,100.0,5,0.8104
3641-36411-1,3581-89516-1,Line,123.0,48,100.391,0.481,100.0,26,0.5053
3641-36411-1,T3464-3462-34641-1-w1,Transformer,500.0,2,100.1085,0.5426,100.0,56,0.1859
3691-4041-1,1122-1742-1,Line,513.0,9,100.3766,1.9321,100.0,33,0.5458
3691-4041-1,1401-1661-1,Line,217.0,2,115.363,33.3376,44.6252,4,0.9933
3691-4041-1,3082-3122-1,Line,634.0,7,100.3794,2.4057,100.0,19,0.4717
3691-4041-1,T3464-3462-34641-1-w1,Transformer,500.0,20,101.8532,9.2659,100.0,56,0.1862
3691-4041-1,T3464-3462-34641-1-w2,Transformer,500.0,20,101.8532,9.2659,100.0,56,0.1875
3841-5211-1,1122-1742-1,Line,513.0,6,100.2045,1.0492,100.0,33,0.5454
3841-5211-1,3082-3122-1,Line,634.0,5,100.2328,1.476,100.0,19,0.4713
3841-5211-1,3581-89516-1,Line,123.0,115,100.7278,0.8952,100.0,26,0.5053
3841-5211-1,T3464-3462-34641-1-w1,Transformer,500.0,16,100.209,1.0452,100.0,56,0.1858
3841-5211-1,T3464-3462-34641-1-w2,Transformer,500.0,16,100.209,1.0452,100.0,56,0.1871
3851-4621-1,3691-4041-1,Line,192.0,2,100.2557,0.491,100.0,8,0.5533
3851-4621-1,T3464-3462-34641-1-w1,Transformer,500.0,20,100.1997,0.9985,100.0,56,0.1859
3851-4621-1,T3464-3462-34641-1-w2,Transformer,500.0,20,100.1997,0.9985,100.0,56,0.1873
3851-4741-1,3581-89516-1,Line,123.0,28,100.3298,0.4057,100.0,26,0.5053
3851-13219-1,1122-1742-1,Line,513.0,7,100.1704,0.874,100.0,33,0.5456
3851-13219-1,3082-3122-1,Line,634.0,6,100.1522,0.9652,100.0,19,0.4713
3901-3981-1,3691-4041-1,Line,192.0,1,100.1002,0.1923,100.0,8,0.5534
3901-3981-1,T3464-3462-34641-1-w1,Transformer,500.0,20,100.5043,2.5217,100.0,56,0.186
3901-3981-1,T3464-3462-34641-1-w2,Transformer,500.0,20,100.5097,2.5486,100.0,56,0.1874
3934-3944-1,1122-1742-1,Line,513.0,9,101.5138,7.7656,100.0,33,0.545
3934-3944-1,3581-89516-1,Line,123.0,121,101.7587,2.1632,100.0,26,0.5053
3934-3944-1,3691-4041-1,Line,192.0,2,101.1461,2.2006,100.0,14,0.5535
3934-3944-1,3944-3954-1,Line,500.0,74,139.9112,199.5562,79.7295,63,0.2505
3934-3944-1,4664-5464-1,Line,997.0,4,101.6124,16.0756,75.4486,84,0.2374
3934-3944-1,4664-43844-1,Line,997.0,4,101.6124,16.0756,75.4486,89,0.244
3934-3944-1,T89510-89515-1,Transformer,125.0,5,100.1305,0.1632,98.4,26,0.5013
3934-3944-1,T89515-89516-1,Transformer,125.0,5,100.1305,0.1632,98.4,26,0.5039
3934-3944-1,T3954-3942-39421-2-w1,Transformer,500.0,74,139.9112,199.5562,79.7295,63,0.2518
3934-4384-1,1122-1742-1,Line,513.0,9,101.6488,8.4582,100.0,33,0.5457
3934-4384-1,3082-3122-1,Line,634.0,8,101.6803,10.6529,100.0,20,0.4711
3934-4384-1,3581-89516-1,Line,123.0,108,100.9008,1.108,100.0,26,0.5052
3934-4384-1,3691-4041-1,Line,192.0,2,100.4147,0.7962,100.0,8,0.5533
3940-3942-1,T3464-3462-34641-1-w1,Transformer,500.0,21,101.9083,9.5417,100.0,56,0.1906
3940-3942-1,T3464-3462-34641-1-w2,Transformer,500.0,21,101.9083,9.5417,100.0,56,0.1919
3941-52219-1,1122-1742-1,Line,513.0,7,100.1829,0.938,100.0,33,0.5457
3941-52219-1,3581-89516-1,Line,123.0,105,100.6542,0.8046,100.0,26,0.5053
3941-52219-1,3691-4041-1,Line,192.0,2,100.5502,1.0563,100.0,14,0.5535
3942-39420-1,1122-1742-1,Line,513.0,9,100.3482,1.7861,100.0,33,0.5457
3942-39420-1,1122-11260-1,Line,513.0,24,100.2105,1.0797,100.0,1,0.9973
3942-39420-1,2781-4951-1,Line,106.0,24,102.2626,2.3984,100.0,5,0.8104
3942-39420-1,3581-89516-1,Line,123.0,96,101.8798,2.3121,100.0,26,0.5053
3942-39420-1,T89510-89515-1,Transformer,125.0,83,101.5457,1.9321,98.4,26,0.5013
3942-39420-1,T89515-89516-1,Transformer,125.0,64,100.6817,0.8521,98.4,26,0.504
3944-3954-1,1122-1742-1,Line,513.0,9,101.34,6.8743,100.0,33,0.5453
3944-3954-1,3082-3122-1,Line,634.0,7,100.5262,3.3363,100.0,19,0.4714
3944-3954-1,3581-89516-1,Line,123.0,119,101.1625,1.4299,100.0,26,0.5052
3944-3954-1,3691-4041-1,Line,192.0,2,100.7117,1.3665,100.0,8,0.5534
3944-3954-1,T3464-3462-34641-1-w1,Transformer,500.0,66,131.8605,159.3026,100.0,57,0.2421
3944-3954-1,T3464-3462-34641-1-w2,Transformer,500.0,66,131.8605,159.3026,100.0,57,0.2434
3944-3954-1,T3934-3942-39402-1-w1,Transformer,500.0,64,131.8112,159.0558,98.3911,57,0.257
3944-39444-1,1122-1742-1,Line,513.0,15,107.264,37.2645,100.0,33,0.5428
3944-39444-1,1392-3842-1,Line,420.0,1,104.7386,19.9021,89.5025,64,0.1576
3944-39444-1,3082-3122-1,Line,634.0,7,100.6339,4.0189,100.0,19,0.4713
3944-39444-1,3581-89516-1,Line,123.0,129,107.5303,9.2623,100.0,26,0.5048
3944-39444-1,3691-4041-1,Line,192.0,2,104.8062,9.2279,100.0,14,0.5536
3944-39444-1,4664-5464-1,Line,997.0,80,146.2727,461.3389,75.4486,84,0.3931
3944-39444-1,4664-43844-1,Line,997.0,80,146.2727,461.3389,75.4486,85,0.3998
3944-39444-1,T89510-89515-1,Transformer,125.0,113,105.8098,7.2623,98.4,26,0.5008
3944-39444-1,T89515-89516-1,Transformer,125.0,113,105.8098,7.2623,98.4,26,0.5035
3961-39610-1,1122-1742-1,Line,513.0,9,100.3017,1.548,100.0,33,0.546
3961-39610-1,3082-3122-1,Line,634.0,7,100.1796,1.1387,100.0,19,0.472
3961-39610-1,T3464-3462-34641-1-w1,Transformer,500.0,20,100.5096,2.5482,100.0,56,0.1863
3961-39610-1,T3464-3462-34641-1-w2,Transformer,500.0,20,100.5162,2.581,100.0,56,0.1876
4001-4971-1,1122-1742-1,Line,513.0,9,100.393,2.016,100.0,33,0.5454
4001-4971-1,3082-3122-1,Line,634.0,7,100.4266,2.7047,100.0,19,0.4711
4001-4971-1,3581-89516-1,Line,123.0,118,105.0786,6.2467,100.0,26,0.5068
4001-4971-1,T89510-89515-1,Transformer,125.0,63,103.3974,4.2467,98.4,26,0.5028
4001-4971-1,T89515-89516-1,Transformer,125.0,63,103.3974,4.2467,98.4,26,0.5055
4001-4971-1,T3464-3462-34641-1-w1,Transformer,500.0,21,101.5474,7.7368,100.0,56,0.186
4001-4971-1,T3464-3462-34641-1-w2,Transformer,500.0,21,101.5474,7.7368,100.0,56,0.1874
4021-32210-1,1122-1742-1,Line,513.0,9,100.4153,2.1307,100.0,31,0.5461
4021-32210-1,3082-3122-1,Line,634.0,7,100.2947,1.8682,100.0,20,0.4718
4021-32210-1,3581-89516-1,Line,123.0,4,100.118,0.1451,100.0,26,0.5054
4041-5241-1,3082-3122-1,Line,634.0,1,100.2537,1.6087,100.0,19,0.4717
4041-5241-1,3691-4041-1,Line,192.0,2,101.8054,3.4663,100.0,8,0.553
4041-5251-2,3082-3122-1,Line,634.0,1,100.2456,1.557,100.0,19,0.4717
4041-5251-2,3691-4041-1,Line,192.0,2,100.1657,0.3182,100.0,8,0.553
4041-5341-1,3581-89516-1,Line,123.0,114,101.8257,2.2456,100.0,26,0.5053
4041-5341-1,T89510-89515-1,Transformer,125.0,3,100.1965,0.2456,98.4,26,0.5013
4041-5341-1,T89515-89516-1,Transformer,125.0,3,100.1965,0.2456,98.4,26,0.504
4041-5341-1,T3464-3462-34641-1-w1,Transformer,500.0,20,100.3578,1.7892,100.0,56,0.1858
4041-5341-1,T3464-3462-34641-1-w2,Transformer,500.0,20,100.3578,1.7892,100.0,56,0.1871
4121-23019-1,1122-1742-1,Line,513.0,4,100.1216,0.6238,100.0,33,0.5457
4121-23019-1,3082-3122-1,Line,634.0,6,100.1888,1.1968,100.0,19,0.4716
4121-23019-1,3581-89516-1,Line,123.0,119,100.808,0.9938,100.0,26,0.5054
4121-23019-1,T3464-3462-34641-1-w1,Transformer,500.0,18,100.2306,1.1532,100.0,56,0.1858
4121-23019-1,T3464-3462-34641-1-w2,Transformer,500.0,18,100.2306,1.1532,100.0,56,0.1871
4201-13219-1,1122-1742-1,Line,513.0,9,100.3208,1.646,100.0,33,0.5457
4201-13219-1,3082-3122-1,Line,634.0,7,100.3307,2.0964,100.0,19,0.4714
4201-13219-1,3581-89516-1,Line,123.0,22,100.1404,0.1727,100.0,26,0.5053
4242-4462-1,1472-2562-1,Line,457.0,53,169.3115,316.7535,81.8587,12,0.6639
4361-43619-1,T3464-3462-34641-1-w1,Transformer,500.0,20,100.6126,3.0628,100.0,55,0.1861
4361-43619-1,T3464-3462-34641-1-w2,Transformer,500.0,20,100.6177,3.0886,100.0,55,0.1874
4382-5172-1,1122-1742-1,Line,513.0,9,101.1349,5.8219,100.0,33,0.5452
4382-5172-1,3082-3122-1,Line,634.0,7,100.2998,1.9005,100.0,19,0.4715
4382-5172-1,3581-89516-1,Line,123.0,131,111.7433,14.4442,100.0,26,0.5065
4382-5172-1,3691-4041-1,Line,192.0,2,105.8784,11.2866,100.0,14,0.5579
4382-5172-1,T89510-89515-1,Transformer,125.0,128,109.9554,12.4442,98.4,26,0.5025
4382-5172-1,T89515-89516-1,Transformer,125.0,128,109.9554,12.4442,98.4,26,0.5052
4382-5172-1,T3464-3462-34641-1-w1,Transformer,500.0,36,114.4765,72.3826,100.0,66,0.1866
4382-5172-1,T3464-3462-34641-1-w2,Transformer,500.0,36,114.4765,72.3826,100.0,66,0.1879
4382-5172-1,T3934-3942-39402-1-w1,Transformer,500.0,32,112.7509,63.7543,98.3911,66,0.1928
4384-43844-1,1122-1742-1,Line,513.0,11,103.5806,18.3683,100.0,33,0.5448
4384-43844-1,3082-3122-1,Line,634.0,10,102.8689,18.189,100.0,20,0.47
4384-43844-1,3581-89516-1,Line,123.0,130,109.5977,11.8052,100.0,26,0.505
4384-43844-1,3691-4041-1,Line,192.0,2,105.0339,9.6651,100.0,14,0.5548
4384-43844-1,T89510-89515-1,Transformer,125.0,128,107.8442,9.8052,98.4,26,0.501
4384-43844-1,T89515-89516-1,Transformer,125.0,128,107.8442,9.8052,98.4,26,0.5037
4391-4481-1,1122-1742-1,Line,513.0,9,100.3691,1.8937,100.0,33,0.546
4391-4481-1,3082-3122-1,Line,634.0,6,100.4081,2.5875,100.0,19,0.4717
4451-4901-1,1122-1742-1,Line,513.0,9,100.1794,0.9202,100.0,33,0.5464
4451-4901-1,3082-3122-1,Line,634.0,7,100.1124,0.7123,100.0,19,0.4722
4461-4651-3,4471-4651-4,Line,258.0,30,111.8217,30.5,55.0535,0,0.012
4461-4651-3,T4472-4471-44624-4-w1,Transformer,250.0,50,115.4,38.5,56.8152,0,0.0146
4462-4472-1,1122-1742-1,Line,513.0,4,100.5374,2.757,100.0,31,0.5398
4462-4472-1,3082-3122-1,Line,634.0,4,101.4218,9.0144,100.0,16,0.4465
4462-4472-1,3581-89516-1,Line,123.0,2,100.1246,0.1533,100.0,26,0.5053
4462-4472-1,T3464-3462-34641-1-w1,Transformer,500.0,2,100.1831,0.9156,100.0,56,0.1858
4462-4472-1,T3464-3462-34641-1-w2,Transformer,500.0,2,100.1831,0.9156,100.0,56,0.1871
4462-4922-1,3082-3122-1,Line,634.0,5,100.2198,1.3933,100.0,19,0.4713
4462-44731-1,1122-1742-1,Line,513.0,9,101.0005,5.1324,100.0,33,0.5457
4462-44731-1,1122-11260-1,Line,513.0,17,100.2259,1.159,100.0,1,0.9973
4462-44731-1,2781-4951-1,Line,106.0,35,102.4286,2.5743,100.0,5,0.8104
4462-44731-1,3082-3122-1,Line,634.0,10,102.2925,14.5344,100.0,19,0.4717
4462-44731-1,3581-89516-1,Line,123.0,114,104.1652,5.1232,100.0,26,0.5053
4462-44731-1,3691-4041-1,Line,192.0,2,100.1684,0.3234,100.0,8,0.5533
4462-44731-1,T89510-89515-1,Transformer,125.0,71,103.8896,4.862,98.4,26,0.5013
4462-44731-1,T89515-89516-1,Transformer,125.0,63,102.9622,3.7028,98.4,26,0.504
4462-44731-1,T3464-3462-34641-1-w1,Transformer,500.0,20,102.2426,11.213,100.0,56,0.1858
4462-44731-1,T3464-3462-34641-1-w2,Transformer,500.0,20,102.1943,10.9713,100.0,56,0.1871
4462-44731-1,T3934-3942-39402-1-w1,Transformer,500.0,1,100.2821,1.4104,98.3911,56,0.1922
4471-4651-4,4461-4651-3,Line,254.0,38,113.5827,34.5,57.6622,0,0.012
4471-4651-4,T4472-4461-44623-3-w1,Transformer,250.0,50,115.4,38.5,58.5848,0,0.0146
4472-17431-1,3082-3122-1,Line,634.0,26,119.7758,125.3786,100.0,29,0.5885
4472-30820-1,3082-3122-1,Line,634.0,4,100.4934,3.1282,100.0,19,0.4711
4472-30820-1,4472-30820-2,Line,570.0,32,119.6546,112.0312,63.5143,5,0.6881
4472-30820-2,3082-3122-1,Line,634.0,4,100.5511,3.4939,100.0,19,0.471
4472-30820-2,4472-30820-1,Line,570.0,32,119.2051,109.469,59.9857,5,0.6855
4472-44732-1,1122-1742-1,Line,513.0,9,101.5861,8.1369,100.0,33,0.5456
4472-44732-1,1122-11260-1,Line,513.0,17,100.2259,1.159,100.0,1,0.9973
4472-44732-1,2781-4951-1,Line,106.0,38,102.4286,2.5743,100.0,5,0.8104
4472-44732-1,3082-3122-1,Line,634.0,10,107.0406,44.6375,100.0,19,0.4715
4472-44732-1,3581-89516-1,Line,123.0,117,103.8485,4.7337,100.0,26,0.5053
4472-44732-1,3691-4041-1,Line,192.0,2,100.1133,0.2175,100.0,8,0.5533
4472-44732-1,T89510-89515-1,Transformer,125.0,72,103.578,4.4725,98.4,26,0.5013
4472-44732-1,T89515-89516-1,Transformer,125.0,64,102.6506,3.3133,98.4,26,0.504
4472-44732-1,T3464-3462-34641-1-w1,Transformer,500.0,20,101.9315,9.6575,100.0,56,0.1858
4472-44732-1,T3464-3462-34641-1-w2,Transformer,500.0,20,101.8832,9.4158,100.0,56,0.1871
4472-44733-1,1122-1742-1,Line,513.0,9,101.5861,8.1369,100.0,33,0.5456
4472-44733-1,1122-11260-1,Line,513.0,17,100.2259,1.159,100.0,1,0.9973
4472-44733-1,2781-4951-1,Line,106.0,37,102.4286,2.5743,100.0,5,0.8104
4472-44733-1,3082-3122-1,Line,634.0,10,107.0406,44.6375,100.0,19,0.4715
4472-44733-1,3581-89516-1,Line,123.0,116,103.8485,4.7337,100.0,26,0.5053
4472-44733-1,3691-4041-1,Line,192.0,2,100.1133,0.2175,100.0,8,0.5533
4472-44733-1,T89510-89515-1,Transformer,125.0,71,103.578,4.4725,98.4,26,0.5013
4472-44733-1,T89515-89516-1,Transformer,125.0,63,102.6506,3.3133,98.4,26,0.504
4472-44733-1,T3464-3462-34641-1-w1,Transformer,500.0,20,101.9315,9.6575,100.0,56,0.1858
4472-44733-1,T3464-3462-34641-1-w2,Transformer,500.0,20,101.8832,9.4158,100.0,56,0.1871
4522-5142-1,T3464-3462-34641-1-w1,Transformer,500.0,20,100.9643,4.8217,100.0,56,0.1888
4522-5142-1,T3464-3462-34641-1-w2,Transformer,500.0,20,100.9643,4.8217,100.0,56,0.1901
4664-5464-1,1122-1742-1,Line,513.0,11,103.5806,18.3683,100.0,33,0.5446
4664-5464-1,3082-3122-1,Line,634.0,10,102.8689,18.189,100.0,20,0.4698
4664-5464-1,3581-89516-1,Line,123.0,130,109.5977,11.8052,100.0,26,0.5049
4664-5464-1,3691-4041-1,Line,192.0,2,105.0339,9.6651,100.0,14,0.5547
4664-5464-1,T89510-89515-1,Transformer,125.0,128,107.8442,9.8052,98.4,26,0.5009
4664-5464-1,T89515-89516-1,Transformer,125.0,128,107.8442,9.8052,98.4,26,0.5035
4664-43844-1,1122-1742-1,Line,513.0,11,103.5806,18.3683,100.0,33,0.5447
4664-43844-1,3082-3122-1,Line,634.0,10,102.8689,18.189,100.0,20,0.47
4664-43844-1,3581-89516-1,Line,123.0,130,109.5977,11.8052,100.0,26,0.505
4664-43844-1,3691-4041-1,Line,192.0,2,105.0339,9.6651,100.0,14,0.5548
4664-43844-1,T89510-89515-1,Transformer,125.0,128,107.8442,9.8052,98.4,26,0.501
4664-43844-1,T89515-89516-1,Transformer,125.0,128,107.8442,9.8052,98.4,26,0.5036
4781-4961-1,3581-89516-1,Line,123.0,42,101.4718,1.8103,100.0,26,0.5075
4781-4961-1,3691-4041-1,Line,192.0,1,100.2552,0.49,100.0,8,0.5524
4922-5022-1,2563-4242-1,Line,548.0,1,103.7165,20.3664,79.4673,12,0.7672
4941-5351-1,1122-1742-1,Line,513.0,9,102.0842,10.6922,100.0,34,0.5461
4941-5351-1,3082-3122-1,Line,634.0,7,101.3156,8.3411,100.0,26,0.4712
4941-5351-1,3581-89516-1,Line,123.0,11,100.3559,0.4378,100.0,26,0.5055
4941-5351-1,T3464-3462-34641-1-w1,Transformer,500.0,20,101.1345,5.6727,100.0,57,0.1858
4941-5351-1,T3464-3462-34641-1-w2,Transformer,500.0,20,101.1345,5.6727,100.0,57,0.1871
4941-22419-1,3581-89516-1,Line,123.0,59,101.228,1.5105,100.0,26,0.5055
4941-22419-1,3691-4041-1,Line,192.0,2,100.2122,0.4074,100.0,14,0.5537
4941-22419-1,T3464-3462-34641-1-w1,Transformer,500.0,16,101.4458,7.2288,100.0,57,0.1867
4941-22419-1,T3464-3462-34641-1-w2,Transformer,500.0,16,101.4458,7.2288,100.0,57,0.188
4941-50019-1,1122-1742-1,Line,513.0,1,100.2049,1.051,100.0,33,0.5459
4941-50019-1,3581-89516-1,Line,123.0,18,100.2322,0.2856,100.0,26,0.5055
4941-50019-1,3691-4041-1,Line,192.0,1,100.396,0.7603,100.0,15,0.5562
4942-4943-1,1122-1742-1,Line,513.0,9,102.3228,11.9161,100.0,33,0.5448
4942-4943-1,3082-3122-1,Line,634.0,8,102.1567,13.6736,100.0,20,0.4695
4942-4943-1,3581-89516-1,Line,123.0,102,100.7186,0.8838,100.0,26,0.5053
4942-4943-1,3691-4041-1,Line,192.0,2,100.6031,1.158,100.0,8,0.5533
4942-4943-1,T3464-3462-34641-1-w1,Transformer,500.0,28,105.4126,27.0631,100.0,57,0.1902
4942-4943-1,T3464-3462-34641-1-w2,Transformer,500.0,28,105.4126,27.0631,100.0,57,0.1915
4942-4943-1,T3934-3942-39402-1-w1,Transformer,500.0,22,103.3507,16.7534,98.3911,56,0.196
4942-4943-1,T4943-4941-49421-1-w1,Transformer,125.0,31,145.5224,56.903,58.3263,14,0.15
4981-5041-1,3581-89516-1,Line,123.0,40,100.3943,0.485,100.0,26,0.5064
4981-5041-2,3581-89516-1,Line,123.0,40,100.3738,0.4598,100.0,26,0.5064
4991-5361-1,2781-4951-1,Line,106.0,1,100.1561,0.1655,100.0,5,0.8104
4991-5361-1,3691-4041-1,Line,192.0,2,100.2238,0.4297,100.0,8,0.5533
5001-50019-1,3581-89516-1,Line,123.0,20,100.1161,0.1428,100.0,26,0.5054
5001-50019-1,3691-4041-1,Line,192.0,2,100.2199,0.4222,100.0,8,0.5534
5001-50019-1,T3464-3462-34641-1-w1,Transformer,500.0,7,100.1243,0.6217,100.0,56,0.1859
5001-50019-1,T3464-3462-34641-1-w2,Transformer,500.0,10,100.1303,0.6517,100.0,56,0.1872
5041-17010-2,3581-89516-1,Line,123.0,27,108.0293,9.876,100.0,22,0.5472
5041-17010-2,T89510-89515-1,Transformer,125.0,16,106.3008,7.876,98.4,21,0.5432
5041-17010-2,T89515-89516-1,Transformer,125.0,16,106.3008,7.876,98.4,22,0.5458
5041-17010-2,T3464-3462-34641-1-w1,Transformer,500.0,13,100.3387,1.6936,100.0,56,0.1861
5041-17010-2,T3464-3462-34641-1-w2,Transformer,500.0,13,100.3387,1.6936,100.0,56,0.1874
5061-50619-1,1122-1742-1,Line,513.0,9,100.2481,1.2729,100.0,33,0.5458
5061-50619-1,3082-3122-1,Line,634.0,7,100.2137,1.3548,100.0,19,0.4718
5081-22419-1,3581-89516-1,Line,123.0,53,101.1264,1.3855,100.0,26,0.5054
5081-22419-1,3691-4041-1,Line,192.0,2,100.1856,0.3564,100.0,14,0.5536
5081-22419-1,T3464-3462-34641-1-w1,Transformer,500.0,14,101.2753,6.3763,100.0,57,0.1864
5081-22419-1,T3464-3462-34641-1-w2,Transformer,500.0,14,101.2753,6.3763,100.0,57,0.1877
5091-10210-1,1122-1742-1,Line,513.0,2,100.1115,0.572,100.0,33,0.5459
5140-5142-1,2781-4951-1,Line,106.0,37,100.4525,0.4797,100.0,5,0.8104
5140-5142-1,3581-89516-1,Line,123.0,119,100.6416,0.7891,100.0,26,0.5054
5211-22613-1,1122-1742-1,Line,513.0,4,100.1917,0.9836,100.0,33,0.5454
5211-22613-1,3082-3122-1,Line,634.0,4,100.2328,1.476,100.0,19,0.4713
5211-22613-1,3581-89516-1,Line,123.0,115,100.7278,0.8952,100.0,26,0.5053
5211-22613-1,T3464-3462-34641-1-w1,Transformer,500.0,16,100.209,1.0452,100.0,56,0.1858
5211-22613-1,T3464-3462-34641-1-w2,Transformer,500.0,16,100.209,1.0452,100.0,56,0.1871
5221-52219-1,2781-4951-1,Line,106.0,14,100.1087,0.1152,100.0,5,0.8104
5271-5274-1,1122-1742-1,Line,513.0,8,100.8112,4.1615,100.0,32,0.547
5271-5274-1,3082-3122-1,Line,634.0,6,100.4693,2.9756,100.0,23,0.4718
5271-32810-1,1122-1742-1,Line,513.0,9,101.731,8.8801,100.0,33,0.5468
5271-32810-1,3082-3122-1,Line,634.0,7,101.0015,6.3497,100.0,24,0.4717
5274-5381-1,3581-89516-1,Line,123.0,44,100.131,0.1612,100.0,26,0.5054
5274-5381-1,3691-4041-1,Line,192.0,2,100.2323,0.446,100.0,8,0.5534
5274-5381-1,T3464-3462-34641-1-w1,Transformer,500.0,21,101.4538,7.269,100.0,52,0.187
5274-5381-1,T3464-3462-34641-1-w2,Transformer,500.0,21,101.4538,7.269,100.0,52,0.1883
5281-43619-1,1122-1742-1,Line,513.0,3,100.1778,0.912,100.0,35,0.5458
5281-43619-1,T3464-3462-34641-1-w1,Transformer,500.0,3,100.2119,1.0596,100.0,56,0.1866
5281-43619-1,T3464-3462-34641-1-w2,Transformer,500.0,3,100.2119,1.0596,100.0,56,0.188
5301-31019-1,1122-1742-1,Line,513.0,9,101.8903,9.6971,100.0,33,0.5465
5301-31019-1,3082-3122-1,Line,634.0,7,101.2343,7.8252,100.0,25,0.4715
5301-31019-1,3581-89516-1,Line,123.0,7,100.4155,0.5111,100.0,26,0.5055
5301-31019-1,T3464-3462-34641-1-w1,Transformer,500.0,20,101.029,5.1448,100.0,56,0.186
5301-31019-1,T3464-3462-34641-1-w2,Transformer,500.0,20,101.029,5.1448,100.0,56,0.1874
5321-22614-1,1122-1742-1,Line,513.0,1,100.1026,0.5262,100.0,33,0.5458
5321-22614-1,3581-89516-1,Line,123.0,9,100.1252,0.154,100.0,26,0.5054
5351-31019-1,1122-1742-1,Line,513.0,9,102.0268,10.3976,100.0,34,0.5462
5351-31019-1,3082-3122-1,Line,634.0,7,101.3044,8.2696,100.0,26,0.4713
5351-31019-1,3581-89516-1,Line,123.0,11,100.5225,0.6427,100.0,26,0.5055
5351-31019-1,T3464-3462-34641-1-w1,Transformer,500.0,20,101.1033,5.5164,100.0,57,0.1859
5351-31019-1,T3464-3462-34641-1-w2,Transformer,500.0,20,101.1033,5.5164,100.0,57,0.1872
5451-5501-1,1122-1742-1,Line,513.0,2,100.9308,4.7749,100.0,26,0.5601
5451-5501-1,3082-3122-1,Line,634.0,3,100.5499,3.4865,100.0,15,0.4744
5451-5501-1,T3464-3462-34641-1-w1,Transformer,500.0,13,100.4091,2.0457,100.0,56,0.1862
5451-5501-1,T3464-3462-34641-1-w2,Transformer,500.0,13,100.4091,2.0457,100.0,56,0.1875
5462-54622-1,1122-1742-1,Line,513.0,9,100.6925,3.5523,100.0,33,0.5455
5462-54622-1,3082-3122-1,Line,634.0,7,101.3376,8.4802,100.0,20,0.4704
5462-54622-1,3691-4041-1,Line,192.0,2,100.1949,0.3743,100.0,8,0.5534
5462-66121-1,3581-89516-1,Line,123.0,23,101.1509,1.4156,100.0,26,0.5044
5462-66121-1,3691-4041-1,Line,192.0,2,100.6547,1.257,100.0,8,0.5528
5462-66121-1,T3464-3462-34641-1-w1,Transformer,500.0,6,100.3535,1.7673,100.0,56,0.185
5462-66121-1,T3464-3462-34641-1-w2,Transformer,500.0,6,100.3535,1.7673,100.0,56,0.1863
5464-54640-1,1122-1742-1,Line,513.0,2,101.3763,7.0605,100.0,33,0.5457
5464-54640-1,1122-11260-1,Line,513.0,1,100.1089,0.5586,100.0,1,0.9973
5464-54640-1,3581-89516-1,Line,123.0,3,105.3634,6.597,100.0,26,0.5053
5464-54640-1,T3662-36671-1,Transformer,582.0,75,100.1335,0.777,100.0,0,0.0013
5464-54640-1,T89510-89515-1,Transformer,125.0,3,105.2797,6.5996,98.4,26,0.5013
5464-54640-1,T89515-89516-1,Transformer,125.0,3,104.2116,5.2645,98.4,26,0.504
5464-54640-1,T3464-3462-34641-1-w1,Transformer,500.0,2,103.0245,15.1226,100.0,56,0.1857
5464-54640-1,T3464-3462-34641-1-w2,Transformer,500.0,2,102.9704,14.8521,100.0,56,0.187
5464-54640-1,T3934-3942-39402-1-w1,Transformer,500.0,1,100.7462,3.7308,98.3911,56,0.1921
5464-90440-1,1122-1742-1,Line,513.0,9,100.7191,3.6889,100.0,33,0.5466
5464-90440-1,3082-3122-1,Line,634.0,9,102.0951,13.2827,100.0,20,0.4748
5464-90440-1,3581-89516-1,Line,123.0,92,119.9781,24.5731,100.0,26,0.4925
5464-90440-1,3691-4041-1,Line,192.0,2,104.0504,7.7767,100.0,14,0.5534
5464-90440-1,T89510-89515-1,Transformer,125.0,79,118.0584,22.5731,98.4,25,0.4885
5464-90440-1,T89515-89516-1,Transformer,125.0,79,118.0584,22.5731,98.4,26,0.4912
5464-90440-1,T3464-3462-34641-1-w1,Transformer,500.0,4,100.6967,3.4837,100.0,56,0.1815
5464-90440-1,T3464-3462-34641-1-w2,Transformer,500.0,4,100.6967,3.4837,100.0,56,0.1828
6201-12111-1,2781-4951-1,Line,106.0,11,100.7886,0.8359,100.0,5,0.8104
6201-12111-1,3581-89516-1,Line,123.0,77,100.6371,0.7837,100.0,26,0.5053
6931-68090-1,2781-4951-1,Line,106.0,24,100.171,0.1812,100.0,5,0.8104
6931-68090-1,3581-89516-1,Line,123.0,79,100.1551,0.1907,100.0,26,0.5053
13810-47210-2,T3464-3462-34641-1-w1,Transformer,500.0,2,100.1052,0.5259,100.0,56,0.186
13810-47210-2,T3464-3462-34641-1-w2,Transformer,500.0,4,100.1065,0.5326,100.0,56,0.1873
14010-14013-1,1122-1742-1,Line,513.0,8,100.2942,1.5091,100.0,33,0.5457
14010-14013-1,2781-4951-1,Line,106.0,4,100.6314,0.6693,100.0,5,0.8104
14010-14013-1,3082-3122-1,Line,634.0,6,100.2654,1.6826,100.0,19,0.4717
14010-14016-1,2781-4951-1,Line,106.0,1,100.2069,0.2193,100.0,5,0.8104
17411-24819-1,3082-3122-1,Line,634.0,12,104.2676,27.0566,100.0,20,0.473
22612-22613-1,3581-89516-1,Line,123.0,116,100.9618,1.1831,100.0,26,0.5055
22612-22613-1,T3464-3462-34641-1-w1,Transformer,500.0,3,100.161,0.8051,100.0,56,0.1858
22612-22613-1,T3464-3462-34641-1-w2,Transformer,500.0,3,100.161,0.8051,100.0,56,0.1871
22613-22614-1,1122-1742-1,Line,513.0,1,100.1086,0.557,100.0,33,0.5457
22613-22614-1,3082-3122-1,Line,634.0,1,100.1031,0.6538,100.0,19,0.4716
22613-22614-1,3581-89516-1,Line,123.0,4,100.1222,0.1503,100.0,26,0.5054
28710-28712-1,2321-3581-1,Line,123.0,1,100.7243,0.8909,71.258,2,0.9947
28710-28712-1,2321-28710-1,Line,123.0,1,100.7243,0.8909,70.8028,1,0.9973
28710-28712-1,3581-89516-1,Line,123.0,59,109.5026,11.6882,100.0,26,0.5478
28710-28712-1,T89510-89515-1,Transformer,125.0,42,107.7506,9.6882,98.4,22,0.5439
28710-28712-1,T89515-89516-1,Transformer,125.0,42,107.7506,9.6882,98.4,22,0.5465
28710-51911-1,1122-1742-1,Line,513.0,6,100.1845,0.9467,100.0,33,0.5457
28710-51911-1,2781-4951-1,Line,106.0,34,100.678,0.7187,100.0,5,0.8104
28710-51911-1,3082-3122-1,Line,634.0,4,100.1638,1.0384,100.0,19,0.4717
28710-51911-1,3691-4041-1,Line,192.0,2,100.6981,1.3404,100.0,8,0.5533
28710-51911-1,T3464-3462-34641-1-w1,Transformer,500.0,19,100.5871,2.9357,100.0,56,0.1858
28710-51911-1,T3464-3462-34641-1-w2,Transformer,500.0,19,100.5643,2.8214,100.0,56,0.1872
35011-66094-1,1122-1742-1,Line,513.0,6,100.1892,0.9708,100.0,33,0.5459
35011-66094-1,3581-89516-1,Line,123.0,33,104.9084,6.0374,100.0,27,0.5121
35011-66094-1,3691-4041-1,Line,192.0,2,103.4697,6.6619,100.0,14,0.5412
35011-66094-1,T89510-89515-1,Transformer,125.0,8,103.2299,4.0374,98.4,27,0.5081
35011-66094-1,T89515-89516-1,Transformer,125.0,8,103.2299,4.0374,98.4,27,0.5107
35011-66094-1,T3464-3462-34641-1-w1,Transformer,500.0,10,100.3432,1.7159,100.0,56,0.1862
35011-66094-1,T3464-3462-34641-1-w2,Transformer,500.0,10,100.3432,1.7159,100.0,56,0.1875
35231-90020-1,3581-89516-1,Line,123.0,75,106.994,8.6027,100.0,26,0.5025
35231-90020-1,T89510-89515-1,Transformer,125.0,47,105.2821,6.6027,98.4,26,0.4985
35231-90020-1,T89515-89516-1,Transformer,125.0,47,105.2821,6.6027,98.4,26,0.5012
35231-90020-1,T3464-3462-34641-1-w1,Transformer,500.0,6,100.1738,0.8691,100.0,56,0.1861
35231-90020-1,T3464-3462-34641-1-w2,Transformer,500.0,6,100.1738,0.8691,100.0,56,0.1874
35232-90020-2,3581-89516-1,Line,123.0,75,106.99,8.5977,100.0,26,0.5025
35232-90020-2,T89510-89515-1,Transformer,125.0,47,105.2782,6.5977,98.4,26,0.4985
35232-90020-2,T89515-89516-1,Transformer,125.0,47,105.2782,6.5977,98.4,26,0.5012
35232-90020-2,T3464-3462-34641-1-w1,Transformer,500.0,6,100.1737,0.8686,100.0,56,0.1861
35232-90020-2,T3464-3462-34641-1-w2,Transformer,500.0,6,100.1737,0.8686,100.0,56,0.1874
66121-66122-1,1122-1742-1,Line,513.0,9,101.1569,5.9351,100.0,33,0.5456
66121-66122-1,1122-11260-1,Line,513.0,15,100.1725,0.885,100.0,1,0.9973
66121-66122-1,2781-4951-1,Line,106.0,36,101.8629,1.9746,100.0,5,0.8104
66121-66122-1,3082-3122-1,Line,634.0,7,101.4318,9.0776,100.0,19,0.4716
66121-66122-1,3581-89516-1,Line,123.0,116,104.7128,5.7967,100.0,26,0.5053
66121-66122-1,3691-4041-1,Line,192.0,2,100.8878,1.7046,100.0,8,0.5533
66121-66122-1,T89510-89515-1,Transformer,125.0,79,104.1044,5.1305,98.4,26,0.5013
66121-66122-1,T89515-89516-1,Transformer,125.0,74,103.393,4.2413,98.4,26,0.504
66121-66122-1,T3464-3462-34641-1-w1,Transformer,500.0,20,102.192,10.9599,100.0,56,0.1857
66121-66122-1,T3464-3462-34641-1-w2,Transformer,500.0,20,102.139,10.6951,100.0,56,0.1871
66121-66122-1,T3934-3942-39402-1-w1,Transformer,500.0,1,100.217,1.085,98.3911,56,0.1921
66122-66123-1,1122-1742-1,Line,513.0,9,101.1554,5.9272,100.0,33,0.5457
66122-66123-1,1122-11260-1,Line,513.0,15,100.1723,0.8839,100.0,1,0.9973
66122-66123-1,2781-4951-1,Line,106.0,36,101.8604,1.972,100.0,5,0.8104
66122-66123-1,3082-3122-1,Line,634.0,7,101.4299,9.0655,100.0,19,0.4717
66122-66123-1,3581-89516-1,Line,123.0,116,104.7065,5.789,100.0,26,0.5053
66122-66123-1,3691-4041-1,Line,192.0,2,100.8866,1.7024,100.0,8,0.5533
66122-66123-1,T89510-89515-1,Transformer,125.0,79,104.0968,5.121,98.4,26,0.5013
66122-66123-1,T89515-89516-1,Transformer,125.0,74,103.3864,4.233,98.4,26,0.504
66122-66123-1,T3464-3462-34641-1-w1,Transformer,500.0,20,102.1891,10.9453,100.0,56,0.1858
66122-66123-1,T3464-3462-34641-1-w2,Transformer,500.0,20,102.1362,10.6808,100.0,56,0.1871
66122-66123-1,T3934-3942-39402-1-w1,Transformer,500.0,1,100.2144,1.0718,98.3911,56,0.1922
70010-79010-1,2781-4951-1,Line,106.0,18,100.3289,0.3487,100.0,5,0.8104
70010-79010-1,3581-89516-1,Line,123.0,74,101.7527,2.1558,100.0,26,0.5053
70010-79010-1,T89510-89515-1,Transformer,125.0,9,100.313,0.3913,98.4,26,0.5013
70010-79010-1,T89515-89516-1,Transformer,125.0,5,100.1874,0.2343,98.4,26,0.504
70010-79010-1,T3464-3462-34641-1-w1,Transformer,500.0,10,100.3077,1.5385,100.0,56,0.1858
70010-79010-1,T3464-3462-34641-1-w2,Transformer,500.0,9,100.2992,1.4959,100.0,56,0.1871
70510-72010-1,3581-89516-1,Line,123.0,1,100.1074,0.1321,100.0,26,0.5053
70510-72010-2,3581-89516-1,Line,123.0,1,100.1074,0.1321,100.0,26,0.5053
70520-85020-1,3581-89516-1,Line,123.0,4,100.1295,0.1593,100.0,26,0.5053
71011-81510-1,3581-89516-1,Line,123.0,22,100.9135,1.1236,100.0,26,0.5053
71011-81510-1,T3464-3462-34641-1-w1,Transformer,500.0,1,100.121,0.6048,100.0,56,0.1858
71011-81510-1,T3464-3462-34641-1-w2,Transformer,500.0,1,100.1181,0.5906,100.0,56,0.1871
73500-73510-1,2781-4951-1,Line,106.0,8,100.2385,0.2529,100.0,5,0.8104
73500-73510-1,3581-89516-1,Line,123.0,76,102.4406,3.0019,100.0,26,0.5053
73500-73510-1,T89510-89515-1,Transformer,125.0,15,100.9382,1.1727,98.4,26,0.5013
73500-73510-1,T89515-89516-1,Transformer,125.0,14,100.8471,1.0588,98.4,26,0.5039
73500-73510-1,T3464-3462-34641-1-w1,Transformer,500.0,14,100.3612,1.8062,100.0,56,0.1858
73500-73510-1,T3464-3462-34641-1-w2,Transformer,500.0,14,100.3526,1.763,100.0,56,0.1871
73510-87900-1,2781-4951-1,Line,106.0,10,100.8544,0.9057,100.0,5,0.8104
73510-87900-1,3581-89516-1,Line,123.0,78,109.0458,11.1263,100.0,26,0.5052
73510-87900-1,T89510-89515-1,Transformer,125.0,31,107.8075,9.7593,98.4,26,0.5012
73510-87900-1,T89515-89516-1,Transformer,125.0,30,107.4698,9.3373,98.4,26,0.5038
73510-87900-1,T3464-3462-34641-1-w1,Transformer,500.0,14,101.7625,8.8125,100.0,56,0.1857
73510-87900-1,T3464-3462-34641-1-w2,Transformer,500.0,14,101.7203,8.6015,100.0,56,0.1871
74520-90020-1,3581-89516-1,Line,123.0,113,101.923,2.3653,100.0,26,0.5052
74520-90020-1,T89510-89515-1,Transformer,125.0,1,100.2922,0.3653,98.4,26,0.5012
74520-90020-1,T89515-89516-1,Transformer,125.0,1,100.2922,0.3653,98.4,26,0.5038
75010-79510-1,75010-79510-2,Line,103.0,2,102.3161,2.3856,53.659,10,0.2957
75010-79510-2,75010-79510-1,Line,103.0,2,102.4975,2.5724,54.5521,10,0.2962
75010-87900-1,3581-89516-1,Line,123.0,20,102.211,2.7195,100.0,26,0.5018
75010-87900-1,T89510-89515-1,Transformer,125.0,2,100.5756,0.7195,98.4,26,0.4978
75010-87900-1,T89515-89516-1,Transformer,125.0,2,100.5756,0.7195,98.4,26,0.5005
75510-75511-1,3581-89516-1,Line,123.0,26,102.4661,3.0333,100.0,26,0.4959
75510-75511-1,T89510-89515-1,Transformer,125.0,2,100.8266,1.0333,98.4,26,0.4919
75510-75511-1,T89515-89516-1,Transformer,125.0,2,100.8266,1.0333,98.4,26,0.4945
75510-79510-1,3581-89516-1,Line,123.0,9,100.3985,0.4902,100.0,26,0.5045
75510-81810-1,75510-89510-1,Line,166.0,1,100.6483,1.0762,62.4363,30,0.4579
75510-83510-1,3581-89516-1,Line,123.0,11,100.3695,0.4545,100.0,26,0.5046
75810-90310-1,3581-89516-1,Line,123.0,60,100.1861,0.2289,100.0,26,0.5054
76511-81010-1,76512-81010-2,Line,158.0,28,109.5714,15.1229,53.2915,0,0.033
76512-81010-2,76511-81010-1,Line,158.0,35,111.6655,18.4314,66.6981,0,0.033
76512-90710-2,76511-81010-1,Line,158.0,35,111.6655,18.4314,66.6981,0,0.0318
76810-77210-1,1122-1742-1,Line,513.0,2,100.3476,1.7833,100.0,33,0.5456
76810-77210-1,2781-4951-1,Line,106.0,24,100.6004,0.6364,100.0,5,0.8104
76810-77210-1,3082-3122-1,Line,634.0,1,100.507,3.2142,100.0,19,0.4716
76810-77210-1,3581-89516-1,Line,123.0,104,106.0476,7.4386,100.0,26,0.5051
76810-77210-1,3691-4041-1,Line,192.0,2,100.3495,0.671,100.0,8,0.5533
76810-77210-1,T89510-89515-1,Transformer,125.0,84,104.6956,5.8694,98.4,26,0.5011
76810-77210-1,T89515-89516-1,Transformer,125.0,83,104.4658,5.5822,98.4,26,0.5037
76810-77210-1,T3464-3462-34641-1-w1,Transformer,500.0,17,101.0499,5.2493,100.0,56,0.1857
76810-77210-1,T3464-3462-34641-1-w2,Transformer,500.0,17,101.0223,5.1115,100.0,56,0.187
76810-79010-1,3581-89516-1,Line,123.0,9,100.8142,1.0015,100.0,26,0.5061
76810-79010-2,3581-89516-1,Line,123.0,9,100.8142,1.0015,100.0,26,0.5061
76810-87510-1,3581-89516-1,Line,123.0,78,101.0755,1.3229,100.0,26,0.5056
76810-87510-2,3581-89516-1,Line,123.0,78,101.0917,1.3428,100.0,26,0.5056
77210-77211-1,1122-1742-1,Line,513.0,1,100.3095,1.5876,100.0,33,0.5457
77210-77211-1,2781-4951-1,Line,106.0,2,100.2346,0.2487,100.0,5,0.8104
77210-77211-1,3082-3122-1,Line,634.0,1,100.2674,1.6952,100.0,19,0.4717
77210-77211-1,3581-89516-1,Line,123.0,21,102.358,2.9004,100.0,26,0.5053
77210-77211-1,T89510-89515-1,Transformer,125.0,19,100.8547,1.0684,98.4,26,0.5013
77210-77211-1,T89515-89516-1,Transformer,125.0,19,100.7651,0.9564,98.4,26,0.5039
77210-77211-1,T3464-3462-34641-1-w1,Transformer,500.0,4,100.4267,2.1335,100.0,56,0.1858
77210-77211-1,T3464-3462-34641-1-w2,Transformer,500.0,4,100.4155,2.0775,100.0,56,0.1871
77210-77212-1,2781-4951-1,Line,106.0,20,100.2585,0.2741,100.0,5,0.8104
77210-77212-1,3082-3122-1,Line,634.0,1,100.1029,0.6522,100.0,19,0.4717
77210-77212-1,3581-89516-1,Line,123.0,102,102.6044,3.2034,100.0,26,0.5053
77210-77212-1,3691-4041-1,Line,192.0,1,100.1505,0.289,100.0,8,0.5533
77210-77212-1,T89510-89515-1,Transformer,125.0,38,101.1112,1.389,98.4,26,0.5013
77210-77212-1,T89515-89516-1,Transformer,125.0,37,101.0122,1.2653,98.4,26,0.5039
77210-77212-1,T3464-3462-34641-1-w1,Transformer,500.0,14,100.394,1.9701,100.0,56,0.1858
77210-77212-1,T3464-3462-34641-1-w2,Transformer,500.0,14,100.3837,1.9184,100.0,56,0.1871
77512-87510-1,T3464-3462-34641-1-w1,Transformer,500.0,5,100.1257,0.6285,100.0,56,0.1858
77512-87510-1,T3464-3462-34641-1-w2,Transformer,500.0,5,100.1257,0.6285,100.0,56,0.1872
79510-83510-1,3581-89516-1,Line,123.0,9,100.3555,0.4373,100.0,26,0.5046
80710-87510-1,3581-89516-1,Line,123.0,8,100.2896,0.3562,100.0,26,0.504
81510-87900-1,3581-89516-1,Line,123.0,3,100.2332,0.2869,100.0,26,0.5048
81510-87901-1,3581-89516-1,Line,123.0,59,100.4463,0.549,100.0,26,0.5049
81520-82020-1,3581-89516-1,Line,123.0,38,100.1856,0.2283,100.0,26,0.5053
81520-82020-2,3581-89516-1,Line,123.0,38,100.1856,0.2283,100.0,26,0.5053
81520-85020-1,3581-89516-1,Line,123.0,3,100.1346,0.1656,100.0,26,0.5052
81810-89210-1,1122-1742-1,Line,513.0,3,100.3585,1.839,100.0,33,0.5457
81810-89210-1,2781-4951-1,Line,106.0,10,100.3082,0.3267,100.0,5,0.8104
81810-89210-1,3082-3122-1,Line,634.0,2,100.3067,1.9445,100.0,19,0.4717
81810-89210-1,3581-89516-1,Line,123.0,116,106.4545,7.939,100.0,26,0.5052
81810-89210-1,T89510-89515-1,Transformer,125.0,55,104.9355,6.1694,98.4,26,0.5012
81810-89210-1,T89515-89516-1,Transformer,125.0,55,104.8127,6.0158,98.4,26,0.5038
81810-89210-1,T3464-3462-34641-1-w1,Transformer,500.0,10,100.5813,2.9066,100.0,56,0.1858
81810-89210-1,T3464-3462-34641-1-w2,Transformer,500.0,10,100.5665,2.8323,100.0,56,0.1871
81810-89510-1,3581-89516-1,Line,123.0,39,102.0691,2.545,100.0,26,0.4961
81810-89510-1,T89510-89515-1,Transformer,125.0,5,100.436,0.545,98.4,26,0.4921
81810-89510-1,T89515-89516-1,Transformer,125.0,5,100.436,0.545,98.4,26,0.4948
82020-90020-1,3581-89516-1,Line,123.0,1,100.3206,0.3943,100.0,26,0.5051
85020-90320-1,3581-89516-1,Line,123.0,4,100.5717,0.7032,100.0,26,0.5045
85020-90320-2,3581-89516-1,Line,123.0,4,100.5717,0.7032,100.0,26,0.5045
85510-87510-1,1122-1742-1,Line,513.0,1,100.5572,2.8585,100.0,33,0.5457
85510-87510-1,2781-4951-1,Line,106.0,20,100.4918,0.5213,100.0,5,0.8104
85510-87510-1,3082-3122-1,Line,634.0,1,100.6039,3.8285,100.0,19,0.4717
85510-87510-1,3581-89516-1,Line,123.0,99,107.0854,8.7151,100.0,26,0.5052
85510-87510-1,3691-4041-1,Line,192.0,2,100.2271,0.436,100.0,8,0.5533
85510-87510-1,T89510-89515-1,Transformer,125.0,63,105.7157,7.1446,98.4,26,0.5012
85510-87510-1,T89515-89516-1,Transformer,125.0,60,105.4866,6.8583,98.4,26,0.5039
85510-87510-1,T3464-3462-34641-1-w1,Transformer,500.0,15,101.1114,5.557,100.0,56,0.1858
85510-87510-1,T3464-3462-34641-1-w2,Transformer,500.0,15,101.0828,5.4138,100.0,56,0.1871
87510-89510-1,3581-89516-1,Line,123.0,3,101.2689,1.5607,100.0,26,0.4955
87510-89510-2,3581-89516-1,Line,123.0,3,101.2383,1.5231,100.0,26,0.4958
87510-90210-1,3581-89516-1,Line,123.0,2,100.118,0.1451,100.0,26,0.5032
90210-90310-1,3581-89516-1,Line,123.0,1,100.118,0.1451,100.0,26,0.5032
90210-90310-1,T3464-3462-34641-1-w1,Transformer,500.0,5,100.1338,0.6692,100.0,56,0.1858
90210-90310-1,T3464-3462-34641-1-w2,Transformer,500.0,5,100.1338,0.6692,100.0,56,0.1872
90320-90420-1,3581-89516-1,Line,123.0,14,100.3017,0.3711,100.0,26,0.505
90320-90420-2,3581-89516-1,Line,123.0,14,100.3017,0.3711,100.0,26,0.505
T1742-17431-1,3082-3122-1,Line,634.0,26,119.7758,125.3786,100.0,29,0.5896
T3662-36671-1,1122-1742-1,Line,513.0,27,120.375,104.5238,100.0,33,0.546
T3662-36671-1,3082-3122-1,Line,634.0,18,111.9534,75.7846,100.0,19,0.472
T3662-36671-1,3691-4041-1,Line,192.0,2,100.7761,1.4901,100.0,8,0.5534
T3662-36671-1,T54640-54630-1,Transformer,582.0,4,100.1333,0.776,100.0,0,0.0013
T3662-36671-1,T3464-3462-34641-1-w1,Transformer,500.0,20,101.0368,5.1842,100.0,56,0.1859
T3662-36671-1,T3464-3462-34641-1-w2,Transformer,500.0,20,101.192,5.9602,100.0,56,0.1872
T54640-54630-1,1122-1742-1,Line,513.0,2,101.3745,7.0511,100.0,33,0.5457
T54640-54630-1,1122-11260-1,Line,513.0,1,100.1087,0.5578,100.0,1,0.9973
T54640-54630-1,3581-89516-1,Line,123.0,3,105.3562,6.5882,100.0,26,0.5053
T54640-54630-1,T3662-36671-1,Transformer,582.0,75,100.1333,0.776,100.0,0,0.0013
T54640-54630-1,T89510-89515-1,Transformer,125.0,3,105.2705,6.5882,98.4,26,0.5013
T54640-54630-1,T89515-89516-1,Transformer,125.0,3,104.2039,5.2548,98.4,26,0.504
T54640-54630-1,T3464-3462-34641-1-w1,Transformer,500.0,2,103.0205,15.1024,100.0,56,0.1858
T54640-54630-1,T3464-3462-34641-1-w2,Transformer,500.0,2,102.9665,14.8323,100.0,56,0.1871
T54640-54630-1,T3934-3942-39402-1-w1,Transformer,500.0,1,100.7423,3.7113,98.3911,56,0.1922
T79010-79015-1,3581-89516-1,Line,123.0,76,112.7996,15.7435,100.0,27,0.5132
T79010-79015-1,T89510-89515-1,Transformer,125.0,58,110.9948,13.7435,98.4,26,0.5092
T79010-79015-1,T89515-89516-1,Transformer,125.0,58,110.9948,13.7435,98.4,27,0.5119
T79010-79015-1,T3464-3462-34641-1-w1,Transformer,500.0,5,100.1963,0.9814,100.0,56,0.1859
T79010-79015-1,T3464-3462-34641-1-w2,Transformer,500.0,5,100.1963,0.9814,100.0,56,0.1872
T79015-79016-1,3581-89516-1,Line,123.0,76,112.7996,15.7435,100.0,27,0.514
T79015-79016-1,T89510-89515-1,Transformer,125.0,58,110.9948,13.7435,98.4,26,0.51
T79015-79016-1,T89515-89516-1,Transformer,125.0,58,110.9948,13.7435,98.4,27,0.5127
T79015-79016-1,T3464-3462-34641-1-w1,Transformer,500.0,5,100.1963,0.9814,100.0,56,0.1859
T79015-79016-1,T3464-3462-34641-1-w2,Transformer,500.0,5,100.1963,0.9814,100.0,56,0.1873
T89510-89515-1,1122-1742-1,Line,513.0,9,100.1908,0.979,100.0,33,0.5456
T89510-89515-1,3082-3122-1,Line,634.0,6,100.113,0.7165,100.0,19,0.4717
T89510-89515-1,T3464-3462-34641-1-w1,Transformer,500.0,20,100.8758,4.379,100.0,56,0.1855
T89510-89515-1,T3464-3462-34641-1-w2,Transformer,500.0,20,100.8758,4.379,100.0,56,0.1869
T89515-89516-1,1122-1742-1,Line,513.0,9,100.1908,0.979,100.0,33,0.5457
T89515-89516-1,3082-3122-1,Line,634.0,6,100.113,0.7165,100.0,19,0.4717
T89515-89516-1,T3464-3462-34641-1-w1,Transformer,500.0,20,100.8758,4.379,100.0,56,0.1856
T89515-89516-1,T3464-3462-34641-1-w2,Transformer,500.0,20,100.8758,4.379,100.0,56,0.187
T1122-1121-11221-1-w1,1122-1742-1,Line,513.0,9,100.8627,4.4254,100.0,33,0.5574
T1122-1121-11221-1-w2,1122-1742-1,Line,513.0,9,100.8627,4.4254,100.0,33,0.5571
T1122-1121-11222-2-w1,1122-1742-1,Line,513.0,9,100.8627,4.4254,100.0,33,0.5574
T1122-1121-11222-2-w2,1122-1742-1,Line,513.0,9,100.8627,4.4254,100.0,33,0.5571
T1212-1211-12121-1-w1,1211-12111-1,Line,210.0,21,102.8416,5.9674,47.3987,4,0.9907
T1212-1211-12121-1-w1,T1212-12111-12122-2-w1,Transformer,250.0,77,142.8079,107.0197,71.3922,5,0.9867
T1212-1211-12121-1-w2,1211-12111-1,Line,210.0,21,102.8416,5.9674,47.3987,4,0.992
T1212-1211-12121-1-w2,T1212-12111-12122-2-w1,Transformer,250.0,77,142.8079,107.0197,71.3922,5,0.988
T1212-12111-12122-2-w1,T1212-1211-12121-1-w1,Transformer,250.0,77,142.8079,107.0197,71.4157,5,0.9867
T1212-12111-12122-2-w2,T1212-1211-12121-1-w1,Transformer,250.0,77,142.8079,107.0197,71.4157,5,0.988
T1474-1472-14723-1-w1,1122-1742-1,Line,513.0,8,100.5842,2.9969,100.0,33,0.5456
T1474-1472-14723-1-w1,3082-3122-1,Line,634.0,7,101.071,6.7903,100.0,20,0.4707
T1474-1472-14723-1-w1,3691-4041-1,Line,192.0,2,100.1099,0.2111,100.0,8,0.5534
T1474-1472-14723-1-w2,1122-1742-1,Line,513.0,8,100.5842,2.9969,100.0,33,0.5456
T1474-1472-14723-1-w2,3082-3122-1,Line,634.0,7,101.071,6.7903,100.0,20,0.4706
T1474-1472-14723-1-w2,3691-4041-1,Line,192.0,2,100.1099,0.2111,100.0,8,0.5534
T1642-1641-16421-1-w1,3581-89516-1,Line,123.0,67,100.2246,0.2762,100.0,26,0.5053
T1642-1641-16421-1-w1,3691-4041-1,Line,192.0,2,101.9847,3.8105,100.0,14,0.5572
T1642-1641-16421-1-w2,3581-89516-1,Line,123.0,67,100.2246,0.2762,100.0,26,0.5053
T1642-1641-16421-1-w2,3691-4041-1,Line,192.0,2,101.9847,3.8105,100.0,14,0.5572
T1642-1641-16422-2-w1,3581-89516-1,Line,123.0,67,100.2246,0.2762,100.0,26,0.5053
T1642-1641-16422-2-w1,3691-4041-1,Line,192.0,2,101.9847,3.8105,100.0,14,0.5572
T1642-1641-16422-2-w2,3581-89516-1,Line,123.0,67,100.2246,0.2762,100.0,26,0.5053
T1642-1641-16422-2-w2,3691-4041-1,Line,192.0,2,101.9847,3.8105,100.0,14,0.5572
T1642-16411-16424-4-w1,3691-4041-1,Line,192.0,2,100.7455,1.4314,100.0,14,0.5548
T1642-16411-16424-4-w2,3691-4041-1,Line,192.0,2,100.7455,1.4314,100.0,14,0.5548
T1742-17411-17423-3-w1,1122-1742-1,Line,513.0,1,100.1313,0.6738,100.0,33,0.5513
T1742-17411-17423-3-w2,1122-1742-1,Line,513.0,1,100.1313,0.6738,100.0,33,0.5515
T1742-17411-17424-4-w1,1122-1742-1,Line,513.0,1,100.137,0.7029,100.0,33,0.5515
T1742-17411-17424-4-w2,1122-1742-1,Line,513.0,1,100.137,0.7029,100.0,33,0.5517
T2002-2001-20021-1-w1,1122-1742-1,Line,513.0,6,100.188,0.9645,100.0,31,0.5461
T2002-2001-20021-1-w1,3082-3122-1,Line,634.0,1,100.117,0.7415,100.0,19,0.4719
T2002-2001-20021-1-w2,1122-1742-1,Line,513.0,6,100.188,0.9645,100.0,31,0.5461
T2002-2001-20021-1-w2,3082-3122-1,Line,634.0,1,100.117,0.7415,100.0,19,0.4719
T2042-2041-20421-1-w1,3691-4041-1,Line,192.0,2,100.1678,0.3222,100.0,8,0.5533
T2042-2041-20421-1-w2,3691-4041-1,Line,192.0,2,100.1678,0.3222,100.0,8,0.5533
T2052-2041-20422-2-w1,3691-4041-1,Line,192.0,2,100.1701,0.3265,100.0,8,0.5533
T2052-2041-20422-2-w2,3691-4041-1,Line,192.0,2,100.1701,0.3265,100.0,8,0.5533
T2204-2202-22021-1-w1,1122-1742-1,Line,513.0,9,100.6845,3.5114,100.0,33,0.5445
T2204-2202-22021-1-w1,3691-4041-1,Line,192.0,2,100.1894,0.3637,100.0,8,0.5534
T2204-2202-22021-1-w2,1122-1742-1,Line,513.0,9,100.6845,3.5114,100.0,33,0.5445
T2204-2202-22021-1-w2,3691-4041-1,Line,192.0,2,100.1894,0.3637,100.0,8,0.5534
T2204-2202-22022-2-w1,1122-1742-1,Line,513.0,9,100.8662,4.4435,100.0,33,0.5442
T2204-2202-22022-2-w1,3691-4041-1,Line,192.0,2,100.2397,0.4602,100.0,8,0.5534
T2204-2202-22022-2-w2,1122-1742-1,Line,513.0,9,100.8662,4.4435,100.0,33,0.5442
T2204-2202-22022-2-w2,3691-4041-1,Line,192.0,2,100.2397,0.4602,100.0,8,0.5534
T2522-2521-25221-1-w1,3581-89516-1,Line,123.0,15,100.4081,0.502,100.0,26,0.5059
T2522-2521-25221-1-w1,3691-4041-1,Line,192.0,2,100.4204,0.8073,100.0,14,0.55
T2522-2521-25221-1-w2,3581-89516-1,Line,123.0,15,100.4081,0.502,100.0,26,0.5059
T2522-2521-25221-1-w2,3691-4041-1,Line,192.0,2,100.4204,0.8073,100.0,14,0.5499
T2522-2521-25222-2-w1,3581-89516-1,Line,123.0,14,100.3867,0.4756,100.0,26,0.5059
T2522-2521-25222-2-w1,3691-4041-1,Line,192.0,2,100.3984,0.7649,100.0,14,0.5502
T2522-2521-25222-2-w2,3581-89516-1,Line,123.0,14,100.3867,0.4756,100.0,26,0.5059
T2522-2521-25222-2-w2,3691-4041-1,Line,192.0,2,100.3984,0.7649,100.0,14,0.5501
T2742-2741-27421-1-w1,1122-1742-1,Line,513.0,3,100.1194,0.6125,100.0,31,0.5463
T2742-2741-27421-1-w2,1122-1742-1,Line,513.0,3,100.1194,0.6125,100.0,31,0.5462
T2742-2741-27422-2-w1,1122-1742-1,Line,513.0,3,100.1194,0.6125,100.0,31,0.5463
T2742-2741-27422-2-w2,1122-1742-1,Line,513.0,3,100.1194,0.6125,100.0,31,0.5462
T2842-2841-28421-1-w1,3691-4041-1,Line,192.0,2,100.3104,0.596,100.0,8,0.5533
T2842-2841-28421-1-w2,3691-4041-1,Line,192.0,2,100.3104,0.596,100.0,8,0.5533
T3082-3091-30824-4-w1,T30820-3091-30826-3-w1,Transformer,250.0,121,132.328,80.82,66.1233,0,0.0146
T3082-3091-30824-4-w2,T30820-3091-30826-3-w1,Transformer,250.0,121,132.328,80.82,66.1233,0,0.0133
T3332-3331-33321-1-w1,T3332-3331-33323-3-w1,Transformer,250.0,18,105.5751,13.9378,52.7876,3,0.9907
T3332-3331-33321-1-w2,T3332-3331-33323-3-w1,Transformer,250.0,18,105.5751,13.9378,52.7876,3,0.992
T3332-3331-33323-3-w1,T3332-3331-33321-1-w1,Transformer,250.0,18,105.5751,13.9378,52.7876,3,0.9907
T3332-3331-33323-3-w2,T3332-3331-33321-1-w1,Transformer,250.0,18,105.5751,13.9378,52.7876,3,0.992
T3462-3461-34621-1-w1,1122-1742-1,Line,513.0,9,100.2978,1.5278,100.0,33,0.5456
T3462-3461-34621-1-w1,3082-3122-1,Line,634.0,5,100.1201,0.7616,100.0,19,0.4716
T3462-3461-34621-1-w2,1122-1742-1,Line,513.0,9,100.2978,1.5278,100.0,33,0.5456
T3462-3461-34621-1-w2,3082-3122-1,Line,634.0,5,100.1201,0.7616,100.0,19,0.4716
T3462-3461-34622-2-w1,1122-1742-1,Line,513.0,9,100.2978,1.5278,100.0,33,0.5456
T3462-3461-34622-2-w1,3082-3122-1,Line,634.0,5,100.1201,0.7616,100.0,19,0.4716
T3462-3461-34622-2-w2,1122-1742-1,Line,513.0,9,100.2978,1.5278,100.0,33,0.5456
T3462-3461-34622-2-w2,3082-3122-1,Line,634.0,5,100.1201,0.7616,100.0,19,0.4716
T3464-3462-34641-1-w1,1122-1742-1,Line,513.0,9,101.9398,9.951,100.0,33,0.5452
T3464-3462-34641-1-w1,3082-3122-1,Line,634.0,7,100.7735,4.9043,100.0,20,0.4713
T3464-3462-34641-1-w1,3581-89516-1,Line,123.0,120,101.6121,1.9828,100.0,26,0.5052
T3464-3462-34641-1-w1,3691-4041-1,Line,192.0,2,100.9843,1.8899,100.0,8,0.5534
T3464-3462-34641-1-w1,3944-3954-1,Line,500.0,41,115.1976,75.9882,79.7295,57,0.216
T3464-3462-34641-1-w1,T3934-3942-39402-1-w1,Transformer,500.0,79,142.5519,212.7597,98.3911,57,0.2691
T3464-3462-34641-1-w1,T3954-3942-39421-2-w1,Transformer,500.0,41,115.1976,75.9882,79.7295,57,0.2174
T3464-3462-34641-1-w2,1122-1742-1,Line,513.0,9,101.9398,9.951,100.0,33,0.5452
T3464-3462-34641-1-w2,3082-3122-1,Line,634.0,7,100.7735,4.9043,100.0,20,0.4713
T3464-3462-34641-1-w2,3581-89516-1,Line,123.0,120,101.6121,1.9828,100.0,26,0.5052
T3464-3462-34641-1-w2,3691-4041-1,Line,192.0,2,100.9843,1.8899,100.0,8,0.5534
T3464-3462-34641-1-w2,3944-3954-1,Line,500.0,41,115.1976,75.9882,79.7295,57,0.2165
T3464-3462-34641-1-w2,T3934-3942-39402-1-w1,Transformer,500.0,79,142.5519,212.7597,98.3911,57,0.2697
T3464-3462-34641-1-w2,T3954-3942-39421-2-w1,Transformer,500.0,41,115.1976,75.9882,79.7295,57,0.2178
T3522-35211-35224-4-w1,3691-4041-1,Line,192.0,2,100.1166,0.2238,100.0,8,0.5533
T3522-35211-35224-4-w2,3691-4041-1,Line,192.0,2,100.1166,0.2238,100.0,8,0.5533
T3522-35231-35236-1-w1,3581-89516-1,Line,123.0,68,101.4329,1.7624,100.0,26,0.5048
T3522-35231-35236-1-w2,3581-89516-1,Line,123.0,68,101.4329,1.7624,100.0,26,0.5048
T3522-35231-35238-3-w1,3581-89516-1,Line,123.0,68,101.4105,1.7349,100.0,26,0.5048
T3522-35231-35238-3-w2,3581-89516-1,Line,123.0,68,101.4105,1.7349,100.0,26,0.5048
T3522-35232-35237-2-w1,3581-89516-1,Line,123.0,75,106.99,8.5977,100.0,26,0.5026
T3522-35232-35237-2-w1,T89510-89515-1,Transformer,125.0,47,105.2782,6.5977,98.4,26,0.4986
T3522-35232-35237-2-w1,T89515-89516-1,Transformer,125.0,47,105.2782,6.5977,98.4,26,0.5013
T3522-35232-35237-2-w1,T3464-3462-34641-1-w1,Transformer,500.0,6,100.1737,0.8686,100.0,56,0.1861
T3522-35232-35237-2-w1,T3464-3462-34641-1-w2,Transformer,500.0,6,100.1737,0.8686,100.0,56,0.1874
T3522-35232-35237-2-w2,3581-89516-1,Line,123.0,75,106.99,8.5977,100.0,26,0.5026
T3522-35232-35237-2-w2,T89510-89515-1,Transformer,125.0,47,105.2782,6.5977,98.4,26,0.4986
T3522-35232-35237-2-w2,T89515-89516-1,Transformer,125.0,47,105.2782,6.5977,98.4,26,0.5013
T3522-35232-35237-2-w2,T3464-3462-34641-1-w1,Transformer,500.0,6,100.1737,0.8686,100.0,56,0.1861
T3522-35232-35237-2-w2,T3464-3462-34641-1-w2,Transformer,500.0,6,100.1737,0.8686,100.0,56,0.1874
T3554-3551-35541-1-w1,1122-1742-1,Line,513.0,4,100.322,1.6517,100.0,35,0.5467
T3554-3551-35541-1-w1,3082-3122-1,Line,634.0,1,100.112,0.7102,100.0,20,0.4716
T3554-3551-35541-1-w1,3581-89516-1,Line,123.0,4,100.1587,0.1953,100.0,26,0.5052
T3554-3551-35541-1-w1,T3464-3462-34641-1-w1,Transformer,500.0,2,100.397,1.9852,100.0,56,0.183
T3554-3551-35541-1-w1,T3464-3462-34641-1-w2,Transformer,500.0,2,100.397,1.9852,100.0,57,0.1844
T3554-3551-35541-1-w2,1122-1742-1,Line,513.0,4,100.322,1.6517,100.0,35,0.5468
T3554-3551-35541-1-w2,3082-3122-1,Line,634.0,1,100.112,0.7102,100.0,20,0.4716
T3554-3551-35541-1-w2,3581-89516-1,Line,123.0,4,100.1587,0.1953,100.0,26,0.5052
T3554-3551-35541-1-w2,T3464-3462-34641-1-w1,Transformer,500.0,2,100.397,1.9852,100.0,56,0.1832
T3554-3551-35541-1-w2,T3464-3462-34641-1-w2,Transformer,500.0,2,100.397,1.9852,100.0,57,0.1845
T3852-3841-38422-2-w1,3581-89516-1,Line,123.0,5,100.1276,0.157,100.0,26,0.5053
T3852-3841-38422-2-w2,3581-89516-1,Line,123.0,5,100.1276,0.157,100.0,26,0.5053
T3934-3942-39402-1-w1,1122-1742-1,Line,513.0,9,101.7908,9.1869,100.0,33,0.5452
T3934-3942-39402-1-w1,3082-3122-1,Line,634.0,7,100.7072,4.4835,100.0,20,0.4713
T3934-3942-39402-1-w1,3581-89516-1,Line,123.0,120,101.5514,1.9082,100.0,26,0.5052
T3934-3942-39402-1-w1,3691-4041-1,Line,192.0,2,100.9495,1.823,100.0,8,0.5534
T3934-3942-39402-1-w1,3944-3954-1,Line,500.0,41,115.8887,79.4433,79.7295,57,0.225
T3934-3942-39402-1-w1,T3464-3462-34641-1-w1,Transformer,500.0,79,142.9203,214.6015,100.0,57,0.2623
T3934-3942-39402-1-w1,T3464-3462-34641-1-w2,Transformer,500.0,79,142.9203,214.6015,100.0,57,0.2636
T3934-3942-39402-1-w1,T3954-3942-39421-2-w1,Transformer,500.0,41,115.8887,79.4433,79.7295,57,0.2263
T3934-3942-39402-1-w2,1122-1742-1,Line,513.0,9,101.7908,9.1869,100.0,33,0.5453
T3934-3942-39402-1-w2,3082-3122-1,Line,634.0,7,100.7072,4.4835,100.0,20,0.4713
T3934-3942-39402-1-w2,3581-89516-1,Line,123.0,120,101.5514,1.9082,100.0,26,0.5052
T3934-3942-39402-1-w2,3691-4041-1,Line,192.0,2,100.9495,1.823,100.0,8,0.5534
T3934-3942-39402-1-w2,3944-3954-1,Line,500.0,41,115.8887,79.4433,79.7295,57,0.2255
T3934-3942-39402-1-w2,T3464-3462-34641-1-w1,Transformer,500.0,79,142.9203,214.6015,100.0,57,0.2629
T3934-3942-39402-1-w2,T3464-3462-34641-1-w2,Transformer,500.0,79,142.9203,214.6015,100.0,57,0.2642
T3934-3942-39402-1-w2,T3954-3942-39421-2-w1,Transformer,500.0,41,115.8887,79.4433,79.7295,57,0.2268
T3940-3941-39423-1-w1,1122-1742-1,Line,513.0,8,100.2232,1.1451,100.0,33,0.5456
T3940-3941-39423-1-w1,3581-89516-1,Line,123.0,112,100.759,0.9336,100.0,26,0.5053
T3940-3941-39423-1-w1,3691-4041-1,Line,192.0,2,100.6671,1.2808,100.0,14,0.5535
T3940-3941-39423-1-w2,1122-1742-1,Line,513.0,8,100.2232,1.1451,100.0,33,0.5456
T3940-3941-39423-1-w2,3581-89516-1,Line,123.0,112,100.759,0.9336,100.0,26,0.5053
T3940-3941-39423-1-w2,3691-4041-1,Line,192.0,2,100.6671,1.2808,100.0,14,0.5535
T3954-3942-39421-2-w1,1122-1742-1,Line,513.0,9,101.34,6.8743,100.0,33,0.5454
T3954-3942-39421-2-w1,3082-3122-1,Line,634.0,7,100.5262,3.3363,100.0,19,0.4714
T3954-3942-39421-2-w1,3581-89516-1,Line,123.0,119,101.1625,1.4299,100.0,26,0.5053
T3954-3942-39421-2-w1,3691-4041-1,Line,192.0,2,100.7117,1.3665,100.0,8,0.5534
T3954-3942-39421-2-w1,T3464-3462-34641-1-w1,Transformer,500.0,66,131.8605,159.3026,100.0,57,0.2426
T3954-3942-39421-2-w1,T3464-3462-34641-1-w2,Transformer,500.0,66,131.8605,159.3026,100.0,57,0.2439
T3954-3942-39421-2-w1,T3934-3942-39402-1-w1,Transformer,500.0,64,131.8112,159.0558,98.3911,57,0.2575
T3954-3942-39421-2-w2,1122-1742-1,Line,513.0,9,101.34,6.8743,100.0,33,0.5454
T3954-3942-39421-2-w2,3082-3122-1,Line,634.0,7,100.5262,3.3363,100.0,19,0.4714
T3954-3942-39421-2-w2,3581-89516-1,Line,123.0,119,101.1625,1.4299,100.0,26,0.5053
T3954-3942-39421-2-w2,3691-4041-1,Line,192.0,2,100.7117,1.3665,100.0,8,0.5534
T3954-3942-39421-2-w2,T3464-3462-34641-1-w1,Transformer,500.0,66,131.8605,159.3026,100.0,57,0.2431
T3954-3942-39421-2-w2,T3464-3462-34641-1-w2,Transformer,500.0,66,131.8605,159.3026,100.0,57,0.2445
T3954-3942-39421-2-w2,T3934-3942-39402-1-w1,Transformer,500.0,64,131.8112,159.0558,98.3911,57,0.2581
T4384-4382-43821-1-w1,1122-1742-1,Line,513.0,9,101.1349,5.8219,100.0,33,0.5451
T4384-4382-43821-1-w1,3082-3122-1,Line,634.0,7,100.2998,1.9005,100.0,19,0.4715
T4384-4382-43821-1-w1,3581-89516-1,Line,123.0,131,111.7433,14.4442,100.0,26,0.5064
T4384-4382-43821-1-w1,3691-4041-1,Line,192.0,2,105.8784,11.2866,100.0,14,0.5578
T4384-4382-43821-1-w1,T89510-89515-1,Transformer,125.0,128,109.9554,12.4442,98.4,26,0.5024
T4384-4382-43821-1-w1,T89515-89516-1,Transformer,125.0,128,109.9554,12.4442,98.4,26,0.5051
T4384-4382-43821-1-w1,T3464-3462-34641-1-w1,Transformer,500.0,36,114.4765,72.3826,100.0,66,0.1861
T4384-4382-43821-1-w1,T3464-3462-34641-1-w2,Transformer,500.0,36,114.4765,72.3826,100.0,66,0.1874
T4384-4382-43821-1-w1,T3934-3942-39402-1-w1,Transformer,500.0,32,112.7509,63.7543,98.3911,66,0.1924
T4384-4382-43821-1-w2,1122-1742-1,Line,513.0,9,101.1349,5.8219,100.0,33,0.5451
T4384-4382-43821-1-w2,3082-3122-1,Line,634.0,7,100.2998,1.9005,100.0,19,0.4715
T4384-4382-43821-1-w2,3581-89516-1,Line,123.0,131,111.7433,14.4442,100.0,26,0.5064
T4384-4382-43821-1-w2,3691-4041-1,Line,192.0,2,105.8784,11.2866,100.0,14,0.5579
T4384-4382-43821-1-w2,T89510-89515-1,Transformer,125.0,128,109.9554,12.4442,98.4,26,0.5025
T4384-4382-43821-1-w2,T89515-89516-1,Transformer,125.0,128,109.9554,12.4442,98.4,26,0.5051
T4384-4382-43821-1-w2,T3464-3462-34641-1-w1,Transformer,500.0,36,114.4765,72.3826,100.0,66,0.1863
T4384-4382-43821-1-w2,T3464-3462-34641-1-w2,Transformer,500.0,36,114.4765,72.3826,100.0,66,0.1876
T4384-4382-43821-1-w2,T3934-3942-39402-1-w1,Transformer,500.0,32,112.7509,63.7543,98.3911,66,0.1926
T4472-4461-44623-3-w1,4471-4651-4,Line,258.0,30,111.8217,30.5,55.0535,0,0.0146
T4472-4461-44623-3-w1,T4472-4471-44624-4-w1,Transformer,250.0,50,115.4,38.5,56.8152,0,0.0173
T4472-4461-44623-3-w2,4471-4651-4,Line,258.0,30,111.8217,30.5,55.0535,0,0.0133
T4472-4461-44623-3-w2,T4472-4471-44624-4-w1,Transformer,250.0,50,115.4,38.5,56.8152,0,0.016
T4472-4471-44624-4-w1,4461-4651-3,Line,254.0,38,113.5827,34.5,57.6622,0,0.0146
T4472-4471-44624-4-w1,T4472-4461-44623-3-w1,Transformer,250.0,50,115.4,38.5,58.5848,0,0.0173
T4472-4471-44624-4-w2,4461-4651-3,Line,254.0,38,113.5827,34.5,57.6622,0,0.0133
T4472-4471-44624-4-w2,T4472-4461-44623-3-w1,Transformer,250.0,50,115.4,38.5,58.5848,0,0.016
T4942-4941-49422-2-w1,1122-1742-1,Line,513.0,1,100.1135,0.5823,100.0,33,0.5457
T4942-4941-49422-2-w1,3082-3122-1,Line,634.0,1,100.1414,0.8965,100.0,19,0.4716
T4942-4941-49422-2-w1,3581-89516-1,Line,123.0,105,100.4903,0.6031,100.0,26,0.5054
T4942-4941-49422-2-w1,3691-4041-1,Line,192.0,1,100.1107,0.2126,100.0,8,0.5535
T4942-4941-49422-2-w2,1122-1742-1,Line,513.0,1,100.1135,0.5823,100.0,33,0.5457
T4942-4941-49422-2-w2,3082-3122-1,Line,634.0,1,100.1414,0.8965,100.0,19,0.4716
T4942-4941-49422-2-w2,3581-89516-1,Line,123.0,105,100.4903,0.6031,100.0,26,0.5054
T4942-4941-49422-2-w2,3691-4041-1,Line,192.0,1,100.1107,0.2126,100.0,8,0.5535
T4943-4941-49421-1-w1,1122-1742-1,Line,513.0,1,100.1147,0.5883,100.0,33,0.5457
T4943-4941-49421-1-w1,3082-3122-1,Line,634.0,1,100.1424,0.9027,100.0,19,0.4716
T4943-4941-49421-1-w1,3581-89516-1,Line,123.0,105,100.4919,0.605,100.0,26,0.5054
T4943-4941-49421-1-w1,3691-4041-1,Line,192.0,1,100.1113,0.2138,100.0,8,0.5535
T4943-4941-49421-1-w2,1122-1742-1,Line,513.0,1,100.1147,0.5883,100.0,33,0.5457
T4943-4941-49421-1-w2,3082-3122-1,Line,634.0,1,100.1424,0.9027,100.0,19,0.4716
T4943-4941-49421-1-w2,3581-89516-1,Line,123.0,105,100.4919,0.605,100.0,26,0.5054
T4943-4941-49421-1-w2,3691-4041-1,Line,192.0,1,100.1113,0.2138,100.0,8,0.5535
T5042-5041-50421-1-w1,3581-89516-1,Line,123.0,24,108.5114,10.469,100.0,26,0.5262
T5042-5041-50421-1-w1,3691-4041-1,Line,192.0,2,102.3017,4.4192,100.0,14,0.5475
T5042-5041-50421-1-w1,T89510-89515-1,Transformer,125.0,17,106.7752,8.469,98.4,26,0.5222
T5042-5041-50421-1-w1,T89515-89516-1,Transformer,125.0,17,106.7752,8.469,98.4,26,0.5249
T5042-5041-50421-1-w1,T3464-3462-34641-1-w1,Transformer,500.0,7,100.1713,0.8567,100.0,56,0.1861
T5042-5041-50421-1-w1,T3464-3462-34641-1-w2,Transformer,500.0,7,100.1713,0.8567,100.0,56,0.1875
T5042-5041-50421-1-w2,3581-89516-1,Line,123.0,24,108.5114,10.469,100.0,26,0.5264
T5042-5041-50421-1-w2,3691-4041-1,Line,192.0,2,102.3017,4.4192,100.0,14,0.5474
T5042-5041-50421-1-w2,T89510-89515-1,Transformer,125.0,17,106.7752,8.469,98.4,26,0.5224
T5042-5041-50421-1-w2,T89515-89516-1,Transformer,125.0,17,106.7752,8.469,98.4,26,0.5251
T5042-5041-50421-1-w2,T3464-3462-34641-1-w1,Transformer,500.0,7,100.1713,0.8567,100.0,56,0.1861
T5042-5041-50421-1-w2,T3464-3462-34641-1-w2,Transformer,500.0,7,100.1713,0.8567,100.0,56,0.1875
T5464-5462-54621-1-w1,1122-1742-1,Line,513.0,9,100.5472,2.8069,100.0,33,0.5456
T5464-5462-54621-1-w1,3082-3122-1,Line,634.0,7,101.0569,6.7007,100.0,20,0.4708
T5464-5462-54621-1-w1,3691-4041-1,Line,192.0,2,100.154,0.2957,100.0,8,0.5534
T5464-5462-54621-1-w2,1122-1742-1,Line,513.0,9,100.5472,2.8069,100.0,33,0.5456
T5464-5462-54621-1-w2,3082-3122-1,Line,634.0,7,101.0569,6.7007,100.0,20,0.4707
T5464-5462-54621-1-w2,3691-4041-1,Line,192.0,2,100.154,0.2957,100.0,8,0.5534
T5464-5462-54624-4-w1,1122-1742-1,Line,513.0,9,100.5472,2.8069,100.0,33,0.5456
T5464-5462-54624-4-w1,3082-3122-1,Line,634.0,7,101.0569,6.7007,100.0,20,0.4708
T5464-5462-54624-4-w1,3691-4041-1,Line,192.0,2,100.154,0.2957,100.0,8,0.5534
T5464-5462-54624-4-w2,1122-1742-1,Line,513.0,9,100.5472,2.8069,100.0,33,0.5456
T5464-5462-54624-4-w2,3082-3122-1,Line,634.0,7,101.0569,6.7007,100.0,20,0.4707
T5464-5462-54624-4-w2,3691-4041-1,Line,192.0,2,100.154,0.2957,100.0,8,0.5534
T5464-54622-54623-2-w1,1122-1742-1,Line,513.0,9,100.6925,3.5523,100.0,33,0.5455
T5464-54622-54623-2-w1,3082-3122-1,Line,634.0,7,101.3376,8.4802,100.0,20,0.4705
T5464-54622-54623-2-w1,3691-4041-1,Line,192.0,2,100.1949,0.3743,100.0,8,0.5534
T5464-54622-54623-2-w2,1122-1742-1,Line,513.0,9,100.6925,3.5523,100.0,33,0.5455
T5464-54622-54623-2-w2,3082-3122-1,Line,634.0,7,101.3376,8.4802,100.0,20,0.4704
T5464-54622-54623-2-w2,3691-4041-1,Line,192.0,2,100.1949,0.3743,100.0,8,0.5534
T30820-3091-30826-3-w1,T3082-3091-30824-4-w1,Transformer,250.0,121,132.328,80.82,66.2047,0,0.0146
T30820-3091-30826-3-w2,T3082-3091-30824-4-w1,Transformer,250.0,121,132.328,80.82,66.2047,0,0.0133
T75510-75520-75561-1-w1,3581-89516-1,Line,123.0,26,102.1364,2.6278,100.0,26,0.4972
T75510-75520-75561-1-w1,T89510-89515-1,Transformer,125.0,1,100.5022,0.6278,98.4,26,0.4932
T75510-75520-75561-1-w1,T89515-89516-1,Transformer,125.0,1,100.5022,0.6278,98.4,26,0.4959
T75510-75520-75561-1-w2,3581-89516-1,Line,123.0,26,102.1364,2.6278,100.0,26,0.4973
T75510-75520-75561-1-w2,T89510-89515-1,Transformer,125.0,1,100.5022,0.6278,98.4,26,0.4933
T75510-75520-75561-1-w2,T89515-89516-1,Transformer,125.0,1,100.5022,0.6278,98.4,26,0.496
T75511-75520-75562-1-w1,3581-89516-1,Line,123.0,26,102.4661,3.0333,100.0,26,0.496
T75511-75520-75562-1-w1,T89510-89515-1,Transformer,125.0,2,100.8266,1.0333,98.4,26,0.492
T75511-75520-75562-1-w1,T89515-89516-1,Transformer,125.0,2,100.8266,1.0333,98.4,26,0.4946
T75511-75520-75562-1-w2,3581-89516-1,Line,123.0,26,102.4661,3.0333,100.0,26,0.4961
T75511-75520-75562-1-w2,T89510-89515-1,Transformer,125.0,2,100.8266,1.0333,98.4,26,0.4921
T75511-75520-75562-1-w2,T89515-89516-1,Transformer,125.0,2,100.8266,1.0333,98.4,26,0.4947
T81510-81520-81561-1-w1,3581-89516-1,Line,123.0,96,100.4654,0.5725,100.0,26,0.5053
T81510-81520-81561-1-w2,3581-89516-1,Line,123.0,96,100.4654,0.5725,100.0,26,0.5053
T81510-81520-81562-1-w1,3581-89516-1,Line,123.0,96,100.4673,0.5748,100.0,26,0.5053
T81510-81520-81562-1-w2,3581-89516-1,Line,123.0,96,100.4673,0.5748,100.0,26,0.5053
T90011-90020-90061-1-w1,3581-89516-1,Line,123.0,119,100.4744,0.5835,100.0,26,0.5053
T90011-90020-90061-1-w2,3581-89516-1,Line,123.0,119,100.4744,0.5835,100.0,26,0.5053
T90011-90020-90062-1-w1,3581-89516-1,Line,123.0,119,100.4744,0.5835,100.0,26,0.5053
T90011-90020-90062-1-w2,3581-89516-1,Line,123.0,119,100.4744,0.5835,100.0,26,0.5053
T90012-90020-90063-1-w1,3581-89516-1,Line,123.0,119,100.4241,0.5216,100.0,26,0.5053
T90012-90020-90063-1-w2,3581-89516-1,Line,123.0,119,100.4241,0.5216,100.0,26,0.5053
T90310-90320-90361-1-w1,3581-89516-1,Line,123.0,79,100.7908,0.9727,100.0,26,0.5047
T90310-90320-90361-1-w2,3581-89516-1,Line,123.0,79,100.7908,0.9727,100.0,26,0.5047
T90310-90320-90362-1-w1,3581-89516-1,Line,123.0,79,100.7908,0.9727,100.0,26,0.5047
T90310-90320-90362-1-w2,3581-89516-1,Line,123.0,79,100.7908,0.9727,100.0,26,0.5047
T90420-90440-90461-1-w1,3082-3122-1,Line,634.0,3,100.1236,0.7836,100.0,19,0.4719
T90420-90440-90461-1-w1,3581-89516-1,Line,123.0,71,101.0819,1.3307,100.0,26,0.5046
T90420-90440-90461-1-w1,3691-4041-1,Line,192.0,2,100.2389,0.4588,100.0,8,0.5533
T90420-90440-90461-1-w2,3082-3122-1,Line,634.0,3,100.1236,0.7836,100.0,19,0.4719
T90420-90440-90461-1-w2,3581-89516-1,Line,123.0,71,101.0819,1.3307,100.0,26,0.5046
T90420-90440-90461-1-w2,3691-4041-1,Line,192.0,2,100.2389,0.4588,100.0,8,0.5534
T90420-90440-90462-1-w1,3082-3122-1,Line,634.0,3,100.1236,0.7836,100.0,19,0.4719
T90420-90440-90462-1-w1,3581-89516-1,Line,123.0,71,101.0819,1.3307,100.0,26,0.5046
T90420-90440-90462-1-w1,3691-4041-1,Line,192.0,2,100.2389,0.4588,100.0,8,0.5533
T90420-90440-90462-1-w2,3082-3122-1,Line,634.0,3,100.1236,0.7836,100.0,19,0.4719
T90420-90440-90462-1-w2,3581-89516-1,Line,123.0,71,101.0819,1.3307,100.0,26,0.5046
T90420-90440-90462-1-w2,3691-4041-1,Line,192.0,2,100.2389,0.4588,100.0,8,0.5534
T90420-90440-90463-1-w1,3082-3122-1,Line,634.0,3,100.1236,0.7836,100.0,19,0.4719
T90420-90440-90463-1-w1,3581-89516-1,Line,123.0,71,101.0819,1.3307,100.0,26,0.5046
T90420-90440-90463-1-w1,3691-4041-1,Line,192.0,2,100.2389,0.4588,100.0,8,0.5533
T90420-90440-90463-1-w2,3082-3122-1,Line,634.0,3,100.1236,0.7836,100.0,19,0.4719
T90420-90440-90463-1-w2,3581-89516-1,Line,123.0,71,101.0819,1.3307,100.0,26,0.5046
T90420-90440-90463-1-w2,3691-4041-1,Line,192.0,2,100.2389,0.4588,100.0,8,0.5534
