branch,kind,bus0,bus1,x_pu,susceptance,phase_shift_rad,s_nom,is_phase_shifter,peak_snapshot,peak_flow_MW,max_loading_pct,mean_loading_pct,hours_at_rating,sign,sign_agreement_when_busy,sign_ever_flips
1021-2121-1,Line,1021,2121,0.0006309099999999999,1585.012125342759,0.0,121.0,False,2030-01-15 23:00:00,51.004627133179135,42.15258440758606,15.595138177075846,0,1,,True
1021-2341-1,Line,1021,2341,0.000229,4366.812227074236,0.0,192.0,False,2030-01-15 22:00:00,-91.20000000029276,47.50000000015248,12.568524019277858,0,-1,,False
1021-2361-1,Line,1021,2361,0.00110828,902.2990579997835,0.0,121.0,False,2030-01-15 12:00:00,-55.90954287506832,46.2062337810482,16.91781594174817,0,-1,,True
1021-3541-1,Line,1021,3541,0.00036999999999999994,2702.702702702703,0.0,210.0,False,2030-01-18 00:00:00,48.83510446224635,23.254811648688737,7.733363339441938,0,1,,True
1021-10210-1,Line,1021,10210,1.0000000000000002e-06,999999.9999999999,0.0,999.0,False,2030-01-21 01:00:00,76.93561476275697,7.701262739014712,2.213738542075156,0,1,,True
1021-10261-1,Line,1021,10261,1.0000000000000002e-06,999999.9999999999,0.0,123.0,False,2030-01-18 07:00:00,-2.1591365501061333e-10,1.755395569191978e-10,7.621399054141802e-11,0,-1,,True
1031-1181-1,Line,1031,1181,0.0017079999999999999,585.480093676815,0.0,210.0,False,2030-01-16 17:00:00,-49.66081908218556,23.648009086755028,6.587623563931304,0,-1,,True
1031-4221-1,Line,1031,4221,0.0017079999999999999,585.480093676815,0.0,210.0,False,2030-01-17 17:00:00,70.65553101415682,33.6454909591223,6.662201404166101,0,1,,True
1041-5481-1,Line,1041,5481,0.000107,9345.794392523365,0.0,121.0,False,2030-01-17 18:00:00,57.473454682232486,47.49872287787809,28.848779156190176,0,1,,False
1042-1052-1,Line,1042,1052,1.0000000000000002e-06,999999.9999999999,0.0,593.0,False,2030-01-20 14:00:00,66.88735903739928,11.279487190117923,10.647626511495057,0,1,,True
1042-1072-1,Line,1042,1072,5.9999999999999985e-06,166666.66666666672,0.0,593.0,False,2030-01-17 18:00:00,57.473454682408004,9.691982239866443,5.886513116227789,0,1,,False
1042-3202-1,Line,1042,3202,0.00021869000000000004,4572.682792994649,0.0,468.0,False,2030-01-17 13:00:00,133.4877634311306,28.523026374173206,13.765202878835595,0,1,,False
1042-4722-1,Line,1042,4722,9.107000000000001e-05,10980.564401010211,0.0,513.0,False,2030-01-17 18:00:00,102.64824425639823,20.009404338479186,12.190470275597374,0,1,,False
1042-10422-1,Line,1042,10422,4.000000000000001e-06,249999.99999999997,0.0,574.0,False,2030-01-16 17:00:00,-222.0000000001029,38.675958188171236,38.6759581881548,0,-1,,False
1052-1062-1,Line,1052,1062,1.0000000000000002e-06,999999.9999999999,0.0,999.0,False,2030-01-18 13:00:00,-4.734627551128412e-10,4.739366918046458e-11,2.3368938591214638e-11,0,-1,,True
1052-2852-1,Line,1052,2852,1.5000000000000002e-05,66666.66666666666,0.0,573.0,False,2030-01-17 13:00:00,-197.2041262899432,34.41607788655204,1.946471874132134,0,-1,,True
1052-3202-2,Line,1052,3202,0.000222,4504.504504504504,0.0,468.0,False,2030-01-17 13:00:00,131.79212157419025,28.16070973807484,13.50208522272845,0,1,,False
1061-10619-1,Line,1061,10619,8.000000000000001e-06,124999.99999999999,0.0,123.0,False,2030-01-20 01:00:00,10.286852707040927,8.363294883773111,3.23473586639721,0,1,,True
1071-2231-1,Line,1071,2231,0.000276,3623.1884057971015,0.0,123.0,False,2030-01-19 02:00:00,-53.549845124040786,43.536459450439665,22.265110250565172,0,-1,,False
1071-2361-1,Line,1071,2361,0.0013139999999999998,761.0350076103501,0.0,91.0,False,2030-01-19 02:00:00,50.69758537164041,55.71163227652792,19.45085462289989,0,1,0.5,True
1071-4941-1,Line,1071,4941,0.001571,636.5372374283896,0.0,119.0,False,2030-01-18 13:00:00,64.6068527159016,54.291472870505544,29.215075071511986,0,1,1.0,True
1081-32810-1,Line,1081,32810,0.00012299999999999998,8130.081300813009,0.0,45.0,False,2030-01-17 18:00:00,-5.759999999916824,12.799999999815165,9.495883280128536,0,-1,,True
1091-2861-1,Line,1091,2861,3.8e-05,26315.78947368421,0.0,181.0,False,2030-01-17 18:00:00,42.53795469936616,23.50163243058904,19.218497824718035,0,1,,False
1091-3091-1,Line,1091,3091,4.7289999999999996e-05,21146.11968703743,0.0,181.0,False,2030-01-17 18:00:00,-62.89795469937146,34.750251215122354,28.41707397820663,0,-1,,False
1101-2161-1,Line,1101,2161,6.9e-05,14492.753623188406,0.0,45.0,False,2030-01-17 18:00:00,-13.999999999847496,31.111111110772217,25.441161288484547,0,-1,,False
1121-1301-1,Line,1121,1301,0.000787,1270.6480304955526,0.0,159.0,False,2030-01-18 09:00:00,126.70739639261487,79.6901864104496,34.04921099147727,0,1,1.0,True
1121-3181-1,Line,1121,3181,7.000000000000001e-06,142857.14285714284,0.0,124.0,False,2030-01-16 11:00:00,-47.110000000151956,37.99193548399351,15.64089373006511,0,-1,,True
1121-4321-1,Line,1121,4321,0.000184,5434.782608695652,0.0,210.0,False,2030-01-14 12:00:00,64.12339709998429,30.534950999992517,9.367382675528992,0,1,,True
1121-4451-1,Line,1121,4451,7.400000000000001e-05,13513.513513513511,0.0,210.0,False,2030-01-17 18:00:00,1.1751315789442276,0.5595864661639179,0.4576027352342767,0,1,,False
1121-4451-2,Line,1121,4451,7.8e-05,12820.51282051282,0.0,210.0,False,2030-01-17 18:00:00,1.1148684210495592,0.5308897243093139,0.434135928299134,0,1,,False
1122-1742-1,Line,1122,1742,0.00045620000000000003,2192.0210434020164,0.0,513.0,False,2030-01-15 22:00:00,512.999999999526,99.9999999999076,44.363682780873646,9,1,1.0,True
1122-3642-1,Line,1122,3642,0.000338,2958.579881656805,0.0,513.0,False,2030-01-14 12:00:00,297.22347907676334,57.938300014963616,16.613008225353802,0,1,1.0,True
1122-11260-1,Line,1122,11260,1.7e-05,58823.529411764706,0.0,513.0,False,2030-01-18 18:00:00,-513.0000000001485,100.00000000002893,45.4007096002365,32,-1,1.0,True
1131-2131-1,Line,1131,2131,5.7020000000000006e-05,17537.706068046296,0.0,136.0,False,2030-01-20 02:00:00,-25.650000000142587,18.860294117751902,9.55016709016684,0,-1,,True
1131-11310-1,Line,1131,11310,1.0000000000000002e-06,999999.9999999999,0.0,210.0,False,2030-01-18 14:00:00,-20.834999999801745,9.921428571334165,5.194997566645728,0,-1,,True
1131-31911-1,Line,1131,31911,0.00020804,4806.767929244376,0.0,210.0,False,2030-01-18 14:00:00,77.39999999991,36.857142857099994,18.589444014816273,0,1,,True
1141-1911-1,Line,1141,1911,3.4e-05,29411.764705882353,0.0,140.0,False,2030-01-17 15:00:00,-100.00000000003669,71.42857142859765,28.21428571422976,0,-1,1.0,False
1141-3501-1,Line,1141,3501,0.00116,862.0689655172414,0.0,210.0,False,2030-01-16 11:00:00,139.98401110403324,66.65905290668249,17.34011560340821,0,1,1.0,True
1141-4941-1,Line,1141,4941,0.000696,1436.7816091954023,0.0,190.0,False,2030-01-16 10:00:00,-124.29106720718232,65.4163511616749,33.28008734251402,0,-1,1.0,False
1141-11461-1,Line,1141,11461,1.0000000000000002e-06,999999.9999999999,0.0,123.0,False,2030-01-20 16:00:00,-4.970270228374374e-10,4.04087010436941e-10,1.7673051395571628e-10,0,-1,,True
1151-1161-1,Line,1151,1161,0.000149,6711.4093959731545,0.0,210.0,False,2030-01-16 22:00:00,-61.06388414751155,29.078040070243595,8.513936110859218,0,-1,,True
1151-3461-1,Line,1151,3461,0.000917,1090.5125408942204,0.0,210.0,False,2030-01-16 22:00:00,61.06388414732621,29.078040070155343,8.32133232813746,0,1,,True
1161-1781-1,Line,1161,1781,1.9999999999999998e-05,50000.00000000001,0.0,96.0,False,2030-01-17 18:00:00,50.80000000008029,52.9166666667503,43.272689513532875,0,1,1.0,False
1161-3901-1,Line,1161,3901,0.0008939999999999999,1118.5682326621925,0.0,210.0,False,2030-01-17 15:00:00,94.75674218707552,45.12225818432167,21.541446314165434,0,1,,False
1161-5051-3,Line,1161,5051,1.1999999999999997e-05,83333.33333333336,0.0,120.0,False,2030-01-17 23:00:00,-80.99999999992572,67.4999999999381,40.41666666648709,0,-1,1.0,False
1161-5071-4,Line,1161,5071,1.1999999999999997e-05,83333.33333333336,0.0,120.0,False,2030-01-17 21:00:00,-80.9999999999382,67.4999999999485,40.191800724151236,0,-1,1.0,False
1161-17810-2,Line,1161,17810,2.1e-05,47619.04761904762,0.0,96.0,False,2030-01-16 10:00:00,5.236704958555549e-10,5.454900998495364e-10,2.843422257109413e-10,0,1,,True
1181-1861-1,Line,1181,1861,0.0013980000000000002,715.3075822603719,0.0,210.0,False,2030-01-18 13:00:00,-106.76830337443245,50.84204922592021,28.544335827702643,0,-1,1.0,False
1181-2821-1,Line,1181,2821,0.000994,1006.0362173038228,0.0,210.0,False,2030-01-14 12:00:00,71.46921918320209,34.03296151581052,11.029967455292951,0,1,,True
1181-4961-1,Line,1181,4961,0.000602,1661.1295681063123,0.0,210.0,False,2030-01-20 17:00:00,51.38281414815142,24.46800673721496,10.082882655715093,0,1,,True
1181-4961-2,Line,1181,4961,0.000763,1310.615989515072,0.0,210.0,False,2030-01-20 17:00:00,40.54056896092683,19.305032838536583,7.955301911848616,0,1,,True
1201-2561-1,Line,1201,2561,0.000101,9900.990099009901,0.0,136.0,False,2030-01-17 18:00:00,-53.78625208450889,39.54871476802124,32.341025287734446,0,-1,,False
1201-3781-1,Line,1201,3781,5.4999999999999995e-05,18181.818181818184,0.0,115.0,False,2030-01-17 18:00:00,34.02625208451752,29.5880452908848,24.195671757750553,0,1,,False
1211-1751-1,Line,1211,1751,0.000149,6711.4093959731545,0.0,140.0,False,2030-01-18 17:00:00,-48.59999999990991,34.71428571422137,17.828193783385125,0,-1,,True
1211-2771-1,Line,1211,2771,2.471e-05,40469.445568595715,0.0,220.0,False,2030-01-18 13:00:00,-167.4537151074055,76.11532504882067,39.88143178538102,0,-1,1.0,True
1211-12111-1,Line,1211,12111,1.0000000000000002e-06,999999.9999999999,0.0,210.0,False,2030-01-14 07:00:00,99.53724854071427,47.39868978129251,10.21406010782598,0,1,,True
1212-1602-1,Line,1212,1602,0.000145,6896.551724137931,0.0,792.0,False,2030-01-18 16:00:00,282.22857541305706,35.63492113801225,13.544185177066806,0,1,,True
1212-3332-1,Line,1212,3332,0.00012600000000000003,7936.507936507935,0.0,794.0,False,2030-01-18 10:00:00,302.8849091898495,38.146714003759385,17.309484464332268,0,1,,True
1221-1901-1,Line,1221,1901,0.000833,1200.4801920768307,0.0,123.0,False,2030-01-14 10:00:00,51.830868734903454,42.138917670653214,16.493712778650732,0,1,,True
1221-3551-1,Line,1221,3551,0.000755,1324.503311258278,0.0,123.0,False,2030-01-14 10:00:00,-73.7167958049303,59.93235431295146,28.521806804611355,0,-1,1.0,True
1231-1841-1,Line,1231,1841,0.00023454999999999998,4263.483265828182,0.0,68.0,False,2030-01-18 19:00:00,37.79868220641534,55.586297362375504,14.068192606381333,0,1,1.0,True
1244-3204-1,Line,1244,3204,1e-06,1000000.0,0.0,1100.0,False,2030-01-18 19:00:00,-8.54355391988193e-10,7.766867199892663e-11,3.904220674783761e-11,0,-1,,False
1251-2361-1,Line,1251,2361,0.000802,1246.8827930174564,0.0,210.0,False,2030-01-14 18:00:00,107.02618292972647,50.96484901415547,29.73700372277498,0,1,1.0,True
1251-52219-1,Line,1251,52219,0.000594,1683.5016835016834,0.0,210.0,False,2030-01-20 00:00:00,77.50003169800313,36.90477699904911,17.17484466479507,0,1,,True
1261-3651-1,Line,1261,3651,1.1e-05,90909.09090909091,0.0,140.0,False,2030-01-16 10:00:00,-2.761868234113507e-10,1.9727630243667908e-10,8.97512772148788e-11,0,-1,,True
1271-1491-1,Line,1271,1491,0.000349,2865.3295128939826,0.0,210.0,False,2030-01-16 17:00:00,-40.33335581107158,19.206359910034084,5.78505005278613,0,-1,,True
1271-2041-1,Line,1271,2041,0.000546,1831.5018315018312,0.0,210.0,False,2030-01-14 12:00:00,-49.23728884242469,23.446328020202234,8.145117652691795,0,-1,,True
1281-2221-1,Line,1281,2221,0.0009429999999999999,1060.4453870625664,0.0,68.0,False,2030-01-20 03:00:00,49.42428510307148,72.68277221039924,42.42057332422188,0,1,1.0,True
1301-17411-1,Line,1301,17411,0.001159,862.8127696289904,0.0,159.0,False,2030-01-18 09:00:00,111.23631650007177,69.95994748432186,29.69228000434012,0,1,1.0,True
1311-3331-1,Line,1311,3331,0.00010926000000000001,9152.480322167306,0.0,220.0,False,2030-01-19 19:00:00,132.8400000000704,60.381818181850186,23.412740204581166,0,1,1.0,True
1321-13219-1,Line,1321,13219,1.7e-05,58823.529411764706,0.0,159.0,False,2030-01-17 18:00:00,-29.53000000000415,18.572327044027766,15.187550394581084,0,-1,,False
1331-2041-1,Line,1331,2041,0.000566,1766.7844522968198,0.0,130.0,False,2030-01-20 19:00:00,62.4895331452113,48.068871650162535,23.941266228678316,0,1,,True
1331-4001-1,Line,1331,4001,0.0019150000000000003,522.1932114882505,0.0,123.0,False,2030-01-20 19:00:00,-70.68296048451708,57.46582153212771,31.182624556859096,0,-1,1.0,False
1341-1701-1,Line,1341,1701,0.001115,896.8609865470851,0.0,210.0,False,2030-01-14 19:00:00,-61.841262189994204,29.44822009047343,10.987103078020114,0,-1,,True
1341-5191-1,Line,1341,5191,0.000774,1291.9896640826873,0.0,159.0,False,2030-01-20 06:00:00,64.64102530025873,40.654732893244486,15.074494887342945,0,1,,True
1351-4081-1,Line,1351,4081,0.00030417,3287.6352039977646,0.0,121.0,False,2030-01-20 19:00:00,66.45848334421147,54.924366400174776,26.002103686156765,0,1,1.0,False
1351-4201-1,Line,1351,4201,0.00017072,5857.544517338332,0.0,122.0,False,2030-01-20 19:00:00,-70.99505469248463,58.1926677807251,29.314687659092204,0,-1,1.0,False
1361-2001-1,Line,1361,2001,0.0007509999999999999,1331.5579227696405,0.0,217.0,False,2030-01-20 04:00:00,116.90749894682354,53.874423477798864,25.00207495847175,0,1,1.0,True
1361-2161-1,Line,1361,2161,0.000368,2717.391304347826,0.0,210.0,False,2030-01-20 12:00:00,-129.07770302093581,61.46557286711229,32.00178867683999,0,-1,1.0,True
1371-1451-1,Line,1371,1451,9.999999999999999e-06,100000.00000000001,0.0,192.0,False,2030-01-17 18:00:00,-13.172872845414403,6.860871273653335,5.610488549601566,0,-1,,False
1371-5111-1,Line,1371,5111,1.4000000000000001e-05,71428.57142857142,0.0,192.0,False,2030-01-17 18:00:00,-22.607127154629076,11.774545393035977,9.628653485739475,0,-1,,False
1381-4721-1,Line,1381,4721,5.9e-05,16949.15254237288,0.0,92.0,False,2030-01-17 18:00:00,-38.43542232903891,41.77763296634664,32.970289839745796,0,-1,,False
1392-3842-1,Line,1392,3842,0.00047000000000000004,2127.659574468085,0.0,420.0,False,2030-01-21 02:00:00,375.91057815543076,89.5025186084359,40.10605718055798,0,1,1.0,False
1392-4943-1,Line,1392,4943,0.00048000000000000007,2083.333333333333,0.0,420.0,False,2030-01-16 11:00:00,-301.85936614474946,71.87127765351178,35.4779668091832,0,-1,1.0,True
1401-1661-1,Line,1401,1661,0.001284,778.816199376947,0.0,217.0,False,2030-01-16 17:00:00,96.83663722848935,44.62517844630845,12.563366827966766,0,1,,True
1401-3691-1,Line,1401,3691,2.3999999999999994e-05,41666.66666666668,0.0,192.0,False,2030-01-18 18:00:00,137.99999999946635,71.87499999972205,12.315363979070188,0,1,1.0,True
1401-14010-1,Line,1401,14010,1.0000000000000002e-06,999999.9999999999,0.0,999.0,False,2030-01-18 13:00:00,-175.15453570559038,17.532986557116153,3.140219651126393,0,-1,,True
1411-3081-1,Line,1411,3081,9.7e-05,10309.278350515464,0.0,136.0,False,2030-01-17 18:00:00,-29.97000000001639,22.036764705894406,18.020599880293055,0,-1,,False
1411-3081-2,Line,1411,3081,9.7e-05,10309.278350515464,0.0,136.0,False,2030-01-17 18:00:00,-29.97000000001639,22.036764705894406,18.020599880293055,0,-1,,False
1421-4651-1,Line,1421,4651,6.000000000000001e-05,16666.666666666664,0.0,151.0,False,2030-01-17 18:00:00,-70.19999999985623,46.49006622507035,38.01732663713666,0,-1,,False
1431-2651-1,Line,1431,2651,0.0004370000000000001,2288.3295194508005,0.0,210.0,False,2030-01-14 10:00:00,-77.87227912832071,37.082037680152716,17.207432962630175,0,-1,,True
1431-3261-1,Line,1431,3261,0.000715,1398.6013986013986,0.0,210.0,False,2030-01-14 11:00:00,54.941686658955796,26.162707932836092,11.828280425500237,0,1,,True
1441-1501-1,Line,1441,1501,8.999999999999999e-05,11111.111111111111,0.0,91.0,False,2030-01-17 18:00:00,3.9500000000410007,4.340659340704396,3.5495811766794527,0,1,,False
1441-2225-1,Line,1441,2225,0.000842,1187.6484560570073,0.0,210.0,False,2030-01-18 16:00:00,-88.20242052774952,42.00115263226168,22.579329045097392,0,-1,,False
1441-14461-1,Line,1441,14461,1.0000000000000002e-06,999999.9999999999,0.0,123.0,False,2030-01-15 22:00:00,2.5345239101914885e-10,2.060588544871129e-10,9.398510006732328e-11,0,1,,True
1441-15010-2,Line,1441,15010,8.6e-05,11627.906976744185,0.0,91.0,False,2030-01-20 19:00:00,-2.387253589253291e-11,2.623355592586034e-11,1.538656264399755e-11,0,-1,,False
1441-47210-1,Line,1441,47210,0.0008629999999999999,1158.7485515643107,0.0,192.0,False,2030-01-20 04:00:00,48.57587561915914,25.299935218312054,12.713271048032116,0,1,,True
1451-2041-1,Line,1451,2041,2.8000000000000003e-05,35714.28571428571,0.0,221.0,False,2030-01-17 18:00:00,-84.17287284529861,38.087272780678106,31.14592874548438,0,-1,,False
1461-14619-1,Line,1461,14619,1.1e-05,90909.09090909091,0.0,159.0,False,2030-01-14 17:00:00,-32.72526479181887,20.58192754202445,10.190269951528919,0,-1,,True
1471-1810-1,Line,1471,1810,2.11599e-05,47259.2025482162,0.0,229.0,False,2030-01-17 18:00:00,60.500000000060005,26.41921397382533,21.604354837351355,0,1,,False
1471-1810-2,Line,1471,1810,2.11599e-05,47259.2025482162,0.0,229.0,False,2030-01-17 18:00:00,60.500000000060005,26.41921397382533,21.604354837351355,0,1,,False
1471-3921-1,Line,1471,3921,8.500000000000002e-05,11764.705882352939,0.0,420.0,False,2030-01-17 18:00:00,28.184285714274935,6.710544217684508,5.487558357119447,0,1,,False
1471-4101-1,Line,1471,4101,2.9e-05,34482.75862068965,0.0,132.0,False,2030-01-17 18:00:00,57.01571428569729,43.19372294371007,35.32173660225803,0,1,,False
1472-2562-1,Line,1472,2562,1.5000000000000002e-05,66666.66666666666,0.0,457.0,False,2030-01-14 12:00:00,374.094096680304,81.85866448146696,33.89654408191048,0,1,1.0,True
1472-5022-1,Line,1472,5022,3.4e-05,29411.764705882353,0.0,570.0,False,2030-01-18 02:00:00,-150.05158200478542,26.32483894820797,11.79205795603255,0,-1,,True
1472-14720-1,Line,1472,14720,7.8e-05,12820.51282051282,0.0,593.0,False,2030-01-19 01:00:00,-450.0000000000236,75.88532883642894,33.20201861528438,0,-1,1.0,False
1474-5464-1,Line,1474,5464,3.5520000000000006e-05,28153.153153153147,0.0,1473.0,False,2030-01-16 10:00:00,-174.9472285212787,11.876933368722248,5.109287691634704,0,-1,,True
1481-2001-1,Line,1481,2001,0.00037999999999999997,2631.5789473684213,0.0,192.0,False,2030-01-20 17:00:00,-88.9051228860338,46.3047515031426,27.050918902791004,0,-1,,False
1481-3401-1,Line,1481,3401,9.900000000000002e-05,10101.010101010099,0.0,216.0,False,2030-01-20 16:00:00,53.696564490972946,24.85952059767266,8.764307716282907,0,1,,True
1491-2181-1,Line,1491,2181,0.00031000000000000005,3225.8064516129025,0.0,210.0,False,2030-01-16 17:00:00,-40.33335581119849,19.206359910094516,5.765275463787156,0,-1,,True
1511-52610-1,Line,1511,52610,0.00019463,5137.954066690644,0.0,181.0,False,2030-01-20 03:00:00,90.4941000000552,49.99674033152221,29.370439841855266,0,1,,True
1521-2401-1,Line,1521,2401,0.000149,6711.4093959731545,0.0,124.0,False,2030-01-19 01:00:00,50.760000000159685,40.93548387109652,20.284868690883556,0,1,,False
1522-2042-1,Line,1522,2042,4.4e-05,22727.272727272728,0.0,513.0,False,2030-01-19 00:00:00,-201.89834724937913,39.35640297258852,16.82904840420952,0,-1,,True
1522-5462-1,Line,1522,5462,0.00011700000000000001,8547.008547008547,0.0,513.0,False,2030-01-16 17:00:00,-314.2973587412242,61.26654166495597,25.43319211278764,0,-1,1.0,True
1522-15220-1,Line,1522,15220,4.000000000000001e-06,249999.99999999997,0.0,635.0,False,2030-01-15 19:00:00,-4.543962602021612e-11,7.155846617356868e-12,2.822846556822853e-12,0,-1,,True
1522-15220-2,Line,1522,15220,4.000000000000001e-06,249999.99999999997,0.0,635.0,False,2030-01-15 19:00:00,-4.543962602021612e-11,7.155846617356868e-12,2.822846556822853e-12,0,-1,,True
1531-3801-1,Line,1531,3801,0.000122,8196.72131147541,0.0,121.0,False,2030-01-17 18:00:00,31.400894817698088,25.951152741899246,14.938008254098875,0,1,,False
1531-5481-1,Line,1531,5481,0.000628,1592.3566878980891,0.0,121.0,False,2030-01-17 18:00:00,-31.40089481766103,25.951152741868622,14.938008254132699,0,-1,,False
1541-4321-1,Line,1541,4321,0.0008039999999999999,1243.7810945273634,0.0,210.0,False,2030-01-14 12:00:00,-64.123397099995,30.534950999997623,9.367382675528077,0,-1,,True
1541-5291-1,Line,1541,5291,0.000362,2762.430939226519,0.0,210.0,False,2030-01-16 12:00:00,-61.93584740964874,29.4932606712613,9.104639611112498,0,-1,,True
1551-16011-1,Line,1551,16011,0.000401,2493.7655860349128,0.0,210.0,False,2030-01-19 06:00:00,152.14499999979614,72.44999999990293,41.355998682923165,0,1,1.0,True
1561-2861-1,Line,1561,2861,2.3e-05,43478.260869565216,0.0,140.0,False,2030-01-17 18:00:00,-19.791666666629272,14.136904761878052,11.560476669732997,0,-1,,False
1561-2861-2,Line,1561,2861,2.5000000000000005e-05,39999.99999999999,0.0,140.0,False,2030-01-17 18:00:00,-18.208333333298942,13.005952380927816,10.635638536154282,0,-1,,False
1571-5191-1,Line,1571,5191,0.001204,830.5647840531561,0.0,91.0,False,2030-01-19 04:00:00,13.67214812355164,15.024338597309495,6.148877569038763,0,1,,True
1581-4491-1,Line,1581,4491,7.199999999999999e-05,13888.88888888889,0.0,133.0,False,2030-01-17 18:00:00,-30.1607721882999,22.67727232203,18.544376016413594,0,-1,,False
1581-5521-1,Line,1581,5521,5.3e-05,18867.924528301886,0.0,115.0,False,2030-01-17 18:00:00,15.320772188190704,13.322410598426698,10.894422753914434,0,1,,False
1591-3381-1,Line,1591,3381,0.00021499999999999997,4651.1627906976755,0.0,210.0,False,2030-01-16 17:00:00,43.06384693561876,20.506593778866076,6.54485584159759,0,1,,True
1591-4001-1,Line,1591,4001,0.0006169999999999999,1620.745542949757,0.0,210.0,False,2030-01-16 17:00:00,-43.06384693592333,20.50659377901111,5.872228753669807,0,-1,,True
1601-1611-1,Line,1601,1611,0.0009625099999999999,1038.9502446727827,0.0,190.0,False,2030-01-18 10:00:00,62.617950266560186,32.95681592976852,14.817268491916177,0,1,,True
1601-2225-1,Line,1601,2225,0.001257,795.5449482895783,0.0,210.0,False,2030-01-14 16:00:00,38.35178496854129,18.262754746924422,8.36218389714125,0,1,,True
1601-3881-2,Line,1601,3881,0.000184,5434.782608695652,0.0,191.0,False,2030-01-14 16:00:00,58.16070889478956,30.450632929209192,18.03016089426619,0,1,,False
1601-16011-1,Line,1601,16011,1.0000000000000002e-06,999999.9999999999,0.0,210.0,False,2030-01-18 10:00:00,-82.68664896842422,39.37459474686868,19.561605504143508,0,-1,,True
1602-3202-1,Line,1602,3202,0.00037198,2688.3165761600085,0.0,751.0,False,2030-01-18 16:00:00,264.6477909163082,35.23938627380935,10.861126061832001,0,1,,True
1611-3301-1,Line,1611,3301,0.0006600000000000001,1515.151515151515,0.0,210.0,False,2030-01-18 10:00:00,62.61795026613017,29.81807155530008,13.406100064011353,0,1,,True
1621-3061-1,Line,1621,3061,0.000101,9900.990099009901,0.0,217.0,False,2030-01-18 21:00:00,-94.17388867427219,43.398105379848936,24.64376999578142,0,-1,,False
1621-3221-1,Line,1621,3221,0.0004897699999999999,2041.7747105784351,0.0,201.0,False,2030-01-18 21:00:00,83.94857854363737,41.765461962008644,21.755521455091493,0,1,,False
1631-2671-1,Line,1631,2671,0.00018800000000000004,5319.1489361702115,0.0,210.0,False,2030-01-19 22:00:00,-72.40889211815536,34.48042481816922,9.6053979733196,0,-1,,False
1631-5041-1,Line,1631,5041,0.0004370000000000001,2288.3295194508005,0.0,210.0,False,2030-01-14 19:00:00,124.24825388614755,59.16583518387979,15.213530638394221,0,1,1.0,True
1631-10619-1,Line,1631,10619,0.0004449999999999999,2247.1910112359556,0.0,210.0,False,2030-01-16 17:00:00,68.90134056788108,32.81016217518147,7.567589441172556,0,1,,True
1641-1821-1,Line,1641,1821,0.0007410000000000001,1349.5276653171388,0.0,210.0,False,2030-01-18 17:00:00,77.39258576537851,36.85361226922787,20.232597997658054,0,1,,True
1641-2361-1,Line,1641,2361,0.001737,575.7052389176741,0.0,210.0,False,2030-01-16 11:00:00,-76.9735783444704,36.654084925938285,13.554683423038592,0,-1,,True
1641-2781-1,Line,1641,2781,0.000449,2227.1714922048996,0.0,210.0,False,2030-01-19 04:00:00,-57.54087016923179,27.40041436630085,13.851937358655958,0,-1,,True
1641-2781-2,Line,1641,2781,0.000368,2717.391304347826,0.0,210.0,False,2030-01-19 04:00:00,-70.20611604887247,33.43148383279642,16.900869222925337,0,-1,,True
1641-2781-3,Line,1641,2781,0.000368,2717.391304347826,0.0,210.0,False,2030-01-19 04:00:00,-70.20611604887247,33.43148383279642,16.900869222925337,0,-1,,True
1641-4951-1,Line,1641,4951,0.0007000000000000001,1428.5714285714284,0.0,105.0,False,2030-01-19 04:00:00,-40.99087243711968,39.03892613059017,20.132940380031908,0,-1,,True
1641-16410-1,Line,1641,16410,1.9999999999999998e-05,50000.00000000001,0.0,124.0,False,2030-01-15 11:00:00,-41.62781799032572,33.57082095994009,3.0822559762132893,0,-1,,False
1641-16411-1,Line,1641,16411,1.0000000000000002e-06,999999.9999999999,0.0,123.0,False,2030-01-18 13:00:00,41.768071136176,33.957781411525204,14.136931833081151,0,1,,True
1641-16461-1,Line,1641,16461,1.0000000000000002e-06,999999.9999999999,0.0,123.0,False,2030-01-14 08:00:00,-1.8597143963683394e-10,1.5119629238766986e-10,4.97807975004855e-11,0,-1,,True
1641-22811-1,Line,1641,22811,0.001974,506.5856129685917,0.0,210.0,False,2030-01-16 17:00:00,-40.25916769682743,19.17103223658449,6.929633891895841,0,-1,,True
1641-50019-1,Line,1641,50019,0.0017199999999999997,581.3953488372094,0.0,121.0,False,2030-01-18 05:00:00,-53.68336521744511,44.366417535078604,16.47411438432082,0,-1,,True
1642-2522-1,Line,1642,2522,0.000763,1310.615989515072,0.0,436.0,False,2030-01-16 10:00:00,239.5487090555432,54.94236446228056,29.09826214992019,0,1,1.0,False
1642-4522-1,Line,1642,4522,0.0007670000000000001,1303.7809647979138,0.0,468.0,False,2030-01-16 10:00:00,-168.2989509572449,35.961314307103606,15.02313546698392,0,-1,,True
1642-5172-1,Line,1642,5172,0.000337,2967.359050445104,0.0,792.0,False,2030-01-17 22:00:00,-196.9609034335079,24.86880093857423,6.812288881291488,0,-1,,True
1651-5261-1,Line,1651,5261,0.00031000000000000005,3225.8064516129025,0.0,121.0,False,2030-01-19 14:00:00,58.251389212535514,48.14164397730208,29.59746016824904,0,1,,True
1651-5281-1,Line,1651,5281,0.000449,2227.1714922048996,0.0,123.0,False,2030-01-20 01:00:00,50.97918189326027,41.44648934411404,9.31470549781755,0,1,,True
1661-1821-1,Line,1661,1821,0.001875,533.3333333333334,0.0,210.0,False,2030-01-16 17:00:00,60.423737501385645,28.773208333993168,7.0987197705560865,0,1,,True
1661-1951-1,Line,1661,1951,0.00077922,1283.33461666795,0.0,121.0,False,2030-01-17 18:00:00,19.119999999989144,15.801652892553012,12.921827138638859,0,1,,False
1661-2281-1,Line,1661,2281,0.0009020000000000001,1108.6474501108646,0.0,210.0,False,2030-01-18 12:00:00,-43.52234065168541,20.724924119850197,7.402605826346627,0,-1,,True
1661-16661-1,Line,1661,16661,1.0000000000000002e-06,999999.9999999999,0.0,123.0,False,2030-01-16 11:00:00,4.426464611517744e-10,3.598751716681093e-10,1.2821456766806104e-10,0,1,,True
1661-16662-1,Line,1661,16662,0.00010000000000000002,9999.999999999998,0.0,881.0,False,2030-01-16 10:00:00,-1.4074574838929266e-11,1.597568086144071e-12,7.075276191692634e-13,0,-1,,True
1671-1941-1,Line,1671,1941,7.000000000000001e-06,142857.14285714284,0.0,140.0,False,2030-01-19 02:00:00,67.49665179022116,48.211894135872264,13.791461817985462,0,1,,True
1681-3881-1,Line,1681,3881,7.900000000000001e-05,12658.227848101264,0.0,210.0,False,2030-01-18 21:00:00,-89.73023281678434,42.728682293706825,22.442934577123534,0,-1,,False
1681-32210-1,Line,1681,32210,0.001043,958.7727708533076,0.0,210.0,False,2030-01-18 21:00:00,89.73023281664904,42.7286822936424,22.442934577083822,0,1,,False
1691-5131-1,Line,1691,5131,5.6000000000000006e-05,17857.142857142855,0.0,116.0,False,2030-01-17 18:00:00,8.449999999996558,7.284482758617723,5.95689752463772,0,1,,False
1691-51319-1,Line,1691,51319,3.7000000000000005e-05,27027.027027027023,0.0,100.0,False,2030-01-17 18:00:00,-19.310000000018487,19.310000000018487,15.790783644155116,0,-1,,False
1701-1761-1,Line,1701,1761,0.000184,5434.782608695652,0.0,68.0,False,2030-01-21 03:00:00,-20.00000000007658,29.41176470599497,18.0147058823501,0,-1,,False
1701-1981-1,Line,1701,1981,0.001992,502.0080321285141,0.0,210.0,False,2030-01-20 17:00:00,47.155512486583916,22.45500594599234,9.053451089862607,0,1,,True
1701-5041-1,Line,1701,5041,0.001787,559.5970900951315,0.0,191.0,False,2030-01-14 19:00:00,-105.06617008275178,55.00846601191193,15.53640545706892,0,-1,1.0,True
1701-17010-1,Line,1701,17010,1.0000000000000002e-06,999999.9999999999,0.0,999.0,False,2030-01-19 00:00:00,-50.30168486433556,5.03520369012368,1.6011713002196746,0,-1,,True
1701-17061-1,Line,1701,17061,1.0000000000000002e-06,999999.9999999999,0.0,123.0,False,2030-01-14 19:00:00,-1.480853356605749e-10,1.2039458183786578e-10,4.2387766464917146e-11,0,-1,,True
1701-28712-2,Line,1701,28712,0.00088356,1131.7850513830413,0.0,210.0,False,2030-01-14 19:00:00,89.00356165038757,42.38264840494646,16.510737941343624,0,1,,True
1711-3421-2,Line,1711,3421,2.1e-05,47619.04761904762,0.0,114.0,False,2030-01-16 11:00:00,-2.0987059312638223e-10,1.8409701151437035e-10,5.741208568409254e-11,0,-1,,True
1721-2161-1,Line,1721,2161,0.000511,1956.9471624266146,0.0,210.0,False,2030-01-20 12:00:00,166.77617988057727,79.4172285145606,48.80854286503788,0,1,1.0,True
1721-2391-1,Line,1721,2391,0.000584,1712.3287671232877,0.0,210.0,False,2030-01-19 09:00:00,-118.98012373264073,56.65720177744797,24.260643269362145,0,-1,1.0,True
1721-5381-1,Line,1721,5381,0.000587,1703.5775127768316,0.0,210.0,False,2030-01-14 06:00:00,-111.2725497365026,52.986928445953616,32.12421364255777,0,-1,1.0,False
1721-14619-1,Line,1721,14619,0.0014360000000000002,696.3788300835654,0.0,210.0,False,2030-01-15 22:00:00,-60.354280531646154,28.740133586498168,12.39902176962999,0,-1,,True
1721-17261-1,Line,1721,17261,1.0000000000000002e-06,999999.9999999999,0.0,123.0,False,2030-01-20 08:00:00,-4.677915589612613e-10,3.803183406189116e-10,1.3946144043025001e-10,0,-1,,True
1731-3421-1,Line,1731,3421,2.1e-05,47619.04761904762,0.0,114.0,False,2030-01-16 09:00:00,3.5547495502719073e-10,3.1182013598876383e-10,1.1791384932774734e-10,0,1,,True
1741-1851-1,Line,1741,1851,8.099999999999999e-05,12345.679012345681,0.0,123.0,False,2030-01-17 18:00:00,24.94000000000231,20.276422764229522,16.581077418298324,0,1,,False
1741-4511-1,Line,1741,4511,2.5000000000000005e-05,39999.99999999999,0.0,127.0,False,2030-01-17 18:00:00,17.89999999997665,14.094488188957992,11.525790448819121,0,1,,False
1741-51319-1,Line,1741,51319,4.000000000000001e-06,249999.99999999997,0.0,159.0,False,2030-01-17 18:00:00,19.309999999944072,12.144654088015141,9.931310467968741,0,1,,False
1742-2202-1,Line,1742,2202,0.000361,2770.083102493075,0.0,513.0,False,2030-01-14 12:00:00,234.7500821441469,45.760249930632924,18.12298545290287,0,1,,True
1742-3122-1,Line,1742,3122,4.6309999999999995e-05,21593.608291945588,0.0,593.0,False,2030-01-15 18:00:00,464.4045759252372,78.31443101606024,32.75287828337212,0,1,1.0,True
1742-17420-1,Line,1742,17420,3.5999999999999994e-05,27777.77777777778,0.0,570.0,False,2030-01-14 11:00:00,-370.7999999999968,65.0526315789468,28.398079393090388,0,-1,1.0,False
1742-17420-2,Line,1742,17420,3.5999999999999994e-05,27777.77777777778,0.0,570.0,False,2030-01-14 11:00:00,-370.7999999999968,65.0526315789468,28.398079393090388,0,-1,1.0,False
1742-17462-1,Line,1742,17462,1.0000000000000002e-06,999999.9999999999,0.0,513.0,False,2030-01-16 10:00:00,-4.4316007807854163e-10,8.638598013226932e-11,3.6218323191201597e-11,0,-1,,True
1791-4201-1,Line,1791,4201,0.0007190000000000001,1390.8205841446452,0.0,159.0,False,2030-01-16 10:00:00,88.28926731369938,55.52784107779836,28.839540330914136,0,1,1.0,False
1791-4481-1,Line,1791,4481,0.000626,1597.4440894568688,0.0,210.0,False,2030-01-16 10:00:00,-88.28926731354134,42.0425082445435,21.835651964793666,0,-1,,False
1801-4111-1,Line,1801,4111,0.00045000000000000004,2222.222222222222,0.0,133.0,False,2030-01-17 18:00:00,-5.458172866507466,4.103889373313884,3.3559621539766367,0,-1,,False
1801-17411-1,Line,1801,17411,0.000417,2398.0815347721823,0.0,138.0,False,2030-01-17 18:00:00,-11.351827133462297,8.225961690914708,6.726793439980969,0,-1,,False
1811-3431-1,Line,1811,3431,9.999999999999999e-06,100000.00000000001,0.0,223.0,False,2030-01-17 18:00:00,3.9742857143028845,1.782190903274836,1.4573894855705898,0,1,,False
1811-3471-1,Line,1811,3471,2.0000000000000003e-06,499999.99999999994,0.0,169.0,False,2030-01-17 18:00:00,-119.74428571438,70.85460693158579,57.94146909624149,0,-1,1.0,False
1821-35011-1,Line,1821,35011,0.0022159999999999997,451.26353790613723,0.0,122.0,False,2030-01-18 13:00:00,71.3167604025693,58.45636098571254,25.779402112861966,0,1,1.0,True
1831-2091-1,Line,1831,2091,0.0010824,923.8728750923872,0.0,159.0,False,2030-01-17 18:00:00,-21.93414788766922,13.795061564571837,9.144837273955558,0,-1,,False
1841-2351-1,Line,1841,2351,8.3e-05,12048.192771084337,0.0,210.0,False,2030-01-14 20:00:00,-77.573053555215,36.939549312007145,18.59499477833016,0,-1,,True
1841-5291-1,Line,1841,5291,0.000452,2212.3893805309735,0.0,210.0,False,2030-01-14 12:00:00,-61.53074258356088,29.300353611219464,8.512979699880042,0,-1,,True
1841-5501-1,Line,1841,5501,0.000742,1347.7088948787061,0.0,210.0,False,2030-01-14 22:00:00,72.50654388637352,34.52692566017787,11.397389438721845,0,1,,True
1861-2521-1,Line,1861,2521,0.00011700000000000001,8547.008547008547,0.0,121.0,False,2030-01-18 18:00:00,-73.13178842567541,60.43949456667389,31.6900730396141,0,-1,1.0,False
1861-2521-2,Line,1861,2521,0.00011399999999999999,8771.929824561405,0.0,121.0,False,2030-01-18 18:00:00,-75.05630917371937,62.030007581586254,32.52402233013015,0,-1,1.0,False
1861-10619-1,Line,1861,10619,0.0006473,1544.878727019929,0.0,210.0,False,2030-01-16 17:00:00,-76.44942645475892,36.40448878798044,7.6159851428657195,0,-1,,True
1871-2581-1,Line,1871,2581,0.00012700000000000002,7874.015748031495,0.0,142.0,False,2030-01-17 18:00:00,3.070772128119834,2.162515583182982,1.7684006059869777,0,1,,False
1871-20411-1,Line,1871,20411,4.3e-05,23255.81395348837,0.0,143.0,False,2030-01-17 18:00:00,-28.97077212805533,20.259281208430302,16.567059883445463,0,-1,,False
1881-2881-1,Line,1881,2881,0.000965,1036.2694300518135,0.0,121.0,False,2030-01-17 18:00:00,13.471255922705192,11.133269357607595,6.36538437204276,0,1,,True
1881-3281-1,Line,1881,3281,0.0012309999999999999,812.3476848090984,0.0,159.0,False,2030-01-18 13:00:00,58.3903428266322,36.72348605448566,14.886664662079857,0,1,,True
1881-4021-1,Line,1881,4021,0.000731,1367.9890560875513,0.0,210.0,False,2030-01-14 10:00:00,81.9276447831349,39.01316418244519,13.398580220716333,0,1,,True
1881-18810-1,Line,1881,18810,3.5999999999999994e-05,27777.77777777778,0.0,140.0,False,2030-01-18 13:00:00,-50.93900027768631,36.38500019834737,4.193760968996358,0,-1,,True
1901-3341-1,Line,1901,3341,0.000186,5376.344086021506,0.0,123.0,False,2030-01-17 19:00:00,-52.748530038496725,42.88498377113555,13.246239976665306,0,-1,,True
1901-3341-2,Line,1901,3341,0.000181,5524.861878453038,0.0,123.0,False,2030-01-17 19:00:00,-54.205671752267364,44.06965183111168,13.612158208064823,0,-1,,True
1901-50619-1,Line,1901,50619,0.000606,1650.1650165016501,0.0,68.0,False,2030-01-17 18:00:00,25.47999999998514,37.47058823527226,30.64163396384125,0,1,,False
1921-1961-1,Line,1921,1961,0.000543,1841.620626151013,0.0,121.0,False,2030-01-17 18:00:00,18.941215923693502,15.653897457597935,8.272013962697859,0,1,,False
1921-4341-1,Line,1921,4341,7.900000000000001e-05,12658.227848101264,0.0,33.0,False,2030-01-17 18:00:00,0.29999999998848603,0.9090909090560182,0.7434105570614048,0,1,,False
1921-4351-2,Line,1921,4351,7.6e-05,13157.894736842105,0.0,42.0,False,2030-01-16 10:00:00,-5.904059185990462e-11,1.4057283776167767e-10,5.875318717857678e-11,0,-1,,True
1921-4721-1,Line,1921,4721,0.000236,4237.28813559322,0.0,121.0,False,2030-01-15 16:00:00,-25.05334421680851,20.705243154387198,13.060633223581513,0,-1,,False
1921-5481-1,Line,1921,5481,0.000615,1626.0162601626016,0.0,121.0,False,2030-01-17 18:00:00,-17.072559864562866,14.10955360707675,7.828320889104232,0,-1,,False
1931-4371-1,Line,1931,4371,0.0009041699999999999,1105.9867060397935,0.0,210.0,False,2030-01-18 13:00:00,-101.93444380048604,48.540211333564784,19.033821256263504,0,-1,,True
1931-4981-1,Line,1931,4981,0.000727,1375.515818431912,0.0,210.0,False,2030-01-16 23:00:00,124.56926122543086,59.318695821633746,21.037323958151184,0,1,1.0,True
1941-2401-1,Line,1941,2401,0.00048300000000000003,2070.3933747412007,0.0,159.0,False,2030-01-19 03:00:00,-99.62474680145156,62.65707346003243,20.828885076781866,0,-1,1.0,True
1941-4201-1,Line,1941,4201,0.0008000000000000001,1249.9999999999998,0.0,210.0,False,2030-01-20 20:00:00,124.46103467410664,59.26715936862222,31.565597420095244,0,1,1.0,False
1941-4391-1,Line,1941,4391,4.4e-05,22727.272727272728,0.0,210.0,False,2030-01-16 10:00:00,-60.54541785156933,28.83115135789016,11.571845028195197,0,-1,,True
1961-3201-1,Line,1961,3201,0.00025899999999999995,3861.003861003862,0.0,121.0,False,2030-01-17 19:00:00,-27.086214963603375,22.385301622812705,13.523431916992868,0,-1,,False
1971-2731-1,Line,1971,2731,9.790000000000001e-06,102145.04596527068,0.0,91.0,False,2030-01-19 14:00:00,-29.322622099220926,32.22266164749552,15.803663274357818,0,-1,,True
1971-16110-1,Line,1971,16110,0.00020499999999999997,4878.048780487806,0.0,190.0,False,2030-01-18 12:00:00,100.80777917296705,53.05672588050897,27.599226099843627,0,1,1.0,True
1981-2821-1,Line,1981,2821,0.00035499999999999996,2816.9014084507044,0.0,210.0,False,2030-01-20 14:00:00,71.8725764351772,34.22503639770342,11.888062289483624,0,1,,True
1981-79016-1,Line,1981,79016,0.00094584,1057.2612704051426,0.0,121.0,False,2030-01-15 08:00:00,54.87266307635393,45.34930832756523,15.654437888631481,0,1,,True
1991-3641-1,Line,1991,3641,8.796e-05,11368.804001819008,0.0,91.0,False,2030-01-18 20:00:00,37.26000000012591,40.94505494519331,14.033704461765046,0,1,,False
2001-4791-1,Line,2001,4791,0.000622,1607.717041800643,0.0,210.0,False,2030-01-20 16:00:00,-109.31230907951479,52.05348051405466,23.075216188081896,0,-1,1.0,True
2001-5441-1,Line,2001,5441,0.00029775,3358.5222502099077,0.0,201.0,False,2030-01-20 16:00:00,133.3581162828316,66.34732153374706,35.999493476456614,0,1,1.0,True
2002-2742-1,Line,2002,2742,0.00019800000000000004,5050.505050505049,0.0,793.0,False,2030-01-20 05:00:00,411.15034155983136,51.847457952059436,26.711389209946656,0,1,1.0,True
2002-3203-1,Line,2002,3203,0.000735,1360.544217687075,0.0,765.0,False,2030-01-20 17:00:00,-416.3676100806465,54.427138572633524,30.61910867679688,0,-1,1.0,True
2011-2261-1,Line,2011,2261,1.4000000000000001e-05,71428.57142857142,0.0,228.0,False,2030-01-21 01:00:00,85.0000000000978,37.28070175442886,10.174602910598104,0,1,,True
2021-2591-1,Line,2021,2591,8.999999999999999e-06,111111.11111111112,0.0,132.0,False,2030-01-17 18:00:00,85.20999999988278,64.55303030294151,52.78834464461023,0,1,1.0,False
2021-3091-1,Line,2021,3091,0.000301,3322.2591362126245,0.0,134.0,False,2030-01-17 18:00:00,-100.3100000001318,74.85820895532224,61.21542110841124,0,-1,1.0,False
2041-2791-1,Line,2041,2791,0.00035900000000000005,2785.5153203342616,0.0,210.0,False,2030-01-19 11:00:00,-78.81862331318945,37.53267776818545,6.495352113513444,0,-1,,True
2041-4621-1,Line,2041,4621,0.00043400000000000003,2304.147465437788,0.0,171.0,False,2030-01-19 11:00:00,43.47417180581682,25.423492284103403,7.781480365533959,0,1,,True
2041-20411-1,Line,2041,20411,1.0000000000000002e-06,999999.9999999999,0.0,476.0,False,2030-01-17 18:00:00,129.11712715458026,27.125446881214337,22.18187793639555,0,1,,False
2042-2052-1,Line,2042,2052,1.0000000000000002e-06,999999.9999999999,0.0,999.0,False,2030-01-16 17:00:00,-135.92898829097572,13.606505334432004,5.116882874707047,0,-1,,True
2042-2072-1,Line,2042,2072,7.000000000000001e-06,142857.14285714284,0.0,730.0,False,2030-01-16 03:00:00,-76.77122342673906,10.516605948868364,5.358914322248958,0,-1,,True
2042-2072-2,Line,2042,2072,5.9999999999999985e-06,166666.66666666672,0.0,730.0,False,2030-01-16 03:00:00,-89.5664273311961,12.269373607013163,6.252066709290446,0,-1,,True
2042-2562-1,Line,2042,2562,3.2999999999999996e-05,30303.030303030308,0.0,513.0,False,2030-01-19 00:00:00,-156.80941333525917,30.5671371023897,11.149793175776065,0,-1,,True
2042-4012-1,Line,2042,4012,1.5000000000000002e-05,66666.66666666666,0.0,593.0,False,2030-01-19 00:00:00,-285.8907022968409,48.210911011271655,18.046310127394044,0,-1,,True
2052-2563-2,Line,2052,2563,3.2999999999999996e-05,30303.030303030308,0.0,513.0,False,2030-01-19 00:00:00,-161.93288233997814,31.565864003894372,11.561561936313757,0,-1,,True
2052-5462-2,Line,2052,5462,0.00015500000000000003,6451.612903225805,0.0,513.0,False,2030-01-16 17:00:00,-289.8169727511092,56.494536598656765,22.660708148778006,0,-1,1.0,True
2061-47210-1,Line,2061,47210,2.3999999999999994e-05,41666.66666666668,0.0,124.0,False,2030-01-19 12:00:00,21.054899470747173,16.979757637699333,1.2482787388460557,0,1,,True
2090-2111-1,Line,2090,2111,4.0499999999999995e-05,24691.358024691363,0.0,220.0,False,2030-01-19 01:00:00,-156.59968646481644,71.18167566582567,43.67221000150089,0,-1,1.0,False
2090-2781-1,Line,2090,2781,0.0003101,3224.766204450177,0.0,185.0,False,2030-01-19 01:00:00,156.5996864647541,84.64847917013735,51.934520001770125,0,1,1.0,True
2091-2171-1,Line,2091,2171,0.00015,6666.666666666667,0.0,190.0,False,2030-01-14 10:00:00,-30.239998262029996,15.915788558963156,11.260325053024244,0,-1,,True
2091-2331-1,Line,2091,2331,2.8000000000000003e-05,35714.28571428571,0.0,228.0,False,2030-01-19 01:00:00,-42.56991476878366,18.671015249466517,12.081839957262307,0,-1,,True
2091-4951-1,Line,2091,4951,0.000634,1577.2870662460568,0.0,220.0,False,2030-01-19 04:00:00,156.49400919663816,71.13364054392643,44.45648665095581,0,1,1.0,True
2091-20900-1,Line,2091,20900,7.000000000000001e-06,142857.14285714284,0.0,140.0,False,2030-01-19 01:00:00,-98.27980322963614,70.1998594497401,44.73631354259669,0,-1,1.0,False
2101-4061-1,Line,2101,4061,0.000258,3875.9689922480625,0.0,121.0,False,2030-01-18 10:00:00,-27.786942332492256,22.96441515082005,14.070504988439941,0,-1,,False
2101-35211-1,Line,2101,35211,0.000582,1718.213058419244,0.0,121.0,False,2030-01-17 21:00:00,-41.490384030784675,34.28957357916089,25.414686198920915,0,-1,,False
2121-21210-1,Line,2121,21210,0.00020999999999999998,4761.904761904762,0.0,121.0,False,2030-01-15 12:00:00,-67.9025169685695,56.11778261865248,19.532614234996874,0,-1,1.0,True
2121-21261-1,Line,2121,21261,1.0000000000000002e-06,999999.9999999999,0.0,123.0,False,2030-01-15 15:00:00,-1.8811964833109762e-10,1.5294280352121758e-10,7.034100415494817e-11,0,-1,,True
2141-4791-1,Line,2141,4791,0.0005020000000000001,1992.0318725099598,0.0,210.0,False,2030-01-20 05:00:00,98.6257720555841,46.96465335980195,22.184279483054866,0,1,,True
2141-6931-1,Line,2141,6931,0.00028100000000000005,3558.7188612099635,0.0,210.0,False,2030-01-19 20:00:00,-137.29068493920573,65.37651663771702,40.115519654268454,0,-1,1.0,True
2151-3461-1,Line,2151,3461,0.000452,2212.3893805309735,0.0,210.0,False,2030-01-19 13:00:00,70.91518756537602,33.76913693589334,16.82946685967966,0,1,,True
2151-5281-1,Line,2151,5281,0.001047,955.1098376313277,0.0,210.0,False,2030-01-17 17:00:00,39.045394605281096,18.593045050133856,8.374767703404356,0,1,,True
2161-21661-1,Line,2161,21661,1.0000000000000002e-06,999999.9999999999,0.0,123.0,False,2030-01-18 09:00:00,2.468464044280694e-10,2.006881336813572e-10,6.094929812728904e-11,0,1,,True
2181-2841-1,Line,2181,2841,0.0006669999999999998,1499.2503748125941,0.0,121.0,False,2030-01-16 17:00:00,-37.46795483635943,30.965251930875564,11.642673472776087,0,-1,,True
2181-3521-1,Line,2181,3521,0.001037,964.3201542912248,0.0,121.0,False,2030-01-16 17:00:00,-91.24406477388325,75.40831799494484,27.294255389521094,0,-1,1.0,True
2181-4691-1,Line,2181,4691,8.8e-05,11363.636363636364,0.0,210.0,False,2030-01-21 04:00:00,-65.0901845115029,30.995325957858523,13.033941278532913,0,-1,,True
2191-4691-1,Line,2191,4691,6.8e-05,14705.882352941177,0.0,228.0,False,2030-01-17 18:00:00,-14.930000000054457,6.548245614058973,5.354838412245271,0,-1,,False
2202-3342-1,Line,2202,3342,0.0005139999999999999,1945.525291828794,0.0,468.0,False,2030-01-16 12:00:00,-259.22226554537815,55.38937297978166,20.588323552865802,0,-1,1.0,True
2202-3842-1,Line,2202,3842,0.000265,3773.5849056603774,0.0,513.0,False,2030-01-16 18:00:00,171.08430127404696,33.34976633022358,13.686545429095181,0,1,,True
2202-3852-2,Line,2202,3852,0.000265,3773.5849056603774,0.0,513.0,False,2030-01-16 10:00:00,230.4753627884139,44.926971303784384,20.025105080248327,0,1,,True
2202-5202-1,Line,2202,5202,0.000221,4524.886877828054,0.0,351.0,False,2030-01-16 10:00:00,286.7872867856994,81.70577971102547,61.13624302624912,0,1,1.0,True
2204-5464-1,Line,2204,5464,5.9000000000000004e-05,16949.15254237288,0.0,1473.0,False,2030-01-18 18:00:00,675.3825630106361,45.850818941658936,21.872999196234666,0,1,,True
2204-22044-1,Line,2204,22044,-7.000000000000001e-05,-14285.714285714284,0.0,1847.0,False,2030-01-20 19:00:00,-1026.9538068479328,55.60118066312576,33.093302385838975,0,-1,1.0,False
2211-2641-1,Line,2211,2641,0.00012700000000000002,7874.015748031495,0.0,140.0,False,2030-01-18 12:00:00,-25.50624025164055,18.218743036886107,1.5970263744338096,0,-1,,True
2211-5501-1,Line,2211,5501,0.000146,6849.315068493151,0.0,140.0,False,2030-01-18 12:00:00,72.56246086209036,51.830329187207404,4.543365178275625,0,1,1.0,True
2221-2225-1,Line,2221,2225,1.0000000000000002e-06,999999.9999999999,0.0,999.0,False,2030-01-18 16:00:00,110.2162121417699,11.032653868045035,6.724486506297033,0,1,,False
2221-3881-1,Line,2221,3881,0.0009011900000000002,1109.6439152675905,0.0,217.0,False,2030-01-14 16:00:00,-41.587261563412014,19.164636665166825,11.966088221177806,0,-1,,True
2221-3891-1,Line,2221,3891,0.000397,2518.891687657431,0.0,217.0,False,2030-01-14 07:00:00,-61.110000000010864,28.161290322585653,16.740477133760155,0,-1,,False
2221-22261-1,Line,2221,22261,1.0000000000000002e-06,999999.9999999999,0.0,123.0,False,2030-01-20 15:00:00,-1.8042470295576152e-10,1.4668675037053781e-10,5.28691043074621e-11,0,-1,,True
2241-22419-1,Line,2241,22419,0.00041999999999999996,2380.952380952381,0.0,123.0,False,2030-01-17 18:00:00,-19.155410909460247,15.573504804439226,5.37093221850041,0,-1,,True
2251-2571-1,Line,2251,2571,0.00014399999999999998,6944.444444444445,0.0,136.0,False,2030-01-17 18:00:00,-20.0191667234686,14.719975531962207,12.037283732361919,0,-1,,False
2251-3421-1,Line,2251,3421,4.799999999999999e-05,20833.33333333334,0.0,151.0,False,2030-01-17 18:00:00,9.159166723475087,6.065673326804694,4.960214146024344,0,1,,False
2261-3311-1,Line,2261,3311,4.000000000000001e-06,249999.99999999997,0.0,228.0,False,2030-01-19 01:00:00,-99.17984625521514,43.499932568076815,19.37436948409282,0,-1,,False
2261-3381-1,Line,2261,3381,0.000498,2008.0321285140565,0.0,159.0,False,2030-01-18 07:00:00,71.14652207457226,44.746240298473126,16.97633475473839,0,1,,True
2261-22612-1,Line,2261,22612,1.0000000000000002e-06,999999.9999999999,0.0,380.0,False,2030-01-19 04:00:00,79.52732723305236,20.92824400869799,10.758594855677044,0,1,,True
2271-4941-1,Line,2271,4941,4.3e-05,23255.81395348837,0.0,140.0,False,2030-01-19 12:00:00,31.35682840786184,22.39773457704417,1.4351100416959819,0,1,,True
2281-22811-1,Line,2281,22811,1.0000000000000002e-06,999999.9999999999,0.0,999.0,False,2030-01-16 17:00:00,69.11105402496156,6.918023425922078,1.7770189744935578,0,1,,True
2281-22861-1,Line,2281,22861,1.0000000000000002e-06,999999.9999999999,0.0,123.0,False,2030-01-16 10:00:00,8.337515816636554e-10,6.778468143606954e-10,3.343568886889278e-10,0,1,,True
2301-23019-1,Line,2301,23019,2.0000000000000003e-06,499999.99999999994,0.0,57.0,False,2030-01-17 18:00:00,-11.320000000058524,19.85964912290969,14.81784692880759,0,-1,,True
2312-4662-1,Line,2312,4662,4.6e-05,21739.130434782608,0.0,794.0,False,2030-01-14 12:00:00,3.420520117147774e-11,4.3079598452742744e-12,1.1281643852205635e-12,0,1,,True
2312-4662-2,Line,2312,4662,4.6e-05,21739.130434782608,0.0,794.0,False,2030-01-14 12:00:00,3.420520117147774e-11,4.3079598452742744e-12,1.1281643852205635e-12,0,1,,True
2321-3581-1,Line,2321,3581,0.000276,3623.1884057971015,0.0,123.0,False,2030-01-16 17:00:00,87.64729514858223,71.25796353543271,54.69058752804994,0,1,1.0,False
2321-4071-1,Line,2321,4071,0.000172,5813.953488372093,0.0,121.0,False,2030-01-15 13:00:00,-41.93436693717519,34.65650160097123,8.143277548112914,0,-1,,False
2321-28710-1,Line,2321,28710,0.0009089999999999999,1100.1100110011002,0.0,123.0,False,2030-01-15 05:00:00,-87.08743691355106,70.80279423865939,46.67972099690058,0,-1,1.0,False
2351-3641-1,Line,2351,3641,0.00016500000000000003,6060.60606060606,0.0,210.0,False,2030-01-14 20:00:00,-77.57305355522224,36.93954931201059,17.35269556828312,0,-1,,True
2361-21210-1,Line,2361,21210,0.00039399999999999993,2538.071065989848,0.0,121.0,False,2030-01-14 09:00:00,57.48365181253488,47.507150258293294,17.697673848028373,0,1,,True
2361-23610-1,Line,2361,23610,0.00047499999999999994,2105.263157894737,0.0,220.0,False,2030-01-14 14:00:00,-65.1510000000494,29.61409090911336,22.965850654755098,0,-1,,False
2391-5301-1,Line,2391,5301,0.00069,1449.2753623188407,0.0,210.0,False,2030-01-19 09:00:00,-118.98012373263333,56.65720177744444,21.68958711841089,0,-1,1.0,True
2401-5321-1,Line,2401,5321,0.0005613400000000001,1781.451526703958,0.0,159.0,False,2030-01-20 18:00:00,77.95658422723076,49.02929825611998,18.474497176576115,0,1,,True
2421-3471-1,Line,2421,3471,8.999999999999999e-06,111111.11111111112,0.0,184.0,False,2030-01-17 18:00:00,-77.91999999999977,42.347826086956395,34.63000308336862,0,-1,,False
2421-3471-2,Line,2421,3471,8.999999999999999e-06,111111.11111111112,0.0,184.0,False,2030-01-17 18:00:00,-77.91999999999977,42.347826086956395,34.63000308336862,0,-1,,False
2441-2791-1,Line,2441,2791,0.0008500000000000002,1176.470588235294,0.0,190.0,False,2030-01-16 17:00:00,37.55460669367297,19.765582470354197,6.297638688601685,0,1,,True
2441-4501-1,Line,2441,4501,1.6000000000000003e-05,62499.99999999999,0.0,190.0,False,2030-01-17 19:00:00,155.9933679438857,82.1017726020451,47.6384195716149,0,1,1.0,False
2481-24819-1,Line,2481,24819,0.000172,5813.953488372093,0.0,123.0,False,2030-01-17 18:00:00,-66.81000000007693,54.31707317079425,44.41787419081926,0,-1,1.0,False
2491-17411-1,Line,2491,17411,0.000258,3875.9689922480625,0.0,123.0,False,2030-01-16 10:00:00,-2.188845216188895e-10,1.7795489562511342e-10,6.918427576035992e-11,0,-1,,True
2521-2681-1,Line,2521,2681,0.000365,2739.7260273972606,0.0,68.0,False,2030-01-17 18:00:00,11.420000000021064,16.794117647089802,13.733416792313315,0,1,,False
2521-4981-1,Line,2521,4981,0.001737,575.7052389176741,0.0,121.0,False,2030-01-14 12:00:00,34.010374005380726,28.107747111884894,7.9643742452009265,0,1,,True
2521-5341-1,Line,2521,5341,0.00105,952.3809523809524,0.0,210.0,False,2030-01-16 17:00:00,-110.6754652529922,52.702602501424856,17.926759142600755,0,-1,1.0,True
2521-66094-1,Line,2521,66094,0.0007049999999999999,1418.439716312057,0.0,210.0,False,2030-01-15 11:00:00,-121.60940765648746,57.9092417411845,18.666542446975313,0,-1,1.0,True
2522-3522-1,Line,2522,3522,0.00097637,1024.2018906766903,0.0,475.0,False,2030-01-20 08:00:00,189.86893047659052,39.972406416124315,18.036190689535637,0,1,,False
2522-5042-1,Line,2522,5042,0.0004704,2125.8503401360545,0.0,513.0,False,2030-01-14 12:00:00,84.85840451636041,16.541599320927954,5.380508746311122,0,1,,True
2541-2941-1,Line,2541,2941,3.9999999999999996e-05,25000.000000000004,0.0,114.0,False,2030-01-17 18:00:00,-23.655975609714396,20.750855797995087,16.96904579682791,0,-1,,False
2541-5231-1,Line,2541,5231,4.2e-05,23809.52380952381,0.0,136.0,False,2030-01-17 18:00:00,-33.03402439020035,24.28972381632379,19.862960826479046,0,-1,,False
2551-2951-1,Line,2551,2951,3.5999999999999994e-05,27777.77777777778,0.0,133.0,False,2030-01-17 18:00:00,3.1193617021013273,2.3453847384220508,1.9179421525730842,0,1,,False
2551-3081-1,Line,2551,3081,9.800000000000001e-05,10204.08163265306,0.0,114.0,False,2030-01-17 18:00:00,-3.1193617021441895,2.7362821948633242,2.2375991780847246,0,-1,,False
2561-3781-1,Line,2561,3781,6.9e-05,14492.753623188406,0.0,114.0,False,2030-01-17 18:00:00,105.85297572730227,92.8534874800897,75.93108914570205,0,1,1.0,False
2561-4491-1,Line,2561,4491,9.900000000000002e-05,10101.010101010099,0.0,116.0,False,2030-01-17 18:00:00,46.090772188295986,39.73342430025516,32.49207180563706,0,1,,False
2561-25610-1,Line,2561,25610,0.00010000000000000002,9999.999999999998,0.0,2364.0,False,2030-01-19 11:00:00,-41.31526985250116,1.7476848499365971,0.12569487044517977,0,-1,,True
2561-25674-1,Line,2561,25674,1.0000000000000002e-06,999999.9999999999,0.0,2364.0,False,2030-01-16 10:00:00,-3.40969821821524e-10,1.4423427319015399e-11,4.318717739670793e-12,0,-1,,True
2562-2563-1,Line,2562,2563,1.0000000000000002e-06,999999.9999999999,0.0,999.0,False,2030-01-21 01:00:00,158.9835141173374,15.91426567741115,5.088303096688099,0,1,,True
2562-4012-1,Line,2562,4012,5.9999999999999985e-06,166666.66666666672,0.0,593.0,False,2030-01-21 01:00:00,-301.1704465410182,50.787596381284686,19.80645774029551,0,-1,1.0,True
2563-4242-1,Line,2563,4242,1.7e-05,58823.529411764706,0.0,548.0,False,2030-01-14 12:00:00,-435.480701275377,79.46728125463083,34.956318902634145,0,-1,1.0,True
2571-2701-1,Line,2571,2701,0.00048199999999999995,2074.688796680498,0.0,122.0,False,2030-01-17 18:00:00,65.68203932682344,53.83773715313397,43.11141510654122,0,1,1.0,False
2571-2761-1,Line,2571,2761,0.00011499999999999998,8695.652173913046,0.0,125.0,False,2030-01-17 18:00:00,40.08431144255909,32.067449154047274,26.223208265717997,0,1,,False
2571-4401-1,Line,2571,4401,4.799999999999999e-05,20833.33333333334,0.0,116.0,False,2030-01-17 18:00:00,47.44652183396138,40.90217399479429,33.44781875331783,0,1,,False
2571-5031-1,Line,2571,5031,0.00104,961.5384615384617,0.0,123.0,False,2030-01-17 18:00:00,24.036547082615947,19.541908197248738,15.705806091464055,0,1,,False
2581-3761-1,Line,2581,3761,0.000262,3816.793893129771,0.0,121.0,False,2030-01-17 18:00:00,3.070772128037573,2.53782820498973,2.0753131077534857,0,1,,False
2591-18010-1,Line,2591,18010,0.000106,9433.962264150943,0.0,132.0,False,2030-01-17 18:00:00,68.18999999999755,51.65909090908906,42.24430490932964,0,1,1.0,False
2601-4041-1,Line,2601,4041,0.000449,2227.1714922048996,0.0,210.0,False,2030-01-18 18:00:00,-82.29158352284949,39.18646834421404,8.650972180421979,0,-1,,True
2601-4371-1,Line,2601,4371,0.00011900000000000002,8403.361344537814,0.0,210.0,False,2030-01-18 13:00:00,101.93444380046152,48.54021133355311,13.568239904817819,0,1,,True
2651-3551-1,Line,2651,3551,0.00045000000000000004,2222.222222222222,0.0,210.0,False,2030-01-14 10:00:00,-77.87227912831342,37.08203768014925,17.74972589753617,0,-1,,True
2661-2671-1,Line,2661,2671,2.0000000000000003e-06,499999.99999999994,0.0,140.0,False,2030-01-18 10:00:00,11.790381502499622,8.421701073214017,0.8297617870572614,0,1,,True
2691-2841-1,Line,2691,2841,0.000458,2183.406113537118,0.0,210.0,False,2030-01-19 11:00:00,38.41565021609416,18.293166769568646,3.798962726880334,0,1,,True
2691-4501-1,Line,2691,4501,0.00019600000000000002,5102.04081632653,0.0,210.0,False,2030-01-16 17:00:00,30.430308429504127,14.49062306166863,3.8532321325823107,0,1,,True
2701-5031-1,Line,2701,5031,0.000552,1811.5942028985507,0.0,157.0,False,2030-01-17 18:00:00,-12.066547082623783,7.685698778741264,6.069843749480386,0,-1,,False
2712-5142-1,Line,2712,5142,3.8e-05,26315.78947368421,0.0,794.0,False,2030-01-21 02:00:00,155.82593176753937,19.625432212536445,2.3276623139942587,0,1,,True
2712-34620-1,Line,2712,34620,2.3e-05,43478.260869565216,0.0,842.0,False,2030-01-17 17:00:00,492.7258976716717,58.51851516290638,10.859590341270245,0,1,1.0,False
2721-27219-1,Line,2721,27219,3.5e-05,28571.428571428572,0.0,123.0,False,2030-01-17 18:00:00,-56.4899999999969,45.926829268290156,35.71913619674687,0,-1,,False
2741-3441-1,Line,2741,3441,0.000875,1142.857142857143,0.0,210.0,False,2030-01-17 17:00:00,-89.20960310726934,42.48076338441397,16.0108274466407,0,-1,,True
2741-5441-1,Line,2741,5441,0.000381,2624.6719160104985,0.0,210.0,False,2030-01-17 19:00:00,76.04684158798898,36.21278170856618,11.462409071807913,0,1,,True
2741-5441-2,Line,2741,5441,0.00041999999999999996,2380.952380952381,0.0,210.0,False,2030-01-17 19:00:00,68.98534915481864,32.85016626419935,10.39804251514004,0,1,,True
2741-5451-1,Line,2741,5451,0.000635,1574.803149606299,0.0,210.0,False,2030-01-20 17:00:00,58.01652083395535,27.626914682835878,9.016208096996198,0,1,,True
2742-3342-1,Line,2742,3342,0.000611,1636.6612111292961,0.0,794.0,False,2030-01-17 14:00:00,286.47946236051393,36.08053682122342,13.106671733349193,0,1,,True
2742-3642-1,Line,2742,3642,0.000416,2403.846153846154,0.0,513.0,False,2030-01-14 12:00:00,-266.6940310135836,51.987140548456836,14.945124886724898,0,-1,1.0,True
2742-3662-1,Line,2742,3662,2.0000000000000003e-06,499999.99999999994,0.0,593.0,False,2030-01-14 12:00:00,582.0000000000989,98.14502529512629,90.61012246906583,0,1,0.9820359281437125,True
2742-27460-1,Line,2742,27460,0.000129,7751.937984496125,0.0,570.0,False,2030-01-16 10:00:00,-3.071129461851285e-11,5.387946424300501e-12,2.2570012864660268e-12,0,-1,,True
2761-3421-1,Line,2761,3421,5.2e-05,19230.76923076923,0.0,119.0,False,2030-01-17 18:00:00,-24.755688557461525,20.80309962811893,17.01176827322803,0,-1,,False
2771-16110-1,Line,2771,16110,8.481999999999999e-05,11789.672247111532,0.0,120.0,False,2030-01-18 12:00:00,-100.80777917302615,84.00648264418845,43.698774658121884,0,-1,1.0,True
2781-4951-1,Line,2781,4951,2.696e-05,37091.9881305638,0.0,106.0,False,2030-01-20 17:00:00,-106.00000000027585,100.00000000026023,63.43612802978582,37,-1,1.0,True
2801-2871-1,Line,2801,2871,0.000138,7246.376811594203,0.0,123.0,False,2030-01-18 18:00:00,-60.00000000003191,48.78048780490399,47.50042376911959,0,-1,,True
2821-28261-1,Line,2821,28261,1.0000000000000002e-06,999999.9999999999,0.0,123.0,False,2030-01-16 19:00:00,-3.427057665428279e-10,2.786225744250633e-10,1.4054248582774836e-10,0,-1,,True
2841-3821-1,Line,2841,3821,0.0008708799999999999,1148.2638250964544,0.0,121.0,False,2030-01-16 17:00:00,-38.05375015432017,31.449380292826586,11.42696213111459,0,-1,,True
2841-4221-1,Line,2841,4221,0.00018699999999999996,5347.593582887702,0.0,121.0,False,2030-01-14 12:00:00,32.25784425171091,26.659375414637115,18.341634618118146,0,1,,False
2841-4221-2,Line,2841,4221,0.00020499999999999997,4878.048780487806,0.0,210.0,False,2030-01-14 12:00:00,29.425448171072894,14.012118176701376,9.640329070944473,0,1,,False
2841-4221-3,Line,2841,4221,0.0001705,5865.102639296188,0.0,121.0,False,2030-01-14 12:00:00,35.379571114779694,29.23931497089231,20.116631516645693,0,1,,False
2841-28411-1,Line,2841,28411,5.9999999999999985e-06,166666.66666666672,0.0,223.0,False,2030-01-18 13:00:00,-1.6540124131436684e-10,7.417096023065778e-11,4.189913072627138e-11,0,-1,,False
2842-3522-1,Line,2842,3522,0.00028100000000000005,3558.7188612099635,0.0,476.0,False,2030-01-16 17:00:00,-238.89750709798213,50.18855191134078,13.922840246871957,0,-1,1.0,True
2842-3852-1,Line,2842,3852,0.00036599999999999995,2732.2404371584703,0.0,436.0,False,2030-01-16 17:00:00,166.16327583998213,38.11084308256471,12.388081219752374,0,1,,True
2852-4722-1,Line,2852,4722,4.8880000000000006e-05,20458.2651391162,0.0,627.0,False,2030-01-17 18:00:00,251.87237306062272,40.17103238606423,18.536251182867847,0,1,,False
2861-3091-1,Line,2861,3091,0.00024599999999999996,4065.0406504065045,0.0,115.0,False,2030-01-17 18:00:00,-18.662140472801557,16.227948237218744,13.270430844260492,0,-1,,False
2861-3091-2,Line,2861,3091,0.00024599999999999996,4065.0406504065045,0.0,115.0,False,2030-01-17 18:00:00,-18.662140472801557,16.227948237218744,13.270430844260492,0,-1,,False
2861-4281-1,Line,2861,4281,2.1e-05,47619.04761904762,0.0,131.0,False,2030-01-17 18:00:00,5.419512195155952,4.137032210042711,3.3830647621819,0,1,,False
2861-4281-2,Line,2861,4281,1.9999999999999998e-05,50000.00000000001,0.0,131.0,False,2030-01-17 18:00:00,5.690487804913606,4.343883820544738,3.5522180002906008,0,1,,False
2861-5331-1,Line,2861,5331,5.6000000000000006e-05,17857.142857142855,0.0,223.0,False,2030-01-17 18:00:00,-39.78776435504492,17.84204679598427,14.590362543996227,0,-1,,False
2870-2871-1,Line,2870,2871,1.0000000000000002e-06,999999.9999999999,0.0,1867.0,False,2030-01-15 05:00:00,137.78466057481796,7.380003244500159,4.953019442054485,0,1,,True
2870-4091-1,Line,2870,4091,8.999999999999999e-05,11111.111111111111,0.0,136.0,False,2030-01-20 00:00:00,-85.45443858768203,62.83414602035444,24.831020146866546,0,-1,1.0,False
2870-17010-1,Line,2870,17010,0.00088356,1131.7850513830413,0.0,209.0,False,2030-01-14 19:00:00,-89.05207430111733,42.60864799096523,16.609188460719807,0,-1,,True
2870-28712-1,Line,2870,28712,1.0000000000000002e-06,999999.9999999999,0.0,999.0,False,2030-01-20 01:00:00,-45.67481812398182,4.572053866264446,3.3227074791072058,0,-1,,True
2871-28019-1,Line,2871,28019,8.000000000000001e-06,124999.99999999999,0.0,217.0,False,2030-01-15 05:00:00,77.78466057478883,35.84546570266766,24.592306215352806,0,1,,False
2892-3462-1,Line,2892,3462,1.0000000000000002e-06,999999.9999999999,0.0,570.0,False,2030-01-18 13:00:00,-4.018947397099737e-10,7.050784907192522e-11,4.18791297453952e-11,0,-1,,False
2921-3381-1,Line,2921,3381,0.00018800000000000004,5319.1489361702115,0.0,210.0,False,2030-01-20 00:00:00,-53.99397582492884,25.71141705948992,11.976075687659748,0,-1,,False
2921-4121-1,Line,2921,4121,0.0005890000000000001,1697.7928692699488,0.0,210.0,False,2030-01-20 00:00:00,53.99397582490817,25.71141705948008,12.69411973011835,0,1,,False
2931-4741-1,Line,2931,4741,0.000202,4950.495049504951,0.0,210.0,False,2030-01-19 04:00:00,39.9300854337078,19.014326397003714,6.967097212518512,0,1,,True
2931-23019-1,Line,2931,23019,0.0008699999999999998,1149.425287356322,0.0,210.0,False,2030-01-19 23:00:00,-75.43889999083119,35.92328570991961,19.51688535351249,0,-1,,False
2941-4651-1,Line,2941,4651,9.800000000000001e-05,10204.08163265306,0.0,114.0,False,2030-01-17 18:00:00,-44.5959756096949,39.11927685060956,31.989851738122383,0,-1,,False
2951-3081-1,Line,2951,3081,5.4e-05,18518.51851851852,0.0,133.0,False,2030-01-17 18:00:00,-7.740638297884562,5.820028795401926,4.75933793429151,0,-1,,False
2962-4012-1,Line,2962,4012,1.0000000000000002e-06,999999.9999999999,0.0,593.0,False,2030-01-16 08:00:00,353.20000000008815,59.56155143340441,34.193916639172706,0,1,1.0,False
2972-4012-1,Line,2972,4012,1.0000000000000002e-06,999999.9999999999,0.0,593.0,False,2030-01-15 15:00:00,-1.402411242690249e-10,2.3649430736766428e-11,6.795439590569186e-12,0,-1,,True
3061-3881-1,Line,3061,3881,0.00062468,1600.8196196452584,0.0,217.0,False,2030-01-18 21:00:00,-94.17388867428063,43.39810537985282,24.64376999579613,0,-1,,False
3081-3871-1,Line,3081,3871,9.400000000000002e-05,10638.297872340423,0.0,134.0,False,2030-01-17 18:00:00,78.3399999999895,58.46268656715634,47.807956231902715,0,1,1.0,False
3082-3122-1,Line,3082,3122,4.698e-05,21285.653469561516,0.0,634.0,False,2030-01-18 05:00:00,-633.9999999995093,99.99999999992261,61.33020789018042,7,-1,1.0,False
3082-3472-2,Line,3082,3472,0.00010000000000000002,9999.999999999998,0.0,692.0,False,2030-01-14 12:00:00,301.1888819509968,43.52440490621341,15.65275459845151,0,1,,True
3082-30820-1,Line,3082,30820,1.0000000000000002e-06,999999.9999999999,0.0,802.0,False,2030-01-16 10:00:00,358.7456419608186,44.73137680309459,19.063927555896772,0,1,,True
3091-5331-1,Line,3091,5331,3.5e-05,28571.428571428572,0.0,223.0,False,2030-01-17 18:00:00,67.5077643550471,30.27254006952785,24.755418466970195,0,1,,False
3101-31019-1,Line,3101,31019,5.9999999999999985e-06,166666.66666666672,0.0,91.0,False,2030-01-17 18:00:00,-25.342882895772117,27.849321863485844,11.709385347037998,0,-1,,True
3111-3201-1,Line,3111,3201,1.6000000000000003e-05,62499.99999999999,0.0,124.0,False,2030-01-16 14:00:00,18.12772382646771,14.619132118119122,0.8409547577758556,0,1,,True
3122-5122-1,Line,3122,5122,5.9999999999999985e-06,166666.66666666672,0.0,593.0,False,2030-01-20 08:00:00,1.80830128648779e-10,3.049411950232361e-11,1.2937406653083909e-11,0,1,,True
3190-3461-1,Line,3190,3461,0.000498,2008.0321285140565,0.0,159.0,False,2030-01-19 14:00:00,63.92082108140893,40.201774265037066,23.60597536854561,0,1,,True
3190-5261-2,Line,3190,5261,0.00013332,7500.7500750075005,0.0,121.0,False,2030-01-19 14:00:00,-63.920821081522675,52.827124860762545,31.019422178576562,0,-1,1.0,True
3191-31911-1,Line,3191,31911,1.0000000000000002e-06,999999.9999999999,0.0,1867.0,False,2030-01-20 18:00:00,65.23855604395042,3.4942986633074677,1.0503225627455814,0,1,,True
3191-52610-1,Line,3191,52610,0.000131,7633.587786259542,0.0,210.0,False,2030-01-19 08:00:00,-132.1639366186628,62.93520791364895,36.72195853679208,0,-1,1.0,True
3192-3332-1,Line,3192,3332,0.000326,3067.4846625766872,0.0,792.0,False,2030-01-18 18:00:00,-525.5320209528594,66.35505315061356,28.543391920934454,0,-1,1.0,True
3192-3462-1,Line,3192,3462,0.00017700000000000002,5649.717514124293,0.0,762.0,False,2030-01-18 19:00:00,221.24803108626773,29.035174683237237,12.957676472763351,0,1,,True
3192-3462-2,Line,3192,3462,7.999999999999999e-05,12500.000000000002,0.0,660.0,False,2030-01-18 19:00:00,489.5112687783675,74.1683740573284,33.09950107173267,0,1,1.0,True
3192-31920-1,Line,3192,31920,1.0000000000000002e-06,999999.9999999999,0.0,794.0,False,2030-01-20 19:00:00,-3.3398668206063853e-10,4.206381386154138e-11,2.1172566258263443e-11,0,-1,,True
3201-3209-1,Line,3201,3209,1.0000000000000002e-06,999999.9999999999,0.0,999.0,False,2030-01-19 21:00:00,39.64658229652882,3.9686268565093914,1.1350713932078296,0,1,,True
3201-3221-1,Line,3201,3221,0.000387,2583.9793281653747,0.0,210.0,False,2030-01-17 16:00:00,60.60858941067462,28.8612330527022,9.190835323252221,0,1,,True
3201-14619-1,Line,3201,14619,0.0006310000000000002,1584.7860538827254,0.0,210.0,False,2030-01-14 17:00:00,69.10687932758607,32.90803777504099,14.497080662848155,0,1,,True
3202-3203-1,Line,3202,3203,1.0000000000000002e-06,999999.9999999999,0.0,999.0,False,2030-01-20 17:00:00,435.87571665960365,43.63120286882919,24.138497280181376,0,1,,True
3202-3282-1,Line,3202,3282,0.00069,1449.2753623188407,0.0,564.0,False,2030-01-18 10:00:00,240.94407478207617,42.72058063511989,17.444713370646163,0,1,,True
3202-32060-1,Line,3202,32060,0.000129,7751.937984496125,0.0,570.0,False,2030-01-18 19:00:00,-404.99976469510807,71.05259029738738,28.047837975924057,0,-1,1.0,True
3203-4722-1,Line,3203,4722,0.00016699999999999997,5988.023952095809,0.0,436.0,False,2030-01-17 13:00:00,-121.50746246222934,27.86868405097003,11.857708693951155,0,-1,,False
3209-3531-1,Line,3209,3531,0.00026700000000000004,3745.3183520599246,0.0,123.0,False,2030-01-16 14:00:00,-34.414833746398884,27.979539631218604,15.191601435086827,0,-1,,True
3209-6931-1,Line,3209,6931,0.001347,742.3904974016332,0.0,210.0,False,2030-01-18 21:00:00,98.43384322709194,46.87325867956759,25.610354016077963,0,1,,True
3209-32210-2,Line,3209,32210,0.000428,2336.448598130841,0.0,121.0,False,2030-01-20 04:00:00,-42.92804678115073,35.477724612521264,11.341490208373749,0,-1,,True
3221-3961-2,Line,3221,3961,0.000154,6493.506493506494,0.0,130.0,False,2030-01-17 18:00:00,-29.79357496926348,22.91813459174114,11.355023830426694,0,-1,,False
3231-3471-1,Line,3231,3471,8.999999999999999e-06,111111.11111111112,0.0,223.0,False,2030-01-17 18:00:00,-49.61379310336153,22.248337714511898,18.193614049287664,0,-1,,False
3231-3651-1,Line,3231,3651,8.999999999999999e-06,111111.11111111112,0.0,223.0,False,2030-01-17 18:00:00,13.973793103483125,6.266274934297365,5.124256434112179,0,1,,False
3241-3841-1,Line,3241,3841,0.000716,1396.6480446927376,0.0,159.0,False,2030-01-17 23:00:00,-45.319754696925926,28.502990375425114,11.761790725095024,0,-1,,True
3241-4081-1,Line,3241,4081,0.000297,3367.0033670033667,0.0,159.0,False,2030-01-20 19:00:00,-47.92408823662219,30.14093599787559,9.89847311712386,0,-1,,True
3241-32461-1,Line,3241,32461,1.0000000000000002e-06,999999.9999999999,0.0,123.0,False,2030-01-16 10:00:00,7.192118289811589e-10,5.847250642123242e-10,2.7065071252249746e-10,0,1,,True
3251-5281-1,Line,3251,5281,2.969e-05,33681.37420006737,0.0,141.0,False,2030-01-19 07:00:00,74.83500000002111,53.07446808512135,45.04800203404128,0,1,1.0,False
3261-3341-1,Line,3261,3341,0.0011799999999999998,847.4576271186442,0.0,121.0,False,2030-01-17 14:00:00,36.814232425886466,30.424985475939227,12.605918445153947,0,1,,True
3261-3441-1,Line,3261,3441,0.000853,1172.3329425556858,0.0,210.0,False,2030-01-17 14:00:00,-135.16892385169334,64.36615421509207,18.718536811120238,0,-1,1.0,True
3261-32661-1,Line,3261,32661,1.0000000000000002e-06,999999.9999999999,0.0,123.0,False,2030-01-16 09:00:00,3.488914573912538e-10,2.836515913750031e-10,8.500749080095866e-11,0,1,,True
3271-3471-1,Line,3271,3471,2.1e-05,47619.04761904762,0.0,223.0,False,2030-01-17 18:00:00,-13.647209302343914,6.11982479925736,5.004496599967529,0,-1,,False
3271-3681-1,Line,3271,3681,1.9e-05,52631.57894736842,0.0,223.0,False,2030-01-17 18:00:00,-8.132790697685401,3.6469913442535433,2.982333053827837,0,-1,,False
3281-3541-1,Line,3281,3541,0.00031000000000000005,3225.8064516129025,0.0,121.0,False,2030-01-18 18:00:00,52.5002560522287,43.388641365478264,17.43814179003097,0,1,,True
3281-3631-1,Line,3281,3631,0.000484,2066.115702479339,0.0,159.0,False,2030-01-19 03:00:00,-70.84822263077672,44.55863058539416,17.677105961868197,0,-1,,True
3281-5091-1,Line,3281,5091,0.000131,7633.587786259542,0.0,210.0,False,2030-01-18 18:00:00,81.1088941495864,38.62328292837448,11.59434158635687,0,1,,True
3281-32810-1,Line,3281,32810,1.0000000000000002e-06,999999.9999999999,0.0,999.0,False,2030-01-15 18:00:00,-53.25818600032469,5.331149749782251,1.616453087471056,0,-1,,True
3282-4942-1,Line,3282,4942,0.0007950000000000001,1257.8616352201257,0.0,354.0,False,2030-01-16 12:00:00,215.05278267937354,60.74937363824111,27.86766812344422,0,1,1.0,True
3282-34620-1,Line,3282,34620,0.0006090000000000001,1642.0361247947453,0.0,513.0,False,2030-01-17 15:00:00,-172.89812796813166,33.70333878521085,8.327095882303153,0,-1,,True
3301-43619-1,Line,3301,43619,0.000735,1360.544217687075,0.0,210.0,False,2030-01-14 10:00:00,-72.4647325593899,34.50701550447138,11.765207596404355,0,-1,,True
3321-4221-1,Line,3321,4221,0.00020999999999999998,4761.904761904762,0.0,123.0,False,2030-01-17 18:00:00,-23.659999999993694,19.23577235771845,15.730083869959083,0,-1,,False
3330-3331-1,Line,3330,3331,1.0000000000000002e-06,999999.9999999999,0.0,210.0,False,2030-01-18 13:00:00,132.96653107891288,63.31739575186328,21.9986266211948,0,1,1.0,True
3330-28810-1,Line,3330,28810,0.00021999999999999998,4545.454545454546,0.0,166.0,False,2030-01-18 13:00:00,-132.96653107910026,80.10031992716883,27.82958789429883,0,-1,1.0,True
3341-33410-1,Line,3341,33410,3.9e-05,25641.02564102564,0.0,140.0,False,2030-01-19 12:00:00,-27.42505572051737,19.589325514655265,2.078798924535676,0,-1,,True
3352-3842-1,Line,3352,3842,0.00010499999999999999,9523.809523809525,0.0,820.0,False,2030-01-20 23:00:00,194.3559820320208,23.701949028295218,5.5365967757064265,0,1,,True
3352-5462-1,Line,3352,5462,0.000107,9345.794392523365,0.0,823.0,False,2030-01-17 15:00:00,-300.57413814166745,36.52176648136907,12.402998893897777,0,-1,,True
3361-22614-1,Line,3361,22614,2.0000000000000003e-06,499999.99999999994,0.0,228.0,False,2030-01-19 12:00:00,25.079297027614967,10.999691678778495,0.7369180199768104,0,1,,True
3391-28810-1,Line,3391,28810,0.00012967,7711.884013264441,0.0,122.0,False,2030-01-18 13:00:00,94.49570776497936,77.45549816801586,26.451504740962466,0,1,1.0,True
3401-5441-1,Line,3401,5441,3.434e-05,29120.559114735002,0.0,121.0,False,2030-01-17 19:00:00,-59.128891146659576,48.86685218732196,12.334255569534786,0,-1,,True
3421-4401-1,Line,3421,4401,6.7e-05,14925.373134328358,0.0,116.0,False,2030-01-17 18:00:00,-15.596521833971996,13.445277443079306,10.994897314267302,0,-1,,False
3431-3471-1,Line,3431,3471,8.999999999999999e-06,111111.11111111112,0.0,169.0,False,2030-01-17 18:00:00,-31.025714285753683,18.358410819972594,15.012620057430162,0,-1,,False
3461-3481-1,Line,3461,3481,4.000000000000001e-06,249999.99999999997,0.0,140.0,False,2030-01-14 10:00:00,-33.299999999858485,23.785714285613206,13.062553241878744,0,-1,,True
3461-4681-1,Line,3461,4681,0.0010669999999999998,937.2071227741333,0.0,159.0,False,2030-01-17 15:00:00,59.680031212633885,37.5346108255559,15.501799795415053,0,1,,True
3461-5281-1,Line,3461,5281,0.001354,738.5524372230428,0.0,123.0,False,2030-01-18 11:00:00,-43.17256372733666,35.099645306777774,20.57520259236776,0,-1,,True
3462-3940-1,Line,3462,3940,1.653e-05,60496.06775559589,0.0,660.0,False,2030-01-18 10:00:00,274.4197933530037,41.57875656863692,19.476307327909858,0,1,,True
3462-3942-2,Line,3462,3942,1.653e-05,60496.06775559589,0.0,660.0,False,2030-01-18 10:00:00,293.46187843463014,44.46392097494396,21.059635635882046,0,1,,True
3462-5142-2,Line,3462,5142,2.15e-05,46511.62790697674,0.0,513.0,False,2030-01-17 17:00:00,-411.9524023279454,80.3026125395605,19.476371989968793,0,-1,1.0,False
3462-34620-1,Line,3462,34620,1.0000000000000002e-06,999999.9999999999,0.0,999.0,False,2030-01-17 18:00:00,-380.4890140552261,38.08698839391653,8.479390179507188,0,-1,,True
3464-3934-1,Line,3464,3934,2.2899999999999997e-06,436681.2227074236,0.0,1210.0,False,2030-01-20 09:00:00,499.99999999931316,41.322314049530014,25.920789706396025,0,1,,False
3471-3651-2,Line,3471,3651,1.1e-05,90909.09090909091,0.0,175.0,False,2030-01-17 18:00:00,52.026206896507595,29.729261083718626,24.311151200094617,0,1,,False
3471-3681-1,Line,3471,3681,2.9999999999999992e-06,333333.33333333343,0.0,128.0,False,2030-01-17 18:00:00,44.02279069773199,34.392805232603116,28.12477194942357,0,1,,False
3472-3842-1,Line,3472,3842,0.00010000000000000002,9999.999999999998,0.0,692.0,False,2030-01-17 18:00:00,-399.96227420675166,57.798016503865846,25.32612032933373,0,-1,1.0,True
3472-3852-2,Line,3472,3852,0.00010000000000000002,9999.999999999998,0.0,693.0,False,2030-01-21 05:00:00,-321.46947763536264,46.388092010874836,16.95280907780554,0,-1,,True
3472-30820-1,Line,3472,30820,7e-05,14285.714285714286,0.0,548.0,False,2030-01-14 12:00:00,-430.276001986767,78.51751861072391,28.247124208288955,0,-1,1.0,True
3491-3561-1,Line,3491,3561,0.0007670000000000001,1303.7809647979138,0.0,123.0,False,2030-01-16 17:00:00,47.5976262845048,38.69725714187382,12.184471072583884,0,1,,True
3491-4961-1,Line,3491,4961,0.000606,1650.1650165016501,0.0,123.0,False,2030-01-14 20:00:00,34.9929085009134,28.44951910643366,7.743466396502938,0,1,,True
3501-4671-1,Line,3501,4671,0.000179,5586.59217877095,0.0,210.0,False,2030-01-15 03:00:00,-80.91233621884567,38.52968391373603,18.534085431800086,0,-1,,False
3501-4701-1,Line,3501,4701,0.000535,1869.1588785046729,0.0,123.0,False,2030-01-17 18:00:00,19.584718651116585,15.922535488712672,12.258402460532476,0,1,,False
3501-4971-1,Line,3501,4971,0.0013729999999999999,728.3321194464677,0.0,210.0,False,2030-01-20 08:00:00,119.30073414627672,56.80987340298892,21.325343944934396,0,1,1.0,True
3501-35011-1,Line,3501,35011,1.0000000000000002e-06,999999.9999999999,0.0,999.0,False,2030-01-16 17:00:00,-98.09588931120935,9.819408339460395,2.4354391004905542,0,-1,,True
3511-4001-1,Line,3511,4001,0.000387,2583.9793281653747,0.0,124.0,False,2030-01-19 01:00:00,87.7498639735349,70.76601933349589,31.51837082373328,0,1,1.0,False
3521-4061-1,Line,3521,4061,0.00044699999999999997,2237.136465324385,0.0,121.0,False,2030-01-17 13:00:00,35.04915458362758,28.966243457543456,19.619051055792067,0,1,,False
3521-4781-1,Line,3521,4781,0.001257,795.5449482895783,0.0,210.0,False,2030-01-20 08:00:00,-56.63996875306518,26.9714136919358,5.996728800484749,0,-1,,True
3521-35261-1,Line,3521,35261,1.0000000000000002e-06,999999.9999999999,0.0,123.0,False,2030-01-18 18:00:00,-3.8227718907046793e-10,3.10794462658917e-10,1.596704904254168e-10,0,-1,,False
3522-66121-1,Line,3522,66121,0.000124,8064.516129032258,0.0,823.0,False,2030-01-14 12:00:00,-393.21628273037055,47.778406164079044,18.15884826715703,0,-1,,True
3531-3801-1,Line,3531,3801,0.000106,9433.962264150943,0.0,123.0,False,2030-01-14 15:00:00,32.29925842566004,26.25955969565857,16.54613709858814,0,1,,False
3541-3901-1,Line,3541,3901,0.00024500000000000005,4081.6326530612237,0.0,210.0,False,2030-01-17 15:00:00,-73.4927714256246,34.996557821726,13.226850839197393,0,-1,,True
3541-4681-1,Line,3541,4681,0.00096326,1038.1413117953616,0.0,121.0,False,2030-01-15 15:00:00,-35.22254389362542,29.109540407954892,9.374133772518666,0,-1,,True
3541-32810-2,Line,3541,32810,0.0003960000000000001,2525.2525252525247,0.0,104.0,False,2030-01-18 18:00:00,-41.21295560153654,39.62784192455437,15.912335038889946,0,-1,,True
3551-4481-1,Line,3551,4481,0.000261,3831.417624521073,0.0,210.0,False,2030-01-19 23:00:00,-126.1943977315392,60.092570348352005,20.040009714889106,0,-1,1.0,True
3554-22044-1,Line,3554,22044,9.999999999999999e-05,10000.0,0.0,1944.0,False,2030-01-20 19:00:00,1026.953806848099,52.82684191605448,31.442041927292273,0,1,1.0,False
3554-39444-1,Line,3554,39444,0.00036700000000000003,2724.7956403269754,0.0,1944.0,False,2030-01-20 08:00:00,-1038.8911058530682,53.44090050684507,33.48591166520315,0,-1,1.0,False
3561-35211-1,Line,3561,35211,0.0013889999999999998,719.9424046076315,0.0,121.0,False,2030-01-15 11:00:00,-31.256420736058388,25.831752674428422,10.851942946057584,0,-1,,True
3561-35611-1,Line,3561,35611,2.0000000000000003e-06,499999.99999999994,0.0,223.0,False,2030-01-20 08:00:00,-3.1012963377929914e-10,1.3907158465439422e-10,6.208393964975402e-11,0,-1,,True
3561-35661-1,Line,3561,35661,1.0000000000000002e-06,999999.9999999999,0.0,123.0,False,2030-01-16 12:00:00,-5.672382979993174e-10,4.6116934796692465e-10,2.2215882521937308e-10,0,-1,,True
3571-4481-1,Line,3571,4481,0.001574,635.3240152477763,0.0,210.0,False,2030-01-16 11:00:00,126.84516691186012,60.40246043421911,35.54212562507752,0,1,1.0,False
3571-5081-1,Line,3571,5081,0.00012800000000000002,7812.499999999999,0.0,210.0,False,2030-01-20 07:00:00,-115.1343273688511,54.82587017564339,28.242553952855204,0,-1,1.0,False
3581-3591-1,Line,3581,3591,0.00040800000000000005,2450.9803921568623,0.0,159.0,False,2030-01-19 17:00:00,-88.38794961073401,55.58990541555598,31.55124056046722,0,-1,1.0,False
3581-5361-1,Line,3581,5361,0.00116965,854.9566109519942,0.0,123.0,False,2030-01-19 15:00:00,-48.82590161388905,39.695854970641506,10.724749912616357,0,-1,,True
3581-28019-1,Line,3581,28019,0.001316,759.8784194528876,0.0,121.0,False,2030-01-15 05:00:00,-77.78466057478548,64.28484345023593,44.10355742754006,0,-1,1.0,False
3581-35861-1,Line,3581,35861,1.0000000000000002e-06,999999.9999999999,0.0,123.0,False,2030-01-20 08:00:00,-4.926109173353233e-10,4.004966807604254e-10,1.4065376415124796e-10,0,-1,,True
3581-35862-1,Line,3581,35862,0.00010000000000000002,9999.999999999998,0.0,123.0,False,2030-01-20 19:00:00,-2.35390040792538e-11,1.9137401690450246e-11,1.0811585174990488e-11,0,-1,,False
3581-89516-1,Line,3581,89516,0.000765,1307.1895424836603,0.0,123.0,False,2030-01-18 19:00:00,123.00000000044157,100.000000000359,93.6490132138085,118,1,1.0,False
3591-5191-1,Line,3591,5191,0.001106,904.1591320072333,0.0,159.0,False,2030-01-19 08:00:00,-70.96660459749307,44.63308465251137,26.552438265177287,0,-1,,False
3601-39610-1,Line,3601,39610,3.1e-05,32258.06451612903,0.0,68.0,False,2030-01-17 18:00:00,-26.069999999979153,38.33823529408699,31.3511537456163,0,-1,,False
3611-39610-2,Line,3611,39610,3.1e-05,32258.06451612903,0.0,119.0,False,2030-01-16 09:00:00,2.0810339562693514e-11,1.7487680304784465e-11,9.16210728321252e-12,0,1,,True
3621-5301-1,Line,3621,5301,0.000358,2793.296089385475,0.0,122.0,False,2030-01-20 00:00:00,114.65999999990011,93.98360655729518,54.64703007347315,0,1,1.0,True
3621-36210-1,Line,3621,36210,1.0000000000000002e-06,999999.9999999999,0.0,999.0,False,2030-01-19 23:00:00,-53.09999999995362,5.315315315310673,3.08435027084532,0,-1,,True
3631-4261-1,Line,3631,4261,0.0006479999999999999,1543.2098765432102,0.0,123.0,False,2030-01-17 18:00:00,26.439301698471567,21.49536723452973,12.927608840963414,0,1,,False
3631-66096-1,Line,3631,66096,0.000189,5291.005291005291,0.0,190.0,False,2030-01-19 02:00:00,-75.59978135162501,39.78935860611843,20.348794260200044,0,-1,,False
3641-36411-1,Line,3641,36411,1.0000000000000002e-06,999999.9999999999,0.0,152.0,False,2030-01-14 08:00:00,-54.14580000012693,35.62223684218877,10.650009435240424,0,-1,,True
3691-4041-1,Line,3691,4041,0.0009010000000000001,1109.8779134295226,0.0,192.0,False,2030-01-18 18:00:00,191.99999999940482,99.99999999969002,34.87567749890728,2,1,1.0,False
3751-4651-1,Line,3751,4651,4.4999999999999996e-05,22222.222222222223,0.0,138.0,False,2030-01-17 18:00:00,-66.10402439015158,47.9014669493852,39.171501855752666,0,-1,,False
3751-5231-1,Line,3751,5231,2.1e-05,47619.04761904762,0.0,136.0,False,2030-01-17 18:00:00,45.454024390163674,33.42207675747329,27.330957173237763,0,1,,False
3761-20411-1,Line,3761,20411,9.900000000000002e-05,10101.010101010099,0.0,121.0,False,2030-01-17 18:00:00,-24.649227871954036,20.371262704094246,16.65863293210419,0,-1,,False
3781-5521-1,Line,3781,5521,1.6000000000000003e-05,62499.99999999999,0.0,115.0,False,2030-01-17 18:00:00,15.169227811824202,13.190632879847133,10.786661312029167,0,1,,False
3821-35211-1,Line,3821,35211,0.00052,1923.0769230769233,0.0,121.0,False,2030-01-16 17:00:00,-75.42502983687086,62.33473540237261,27.798048873961605,0,-1,1.0,True
3841-5211-1,Line,3841,5211,0.000601,1663.893510815308,0.0,210.0,False,2030-01-19 23:00:00,-85.39308622651623,40.66337439357916,20.82922198319666,0,-1,,False
3841-27219-1,Line,3841,27219,6.9e-05,14492.753623188406,0.0,120.0,False,2030-01-17 18:00:00,56.489999999987994,47.07499999999,36.61211460165525,0,1,,False
3841-27281-1,Line,3841,27281,8.7e-05,11494.252873563219,0.0,122.0,False,2030-01-16 10:00:00,-4.57661408770349e-11,3.751323022707778e-11,1.6556409182509085e-11,0,-1,,True
3851-4621-1,Line,3851,4621,0.000303,3300.3300330033003,0.0,210.0,False,2030-01-18 18:00:00,132.01965967110863,62.86650460528982,39.537113061848885,0,1,1.0,False
3851-4741-1,Line,3851,4741,0.00023099999999999998,4329.0043290043295,0.0,210.0,False,2030-01-17 19:00:00,44.403678781742535,21.144608943686922,7.7864389275299315,0,1,,True
3851-13219-1,Line,3851,13219,0.001031,969.9321047526673,0.0,159.0,False,2030-01-20 19:00:00,-48.641730486277396,30.592283324702763,9.672736174789714,0,-1,,True
3852-5202-1,Line,3852,5202,0.000442,2262.443438914027,0.0,351.0,False,2030-01-17 19:00:00,-167.5988796496095,47.748968561142306,19.916882469973814,0,-1,,True
3861-4651-1,Line,3861,4651,4.700000000000001e-05,21276.595744680846,0.0,107.0,False,2030-01-17 18:00:00,-5.306972477060606,4.959787361738885,4.055874114454966,0,-1,,False
3861-4651-2,Line,3861,4651,6.2e-05,16129.032258064515,0.0,115.0,False,2030-01-17 18:00:00,-4.023027522932918,3.498284802550364,2.8607280394942487,0,-1,,False
3881-16011-1,Line,3881,16011,9.900000000000002e-05,10101.010101010099,0.0,220.0,False,2030-01-14 16:00:00,-108.73463153196073,49.42483251452761,29.25820957644223,0,-1,,False
3901-3981-1,Line,3901,3981,2.5000000000000005e-05,39999.99999999999,0.0,45.0,False,2030-01-17 18:00:00,21.500000000155914,47.77777777812425,39.070354836849674,0,1,,False
3901-3991-2,Line,3901,3991,2.3999999999999994e-05,41666.66666666668,0.0,45.0,False,2030-01-14 10:00:00,-1.2380150897495223e-10,2.7511446438878273e-10,1.2219396319454827e-10,0,-1,,True
3911-3921-1,Line,3911,3921,3.2999999999999996e-05,30303.030303030308,0.0,190.0,False,2030-01-17 18:00:00,1.2657142857104045,0.6661654135317918,0.5447578413419153,0,1,,False
3911-4101-1,Line,3911,4101,2.8000000000000003e-05,35714.28571428571,0.0,190.0,False,2030-01-17 18:00:00,-25.015714285702796,13.166165413527786,10.766653001974483,0,-1,,False
3934-3944-1,Line,3934,3944,1e-06,1000000.0,0.0,1847.0,False,2030-01-20 08:00:00,640.2435513512955,34.66397137798027,21.732546218518323,0,1,,False
3934-4384-1,Line,3934,4384,0.00026638,3754.0355882573767,0.0,1454.0,False,2030-01-18 19:00:00,399.74906871919694,27.49305837133404,15.14572647436169,0,1,,False
3940-3942-1,Line,3940,3942,1.0000000000000002e-06,999999.9999999999,0.0,999.0,False,2030-01-18 11:00:00,321.55851666669486,32.18803970637586,17.801361759680773,0,1,,True
3941-52219-1,Line,3941,52219,0.000237,4219.409282700422,0.0,210.0,False,2030-01-19 04:00:00,-96.47888941604909,45.94232829335671,21.748361211101294,0,-1,,True
3942-4522-1,Line,3942,4522,0.00010779999999999999,9276.43784786642,0.0,610.0,False,2030-01-19 04:00:00,-46.87306193802099,7.684108514429671,2.551481934071199,0,-1,,True
3942-39420-1,Line,3942,39420,0.000143,6993.006993006993,0.0,570.0,False,2030-01-14 10:00:00,-405.0000000000196,71.05263157895081,42.65399766794072,0,-1,1.0,True
3944-3954-1,Line,3944,3954,1e-06,1000000.0,0.0,500.0,False,2030-01-20 08:00:00,-398.6475544995879,79.72951089991757,49.91319882282112,0,-1,1.0,False
3944-39444-1,Line,3944,39444,-0.00026460000000000003,-3779.2894935752074,0.0,1847.0,False,2030-01-20 08:00:00,1038.8911058530841,56.247488134980195,35.244511249138604,0,1,1.0,False
3961-5181-1,Line,3961,5181,1.636e-05,61124.69437652812,0.0,219.0,False,2030-01-17 22:00:00,-26.565417237373733,12.130327505650108,3.8549396518359647,0,-1,,True
3961-5181-2,Line,3961,5181,1.4090000000000002e-05,70972.32079488998,0.0,219.0,False,2030-01-17 22:00:00,-30.845296380657004,14.084610219478083,4.475998062742213,0,-1,,True
3961-32210-1,Line,3961,32210,0.00013,7692.307692307693,0.0,210.0,False,2030-01-15 11:00:00,-73.54050541144258,35.019288291163136,18.57440576943896,0,-1,,False
3961-39610-1,Line,3961,39610,1.0000000000000002e-06,999999.9999999999,0.0,999.0,False,2030-01-17 18:00:00,26.07000000019107,2.609609609628736,2.1340124671942498,0,1,,False
4001-4971-1,Line,4001,4971,0.000139,7194.244604316547,0.0,210.0,False,2030-01-20 08:00:00,-119.30073414630053,56.80987340300025,22.33233657272365,0,-1,1.0,True
4001-40061-1,Line,4001,40061,1.0000000000000002e-06,999999.9999999999,0.0,999.0,False,2030-01-16 10:00:00,-5.41824099475896e-10,5.4236646594183784e-11,2.2086569766597e-11,0,-1,,True
4021-32210-1,Line,4021,32210,0.0009489999999999999,1053.7407797681772,0.0,159.0,False,2030-01-18 14:00:00,59.45798864345927,37.39496141098067,15.748845475297282,0,1,,True
4041-5241-1,Line,4041,5241,0.00028,3571.4285714285716,0.0,217.0,False,2030-01-18 01:00:00,-58.50816214123286,26.962286701028965,4.781050470756179,0,-1,,False
4041-5251-2,Line,4041,5251,0.00028591999999999995,3497.4818130945728,0.0,123.0,False,2030-01-16 06:00:00,-52.30000000002521,42.52032520327253,4.847930816507663,0,-1,,False
4041-5341-1,Line,4041,5341,0.000659,1517.4506828528074,0.0,228.0,False,2030-01-16 17:00:00,117.5034361284238,51.536594793168334,19.974450855575967,0,1,1.0,False
4041-40461-1,Line,4041,40461,1.0000000000000002e-06,999999.9999999999,0.0,123.0,False,2030-01-16 09:00:00,-4.740810105596793e-10,3.8543171590217836e-10,1.7646749893287054e-10,0,-1,,True
4041-40462-1,Line,4041,40462,1.0000000000000002e-06,999999.9999999999,0.0,999.0,False,2030-01-16 12:00:00,-2.04771186118613e-10,2.049761622808939e-11,9.029499159750077e-12,0,-1,,True
4111-17411-1,Line,4111,17411,4.700000000000001e-05,21276.595744680846,0.0,116.0,False,2030-01-17 18:00:00,-48.458172866497996,41.774286953877585,34.16099053221622,0,-1,,False
4121-23019-1,Line,4121,23019,0.00018800000000000004,5319.1489361702115,0.0,157.0,False,2030-01-19 23:00:00,83.46302434986352,53.161162006282495,31.36761798185127,0,1,1.0,False
4201-13219-1,Line,4201,13219,0.000407,2457.002457002457,0.0,159.0,False,2030-01-20 19:00:00,74.11035252085733,46.61028460431279,21.452430915799145,0,1,,True
4211-4651-1,Line,4211,4651,1.9e-05,52631.57894736842,0.0,136.0,False,2030-01-17 18:00:00,-24.49999999999212,18.014705882347148,14.73155479033256,0,-1,,False
4242-4462-1,Line,4242,4462,7.000000000000001e-06,142857.14285714284,0.0,570.0,False,2030-01-14 12:00:00,-435.4807012752689,76.40012303074893,33.60712764672882,0,-1,1.0,True
4361-43619-1,Line,4361,43619,0.00037900000000000005,2638.522427440633,0.0,123.0,False,2030-01-17 18:00:00,-28.695860814556525,23.329968141915874,13.517456710363854,0,-1,,False
4382-5172-1,Line,4382,5172,8.500000000000002e-05,11764.705882352939,0.0,513.0,False,2030-01-20 08:00:00,-400.51092752961273,78.07230556132801,53.33741544314993,0,-1,1.0,False
4384-43844-1,Line,4384,43844,-0.0001981,-5047.955577990914,0.0,1847.0,False,2030-01-20 08:00:00,752.2226982980437,40.7267297400132,26.73740141638709,0,1,,False
4391-4481-1,Line,4391,4481,0.001341,745.7121551081283,0.0,210.0,False,2030-01-19 02:00:00,53.654458780182736,25.54974227627749,8.979317120205343,0,1,,True
4441-50619-1,Line,4441,50619,0.000771,1297.0168612191958,0.0,68.0,False,2030-01-16 10:00:00,2.7867957941296595e-11,4.0982291090142054e-11,2.0624909495372134e-11,0,1,,True
4451-4901-1,Line,4451,4901,1.3e-05,76923.07692307692,0.0,210.0,False,2030-01-17 18:00:00,2.289999999950175,1.0904761904524642,0.891738663497764,0,1,,False
4461-4651-3,Line,4461,4651,1.9999999999999998e-05,50000.00000000001,0.0,254.0,False,2030-01-17 18:00:00,146.46206618223476,57.662230780407384,47.153382221259086,0,1,1.0,False
4462-4472-1,Line,4462,4472,0.00036599999999999995,2732.2404371584703,0.0,450.0,False,2030-01-17 15:00:00,185.77621842551304,41.28360409455845,10.994328440713689,0,1,,True
4462-4922-1,Line,4462,4922,1.0000000000000002e-06,999999.9999999999,0.0,593.0,False,2030-01-20 23:00:00,-246.65421416146552,41.59430255673955,11.000221316036143,0,-1,,True
4462-44661-1,Line,4462,44661,1.0000000000000002e-06,999999.9999999999,0.0,2206.0,False,2030-01-16 09:00:00,-3.631665940195816e-10,1.6462674252927545e-11,7.22024294262744e-12,0,-1,,True
4462-44731-1,Line,4462,44731,0.00011700000000000001,8547.008547008547,0.0,593.0,False,2030-01-14 11:00:00,-434.70000000000516,73.30522765598738,29.86689974031264,0,-1,1.0,False
4471-4651-4,Line,4471,4651,1.9999999999999998e-05,50000.00000000001,0.0,258.0,False,2030-01-17 18:00:00,142.03793381740738,55.05346271992534,45.020057932237684,0,1,1.0,False
4472-17431-1,Line,4472,17431,2.1e-05,47619.04761904762,0.0,570.0,False,2030-01-15 18:00:00,-155.66635458900873,27.309886770001533,14.092479532748397,0,-1,,False
4472-30820-1,Line,4472,30820,1.7999999999999997e-05,55555.55555555556,0.0,570.0,False,2030-01-15 04:00:00,341.9186336700631,59.985725205274235,22.628579453532417,0,1,1.0,True
4472-30820-2,Line,4472,30820,1.7e-05,58823.529411764706,0.0,570.0,False,2030-01-15 04:00:00,362.0314944741845,63.51429727617273,23.959672362563726,0,1,1.0,True
4472-44662-1,Line,4472,44662,1.0000000000000002e-06,999999.9999999999,0.0,3846.0,False,2030-01-14 12:00:00,3.606895060404014e-10,9.378302289142002e-12,2.767021382583239e-12,0,1,,True
4472-44732-1,Line,4472,44732,0.00011700000000000001,8547.008547008547,0.0,593.0,False,2030-01-19 01:00:00,-434.7000000000026,73.30522765598695,31.879777388770957,0,-1,1.0,False
4472-44733-1,Line,4472,44733,0.00011700000000000001,8547.008547008547,0.0,593.0,False,2030-01-19 01:00:00,-434.7000000000018,73.30522765598681,31.452453963134978,0,-1,1.0,False
4501-4691-1,Line,4501,4691,9.100000000000002e-05,10989.010989010987,0.0,210.0,False,2030-01-17 19:00:00,121.90548021924326,58.05022867583012,37.25235804453691,0,1,1.0,False
4522-5142-1,Line,4522,5142,7e-05,14285.714285714286,0.0,570.0,False,2030-01-17 12:00:00,-139.70371457492226,24.509423609635483,11.022980784661424,0,-1,,True
4651-6371-1,Line,4651,6371,1.4899999999999997e-06,671140.9395973156,0.0,141.0,False,2030-01-14 12:00:00,-2.1219973000974335e-10,1.504962624182577e-10,4.6122504098832376e-11,0,-1,,True
4664-5464-1,Line,4664,5464,0.00011099999999999999,9009.00900900901,0.0,997.0,False,2030-01-20 08:00:00,752.2226982976545,75.44861567679584,49.53257815048942,0,1,1.0,False
4664-43844-1,Line,4664,43844,0.00017800000000000002,5617.9775280898875,0.0,997.0,False,2030-01-20 08:00:00,-752.2226982977635,75.44861567680677,49.532578150496455,0,-1,1.0,False
4701-4711-1,Line,4701,4711,1.0000000000000002e-06,999999.9999999999,0.0,999.0,False,2030-01-17 18:00:00,-24.29897806185995,2.4323301363223173,1.873129612940562,0,-1,,False
4711-35011-2,Line,4711,35011,0.00042999999999999994,2325.5813953488378,0.0,123.0,False,2030-01-17 18:00:00,-24.298978061893166,19.755266716986313,15.213467344228674,0,-1,,False
4721-5181-1,Line,4721,5181,0.00037433,2671.439638821361,0.0,220.0,False,2030-01-17 18:00:00,56.61703109200298,25.73501413272863,10.086693897871505,0,1,,True
4761-47210-1,Line,4761,47210,7.3e-05,13698.630136986301,0.0,92.0,False,2030-01-15 11:00:00,-1.1169412617029195e-11,1.2140665888075212e-11,4.284526519146908e-12,0,-1,,True
4781-4961-1,Line,4781,4961,0.0004360000000000001,2293.577981651376,0.0,112.0,False,2030-01-20 13:00:00,-32.07476245661595,28.63818076483567,10.480598704943347,0,-1,,True
4922-5022-1,Line,4922,5022,1.0000000000000002e-06,999999.9999999999,0.0,593.0,False,2030-01-18 02:00:00,150.05158200486113,25.303808095254826,11.334693144938116,0,1,,True
4941-5351-1,Line,4941,5351,0.0017530000000000002,570.4506560182543,0.0,210.0,False,2030-01-16 10:00:00,-98.60618660713509,46.95532695577862,18.41034078952649,0,-1,,True
4941-22419-1,Line,4941,22419,0.000388,2577.319587628866,0.0,210.0,False,2030-01-21 02:00:00,98.7328377982309,47.01563704677662,14.293539685411854,0,1,,True
4941-50019-1,Line,4941,50019,0.00046800000000000005,2136.7521367521367,0.0,111.0,False,2030-01-18 05:00:00,73.89126830835988,66.56871018771162,13.62320112482594,0,1,1.0,True
4942-4943-1,Line,4942,4943,1.0000000000000002e-06,999999.9999999999,0.0,999.0,False,2030-01-16 12:00:00,239.68718987338087,23.992711699037127,12.2275710057917,0,1,,True
4961-49662-1,Line,4961,49662,1.0000000000000002e-06,999999.9999999999,0.0,655.0,False,2030-01-20 08:00:00,3.2991257295500453e-10,5.036833174885566e-11,2.7668359983618127e-11,0,1,,False
4981-5041-1,Line,4981,5041,0.000371,2695.4177897574123,0.0,123.0,False,2030-01-16 23:00:00,46.33060170433468,37.66715585718267,9.641024157230287,0,1,,True
4981-5041-2,Line,4981,5041,0.00038199999999999996,2617.8010471204193,0.0,123.0,False,2030-01-16 23:00:00,44.9964744301261,36.582499536687884,9.363403042755072,0,1,,True
4981-49861-1,Line,4981,49861,1.0000000000000002e-06,999999.9999999999,0.0,123.0,False,2030-01-19 01:00:00,3.215537280887304e-10,2.6142579519408974e-10,8.031240033832847e-11,0,1,,True
4991-5361-1,Line,4991,5361,0.000152,6578.9473684210525,0.0,123.0,False,2030-01-19 15:00:00,39.130964048287794,31.81379190917707,4.369812756530076,0,1,,False
5001-50019-1,Line,5001,50019,6.9e-05,14492.753623188406,0.0,123.0,False,2030-01-17 18:00:00,-26.613397921561358,21.636908879318177,15.236306561882998,0,-1,,False
5041-17010-2,Line,5041,17010,0.001599,625.3908692933084,0.0,210.0,False,2030-01-14 19:00:00,117.4090404983824,55.90906690399162,15.788290500396801,0,1,1.0,True
5061-50619-1,Line,5061,50619,6.9e-05,14492.753623188406,0.0,45.0,False,2030-01-17 18:00:00,-25.479999999994035,56.62222222220896,46.30291354541508,0,-1,1.0,False
5081-22419-1,Line,5081,22419,0.00010999999999999999,9090.909090909092,0.0,210.0,False,2030-01-20 07:00:00,-90.36974567780281,43.03321222752515,11.699008876681669,0,-1,,True
5091-10210-1,Line,5091,10210,0.000171,5847.953216374269,0.0,210.0,False,2030-01-21 01:00:00,-76.93561476285643,36.63600702993163,10.531070493007418,0,-1,,True
5111-20411-1,Line,5111,20411,2.7060000000000005e-05,36954.91500369548,0.0,238.0,False,2030-01-17 18:00:00,-75.49712715458644,31.72148199772539,25.940293065658427,0,-1,,False
5122-5222-1,Line,5122,5222,1.0000000000000002e-06,999999.9999999999,0.0,1867.0,False,2030-01-16 11:00:00,4.819239729503266e-10,2.5812746274789856e-11,1.5447961676240337e-11,0,1,,False
5140-5142-1,Line,5140,5142,1.0000000000000002e-06,999999.9999999999,0.0,999.0,False,2030-01-17 17:00:00,144.00000000025926,14.414414414440365,8.483483483507456,0,1,,False
5141-51410-1,Line,5141,51410,1.0000000000000002e-06,999999.9999999999,0.0,999.0,False,2030-01-16 10:00:00,-4.813095200173478e-10,4.817913113286765e-11,2.155099458904582e-11,0,-1,,True
5181-47210-2,Line,5181,47210,0.000306,3267.97385620915,0.0,210.0,False,2030-01-15 17:00:00,-87.47582034807138,41.655152546700656,29.59651205856742,0,-1,,False
5211-22613-1,Line,5211,22613,0.000817,1223.9902080783354,0.0,210.0,False,2030-01-19 23:00:00,-85.39308622650387,40.66337439357327,19.74390487915026,0,-1,,False
5221-52219-1,Line,5221,52219,0.00010000000000000002,9999.999999999998,0.0,123.0,False,2030-01-19 03:00:00,19.46897453423242,15.828434580676765,9.096878311488192,0,1,,True
5261-52661-1,Line,5261,52661,1.0000000000000002e-06,999999.9999999999,0.0,123.0,False,2030-01-20 06:00:00,1.8039275628822793e-10,1.46660777470104e-10,6.863667907765871e-11,0,1,,True
5271-5274-1,Line,5271,5274,1.0000000000000002e-06,999999.9999999999,0.0,999.0,False,2030-01-17 17:00:00,66.02322616706431,6.608931548254686,1.7727088477595219,0,1,,True
5271-32810-1,Line,5271,32810,0.0009499999999999999,1052.6315789473686,0.0,210.0,False,2030-01-16 13:00:00,99.87797576416223,47.56094084007725,22.599515224520314,0,1,,True
5274-5381-1,Line,5274,5381,0.000428,2336.448598130841,0.0,210.0,False,2030-01-14 06:00:00,128.75739230359406,61.31304395409241,40.178285497876274,0,1,1.0,False
5281-43619-1,Line,5281,43619,0.000368,2717.391304347826,0.0,191.0,False,2030-01-14 10:00:00,88.9642207299654,46.578126036631105,16.93090620392594,0,1,,True
5281-52861-1,Line,5281,52861,1.0000000000000002e-06,999999.9999999999,0.0,123.0,False,2030-01-18 19:00:00,-3.3191382281527737e-10,2.6984863643518486e-10,1.4203527119183743e-10,0,-1,,True
5301-31019-1,Line,5301,31019,0.000834,1199.0407673860911,0.0,210.0,False,2030-01-16 10:00:00,89.42922432270977,42.58534491557609,15.724505648406053,0,1,,True
5301-53061-1,Line,5301,53061,1.0000000000000002e-06,999999.9999999999,0.0,123.0,False,2030-01-20 17:00:00,-4.79304837139316e-10,3.8967872938155776e-10,1.6820556460866987e-10,0,-1,,True
5321-22614-1,Line,5321,22614,0.0006389999999999999,1564.945226917058,0.0,210.0,False,2030-01-20 15:00:00,45.87676211276918,21.846077196556752,7.49474118263321,0,1,,True
5351-31019-1,Line,5351,31019,3.0000000000000004e-05,33333.33333333333,0.0,210.0,False,2030-01-16 10:00:00,-95.88985183516728,45.66183420722251,16.775785271934023,0,-1,,True
5451-5501-1,Line,5451,5501,0.000489,2044.989775051125,0.0,210.0,False,2030-01-17 16:00:00,58.215274959275476,27.72155950441689,9.175535276683904,0,1,,True
5462-54622-1,Line,5462,54622,1.0000000000000002e-06,999999.9999999999,0.0,593.0,False,2030-01-16 10:00:00,-283.9936255399954,47.890999247891294,20.20084916938605,0,-1,,True
5462-66121-1,Line,5462,66121,0.00041999999999999996,2380.952380952381,0.0,823.0,False,2030-01-16 17:00:00,-189.25033502333957,22.995180440259972,6.3956407525206105,0,-1,,True
5464-54640-1,Line,5464,54640,1e-06,1000000.0,0.0,685.0,False,2030-01-15 04:00:00,581.999999999931,84.96350364962495,70.30853017883416,0,1,0.8742138364779874,True
5464-90440-1,Line,5464,90440,0.000311,3215.434083601286,0.0,1731.0,False,2030-01-16 10:00:00,435.80415201876764,25.176438591494378,7.749998667619081,0,1,,True
5501-55061-1,Line,5501,55061,1.0000000000000002e-06,999999.9999999999,0.0,123.0,False,2030-01-16 12:00:00,3.8498106091910955e-10,3.1299273245456064e-10,1.1843237477155736e-10,0,1,,True
6201-12111-1,Line,6201,12111,0.000358,2793.296089385475,0.0,221.0,False,2030-01-18 17:00:00,141.1560000000239,63.8714932126805,33.200336215602896,0,1,1.0,True
6931-68090-1,Line,6931,68090,2.3e-05,43478.260869565216,0.0,124.0,False,2030-01-19 11:00:00,-30.599999999961486,24.67741935480765,15.615508775695236,0,-1,,True
11260-11261-1,Line,11260,11261,4.3e-05,23255.81395348837,0.0,570.0,False,2030-01-14 12:00:00,-256.50000000001137,45.000000000002,20.430319320098025,0,-1,,True
11260-11261-2,Line,11260,11261,4.3e-05,23255.81395348837,0.0,570.0,False,2030-01-14 12:00:00,-256.50000000001137,45.000000000002,20.430319320098025,0,-1,,True
13810-47210-2,Line,13810,47210,6.1e-05,16393.44262295082,0.0,121.0,False,2030-01-17 18:00:00,-5.370000000000123,4.438016528925721,3.6291951743870587,0,-1,,False
14010-14013-1,Line,14010,14013,4.4e-05,22727.272727272728,0.0,221.0,False,2030-01-18 13:00:00,-113.01448846166893,51.13777758446558,9.47356503310529,0,-1,1.0,True
14010-14016-1,Line,14010,14016,0.000108,9259.25925925926,0.0,210.0,False,2030-01-18 18:00:00,-38.97312350873584,18.558630242255163,2.961069184253964,0,-1,,True
17411-24819-1,Line,17411,24819,0.00010000000000000002,9999.999999999998,0.0,123.0,False,2030-01-17 18:00:00,66.81000000006978,54.31707317078843,44.41787419080796,0,1,1.0,False
22610-22614-1,Line,22610,22614,1.0000000000000002e-06,999999.9999999999,0.0,999.0,False,2030-01-20 17:00:00,3.9957037678561846e-10,3.9997034713275126e-11,1.547651797532733e-11,0,1,,True
22612-22613-1,Line,22612,22613,1.0000000000000002e-06,999999.9999999999,0.0,380.0,False,2030-01-19 04:00:00,79.52732723305351,20.928244008698293,10.758594855701348,0,1,,True
22613-22614-1,Line,22613,22614,1.0000000000000002e-06,999999.9999999999,0.0,380.0,False,2030-01-20 15:00:00,-47.35963441063699,12.463061687009736,3.9481785454825986,0,-1,,True
28710-28712-1,Line,28710,28712,1.0000000000000002e-06,999999.9999999999,0.0,306.0,False,2030-01-19 01:00:00,-72.7415697642359,23.771754824913693,8.788351607133386,0,-1,,True
28710-51911-1,Line,28710,51911,7.999999999999999e-05,12500.000000000002,0.0,183.0,False,2030-01-20 01:00:00,-123.89085685223853,67.69992177717953,24.979709955076565,0,-1,1.0,False
35011-66094-1,Line,35011,66094,0.00029600000000000004,3378.378378378378,0.0,210.0,False,2030-01-16 17:00:00,-75.37612677557387,35.89339370265422,10.971851440571639,0,-1,,True
35231-90020-1,Line,35231,90020,0.00021,4761.9047619047615,0.0,881.0,False,2030-01-19 01:00:00,230.84715216582305,26.20285495639308,8.43810859410702,0,1,,True
35232-90020-2,Line,35232,90020,0.00021,4761.9047619047615,0.0,881.0,False,2030-01-19 01:00:00,230.76567942682794,26.193607199412934,8.435130537792961,0,1,,True
47210-47261-1,Line,47210,47261,1.0000000000000002e-06,999999.9999999999,0.0,123.0,False,2030-01-16 10:00:00,-7.051281919467911e-10,5.732749528022692e-10,2.5861454715929645e-10,0,-1,,True
66121-66122-1,Line,66121,66122,7.900000000000001e-05,12658.227848101264,0.0,593.0,False,2030-01-19 01:00:00,-332.9999921329852,56.15514201230779,25.7789808457084,0,-1,1.0,False
66122-66123-1,Line,66122,66123,2.3e-05,43478.260869565216,0.0,570.0,False,2030-01-19 01:00:00,-332.9999921328747,58.42105125138153,26.81918533595083,0,-1,1.0,True
70010-79010-1,Line,70010,79010,0.0009467999999999999,1056.1892691170258,0.0,124.0,False,2030-01-20 00:00:00,58.87616504849669,47.48077826491669,13.928298415419823,0,1,,True
70111-88511-1,Line,70111,88511,0.00034062,2935.822911161999,0.0,103.0,False,2030-01-17 18:00:00,-30.769999999992063,29.873786407759283,24.429337016920933,0,-1,,False
70112-88512-1,Line,70112,88512,0.00034062,2935.822911161999,0.0,103.0,False,2030-01-18 12:00:00,3.4982988728060604e-11,3.396406672627243e-11,1.5440183729377907e-11,0,1,,True
70311-81510-1,Line,70311,81510,0.0002994,3340.01336005344,0.0,103.0,False,2030-01-17 18:00:00,-51.4499999999933,49.95145631067311,38.676126630667085,0,-1,,False
70312-81510-2,Line,70312,81510,0.0002994,3340.01336005344,0.0,103.0,False,2030-01-16 10:00:00,1.7225970649903388e-11,1.6724243349420767e-11,7.888581782944665e-12,0,1,,False
70510-72010-1,Line,70510,72010,0.000582,1718.213058419244,0.0,103.0,False,2030-01-17 19:00:00,46.07850397636147,44.736411627535404,21.873821179601453,0,1,,False
70510-72010-2,Line,70510,72010,0.000582,1718.213058419244,0.0,103.0,False,2030-01-17 19:00:00,46.07850397636147,44.736411627535404,21.873821179601453,0,1,,False
70510-78511-1,Line,70510,78511,0.0005361,1865.3236336504385,0.0,166.0,False,2030-01-17 17:00:00,80.03350017287988,48.21295191137342,39.202674396695365,0,1,,False
70510-78512-2,Line,70510,78512,0.0005291,1890.00189000189,0.0,166.0,False,2030-01-16 10:00:00,-6.083480941221353e-11,3.664747554952622e-11,1.758080451231819e-11,0,-1,,True
70520-81020-2,Line,70520,81020,0.00019130000000000004,5227.391531625718,0.0,881.0,False,2030-01-16 17:00:00,231.2558820345295,26.249248812091885,15.733872557391418,0,1,,False
70520-81520-1,Line,70520,81520,0.0001445,6920.415224913495,0.0,881.0,False,2030-01-19 01:00:00,-183.53513609934407,20.83259206575983,5.351990170112296,0,-1,,True
70520-85020-1,Line,70520,85020,0.00027429999999999995,3645.6434560699972,0.0,881.0,False,2030-01-19 01:00:00,-154.70559916607007,17.56022692009876,4.976612402960866,0,-1,,True
70520-86220-1,Line,70520,86220,3.4e-06,294117.64705882355,0.0,881.0,False,2030-01-19 01:00:00,182.15639903101805,20.676095236210905,5.994247752459668,0,1,,False
70520-86220-2,Line,70520,86220,1.94e-06,515463.91752577317,0.0,881.0,False,2030-01-19 01:00:00,319.2431735595274,36.23645556861832,10.505382658950568,0,1,,False
71011-81510-1,Line,71011,81510,0.00034549999999999994,2894.3560057887125,0.0,124.0,False,2030-01-17 11:00:00,-29.597020757764874,23.868565127229736,15.40207857890782,0,-1,,True
71012-81510-2,Line,71012,81510,0.0003973,2516.9896803423107,0.0,124.0,False,2030-01-17 18:00:00,-32.369999999995315,26.10483870967364,21.347273958054704,0,-1,,False
71511-90012-1,Line,71511,90012,0.0006238999999999999,1602.820964898221,0.0,103.0,False,2030-01-17 18:00:00,-47.079999999996815,45.70873786407458,37.378394109739226,0,-1,,False
71512-90012-2,Line,71512,90012,0.0004902,2039.983680130559,0.0,103.0,False,2030-01-16 10:00:00,1.4843876128267652e-11,1.441153022161908e-11,5.416910795021246e-12,0,1,,True
72010-72021-1,Line,72010,72021,2.9999999999999992e-06,333333.33333333343,0.0,140.0,False,2030-01-16 10:00:00,-3.4012580252262836e-10,2.429470018018774e-10,1.2269204862768953e-10,0,-1,,False
72010-81510-1,Line,72010,81510,0.00073,1369.8630136986303,0.0,124.0,False,2030-01-21 01:00:00,30.426943496598618,24.53785765854727,5.746677222796069,0,1,,True
72010-81510-2,Line,72010,81510,0.0006988999999999998,1430.819859779654,0.0,124.0,False,2030-01-21 01:00:00,31.78089676994841,25.62975545963581,6.00239572562758,0,1,,True
72010-83011-1,Line,72010,83011,0.0002336,4280.821917808219,0.0,113.0,False,2030-01-17 22:00:00,50.64793193562382,44.82117870409187,33.585482708364786,0,1,,False
72010-83012-2,Line,72010,83012,0.0002336,4280.821917808219,0.0,113.0,False,2030-01-16 12:00:00,-3.176557628048471e-11,2.8111129451756377e-11,1.5475787142142958e-11,0,-1,,False
72511-74512-1,Line,72511,74512,0.0007131999999999999,1402.1312394840159,0.0,103.0,False,2030-01-16 10:00:00,2.6094348903882292e-11,2.5334319324157568e-11,1.249046713503209e-11,0,1,,True
72512-74512-2,Line,72512,74512,0.0007131999999999999,1402.1312394840159,0.0,103.0,False,2030-01-17 18:00:00,-67.8099999999905,65.83495145630145,53.83663773537253,0,-1,1.0,False
73011-90710-1,Line,73011,90710,6.8925600000000005e-06,145083.97460450107,0.0,200.0,False,2030-01-18 18:00:00,9.351944912916466e-11,4.6759724564582334e-11,2.4383863763420805e-11,0,1,,True
73012-90710-2,Line,73012,90710,6.8925600000000005e-06,145083.97460450107,0.0,200.0,False,2030-01-17 18:00:00,-52.74999999997057,26.37499999998528,21.568198788938403,0,-1,,False
73500-73510-1,Line,73500,73510,0.000164,6097.560975609756,0.0,144.0,False,2030-01-14 08:00:00,42.69766464519916,29.65115600361053,6.338038278414921,0,1,,True
73510-87900-1,Line,73510,87900,0.0005899999999999999,1694.9152542372883,0.0,200.0,False,2030-01-20 16:00:00,158.04423500773262,79.02211750386631,14.403713150081893,0,1,1.0,True
74011-78511-1,Line,74011,78511,0.0003106,3219.575016097875,0.0,147.0,False,2030-01-17 17:00:00,-41.749739487833516,28.401183325056813,21.892807791168455,0,-1,,False
74012-78512-2,Line,74012,78512,0.0003106,3219.575016097875,0.0,147.0,False,2030-01-16 10:00:00,2.888338179740657e-11,1.9648559045854812e-11,9.259217261597034e-12,0,1,,True
74511-74512-1,Line,74511,74512,1.0000000000000002e-06,999999.9999999999,0.0,916.0,False,2030-01-17 17:00:00,69.52110712981528,7.58964051635538,6.2296371586849135,0,1,,False
74511-74512-2,Line,74511,74512,1.0000000000000002e-06,999999.9999999999,0.0,916.0,False,2030-01-17 17:00:00,69.52110712981528,7.58964051635538,6.2296371586849135,0,1,,False
74511-76011-1,Line,74511,76011,3.63e-05,27548.209366391184,0.0,145.0,False,2030-01-17 18:00:00,35.562774669558536,24.526051496247266,19.363085302263094,0,1,,False
74511-76012-2,Line,74511,76012,3.64e-05,27472.527472527476,0.0,145.0,False,2030-01-19 16:00:00,-9.49178057187289,6.5460555668088904,3.7207723213882646,0,-1,,False
74511-82511-1,Line,74511,82511,4.48e-05,22321.428571428572,0.0,73.0,False,2030-01-17 18:00:00,47.79999999999845,65.4794520547924,53.54592752642977,0,1,1.0,False
74511-82512-2,Line,74511,82512,4.42e-05,22624.43438914027,0.0,73.0,False,2030-01-18 13:00:00,1.6399791247234674e-11,2.2465467461965307e-11,6.740451743759297e-12,0,1,,True
74512-86311-1,Line,74512,86311,0.00040270000000000003,2483.2381425378694,0.0,124.0,False,2030-01-16 10:00:00,-2.3019988693029347e-11,1.856450701050754e-11,7.734935683723715e-12,0,-1,,True
74512-86312-2,Line,74512,86312,0.0004614,2167.316861725184,0.0,124.0,False,2030-01-17 18:00:00,47.70999999999267,38.47580645160699,31.347433336176135,0,1,,False
74512-88011-1,Line,74512,88011,0.0006358,1572.8216420257943,0.0,103.0,False,2030-01-16 10:00:00,-2.52651927157288e-11,2.4529313316241552e-11,1.1469314288778544e-11,0,-1,,True
74512-88012-2,Line,74512,88012,0.0006358,1572.8216420257943,0.0,103.0,False,2030-01-17 18:00:00,61.339999999993296,59.55339805824592,48.69988731290144,0,1,1.0,False
74512-88511-1,Line,74512,88511,2.5200000000000003e-05,39682.53968253968,0.0,152.0,False,2030-01-17 18:00:00,30.7699999999944,20.243421052627895,16.554090215420906,0,1,,False
74512-88512-2,Line,74512,88512,2.5200000000000003e-05,39682.53968253968,0.0,152.0,False,2030-01-17 18:00:00,40.93999999999162,26.934210526310277,22.02549409876061,0,1,,False
74520-81020-1,Line,74520,81020,7.740000000000001e-05,12919.896640826872,0.0,881.0,False,2030-01-16 17:00:00,-87.6841676625909,9.952799961701578,2.8094257454860223,0,-1,,True
74520-81020-2,Line,74520,81020,7.740000000000001e-05,12919.896640826872,0.0,881.0,False,2030-01-16 17:00:00,-87.6841676625909,9.952799961701578,2.8094257454860223,0,-1,,True
74520-82020-1,Line,74520,82020,0.00028000000000000003,3571.428571428571,0.0,881.0,False,2030-01-16 17:00:00,-158.74898797016016,18.01918138140297,14.654381794256096,0,-1,,False
74520-90020-1,Line,74520,90020,0.0001917,5216.484089723526,0.0,881.0,False,2030-01-19 01:00:00,-245.17653652009068,27.829345802507454,10.96678332375338,0,-1,,True
74711-75710-1,Line,74711,75710,3.4462800000000002e-06,290167.94920900214,0.0,200.0,False,2030-01-15 15:00:00,-7.661444742512735e-11,3.8307223712563676e-11,1.417145442474963e-11,0,-1,,True
74712-75710-2,Line,74712,75710,3.4462800000000002e-06,290167.94920900214,0.0,200.0,False,2030-01-17 18:00:00,-50.169999999951145,25.084999999975572,20.51329920835419,0,-1,,False
75010-75012-1,Line,75010,75012,2.58e-06,387596.8992248062,0.0,200.0,False,2030-01-19 01:00:00,8.889232405717706e-11,4.444616202858853e-11,1.3803797338249825e-11,0,1,,True
75010-79510-1,Line,75010,79510,0.0002944,3396.7391304347825,0.0,103.0,False,2030-01-16 22:00:00,-56.18862149283466,54.55205970178123,28.37329282209688,0,-1,1.0,False
75010-79510-2,Line,75010,79510,0.0002993,3341.1293017039757,0.0,103.0,False,2030-01-16 22:00:00,-55.2687275893437,53.65895882460553,27.90877850593172,0,-1,1.0,False
75010-84511-1,Line,75010,84511,0.0002725,3669.7247706422017,0.0,103.0,False,2030-01-17 16:00:00,44.447707755799485,43.153114326018915,33.56447601819649,0,1,,False
75010-84512-2,Line,75010,84512,0.0002725,3669.7247706422017,0.0,103.0,False,2030-01-16 10:00:00,-2.730246584370377e-11,2.650724839194541e-11,1.374875634837402e-11,0,-1,,False
75010-87900-1,Line,75010,87900,0.0006914,1446.3407578825572,0.0,193.0,False,2030-01-20 01:00:00,64.78080573847362,33.56518432045265,10.159448834111785,0,1,,True
75510-75511-1,Line,75510,75511,1.0000000000000002e-06,999999.9999999999,0.0,240.0,False,2030-01-20 08:00:00,120.95568365326375,50.39820152219323,14.146061684422683,0,1,1.0,True
75510-75514-1,Line,75510,75514,1.0000000000000002e-06,999999.9999999999,0.0,1630.0,False,2030-01-16 12:00:00,5.273735476096775e-10,3.235420537482684e-11,1.4000299763485262e-11,0,1,,True
75510-75611-1,Line,75510,75611,2.8009999999999998e-05,35701.53516601214,0.0,200.0,False,2030-01-16 10:00:00,-1.471117672124933e-10,7.355588360624665e-11,4.485710472598634e-11,0,-1,,False
75510-79510-1,Line,75510,79510,0.0012965,771.3073659853452,0.0,103.0,False,2030-01-15 09:00:00,43.47782563367314,42.211481197740916,23.19677670845463,0,1,,True
75510-81810-1,Line,75510,81810,0.0004817,2075.980900975711,0.0,166.0,False,2030-01-19 17:00:00,-94.02724892116338,56.64292103684541,27.31269059678074,0,-1,1.0,True
75510-83510-1,Line,75510,83510,0.0010138999999999999,986.2905611993294,0.0,103.0,False,2030-01-15 09:00:00,46.04314583185875,44.7020833319017,23.459367254057163,0,1,,True
75510-84411-1,Line,75510,84411,0.0003028,3302.5099075297226,0.0,103.0,False,2030-01-16 10:00:00,-2.9949751012559034e-11,2.907742816753304e-11,1.4575326292582468e-11,0,-1,,False
75510-84412-2,Line,75510,84412,0.0003028,3302.5099075297226,0.0,103.0,False,2030-01-17 18:00:00,40.181189621272125,39.01086370997294,29.334867795690723,0,1,,False
75510-89311-1,Line,75510,89311,0.0002893,3456.6194262011754,0.0,103.0,False,2030-01-17 18:00:00,36.89999999998969,35.82524271843659,29.29615001378319,0,1,,False
75510-89312-2,Line,75510,89312,0.0002908000000000001,3438.789546079779,0.0,103.0,False,2030-01-16 10:00:00,-3.041451812624274e-11,2.9528658374992955e-11,1.541929938559354e-11,0,-1,,False
75510-89510-1,Line,75510,89510,0.0005288000000000001,1891.0741301059,0.0,166.0,False,2030-01-15 04:00:00,-103.64426415188635,62.43630370595563,24.136235297513135,0,-1,1.0,True
75520-75521-1,Line,75520,75521,2.9999999999999997e-06,333333.3333333334,0.0,837.0,False,2030-01-20 14:00:00,233.96918800944715,27.95330800590766,13.273594319027696,0,1,,False
75520-75522-1,Line,75520,75522,2.9999999999999997e-06,333333.3333333334,0.0,837.0,False,2030-01-20 14:00:00,233.96918800949783,27.95330800591372,13.273594319027874,0,1,,False
75520-75523-1,Line,75520,75523,5.7e-07,1754385.9649122804,0.0,500.0,False,2030-01-15 15:00:00,8.700389714233481e-11,1.7400779428466962e-11,4.825368435599334e-12,0,1,,True
75521-85020-1,Line,75521,85020,0.00023549999999999998,4246.284501061572,0.0,837.0,False,2030-01-20 14:00:00,233.96918800955416,27.953308005920448,13.273594319032455,0,1,,False
75522-85020-2,Line,75522,85020,0.00023549999999999998,4246.284501061572,0.0,837.0,False,2030-01-20 14:00:00,233.96918800955345,27.953308005920363,13.27359431903245,0,1,,False
75610-75611-1,Line,75610,75611,0.00022299999999999997,4484.3049327354265,0.0,200.0,False,2030-01-20 08:00:00,3.652333296910726e-11,1.826166648455363e-11,9.742064375891132e-12,0,1,,False
75710-76011-1,Line,75710,76011,4.7146300000000006e-05,21210.572197606172,0.0,200.0,False,2030-01-17 13:00:00,38.55467090498779,19.277335452493894,15.58890408946533,0,1,,False
75710-76012-2,Line,75710,76012,4.7146300000000006e-05,21210.572197606172,0.0,200.0,False,2030-01-19 16:00:00,9.491780571868299,4.745890285934149,2.697559933004604,0,1,,False
75710-90710-1,Line,75710,90710,8.041320000000002e-06,124357.69251814375,0.0,200.0,False,2030-01-17 13:00:00,-47.60155020955943,23.800775104779714,19.399881615402816,0,-1,,False
75710-90710-2,Line,75710,90710,8.041320000000002e-06,124357.69251814375,0.0,200.0,False,2030-01-17 13:00:00,-47.60155020955943,23.800775104779714,19.399881615402816,0,-1,,False
75810-87901-1,Line,75810,87901,0.0003400000000000001,2941.1764705882347,0.0,124.0,False,2030-01-17 18:00:00,-82.62211125337457,66.63073488175368,34.90757455101399,0,-1,1.0,False
75810-90310-1,Line,75810,90310,0.0011909000000000002,839.7010664203542,0.0,124.0,False,2030-01-15 07:00:00,-34.152862895659254,27.54263136746714,14.127205189947043,0,-1,,True
76511-81010-1,Line,76511,81010,4.5100000000000005e-05,22172.949002217294,0.0,158.0,False,2030-01-17 17:00:00,-105.38294137516274,66.69806416149541,54.999345955367794,0,-1,1.0,False
76511-90710-1,Line,76511,90710,4.250409999999999e-05,23527.142087469212,0.0,200.0,False,2030-01-17 13:00:00,62.28756270760493,31.143781353802463,25.585699321992895,0,1,,False
76512-81010-2,Line,76512,81010,4.5100000000000005e-05,22172.949002217294,0.0,158.0,False,2030-01-17 15:00:00,-84.20051057453486,53.29146238894611,44.0281806299786,0,-1,1.0,False
76512-90710-2,Line,76512,90710,4.250409999999999e-05,23527.142087469212,0.0,200.0,False,2030-01-17 15:00:00,84.20051057455186,42.10025528727593,34.782262697721286,0,1,,False
76513-80012-1,Line,76513,80012,0.0001101,9082.652134423251,0.0,86.0,False,2030-01-17 18:00:00,-51.36999999998767,59.73255813952054,48.846395758318955,0,-1,1.0,False
76514-80011-2,Line,76514,80011,0.00011169999999999998,8952.551477170995,0.0,86.0,False,2030-01-16 10:00:00,3.560707284577802e-11,4.140357307648607e-11,1.9516820238998235e-11,0,1,,True
76810-77210-1,Line,76810,77210,0.0004492000000000001,2226.1798753339267,0.0,200.0,False,2030-01-20 01:00:00,-107.42954288939633,53.71477144469816,25.028640758828978,0,-1,1.0,True
76810-79010-1,Line,76810,79010,0.0008247600000000001,1212.473931810466,0.0,103.0,False,2030-01-17 22:00:00,40.19237376980662,39.02172210660837,17.51220986655714,0,1,,True
76810-79010-2,Line,76810,79010,0.0008247600000000001,1212.473931810466,0.0,103.0,False,2030-01-17 22:00:00,40.19237376980662,39.02172210660837,17.51220986655714,0,1,,True
76810-87510-1,Line,76810,87510,0.00030890000000000003,3237.2936225315634,0.0,200.0,False,2030-01-15 03:00:00,57.23378411659081,28.616892058295406,7.521317590812029,0,1,,True
76810-87510-2,Line,76810,87510,0.0003065,3262.642740619902,0.0,225.0,False,2030-01-15 03:00:00,57.68194425322983,25.636419668102146,6.73796629705083,0,1,,True
77010-90011-1,Line,77010,90011,0.0001448,6906.077348066298,0.0,113.0,False,2030-01-20 09:00:00,31.89471455815468,28.22541111341122,8.123863191490432,0,1,,True
77010-90011-2,Line,77010,90011,0.0001448,6906.077348066298,0.0,113.0,False,2030-01-20 09:00:00,31.89471455815468,28.22541111341122,8.123863191490432,0,1,,True
77010-90011-3,Line,77010,90011,0.000136,7352.941176470588,0.0,126.0,False,2030-01-20 09:00:00,33.95849020603544,26.95118270320273,7.757113625376038,0,1,,True
77010-90310-1,Line,77010,90310,0.000698,1432.6647564469913,0.0,193.0,False,2030-01-20 09:00:00,-87.46001240253587,45.31606860235019,24.33663392480422,0,-1,,False
77010-90310-2,Line,77010,90310,0.0006838,1462.4159110851126,0.0,193.0,False,2030-01-20 09:00:00,-89.27623377737639,46.25711594682714,24.84201591037339,0,-1,,False
77210-77211-1,Line,77210,77211,2.24e-05,44642.857142857145,0.0,50.0,False,2030-01-17 19:00:00,-41.99999999999573,83.99999999999146,20.639075048071838,0,-1,1.0,True
77210-77212-1,Line,77210,77212,2.688e-05,37202.380952380954,0.0,60.0,False,2030-01-20 01:00:00,-46.387986720439706,77.31331120073285,28.597874338492304,0,-1,1.0,True
77511-77512-1,Line,77511,77512,1.0000000000000002e-06,999999.9999999999,0.0,322.0,False,2030-01-20 10:00:00,-51.50028721926154,15.993878018404203,9.12522681086651,0,-1,,False
77511-77512-2,Line,77511,77512,1.0000000000000002e-06,999999.9999999999,0.0,322.0,False,2030-01-20 10:00:00,-51.500287219261544,15.993878018404207,9.12522681086651,0,-1,,False
77511-90310-1,Line,77511,90310,0.00017120000000000001,5841.121495327102,0.0,178.0,False,2030-01-14 12:00:00,-33.88985324154683,19.039243394127432,8.650300659901633,0,-1,,True
77511-90310-2,Line,77511,90310,0.00023420000000000003,4269.854824935952,0.0,144.0,False,2030-01-14 12:00:00,-24.773453778620286,17.203787346264086,7.816378516390962,0,-1,,True
77512-87510-1,Line,77512,87510,0.0012375,808.080808080808,0.0,193.0,False,2030-01-20 10:00:00,-113.49264252787857,58.80447799371947,24.881701972788388,0,-1,1.0,True
77512-90310-3,Line,77512,90310,0.00019779999999999996,5055.611729019212,0.0,193.0,False,2030-01-14 12:00:00,-29.2846117816882,15.173373980149327,6.871872093280926,0,-1,,True
79510-83510-1,Line,79510,83510,0.00035402000000000003,2824.699169538444,0.0,103.0,False,2030-01-20 00:00:00,-46.8012196822474,45.43807736140524,18.824073369102248,0,-1,,True
80011-81010-1,Line,80011,81010,3.2200000000000003e-05,31055.90062111801,0.0,144.0,False,2030-01-17 18:00:00,-34.169999999965185,23.72916666664249,19.404564313251914,0,-1,,False
80012-81010-2,Line,80012,81010,3.2200000000000003e-05,31055.90062111801,0.0,144.0,False,2030-01-17 18:00:00,-51.36999999996438,35.67361111108637,29.172153022307622,0,-1,,False
80511-81510-1,Line,80511,81510,0.0006833,1463.4860237084736,0.0,90.0,False,2030-01-17 18:00:00,-20.91999999999235,23.244444444435945,19.008181934264424,0,-1,,False
80512-81510-2,Line,80512,81510,0.0006834,1463.2718759145448,0.0,90.0,False,2030-01-16 10:00:00,2.471073345944319e-11,2.7456370510492437e-11,1.287250091496391e-11,0,1,,True
80710-80711-1,Line,80710,80711,1.14e-06,877192.9824561402,0.0,144.0,False,2030-01-18 09:00:00,-2.0014480350827313e-10,1.3898944688074524e-10,4.365750011317122e-11,0,-1,,True
80710-87510-1,Line,80710,87510,0.0006681399999999999,1496.6923099949115,0.0,200.0,False,2030-01-19 17:00:00,-54.477223354538566,27.23861167726928,5.696003463986613,0,-1,,True
80710-90310-1,Line,80710,90310,0.0016123599999999997,620.2088863529237,0.0,200.0,False,2030-01-20 10:00:00,86.1810832215335,43.09054161076675,15.886961393164967,0,1,,True
81010-81011-1,Line,81010,81011,1.0000000000000002e-06,999999.9999999999,0.0,295.0,False,2030-01-17 18:00:00,-99.06538164975353,33.581485305001195,25.78102901298123,0,-1,,False
81010-81031-1,Line,81010,81031,2.3e-05,43478.260869565216,0.0,140.0,False,2030-01-16 10:00:00,-7.924993994379292e-11,5.660709995985208e-11,2.6675008185751574e-11,0,-1,,True
81010-84011-1,Line,81010,84011,0.00026470000000000004,3777.8617302606717,0.0,103.0,False,2030-01-17 21:00:00,47.56222169170549,46.17691426379174,28.725002501952584,0,1,,False
81010-84012-2,Line,81010,84012,0.000263,3802.2813688212927,0.0,100.0,False,2030-01-19 01:00:00,-31.077752489325338,31.077752489325338,20.35069735977065,0,-1,,False
81020-86220-1,Line,81020,86220,0.000188,5319.148936170213,0.0,881.0,False,2030-01-16 17:00:00,-233.7791744468335,26.535661117688253,15.901645626971344,0,-1,,False
81510-81511-1,Line,81510,81511,1.3100000000000002e-05,76335.87786259541,0.0,144.0,False,2030-01-18 19:00:00,1.0913164816273024e-10,7.578586677967378e-11,4.743771521013882e-11,0,1,,False
81510-87900-1,Line,81510,87900,0.0013303000000000002,751.7101405697962,0.0,193.0,False,2030-01-20 16:00:00,-87.6107832275221,45.394188200788655,10.552181701738936,0,-1,,True
81510-87901-1,Line,81510,87901,0.00041247,2424.418745605741,0.0,195.0,False,2030-01-20 16:00:00,-60.26397648966705,30.904603328034387,9.6351156744113,0,-1,,True
81511-81512-1,Line,81511,81512,0.000312,3205.128205128205,0.0,156.0,False,2030-01-16 10:00:00,-2.304638424543981e-11,1.4773323234256286e-11,5.505475178028261e-12,0,-1,,True
81520-82020-1,Line,81520,82020,0.00012140000000000001,8237.232289950576,0.0,881.0,False,2030-01-19 01:00:00,-87.03742319980205,9.87938969350761,4.100786866636793,0,-1,,True
81520-82020-2,Line,81520,82020,0.00012140000000000001,8237.232289950576,0.0,881.0,False,2030-01-19 01:00:00,-87.03742319980205,9.87938969350761,4.100786866636793,0,-1,,True
81520-85020-1,Line,81520,85020,0.0001302,7680.491551459294,0.0,881.0,False,2030-01-19 01:00:00,-122.234398501519,13.87450607281714,4.645878687639588,0,-1,,True
81810-89210-1,Line,81810,89210,0.00018219999999999998,5488.474204171241,0.0,124.0,False,2030-01-16 17:00:00,-57.595387901335094,46.44789346881863,18.000367302039695,0,-1,,False
81810-89510-1,Line,81810,89510,0.00036740000000000004,2721.829069134458,0.0,166.0,False,2030-01-16 02:00:00,56.11881484650981,33.80651496777699,9.760546612792782,0,1,,True
82020-90020-1,Line,82020,90020,0.0003389,2950.7229271171436,0.0,881.0,False,2030-01-16 17:00:00,149.33717994924643,16.95087173090198,6.240246418995649,0,1,,True
84011-90011-1,Line,84011,90011,0.0010591999999999997,944.1087613293054,0.0,103.0,False,2030-01-18 17:00:00,-42.480871334715054,41.243564402635975,30.779151609844245,0,-1,,False
84012-90011-2,Line,84012,90011,0.0010022,997.8048293753742,0.0,100.0,False,2030-01-19 01:00:00,-31.077752489321057,31.07775248932106,20.350697359755415,0,-1,,False
85020-90320-1,Line,85020,90320,0.0001098,9107.468123861567,0.0,881.0,False,2030-01-16 17:00:00,252.02591344225104,28.606800617735644,9.567008964698738,0,1,,True
85020-90320-2,Line,85020,90320,0.0001098,9107.468123861567,0.0,881.0,False,2030-01-16 17:00:00,252.02591344225104,28.606800617735644,9.567008964698738,0,1,,True
85510-87510-1,Line,85510,87510,0.0011321999999999999,883.2361773538245,0.0,157.0,False,2030-01-20 08:00:00,107.3820999009737,68.39624197514247,22.977082957184784,0,1,1.0,False
86511-90012-1,Line,86511,90012,0.0008039999999999999,1243.7810945273634,0.0,103.0,False,2030-01-16 10:00:00,1.7375587080259436e-11,1.6869502019669356e-11,7.538151671308867e-12,0,1,,True
86512-90012-2,Line,86512,90012,0.0008039999999999999,1243.7810945273634,0.0,103.0,False,2030-01-17 16:00:00,-82.84885374385105,80.43578033383596,63.16506862956624,0,-1,1.0,False
87510-89510-1,Line,87510,89510,0.0012265,815.3281695882594,0.0,124.0,False,2030-01-19 04:00:00,-62.72352497142484,50.58348788018132,21.970484718074403,0,-1,1.0,True
87510-89510-2,Line,87510,89510,0.0012469,801.9889325527307,0.0,103.0,False,2030-01-19 04:00:00,-61.69733208553418,59.90032241313998,26.017168315932732,0,-1,1.0,True
87510-90210-1,Line,87510,90210,0.0007344999999999999,1361.4703880190607,0.0,193.0,False,2030-01-20 01:00:00,79.04529092750683,40.956109288863644,11.521616017454384,0,1,,True
87900-87901-1,Line,87900,87901,0.0007231099999999999,1382.915462377785,0.0,235.0,False,2030-01-20 16:00:00,126.80165195458456,53.958149767908324,15.792074749006593,0,1,1.0,True
90011-90012-1,Line,90011,90012,1.0000000000000002e-06,999999.9999999999,0.0,652.0,False,2030-01-20 14:00:00,67.60114583658846,10.368273901317249,6.355804619156599,0,1,,False
90011-90511-1,Line,90011,90511,0.00042439999999999996,2356.26767200754,0.0,113.0,False,2030-01-17 18:00:00,73.74999999999648,65.2654867256606,53.093755711017444,0,1,1.0,False
90011-90512-2,Line,90011,90512,0.00042439999999999996,2356.26767200754,0.0,113.0,False,2030-01-16 10:00:00,-1.4505049938939862e-11,1.2836327379592799e-11,5.862379422439982e-12,0,-1,,True
90020-90420-1,Line,90020,90420,8.62e-05,11600.92807424594,0.0,881.0,False,2030-01-20 18:00:00,-165.39764395234985,18.773852889029495,10.994603085948967,0,-1,,False
90020-90420-2,Line,90020,90420,8.62e-05,11600.92807424594,0.0,881.0,False,2030-01-20 18:00:00,-165.39764395234985,18.773852889029495,10.994603085948967,0,-1,,False
90210-90310-1,Line,90210,90310,0.0008196999999999999,1219.9585214102722,0.0,193.0,False,2030-01-20 10:00:00,129.03083050278966,66.85535259211899,26.15581279443443,0,1,1.0,True
90310-90331-1,Line,90310,90331,7.259999999999999e-06,137741.04683195593,0.0,144.0,False,2030-01-16 10:00:00,-2.997190828857299e-10,2.081382520039791e-10,9.928827954936528e-11,0,-1,,True
90320-90420-1,Line,90320,90420,2.27e-05,44052.86343612335,0.0,881.0,False,2030-01-20 14:00:00,259.37552818353015,29.441036116178225,9.182242666582487,0,1,,True
90320-90420-2,Line,90320,90420,2.27e-05,44052.86343612335,0.0,881.0,False,2030-01-20 14:00:00,259.37552818353015,29.441036116178225,9.182242666582487,0,1,,True
T1742-17431-1,Transformer,1742,17431,0.00029,3448.2758620689656,0.0,350.0,False,2030-01-15 18:00:00,155.6663545890257,44.4761013111502,22.95060952475972,0,1,,False
T3662-36671-1,Transformer,3662,36671,4.3711340206185565e-05,22877.35849056604,0.0,582.0,False,2030-01-15 04:00:00,582.0000000000091,100.00000000000155,92.32268492122786,75,1,0.9820359281437125,True
T54640-54630-1,Transformer,54640,54630,4.1237113402061855e-05,24250.0,0.0,582.0,False,2030-01-15 02:00:00,582.0000000000088,100.0000000000015,82.75144874998566,4,1,0.8742138364779874,True
T79010-79015-1,Transformer,79010,79015,0.000213,4694.835680751174,0.05235987755982989,125.0,True,2030-01-15 08:00:00,-54.87266307638694,43.89813046110955,15.153495876201598,0,-1,,True
T79015-79016-1,Transformer,79015,79016,0.00020738958,4821.843026057529,0.0,125.0,False,2030-01-15 08:00:00,-54.87266307636601,43.89813046109281,15.153495876197903,0,-1,,True
T79015-79017-1,Transformer,79015,79017,0.00099,1010.1010101010102,0.0,125.0,False,2030-01-20 15:00:00,-1.7249490030790682e-11,1.3799592024632546e-11,7.018337253230968e-12,0,-1,,True
T86220-86280-1,Transformer,86220,86280,0.0007141437499999999,1400.2783053131811,0.0,100.0,False,2030-01-16 10:00:00,-1.0971126784831142e-11,1.0971126784831142e-11,4.358469670862659e-12,0,-1,,True
T86220-86280-2,Transformer,86220,86280,0.0007141437499999999,1400.2783053131811,0.0,100.0,False,2030-01-16 10:00:00,-1.0971126784831142e-11,1.0971126784831142e-11,4.358469670862659e-12,0,-1,,True
T89510-89515-1,Transformer,89510,89515,0.000213,4694.835680751174,0.29670597283903605,125.0,True,2030-01-18 19:00:00,-123.00000000050682,98.40000000040546,92.15062900241658,0,-1,1.0,False
T89515-89516-1,Transformer,89515,89516,0.00022157324999999998,4513.180178563975,0.0,125.0,False,2030-01-18 19:00:00,-123.00000000046064,98.40000000036852,92.15062900239387,0,-1,1.0,False
T89515-89517-1,Transformer,89515,89517,0.00099,1010.1010101010102,0.0,125.0,False,2030-01-16 10:00:00,-2.245349739471436e-11,1.796279791577149e-11,7.898214897964155e-12,0,-1,,True
T1072-1041-10421-2-w1,Transformer,star:1072-1041-10421-2,1072,0.0011149999999999999,896.8609865470853,-0.0,125.0,False,2030-01-17 18:00:00,-57.47345468222576,45.978763745780604,27.92561822317242,0,-1,,False
T1072-1041-10421-2-w2,Transformer,star:1072-1041-10421-2,1041,0.00012499999999999998,8000.000000000002,-0.0,999.0,False,2030-01-17 18:00:00,57.47345468222824,5.753098566789613,3.494196474371917,0,1,,False
T1122-1121-11221-1-w1,Transformer,star:1122-1121-11221-1,1122,0.000506,1976.284584980237,-0.0,250.0,False,2030-01-14 18:00:00,-66.80431081330417,26.721724325321667,9.940777146104741,0,-1,,True
T1122-1121-11221-1-w2,Transformer,star:1122-1121-11221-1,1121,0.00012500000000000003,7999.999999999998,-0.0,999.0,False,2030-01-14 18:00:00,66.80431081332415,6.687118199531946,2.4876819684961493,0,1,,True
T1122-1121-11222-2-w1,Transformer,star:1122-1121-11222-2,1122,0.000506,1976.284584980237,-0.0,250.0,False,2030-01-14 18:00:00,-66.80431081330362,26.721724325321443,9.94077714610454,0,-1,,True
T1122-1121-11222-2-w2,Transformer,star:1122-1121-11222-2,1121,0.00012500000000000003,7999.999999999998,-0.0,999.0,False,2030-01-14 18:00:00,66.80431081332642,6.687118199532175,2.487681968496355,0,1,,True
T1212-1211-12121-1-w1,Transformer,star:1212-1211-12121-1,1212,0.0005123511445825086,1951.7864077669897,-0.0,250.0,False,2030-01-18 13:00:00,178.53920773603878,71.4156830944155,37.22043822145209,0,1,1.0,True
T1212-1211-12121-1-w2,Transformer,star:1212-1211-12121-1,1211,0.00012500000000000003,7999.999999999998,-0.0,999.0,False,2030-01-18 13:00:00,-178.5392077359803,17.871792566164196,9.314423979339367,0,-1,,True
T1212-12111-12122-2-w1,Transformer,star:1212-12111-12122-2,1212,0.0005123511445825086,1951.7864077669897,-0.0,250.0,False,2030-01-18 13:00:00,178.48048314298345,71.39219325719338,37.20810748299612,0,1,1.0,True
T1212-12111-12122-2-w2,Transformer,star:1212-12111-12122-2,12111,0.00012500000000000003,7999.999999999998,-0.0,999.0,False,2030-01-18 13:00:00,-178.48048314292558,17.865914228521078,9.311338208954972,0,-1,,True
T1244-1243-12402-1-w1,Transformer,star:1244-1243-12402-1,1244,9.176084226794166e-05,10897.894736842105,-0.0,999.0,False,2030-01-18 19:00:00,-2.4476764365344295e-10,2.450126563097527e-11,1.0769190533648349e-11,0,-1,,True
T1244-1243-12402-1-w2,Transformer,star:1244-1243-12402-1,1243,0.00012499999999999998,8000.000000000002,-0.0,999.0,False,2030-01-20 08:00:00,-1.1859334000940969e-10,1.1871205206147116e-11,5.216937115491262e-12,0,-1,,True
T1472-1471-14721-1-w1,Transformer,star:1472-1471-14721-1,1472,0.000521,1919.3857965451057,-0.0,250.0,False,2030-01-17 18:00:00,-103.10000000009255,41.24000000003702,33.72407651402098,0,-1,,False
T1472-1471-14721-1-w2,Transformer,star:1472-1471-14721-1,1471,0.00012500000000000003,7999.999999999998,-0.0,999.0,False,2030-01-17 18:00:00,103.10000000010162,10.320320320330492,8.43945858709393,0,1,,False
T1472-1471-14722-2-w1,Transformer,star:1472-1471-14722-2,1472,0.000521,1919.3857965451057,-0.0,250.0,False,2030-01-17 18:00:00,-103.10000000009269,41.24000000003708,33.72407651402095,0,-1,,False
T1472-1471-14722-2-w2,Transformer,star:1472-1471-14722-2,1471,0.00012500000000000003,7999.999999999998,-0.0,999.0,False,2030-01-17 18:00:00,103.10000000010103,10.320320320330435,8.439458587093949,0,1,,False
T1474-1472-14723-1-w1,Transformer,star:1474-1472-14723-1,1474,0.000521,1919.3857965451057,-0.0,500.0,False,2030-01-16 10:00:00,-174.94722852132395,34.98944570426479,15.051961539561365,0,-1,,True
T1474-1472-14723-1-w2,Transformer,star:1474-1472-14723-1,1472,0.00012500000000000003,7999.999999999998,-0.0,999.0,False,2030-01-16 10:00:00,174.9472285213427,17.51223508722149,7.533514284065794,0,1,,True
T1602-1601-16022-1-w1,Transformer,star:1602-1601-16022-1,1602,0.000522,1915.7088122605364,-0.0,250.0,False,2030-01-17 17:00:00,-72.61440304993002,29.045761219972004,8.182416614153476,0,-1,,True
T1602-1601-16022-1-w2,Transformer,star:1602-1601-16022-1,1601,0.00012499999999999998,8000.000000000002,-0.0,999.0,False,2030-01-17 17:00:00,72.61440304997659,7.26870901401167,2.047651805344749,0,1,,True
T1602-16011-16021-1-w1,Transformer,star:1602-16011-16021-1,1602,0.000522,1915.7088122605364,-0.0,250.0,False,2030-01-17 17:00:00,-72.60802330761804,29.043209323047215,8.184970526700246,0,-1,,True
T1602-16011-16021-1-w2,Transformer,star:1602-16011-16021-1,16011,0.00012499999999999998,8000.000000000002,-0.0,999.0,False,2030-01-17 17:00:00,72.60802330766084,7.268070401167252,2.0482909225983637,0,1,,True
T1642-1641-16421-1-w1,Transformer,star:1642-1641-16421-1,1642,0.0005059999999999999,1976.2845849802375,-0.0,238.0,False,2030-01-18 13:00:00,88.2358776927298,37.07389819022261,15.43419945932687,0,1,,True
T1642-1641-16421-1-w2,Transformer,star:1642-1641-16421-1,1641,0.00012500000000000003,7999.999999999998,-0.0,999.0,False,2030-01-18 13:00:00,-88.23587769274324,8.832420189463788,3.6770164878081886,0,-1,,True
T1642-1641-16422-2-w1,Transformer,star:1642-1641-16422-2,1642,0.000506,1976.284584980237,-0.0,250.0,False,2030-01-18 13:00:00,88.23587769272949,35.2943510770918,14.69335788527932,0,1,,True
T1642-1641-16422-2-w2,Transformer,star:1642-1641-16422-2,1641,0.00012500000000000003,7999.999999999998,-0.0,999.0,False,2030-01-18 13:00:00,-88.2358776927445,8.832420189463914,3.677016487808047,0,-1,,True
T1642-16411-16424-4-w1,Transformer,star:1642-16411-16424-4,1642,0.0012070000000000002,828.500414250207,-0.0,175.0,False,2030-01-18 13:00:00,41.7680711358699,23.867469220497085,9.936243516891517,0,1,,True
T1642-16411-16424-4-w2,Transformer,star:1642-16411-16424-4,16411,0.00012499999999999998,8000.000000000002,-0.0,999.0,False,2030-01-18 13:00:00,-41.76807113586454,4.180988101688142,1.740583198654538,0,-1,,True
T1742-1741-17421-1-w1,Transformer,star:1742-1741-17421-1,1742,0.000521,1919.3857965451057,-0.0,250.0,False,2030-01-17 18:00:00,-69.09500000003644,27.63800000001457,22.60101907598732,0,-1,,False
T1742-1741-17421-1-w2,Transformer,star:1742-1741-17421-1,1741,0.00012500000000000003,7999.999999999998,-0.0,999.0,False,2030-01-17 18:00:00,69.09500000004195,6.916416416420615,5.655910679677803,0,1,,False
T1742-1741-17422-2-w1,Transformer,star:1742-1741-17422-2,1742,0.000521,1919.3857965451057,-0.0,250.0,False,2030-01-17 18:00:00,-69.09500000003614,27.638000000014458,22.601019075987264,0,-1,,False
T1742-1741-17422-2-w2,Transformer,star:1742-1741-17422-2,1741,0.00012500000000000003,7999.999999999998,-0.0,999.0,False,2030-01-17 18:00:00,69.09500000004321,6.916416416420742,5.65591067967786,0,1,,False
T1742-17411-17423-3-w1,Transformer,star:1742-17411-17423-3,1742,0.000521,1919.3857965451057,-0.0,250.0,False,2030-01-14 11:00:00,-73.41739601883101,29.366958407532408,14.22836853795532,0,-1,,True
T1742-17411-17423-3-w2,Transformer,star:1742-17411-17423-3,17411,0.00012500000000000003,7999.999999999998,-0.0,999.0,False,2030-01-14 11:00:00,73.41739601883307,7.349088690573881,3.5606527872772444,0,1,,True
T1742-17411-17424-4-w1,Transformer,star:1742-17411-17424-4,1742,0.000506,1976.284584980237,-0.0,250.0,False,2030-01-14 11:00:00,-75.16265899867615,30.06506359947046,14.566602338382085,0,-1,,True
T1742-17411-17424-4-w2,Transformer,star:1742-17411-17424-4,17411,0.00012500000000000003,7999.999999999998,-0.0,999.0,False,2030-01-14 11:00:00,75.16265899867942,7.523789689557499,3.6452958804772035,0,1,,True
T2002-2001-20021-1-w1,Transformer,star:2002-2001-20021-1,2002,0.000515,1941.7475728155339,-0.0,250.0,False,2030-01-17 19:00:00,-97.99492934024114,39.19797173609646,10.740138210968315,0,-1,,True
T2002-2001-20021-1-w2,Transformer,star:2002-2001-20021-1,2001,0.00012500000000000003,7999.999999999998,-0.0,999.0,False,2030-01-17 19:00:00,97.99492934024948,9.80930223626121,2.68772227501924,0,1,,True
T2042-2041-20421-1-w1,Transformer,star:2042-2041-20421-1,2042,0.0004902,2039.983680130559,-0.0,250.0,False,2030-01-17 21:00:00,-147.29529859795645,58.91811943918258,37.00172274523886,0,-1,1.0,False
T2042-2041-20421-1-w2,Transformer,star:2042-2041-20421-1,2041,0.00012499999999999998,8000.000000000002,-0.0,999.0,False,2030-01-17 21:00:00,147.2952985979664,14.74427413393057,9.25969037668838,0,1,,False
T2042-20416-20424-4-w1,Transformer,star:2042-20416-20424-4,2042,0.0004849999999999999,2061.855670103093,-0.0,250.0,False,2030-01-16 10:00:00,4.454883684168465e-11,1.781953473667386e-11,9.102770433451993e-12,0,1,,False
T2042-20416-20424-4-w2,Transformer,star:2042-20416-20424-4,20416,0.000125,8000.0,-0.0,999.0,False,2030-01-16 10:00:00,-1.9809875961840362e-11,1.982970566750787e-12,1.0734600317036013e-12,0,-1,,False
T2052-2041-20422-2-w1,Transformer,star:2052-2041-20422-2,2052,0.0004849999999999999,2061.855670103093,-0.0,250.0,False,2030-01-17 21:00:00,-148.47350234160353,59.389400936641415,37.33084176967025,0,-1,1.0,False
T2052-2041-20422-2-w2,Transformer,star:2052-2041-20422-2,2041,0.000125,8000.0,-0.0,999.0,False,2030-01-17 21:00:00,148.4735023416128,14.86221244660789,9.342052494914233,0,1,,False
T2204-2202-22021-1-w1,Transformer,star:2204-2202-22021-1,2204,0.000192,5208.333333333333,-0.0,500.0,False,2030-01-20 18:00:00,-279.6380169185805,55.9276033837161,27.941182122998093,0,-1,1.0,True
T2204-2202-22021-1-w2,Transformer,star:2204-2202-22021-1,2202,0.00012499999999999998,8000.000000000002,-0.0,999.0,False,2030-01-20 18:00:00,279.6380169185893,27.991793485344274,13.984575637136729,0,1,,True
T2204-2202-22022-2-w1,Transformer,star:2204-2202-22022-2,2204,0.00014500000000000003,6896.551724137929,-0.0,500.0,False,2030-01-20 18:00:00,-328.315745789584,65.6631491579168,32.80501752959311,0,-1,1.0,True
T2204-2202-22022-2-w2,Transformer,star:2204-2202-22022-2,2202,0.000125,8000.0,-0.0,999.0,False,2030-01-20 18:00:00,328.31574578961124,32.8644390179791,16.41892769249061,0,1,,True
T2204-2212-22023-3-w1,Transformer,star:2204-2212-22023-3,2204,0.00014500000000000003,6896.551724137929,-0.0,500.0,False,2030-01-16 19:00:00,-9.914186138715309e-11,1.9828372277430618e-11,9.76110664619646e-12,0,-1,,True
T2204-2212-22023-3-w2,Transformer,star:2204-2212-22023-3,2212,0.000125,8000.0,-0.0,999.0,False,2030-01-16 10:00:00,1.8781098898301707e-10,1.8799898797098805e-11,8.703214361505546e-12,0,1,,True
T2522-2521-25221-1-w1,Transformer,star:2522-2521-25221-1,2522,0.001155,865.8008658008658,-0.0,125.0,False,2030-01-18 19:00:00,-30.092857040145418,24.074285632116336,9.886415898031812,0,-1,,True
T2522-2521-25221-1-w2,Transformer,star:2522-2521-25221-1,2521,0.00012499999999999998,8000.000000000002,-0.0,999.0,False,2030-01-18 19:00:00,30.092857040161338,3.0122980020181522,1.237039026280338,0,1,,True
T2522-2521-25222-2-w1,Transformer,star:2522-2521-25222-2,2522,0.001206,829.1873963515754,-0.0,125.0,False,2030-01-18 19:00:00,-28.939787386464964,23.15182990917197,9.507597557835965,0,-1,,True
T2522-2521-25222-2-w2,Transformer,star:2522-2521-25222-2,2521,0.00012499999999999998,8000.000000000002,-0.0,999.0,False,2030-01-18 19:00:00,28.93978738649098,2.8968756142633616,1.189639334064688,0,1,,True
T2562-2561-25621-1-w1,Transformer,star:2562-2561-25621-1,2562,0.000526,1901.1406844106464,-0.0,250.0,False,2030-01-17 18:00:00,-101.89634672790518,40.75853869116207,32.72450705009889,0,-1,,False
T2562-2561-25621-1-w2,Transformer,star:2562-2561-25621-1,2561,0.00012500000000000003,7999.999999999998,-0.0,999.0,False,2030-01-17 18:00:00,101.89634672791172,10.19983450729847,8.189316078604683,0,1,,False
T2562-2571-25622-2-w1,Transformer,star:2562-2571-25622-2,2562,0.0005229999999999999,1912.0458891013386,-0.0,250.0,False,2030-01-17 18:00:00,-118.48303279060877,47.39321311624351,38.396100064917874,0,-1,,False
T2562-2571-25622-2-w2,Transformer,star:2562-2571-25622-2,2571,0.000125,8000.0,-0.0,999.0,False,2030-01-17 18:00:00,118.48303279061595,11.8601634425041,9.60863364988047,0,1,,False
T2563-2561-25624-4-w1,Transformer,star:2563-2561-25624-4,2563,0.0005129999999999999,1949.3177387914234,-0.0,250.0,False,2030-01-17 18:00:00,-103.83365327221809,41.53346130888723,33.381337979751905,0,-1,,False
T2563-2561-25624-4-w2,Transformer,star:2563-2561-25624-4,2561,0.000125,8000.0,-0.0,999.0,False,2030-01-17 18:00:00,103.83365327222317,10.393759086308627,8.353688183122255,0,1,,False
T2563-2571-25625-5-w1,Transformer,star:2563-2571-25625-5,2563,0.000515,1941.7475728155339,-0.0,250.0,False,2030-01-17 18:00:00,-119.82555361894251,47.930221447577004,38.86611309927191,0,-1,,False
T2563-2571-25625-5-w2,Transformer,star:2563-2571-25625-5,2571,0.00012500000000000003,7999.999999999998,-0.0,999.0,False,2030-01-17 18:00:00,119.82555361894983,11.99454991180679,9.72625452934842,0,1,,False
T2742-2741-27421-1-w1,Transformer,star:2742-2741-27421-1,2742,0.000506,1976.284584980237,-0.0,250.0,False,2030-01-17 19:00:00,-101.68333744612393,40.673334978449574,5.952844961133563,0,-1,,True
T2742-2741-27421-1-w2,Transformer,star:2742-2741-27421-1,2741,0.00012500000000000003,7999.999999999998,-0.0,999.0,False,2030-01-17 19:00:00,101.6833374461239,10.17851225686926,1.4897009412246078,0,1,,True
T2742-2741-27422-2-w1,Transformer,star:2742-2741-27422-2,2742,0.000506,1976.284584980237,-0.0,250.0,False,2030-01-17 19:00:00,-101.68333744612464,40.67333497844985,5.952844961133584,0,-1,,True
T2742-2741-27422-2-w2,Transformer,star:2742-2741-27422-2,2741,0.00012500000000000003,7999.999999999998,-0.0,999.0,False,2030-01-17 19:00:00,101.68333744612103,10.178512256868972,1.489700941224588,0,1,,True
T2842-2841-28421-1-w1,Transformer,star:2842-2841-28421-1,2842,0.000515,1941.7475728155339,-0.0,250.0,False,2030-01-17 21:00:00,-109.72906226910693,43.89162490764277,27.020035368161206,0,-1,,False
T2842-2841-28421-1-w2,Transformer,star:2842-2841-28421-1,2841,0.00012500000000000003,7999.999999999998,-0.0,999.0,False,2030-01-17 21:00:00,109.72906226911269,10.983890117028297,6.761770612654249,0,1,,False
T3082-3081-30822-2-w1,Transformer,star:3082-3081-30822-2,3082,0.000439,2277.904328018223,-0.0,250.0,False,2030-01-17 19:00:00,-102.76758430476363,41.10703372190545,33.60697280058366,0,-1,,False
T3082-3081-30822-2-w2,Transformer,star:3082-3081-30822-2,3081,0.00012499999999999998,8000.000000000002,-0.0,999.0,False,2030-01-17 19:00:00,102.7675843047693,10.287045475952883,8.410153353500483,0,1,,False
T3082-3091-30824-4-w1,Transformer,star:3082-3091-30824-4,3082,0.00047499999999999994,2105.263157894737,-0.0,250.0,False,2030-01-17 18:00:00,-165.51166392388828,66.20466556955532,54.1355411680679,0,-1,1.0,False
T3082-3091-30824-4-w2,Transformer,star:3082-3091-30824-4,3091,0.000125,8000.0,-0.0,999.0,False,2030-01-17 18:00:00,165.51166392389638,16.567734126516154,13.54743272474315,0,1,,False
T3192-3191-31922-1-w1,Transformer,star:3192-3191-31922-1,3192,0.000515,1941.7475728155339,-0.0,250.0,False,2030-01-19 21:00:00,104.80177727323449,41.920710909293796,23.236734158410336,0,1,,False
T3192-3191-31922-1-w2,Transformer,star:3192-3191-31922-1,3191,0.00012500000000000003,7999.999999999998,-0.0,999.0,False,2030-01-19 21:00:00,-104.80177727322007,10.490668395717725,5.81499853813958,0,-1,,True
T3192-31911-31927-2-w1,Transformer,star:3192-31911-31927-2,3192,0.000515,1941.7475728155339,-0.0,250.0,False,2030-01-19 21:00:00,104.75902415134891,41.903609660539566,23.224843984953704,0,1,,False
T3192-31911-31927-2-w2,Transformer,star:3192-31911-31927-2,31911,0.00012500000000000003,7999.999999999998,-0.0,999.0,False,2030-01-19 21:00:00,-104.75902415132967,10.486388803936904,5.812023019256128,0,-1,,True
T3202-3201-32021-1-w1,Transformer,star:3202-3201-32021-1,3202,0.000522,1915.7088122605364,-0.0,250.0,False,2030-01-17 18:00:00,-103.61549354256296,41.44619741702518,24.83044119739613,0,-1,,False
T3202-3201-32021-1-w2,Transformer,star:3202-3201-32021-1,3201,0.00012499999999999998,8000.000000000002,-0.0,999.0,False,2030-01-17 18:00:00,103.61549354250155,10.37192127552568,6.213824123464439,0,1,,False
T3203-3209-32022-2-w1,Transformer,star:3203-3209-32022-2,3203,0.0005269999999999999,1897.53320683112,-0.0,250.0,False,2030-01-17 18:00:00,-102.48411400434061,40.99364560173625,24.495250968052563,0,-1,,False
T3203-3209-32022-2-w2,Transformer,star:3203-3209-32022-2,3209,0.000125,8000.0,-0.0,999.0,False,2030-01-17 18:00:00,102.48411400427186,10.258670070497683,6.129942684689144,0,1,,False
T3204-3202-32081-1-w1,Transformer,star:3204-3202-32081-1,3204,4.4957739724658836e-05,22243.111111111102,-0.0,999.0,False,2030-01-16 10:00:00,7.463233364646271e-10,7.470704068714986e-11,4.2129599063032186e-11,0,1,,False
T3204-3202-32081-1-w2,Transformer,star:3204-3202-32081-1,3202,0.00012500000000000003,7999.999999999998,-0.0,999.0,False,2030-01-16 10:00:00,-5.97502047838816e-10,5.981001479868028e-11,3.4528898862849946e-11,0,-1,,False
T3282-3281-32823-3-w1,Transformer,star:3282-3281-32823-3,3282,0.000506,1976.284584980237,-0.0,250.0,False,2030-01-17 18:00:00,-52.9564296516806,21.18257186067224,9.036374654158998,0,-1,,True
T3282-3281-32823-3-w2,Transformer,star:3282-3281-32823-3,3281,0.00012500000000000003,7999.999999999998,-0.0,999.0,False,2030-01-17 18:00:00,52.95642965161094,5.300943909070164,2.2613550185649083,0,1,,True
T3282-32810-32824-4-w1,Transformer,star:3282-32810-32824-4,3282,0.000506,1976.284584980237,-0.0,250.0,False,2030-01-17 18:00:00,-52.97400827834924,21.189603311339695,9.039795117751758,0,-1,,True
T3282-32810-32824-4-w2,Transformer,star:3282-32810-32824-4,32810,0.00012500000000000003,7999.999999999998,-0.0,999.0,False,2030-01-17 18:00:00,52.9740082782726,5.302703531358619,2.2622109904386343,0,1,,True
T3332-3331-33321-1-w1,Transformer,star:3332-3331-33321-1,3332,0.0005123511445825086,1951.7864077669897,-0.0,250.0,False,2030-01-20 19:00:00,131.96887687485207,52.78755074994083,19.54102887093203,0,1,1.0,True
T3332-3331-33321-1-w2,Transformer,star:3332-3331-33321-1,3331,0.00012500000000000003,7999.999999999998,-0.0,999.0,False,2030-01-20 19:00:00,-131.9688768748625,13.210097785271522,4.890147365098352,0,-1,,True
T3332-3331-33323-3-w1,Transformer,star:3332-3331-33323-3,3332,0.0005123511445825086,1951.7864077669897,-0.0,250.0,False,2030-01-20 19:00:00,131.96887687485244,52.78755074994098,19.541028870931974,0,1,1.0,True
T3332-3331-33323-3-w2,Transformer,star:3332-3331-33323-3,3331,0.00012500000000000003,7999.999999999998,-0.0,999.0,False,2030-01-20 19:00:00,-131.96887687486065,13.210097785271339,4.890147365098383,0,-1,,True
T3342-3341-33421-1-w1,Transformer,star:3342-3341-33421-1,3342,0.001148404420117732,870.7733812949641,-0.0,125.0,False,2030-01-17 19:00:00,-42.04495919876512,33.6359673590121,9.80573281707173,0,-1,,True
T3342-3341-33421-1-w2,Transformer,star:3342-3341-33421-1,3341,0.00012499999999999998,8000.000000000002,-0.0,999.0,False,2030-01-17 19:00:00,42.044959198770904,4.208704624501592,1.2269435456810478,0,1,,True
T3342-3341-33422-2-w1,Transformer,star:3342-3341-33422-2,3342,0.001148404420117732,870.7733812949641,-0.0,125.0,False,2030-01-17 19:00:00,-42.044959198765234,33.635967359012184,9.805732817071778,0,-1,,True
T3342-3341-33422-2-w2,Transformer,star:3342-3341-33422-2,3341,0.00012499999999999998,8000.000000000002,-0.0,999.0,False,2030-01-17 19:00:00,42.04495919876983,4.208704624501484,1.2269435456809787,0,1,,True
T3462-3461-34621-1-w1,Transformer,star:3462-3461-34621-1,3462,0.000506,1976.284584980237,-0.0,250.0,False,2030-01-20 22:00:00,106.6031400194394,42.64125600777576,22.426086623382986,0,1,,True
T3462-3461-34621-1-w2,Transformer,star:3462-3461-34621-1,3461,0.00012500000000000003,7999.999999999998,-0.0,999.0,False,2030-01-20 22:00:00,-106.60314001957123,10.670984986944067,5.61213378964439,0,-1,,True
T3462-3461-34622-2-w1,Transformer,star:3462-3461-34622-2,3462,0.000506,1976.284584980237,-0.0,250.0,False,2030-01-20 22:00:00,106.6031400194377,42.64125600777508,22.426086623382314,0,1,,True
T3462-3461-34622-2-w2,Transformer,star:3462-3461-34622-2,3461,0.00012500000000000003,7999.999999999998,-0.0,999.0,False,2030-01-20 22:00:00,-106.60314001957789,10.670984986944735,5.612133789645065,0,-1,,True
T3464-3462-34641-1-w1,Transformer,star:3464-3462-34641-1,3464,0.00014500000000000003,6896.551724137929,-0.0,500.0,False,2030-01-20 09:00:00,499.99999999900143,99.99999999980028,62.72831108943632,20,1,1.0,False
T3464-3462-34641-1-w2,Transformer,star:3464-3462-34641-1,3462,0.000125,8000.0,-0.0,500.0,False,2030-01-20 09:00:00,-499.9999999990692,99.99999999981384,62.72831108944482,20,-1,1.0,False
T3472-3471-34721-1-w1,Transformer,star:3472-3471-34721-1,3472,0.000521,1919.3857965451057,-0.0,250.0,False,2030-01-17 18:00:00,-116.47999999998143,46.591999999992574,38.100683145947606,0,-1,,False
T3472-3471-34721-1-w2,Transformer,star:3472-3471-34721-1,3471,0.00012500000000000003,7999.999999999998,-0.0,999.0,False,2030-01-17 18:00:00,116.47999999998824,11.659659659658482,9.534705491979935,0,1,,False
T3472-3471-34722-2-w1,Transformer,star:3472-3471-34722-2,3472,0.000521,1919.3857965451057,-0.0,250.0,False,2030-01-17 18:00:00,-116.47999999998156,46.59199999999262,38.10068314594769,0,-1,,False
T3472-3471-34722-2-w2,Transformer,star:3472-3471-34722-2,3471,0.00012500000000000003,7999.999999999998,-0.0,999.0,False,2030-01-17 18:00:00,116.47999999998807,11.659659659658466,9.534705491979867,0,1,,False
T3472-3471-34723-3-w1,Transformer,star:3472-3471-34723-3,3472,0.000521,1919.3857965451057,-0.0,250.0,False,2030-01-17 18:00:00,-116.47999999998156,46.59199999999262,38.10068314594764,0,-1,,False
T3472-3471-34723-3-w2,Transformer,star:3472-3471-34723-3,3471,0.00012500000000000003,7999.999999999998,-0.0,999.0,False,2030-01-17 18:00:00,116.47999999998804,11.659659659658463,9.534705491979922,0,1,,False
T3472-3471-34724-4-w1,Transformer,star:3472-3471-34724-4,3472,0.000521,1919.3857965451057,-0.0,250.0,False,2030-01-17 18:00:00,-116.47999999998147,46.59199999999259,38.10068314594761,0,-1,,False
T3472-3471-34724-4-w2,Transformer,star:3472-3471-34724-4,3471,0.00012500000000000003,7999.999999999998,-0.0,999.0,False,2030-01-17 18:00:00,116.47999999998834,11.659659659658491,9.534705491979954,0,1,,False
T3522-3521-35221-1-w1,Transformer,star:3522-3521-35221-1,3522,0.0012471561530506723,801.8242122719734,-0.0,125.0,False,2030-01-17 21:00:00,-43.24441617380701,34.59553293904561,20.140099429194404,0,-1,,False
T3522-3521-35221-1-w2,Transformer,star:3522-3521-35221-1,3521,0.00012499999999999998,8000.000000000002,-0.0,999.0,False,2030-01-17 21:00:00,43.244416173813434,4.328770387769112,2.5200324611118745,0,1,,False
T3522-3521-35223-3-w1,Transformer,star:3522-3521-35223-3,3522,0.001239917269906929,806.5054211843201,-0.0,125.0,False,2030-01-17 21:00:00,-43.47376434179015,34.77901147343212,20.246913101704603,0,-1,,False
T3522-3521-35223-3-w2,Transformer,star:3522-3521-35223-3,3521,0.00012499999999999984,8000.00000000001,-0.0,999.0,False,2030-01-17 21:00:00,43.47376434179586,4.351728162341927,2.533397535249757,0,1,,False
T3522-35211-35222-2-w1,Transformer,star:3522-35211-35222-2,3522,0.001239917269906929,806.5054211843201,-0.0,125.0,False,2030-01-17 21:00:00,-40.15170020559801,32.12136016447841,18.550901783237595,0,-1,,False
T3522-35211-35222-2-w2,Transformer,star:3522-35211-35222-2,35211,0.00012499999999999984,8000.00000000001,-0.0,999.0,False,2030-01-17 21:00:00,40.15170020560352,4.019189209770122,2.3211839068128497,0,1,,False
T3522-35211-35224-4-w1,Transformer,star:3522-35211-35224-4,3522,0.000515,1941.7475728155339,-0.0,250.0,False,2030-01-17 21:00:00,-85.63085785429078,34.25234314171631,19.781598606475146,0,-1,,False
T3522-35211-35224-4-w2,Transformer,star:3522-35211-35224-4,35211,0.00012500000000000003,7999.999999999998,-0.0,999.0,False,2030-01-17 21:00:00,85.63085785429783,8.571657442872656,4.95035000162178,0,1,,False
T3522-35231-35236-1-w1,Transformer,star:3522-35231-35236-1,3522,0.0001725838264299803,5794.285714285714,-0.0,300.0,False,2030-01-19 01:00:00,-115.99450885825068,38.664836286083556,12.451241969560044,0,-1,,True
T3522-35231-35236-1-w2,Transformer,star:3522-35231-35236-1,35231,0.000125,8000.0,-0.0,999.0,False,2030-01-19 01:00:00,115.99450885825546,11.611061947773319,3.739111702570825,0,1,,True
T3522-35231-35238-3-w1,Transformer,star:3522-35231-35238-3,3522,0.00017554240631163705,5696.629213483147,-0.0,300.0,False,2030-01-19 01:00:00,-114.85264330755365,38.28421443585122,12.328670268465093,0,-1,,True
T3522-35231-35238-3-w2,Transformer,star:3522-35231-35238-3,35231,0.00012499999999999998,8000.000000000002,-0.0,999.0,False,2030-01-19 01:00:00,114.85264330755975,11.496761091847823,3.702303383923707,0,1,,True
T3522-35232-35237-2-w1,Transformer,star:3522-35232-35237-2,3522,2.4654832347140045e-05,40559.99999999999,-0.0,600.0,False,2030-01-19 01:00:00,-230.76567942684622,38.46094657114104,12.3855833396595,0,-1,,True
T3522-35232-35237-2-w2,Transformer,star:3522-35232-35237-2,35232,0.000125,8000.0,-0.0,999.0,False,2030-01-19 01:00:00,230.76567942681024,23.099667610291316,7.438788792587508,0,1,,True
T3554-3550-35542-2-w1,Transformer,star:3554-3550-35542-2,3554,0.000595,1680.672268907563,-0.0,500.0,False,2030-01-16 19:00:00,1.6662449198179274e-11,3.3324898396358546e-12,1.1533351698550158e-12,0,1,,True
T3554-3550-35542-2-w2,Transformer,star:3554-3550-35542-2,3550,0.00012499999999999998,8000.000000000002,-0.0,999.0,False,2030-01-16 19:00:00,-1.3695322653717312e-11,1.3709031685402715e-12,5.014766404095103e-13,0,-1,,True
T3554-3551-35541-1-w1,Transformer,star:3554-3551-35541-1,3554,0.000595,1680.672268907563,-0.0,500.0,False,2030-01-17 15:00:00,-134.15755771634923,26.831511543269848,8.650852553899748,0,-1,,True
T3554-3551-35541-1-w2,Transformer,star:3554-3551-35541-1,3551,0.00012499999999999998,8000.000000000002,-0.0,999.0,False,2030-01-17 15:00:00,134.15755771635435,13.429184956592028,4.32975603298339,0,1,,True
T3642-3641-36421-1-w1,Transformer,star:3642-3641-36421-1,3642,0.000515,1941.7475728155339,-0.0,250.0,False,2030-01-18 11:00:00,56.389266131954535,22.555706452781816,9.299334402250407,0,1,,True
T3642-3641-36421-1-w2,Transformer,star:3642-3641-36421-1,3641,0.00012500000000000003,7999.999999999998,-0.0,999.0,False,2030-01-18 11:00:00,-56.38926613194008,5.644571184378386,2.3271607613238756,0,-1,,True
T3842-3851-38423-3-w1,Transformer,star:3842-3851-38423-3,3842,0.0011990000000000002,834.0283569641366,-0.0,125.0,False,2030-01-17 19:00:00,-46.810794139249616,37.44863531139969,21.136397887002122,0,-1,,False
T3842-3851-38423-3-w2,Transformer,star:3842-3851-38423-3,3851,0.00012499999999999984,8000.00000000001,-0.0,999.0,False,2030-01-17 19:00:00,46.81079413924205,4.685765179103308,2.6446944303042135,0,1,,False
T3842-3851-38424-4-w1,Transformer,star:3842-3851-38424-4,3842,0.000515,1941.7475728155339,-0.0,250.0,False,2030-01-17 19:00:00,-96.839830375571,38.7359321502284,21.86296156436689,0,-1,,False
T3842-3851-38424-4-w2,Transformer,star:3842-3851-38424-4,3851,0.00012500000000000003,7999.999999999998,-0.0,999.0,False,2030-01-17 19:00:00,96.83983037557154,9.693676714271424,5.471211602694223,0,1,,False
T3852-3841-38421-1-w1,Transformer,star:3852-3841-38421-1,3852,0.001214,823.7232289950576,-0.0,125.0,False,2030-01-17 19:00:00,-25.6821848461583,20.54574787692664,7.617154955942946,0,-1,,True
T3852-3841-38421-1-w2,Transformer,star:3852-3841-38421-1,3841,0.00012499999999999998,8000.000000000002,-0.0,999.0,False,2030-01-17 19:00:00,25.68218484616554,2.5707892738904445,0.9530974669603863,0,1,,True
T3852-3841-38422-2-w1,Transformer,star:3852-3841-38422-2,3852,0.0005149999999999999,1941.747572815534,-0.0,238.0,False,2030-01-17 19:00:00,-53.73194610782207,22.576447944463055,8.37001910944688,0,-1,,True
T3852-3841-38422-2-w2,Transformer,star:3852-3841-38422-2,3841,0.00012500000000000003,7999.999999999998,-0.0,999.0,False,2030-01-17 19:00:00,53.73194610782811,5.378573183966777,1.9940586066555854,0,1,,True
T3934-3942-39402-1-w1,Transformer,star:3934-3942-39402-1,3934,0.00014500000000000003,6896.551724137929,-0.0,500.0,False,2030-01-20 08:00:00,491.955322122147,98.3910644244294,61.59548722941002,0,1,1.0,False
T3934-3942-39402-1-w2,Transformer,star:3934-3942-39402-1,3942,0.000125,8000.0,-0.0,999.0,False,2030-01-20 08:00:00,-491.9553221221632,49.244776989205526,30.8285721868934,0,-1,,False
T3940-3941-39423-1-w1,Transformer,star:3940-3941-39423-1,3940,0.000515,1941.7475728155339,-0.0,250.0,False,2030-01-19 04:00:00,111.94240516106093,44.776962064424374,22.510411632913797,0,1,,True
T3940-3941-39423-1-w2,Transformer,star:3940-3941-39423-1,3941,0.00012500000000000003,7999.999999999998,-0.0,999.0,False,2030-01-19 04:00:00,-111.94240516111282,11.205445962073354,5.633236144383859,0,-1,,True
T3954-3942-39421-2-w1,Transformer,star:3954-3942-39421-2,3954,0.00020880245649948826,4789.215686274509,-0.0,500.0,False,2030-01-20 08:00:00,398.64755450065775,79.72951090013154,49.91319882295294,0,1,1.0,False
T3954-3942-39421-2-w2,Transformer,star:3954-3942-39421-2,3942,0.000125,8000.0,-0.0,999.0,False,2030-01-20 08:00:00,-398.6475545006597,39.904660110176145,24.98158099247057,0,-1,,False
T4384-4382-43821-1-w1,Transformer,star:4384-4382-43821-1,4384,0.00014500000000000003,6896.551724137929,-0.0,500.0,False,2030-01-20 08:00:00,400.51092752959494,80.10218550591898,54.72418824467138,0,1,1.0,False
T4384-4382-43821-1-w2,Transformer,star:4384-4382-43821-1,4382,0.000125,8000.0,-0.0,999.0,False,2030-01-20 08:00:00,-400.51092752954776,40.09118393689167,27.389483605937144,0,-1,,False
T4472-4461-44623-3-w1,Transformer,star:4472-4461-44623-3,4472,0.0004649999999999999,2150.5376344086026,-0.0,250.0,False,2030-01-17 18:00:00,-146.46206618220268,58.58482647288107,47.90783633678114,0,-1,1.0,False
T4472-4461-44623-3-w2,Transformer,star:4472-4461-44623-3,4461,0.000125,8000.0,-0.0,999.0,False,2030-01-17 18:00:00,146.46206618221038,14.660867485706744,11.988948032228572,0,1,,False
T4472-4471-44624-4-w1,Transformer,star:4472-4471-44624-4,4472,0.000484,2066.115702479339,-0.0,250.0,False,2030-01-17 18:00:00,-142.03793381739771,56.815173526959086,46.460699786067174,0,-1,1.0,False
T4472-4471-44624-4-w2,Transformer,star:4472-4471-44624-4,4471,0.000125,8000.0,-0.0,999.0,False,2030-01-17 18:00:00,142.03793381741232,14.218011393134367,11.626801748267223,0,1,,False
T4664-4662-46621-1-w1,Transformer,star:4664-4662-46621-1,4664,0.00014500000000000003,6896.551724137929,-0.0,500.0,False,2030-01-16 12:00:00,-3.025202310880104e-11,6.050404621760208e-12,2.287406795680431e-12,0,-1,,True
T4664-4662-46621-1-w2,Transformer,star:4664-4662-46621-1,4662,0.000125,8000.0,-0.0,999.0,False,2030-01-14 12:00:00,-3.1490782204102175e-11,3.152230450861078e-12,9.207275884482974e-13,0,-1,,True
T4664-4662-46622-2-w1,Transformer,star:4664-4662-46622-2,4664,0.00014500000000000003,6896.551724137929,-0.0,500.0,False,2030-01-16 12:00:00,-3.8329645013490676e-11,7.665929002698136e-12,3.146279001297885e-12,0,-1,,True
T4664-4662-46622-2-w2,Transformer,star:4664-4662-46622-2,4662,0.000125,8000.0,-0.0,999.0,False,2030-01-14 12:00:00,-3.60018265199713e-11,3.6037864384355662e-12,1.1442208351717649e-12,0,-1,,True
T4722-4721-47221-1-w1,Transformer,star:4722-4721-47221-1,4722,0.0005149999999999999,1941.747572815534,-0.0,238.0,False,2030-01-17 18:00:00,-115.69110948025177,48.609709865652,28.643512046754267,0,-1,,False
T4722-4721-47221-1-w2,Transformer,star:4722-4721-47221-1,4721,0.00012500000000000003,7999.999999999998,-0.0,999.0,False,2030-01-17 18:00:00,115.69110948024124,11.580691639663787,6.823979846972608,0,1,,False
T4722-47210-47222-2-w1,Transformer,star:4722-47210-47222-2,4722,0.000433,2309.4688221709007,-0.0,250.0,False,2030-01-17 18:00:00,-125.50663052119098,50.202652208476394,23.555295541428308,0,-1,1.0,False
T4722-47210-47222-2-w2,Transformer,star:4722-47210-47222-2,47210,0.00012500000000000003,7999.999999999998,-0.0,999.0,False,2030-01-17 18:00:00,125.50663052119161,12.563226278397558,5.8947186039612465,0,1,,False
T4942-4941-49422-2-w1,Transformer,star:4942-4941-49422-2,4942,0.0011120000000000001,899.2805755395682,-0.0,125.0,False,2030-01-16 11:00:00,72.72272896933805,58.178183175470444,22.515715635896182,0,1,1.0,True
T4942-4941-49422-2-w2,Transformer,star:4942-4941-49422-2,4941,0.00012499999999999998,8000.000000000002,-0.0,999.0,False,2030-01-16 11:00:00,-72.72272896951429,7.279552449400831,2.817281736230211,0,-1,,True
T4943-4941-49421-1-w1,Transformer,star:4943-4941-49421-1,4943,0.0011120000000000001,899.2805755395682,-0.0,125.0,False,2030-01-16 11:00:00,72.90781510599089,58.32625208479272,22.58318836679292,0,1,1.0,True
T4943-4941-49421-1-w2,Transformer,star:4943-4941-49421-1,4941,0.00012499999999999998,8000.000000000002,-0.0,999.0,False,2030-01-16 11:00:00,-72.90781510616415,7.298079590206622,2.8257242701265928,0,-1,,True
T5042-5041-50421-1-w1,Transformer,star:5042-5041-50421-1,5042,0.000515,1941.7475728155339,-0.0,250.0,False,2030-01-14 12:00:00,-84.85840451636683,33.94336180654673,11.040803947431645,0,-1,,True
T5042-5041-50421-1-w2,Transformer,star:5042-5041-50421-1,5041,0.00012500000000000003,7999.999999999998,-0.0,999.0,False,2030-01-14 12:00:00,84.8584045163742,8.494334786423844,2.762963950809147,0,1,,True
T5142-51410-51422-2-w1,Transformer,star:5142-51410-51422-2,5142,0.000429,2331.0023310023307,-0.0,238.0,False,2030-01-17 17:00:00,7.98870969376253e-11,3.3566007116649284e-11,1.1885025340638296e-11,0,1,,True
T5142-51410-51422-2-w2,Transformer,star:5142-51410-51422-2,51410,0.00012499999999999998,8000.000000000002,-0.0,999.0,False,2030-01-17 17:00:00,-9.765377395609676e-11,9.775152548157834e-12,2.810008112919606e-12,0,-1,,True
T5464-5462-54621-1-w1,Transformer,star:5464-5462-54621-1,5464,0.00020301870748299324,4925.654450261779,-0.0,500.0,False,2030-01-16 10:00:00,-236.92881134549432,47.38576226909886,19.987735720853543,0,-1,,True
T5464-5462-54621-1-w2,Transformer,star:5464-5462-54621-1,5462,0.00012500000000000003,7999.999999999998,-0.0,999.0,False,2030-01-16 10:00:00,236.92881134546798,23.716597732279077,10.003871732157688,0,1,,True
T5464-5462-54624-4-w1,Transformer,star:5464-5462-54624-4,5464,0.00020301870748299324,4925.654450261779,-0.0,500.0,False,2030-01-16 10:00:00,-236.92881134549123,47.385762269098244,19.987735720853316,0,-1,,True
T5464-5462-54624-4-w2,Transformer,star:5464-5462-54624-4,5462,0.00012500000000000003,7999.999999999998,-0.0,999.0,False,2030-01-16 10:00:00,236.92881134547298,23.716597732279578,10.003871732157869,0,1,,True
T5464-54622-54623-2-w1,Transformer,star:5464-54622-54623-2,5464,0.00014765784114052953,6772.413793103448,-0.0,550.0,False,2030-01-16 10:00:00,-283.9936255402917,51.635204643689406,21.780188286288034,0,-1,1.0,True
T5464-54622-54623-2-w2,Transformer,star:5464-54622-54623-2,54622,0.000125,8000.0,-0.0,999.0,False,2030-01-16 10:00:00,283.99362554029034,28.427790344373406,11.991094652110256,0,1,,True
T30820-3081-30821-1-w1,Transformer,star:30820-3081-30821-1,30820,0.000439,2277.904328018223,-0.0,250.0,False,2030-01-17 18:00:00,-102.53684688961548,41.01473875584619,33.543518640332366,0,-1,,False
T30820-3081-30821-1-w2,Transformer,star:30820-3081-30821-1,3081,0.00012499999999999998,8000.000000000002,-0.0,999.0,False,2030-01-17 18:00:00,102.53684688962089,10.26394863759969,8.394273934018152,0,1,,False
T30820-3091-30826-3-w1,Transformer,star:30820-3091-30826-3,30820,0.00047499999999999994,2105.263157894737,-0.0,250.0,False,2030-01-17 18:00:00,-165.3083360762512,66.12333443050048,54.07589425743169,0,-1,1.0,False
T30820-3091-30826-3-w2,Transformer,star:30820-3091-30826-3,3091,0.000125,8000.0,-0.0,999.0,False,2030-01-17 18:00:00,165.3083360762578,16.547380988614393,13.532506070429736,0,1,,False
T70510-70520-70561-1-w1,Transformer,star:70510-70520-70561-1,70510,-6.3e-05,-15873.015873015873,-0.0,240.0,False,2030-01-20 14:00:00,-56.356615061602554,23.481922942334396,6.541006464050035,0,-1,,True
T70510-70520-70561-1-w2,Transformer,star:70510-70520-70561-1,70520,0.0007039999999999999,1420.4545454545457,-0.0,240.0,False,2030-01-20 14:00:00,56.356615061543835,23.481922942309932,6.541006464057963,0,1,,True
T70510-70520-70562-1-w1,Transformer,star:70510-70520-70562-1,70510,-6.900000000000004e-05,-14492.753623188399,-0.0,240.0,False,2030-01-20 14:00:00,-56.35661506151744,23.481922942298933,6.5410064640669825,0,-1,,True
T70510-70520-70562-1-w2,Transformer,star:70510-70520-70562-1,70520,0.0007100000000000001,1408.450704225352,-0.0,240.0,False,2030-01-20 14:00:00,56.35661506153608,23.481922942306703,6.541006464059527,0,1,,True
T74511-74520-74562-1-w1,Transformer,star:74511-74520-74562-1,74511,-6.098741529525654e-05,-16396.825396825396,-0.0,240.0,False,2030-01-17 18:00:00,112.16695682138212,46.73623200890921,37.91033951990982,0,1,,False
T74511-74520-74562-1-w2,Transformer,star:74511-74520-74562-1,74520,0.0007039999999999999,1420.4545454545457,-0.0,240.0,False,2030-01-17 18:00:00,-112.16695682131316,46.736232008880485,37.91033951986181,0,-1,,False
T74511-74520-74564-1-w1,Transformer,star:74511-74520-74564-1,74511,-0.00012899999999999994,-7751.937984496128,-0.0,240.0,False,2030-01-17 18:00:00,104.68035533259476,43.61681472191448,35.38000783992574,0,1,,False
T74511-74520-74564-1-w2,Transformer,star:74511-74520-74564-1,74520,0.0008179999999999998,1222.4938875305627,-0.0,240.0,False,2030-01-17 18:00:00,-104.68035533256534,43.61681472190222,35.38000783991227,0,-1,,False
T74512-74520-74563-1-w1,Transformer,star:74512-74520-74563-1,74512,-6.098741529525654e-05,-16396.825396825396,-0.0,240.0,False,2030-01-17 18:00:00,109.71551873464449,45.71479947276853,37.08227231118554,0,1,,False
T74512-74520-74563-1-w2,Transformer,star:74512-74520-74563-1,74520,0.0007189999999999998,1390.8205841446456,-0.0,240.0,False,2030-01-17 18:00:00,-109.7155187345906,45.71479947274609,37.082272311155585,0,-1,,False
T75510-75520-75561-1-w1,Transformer,star:75510-75520-75561-1,75510,-0.0001181026137463697,-8467.213114754106,-0.0,240.0,False,2030-01-20 08:00:00,-110.53900169297034,46.057917372070975,12.927805368500358,0,-1,,True
T75510-75520-75561-1-w2,Transformer,star:75510-75520-75561-1,75520,0.0008210000000000001,1218.0267965895248,-0.0,240.0,False,2030-01-20 08:00:00,110.53900169294775,46.05791737206156,12.92780536849785,0,1,,True
T75511-75520-75562-1-w1,Transformer,star:75511-75520-75562-1,75511,-7.163601161665058e-05,-13959.45945945945,-0.0,240.0,False,2030-01-20 08:00:00,-120.95568365328349,50.39820152220146,14.14606168442203,0,-1,1.0,True
T75511-75520-75562-1-w2,Transformer,star:75511-75520-75562-1,75520,0.0007129999999999999,1402.5245441795234,-0.0,240.0,False,2030-01-20 08:00:00,120.9556836531405,50.398201522141875,14.146061684408387,0,1,1.0,True
T81010-81020-81061-1-w1,Transformer,star:81010-81020-81061-1,81010,-0.0001164999999999998,-8583.690987124479,-0.0,240.0,False,2030-01-17 18:00:00,99.20690362342239,41.33620984309266,31.734451754278563,0,1,,False
T81010-81020-81061-1-w2,Transformer,star:81010-81020-81061-1,81020,0.0008164999999999997,1224.7397428046545,-0.0,240.0,False,2030-01-17 18:00:00,-99.2069036234432,41.33620984310133,31.734451754283832,0,-1,,False
T81010-81020-81062-1-w1,Transformer,star:81010-81020-81062-1,81010,-7.400000000000004e-05,-13513.513513513506,-0.0,240.0,False,2030-01-17 18:00:00,108.67735921186406,45.28223300494336,34.763875161153756,0,1,,False
T81010-81020-81062-1-w2,Transformer,star:81010-81020-81062-1,81020,0.0007129999999999999,1402.5245441795234,-0.0,240.0,False,2030-01-17 18:00:00,-108.67735921190824,45.28223300496176,34.76387516118467,0,-1,,False
T81011-81020-81063-1-w1,Transformer,star:81011-81020-81063-1,81011,-0.0001164999999999998,-8583.690987124479,-0.0,240.0,False,2030-01-17 18:00:00,99.06538164964199,41.277242354017496,31.689181495004327,0,1,,False
T81011-81020-81063-1-w2,Transformer,star:81011-81020-81063-1,81020,0.0008164999999999997,1224.7397428046545,-0.0,240.0,False,2030-01-17 18:00:00,-99.06538164965849,41.277242354024374,31.68918149500572,0,-1,,False
T81510-81520-81561-1-w1,Transformer,star:81510-81520-81561-1,81510,-4.6214355948869184e-05,-21638.297872340445,-0.0,240.0,False,2030-01-14 19:00:00,77.7805244281107,32.40855184504613,17.017931787816632,0,1,,True
T81510-81520-81561-1-w2,Transformer,star:81510-81520-81561-1,81520,0.000656,1524.390243902439,-0.0,240.0,False,2030-01-14 19:00:00,-77.78052442802002,32.40855184500834,17.017931787783915,0,-1,,True
T81510-81520-81562-1-w1,Transformer,star:81510-81520-81562-1,81510,-6.882989183874145e-05,-14528.571428571417,-0.0,240.0,False,2030-01-14 19:00:00,77.9871396942394,32.49464153926642,17.063138020748475,0,1,,True
T81510-81520-81562-1-w2,Transformer,star:81510-81520-81562-1,81520,0.0006770000000000001,1477.1048744460854,-0.0,240.0,False,2030-01-14 19:00:00,-77.98713969414774,32.494641539228226,17.06313802072106,0,-1,,True
T90011-90020-90061-1-w1,Transformer,star:90011-90020-90061-1,90011,-5.9999999999999995e-05,-16666.666666666668,-0.0,240.0,False,2030-01-14 12:00:00,96.212377245062,40.088490518775835,28.258406917735577,0,1,,False
T90011-90020-90061-1-w2,Transformer,star:90011-90020-90061-1,90020,0.0007039999999999999,1420.4545454545457,-0.0,240.0,False,2030-01-14 12:00:00,-96.21237724487477,40.088490518697824,28.258406917637842,0,-1,,False
T90011-90020-90062-1-w1,Transformer,star:90011-90020-90062-1,90011,-5.9999999999999995e-05,-16666.666666666668,-0.0,240.0,False,2030-01-14 12:00:00,96.21237724503479,40.088490518764495,28.25840691772774,0,1,,False
T90011-90020-90062-1-w2,Transformer,star:90011-90020-90062-1,90020,0.0007039999999999999,1420.4545454545457,-0.0,240.0,False,2030-01-14 12:00:00,-96.21237724487248,40.088490518696865,28.258406917637174,0,-1,,False
T90012-90020-90063-1-w1,Transformer,star:90012-90020-90063-1,90012,-0.00011523809523809523,-8677.685950413224,-0.0,240.0,False,2030-01-14 12:00:00,88.07500237854282,36.69791765772617,25.883300210225286,0,1,,False
T90012-90020-90063-1-w2,Transformer,star:90012-90020-90063-1,90020,0.000819,1221.001221001221,-0.0,240.0,False,2030-01-14 12:00:00,-88.07500237858713,36.69791765774464,25.883300210260984,0,-1,,False
T90310-90320-90361-1-w1,Transformer,star:90310-90320-90361-1,90310,-7.718780727630295e-05,-12955.414012738836,-0.0,240.0,False,2030-01-14 12:00:00,83.76304002057425,34.90126667523927,14.847171318266582,0,1,,True
T90310-90320-90361-1-w2,Transformer,star:90310-90320-90361-1,90320,0.0007224999999999998,1384.0830449826992,-0.0,240.0,False,2030-01-14 12:00:00,-83.76304002062184,34.9012666752591,14.84717131828627,0,-1,,True
T90310-90320-90362-1-w1,Transformer,star:90310-90320-90362-1,90310,-7.620452310717805e-05,-13122.580645161277,-0.0,240.0,False,2030-01-14 12:00:00,83.76520983087448,34.902170762864365,14.847555921617724,0,1,,True
T90310-90320-90362-1-w2,Transformer,star:90310-90320-90362-1,90320,0.0007215,1386.001386001386,-0.0,240.0,False,2030-01-14 12:00:00,-83.76520983097492,34.90217076290622,14.84755592163999,0,-1,,True
T90420-90440-90461-1-w1,Transformer,star:90420-90440-90461-1,90420,0.00041450000000000015,2412.5452352231596,-0.0,500.0,False,2030-01-16 10:00:00,145.2680506729428,29.05361013458856,8.943498462433688,0,1,,True
T90420-90440-90461-1-w2,Transformer,star:90420-90440-90461-1,90440,-8.550000000000015e-05,-11695.906432748518,-0.0,500.0,False,2030-01-16 10:00:00,-145.26805067290178,29.053610134580353,8.94349846243146,0,-1,,True
T90420-90440-90462-1-w1,Transformer,star:90420-90440-90462-1,90420,0.00041450000000000015,2412.5452352231596,-0.0,500.0,False,2030-01-16 10:00:00,145.2680506729522,29.05361013459044,8.943498462434258,0,1,,True
T90420-90440-90462-1-w2,Transformer,star:90420-90440-90462-1,90440,-8.550000000000015e-05,-11695.906432748518,-0.0,500.0,False,2030-01-16 10:00:00,-145.26805067294725,29.05361013458945,8.94349846243423,0,-1,,True
T90420-90440-90463-1-w1,Transformer,star:90420-90440-90463-1,90420,0.00041450000000000015,2412.5452352231596,-0.0,500.0,False,2030-01-16 10:00:00,145.2680506729528,29.053610134590556,8.943498462434263,0,1,,True
T90420-90440-90463-1-w2,Transformer,star:90420-90440-90463-1,90440,-8.550000000000015e-05,-11695.906432748518,-0.0,500.0,False,2030-01-16 10:00:00,-145.26805067295024,29.053610134590045,8.943498462434246,0,-1,,True
