outage,hour,islanding,kind,n_over,worst_branch,worst_kind,over_MW,worst_pct,wind_avail_MW,eir_cleared,eir_mw,eir_nodes,eir_new_overloads,eir_new_MW,eir_worsened,eir_resid_MW,eir_worst_new_pct,eir_max_load_pct,ovl_cleared,ovl_mw,ovl_nodes,ovl_new_overloads,ovl_new_MW,ovl_worsened,ovl_resid_MW,ovl_worst_new_pct,ovl_max_load_pct,veto_cleared,veto_mw,veto_nodes,veto_new_overloads,veto_new_MW,veto_worsened,veto_resid_MW,veto_worst_new_pct,veto_max_load_pct,lp_cleared,lp_mw,lp_nodes,lp_new_overloads,lp_new_MW,lp_worsened,lp_resid_MW,lp_worst_new_pct,lp_max_load_pct,lp_feasible
1021-2341-1,58,True,Line,1,3581-89516-1,Line,0.219,100.18,4583.8,1,0.471,26,0,0.0,0,0.0,0.0,100.1,1,0.19,1,0,0.0,0,0.0,0.0,100.1,1,0.19,1,0,0.0,0,0.0,0.0,100.1,1,0.19,1,0,0.0,0,0.0,0.0,100.1,1
1021-2341-1,79,True,Line,1,3581-89516-1,Line,0.219,100.18,2728.8,1,0.415,26,0,0.0,0,0.0,0.0,100.1,1,0.19,1,0,0.0,0,0.0,0.0,100.1,1,0.19,1,0,0.0,0,0.0,0.0,100.1,1,0.19,1,0,0.0,0,0.0,0.0,100.1,1
1021-2341-1,94,True,Line,1,3581-89516-1,Line,0.219,100.18,5470.0,1,0.399,26,0,0.0,0,0.0,0.0,100.1,1,0.19,1,0,0.0,0,0.0,0.0,100.1,1,0.19,1,0,0.0,0,0.0,0.0,100.1,1,0.19,1,0,0.0,0,0.0,0.0,100.1,1
1021-2341-1,145,True,Line,1,3581-89516-1,Line,0.219,100.18,4124.9,1,0.371,26,0,0.0,0,0.0,0.0,100.1,1,0.19,1,0,0.0,0,0.0,0.0,100.1,1,0.19,1,0,0.0,0,0.0,0.0,100.1,1,0.19,1,0,0.0,0,0.0,0.0,100.1,1
1042-10422-1,0,True,Line,2,2781-4951-1,Line,2.538,101.24,5299.5,0,4.229,17,0,0.0,0,0.122,0.0,100.12,1,3.645,2,0,0.0,0,0.0,0.0,100.1,0,1.491,1,0,0.0,0,1.204,0.0,100.98,1,3.645,2,0,0.0,0,0.0,0.0,100.1,1
1042-10422-1,7,True,Line,1,3581-89516-1,Line,1.223,100.99,6073.6,1,2.909,16,0,0.0,0,0.0,0.0,100.1,1,2.177,1,0,0.0,0,0.0,0.0,100.1,1,2.177,1,0,0.0,0,0.0,0.0,100.1,1,2.177,1,0,0.0,0,0.0,0.0,100.1,1
1042-10422-1,14,True,Line,1,1122-11260-1,Line,0.592,100.12,6309.0,1,0.079,1,0,0.0,0,0.0,0.0,100.1,1,0.079,1,0,0.0,0,0.0,0.0,100.1,1,0.079,1,0,0.0,0,0.0,0.0,100.1,1,0.079,1,0,0.0,0,0.0,0.0,100.1,1
1042-10422-1,21,True,Line,1,3581-89516-1,Line,1.223,100.99,4735.3,1,3.086,7,0,0.0,0,0.0,0.0,100.1,1,2.722,1,0,0.0,0,0.0,0.0,100.1,1,2.722,1,0,0.0,0,0.0,0.0,100.1,1,2.722,1,0,0.0,0,0.0,0.0,100.1,1
1042-10422-1,29,True,Line,2,2781-4951-1,Line,2.538,101.24,5968.4,0,5.045,15,0,0.0,0,0.127,0.0,100.12,1,4.184,3,0,0.0,0,0.0,0.0,100.1,0,1.491,2,0,0.0,0,1.204,0.0,100.98,1,4.183,2,0,0.0,0,0.0,0.0,100.1,1
1042-10422-1,36,True,Line,1,1122-11260-1,Line,0.592,100.12,6805.4,1,0.079,1,0,0.0,0,0.0,0.0,100.1,1,0.079,1,0,0.0,0,0.0,0.0,100.1,1,0.079,1,0,0.0,0,0.0,0.0,100.1,1,0.079,1,0,0.0,0,0.0,0.0,100.1,1
1042-10422-1,50,True,Line,1,3581-89516-1,Line,1.223,100.99,5312.4,1,5.524,26,0,0.0,0,0.0,0.0,100.1,1,2.177,2,0,0.0,0,0.0,0.0,100.1,1,2.177,2,0,0.0,0,0.0,0.0,100.1,1,2.177,2,0,0.0,0,0.0,0.0,100.1,1
1042-10422-1,58,True,Line,1,3581-89516-1,Line,1.223,100.99,4583.8,1,5.39,26,0,0.0,0,0.0,0.0,100.1,1,2.177,1,0,0.0,0,0.0,0.0,100.1,1,2.177,1,0,0.0,0,0.0,0.0,100.1,1,2.177,1,0,0.0,0,0.0,0.0,100.1,1
1042-10422-1,65,True,Line,1,3581-89516-1,Line,1.223,100.99,5388.6,1,7.45,22,0,0.0,0,0.0,0.0,100.1,1,2.319,1,0,0.0,0,0.0,0.0,100.1,1,2.319,1,0,0.0,0,0.0,0.0,100.1,1,2.319,1,0,0.0,0,0.0,0.0,100.1,1
1042-10422-1,72,True,Line,2,3581-89516-1,Line,1.815,100.99,5745.9,1,6.858,20,0,0.0,0,0.0,0.0,100.1,1,528.027,2,1,1.123,0,0.0,100.9,100.9,0,0.0,0,0,0.0,0,1.815,0.0,100.99,1,2.81,2,0,0.0,0,0.0,0.0,100.1,1
1042-10422-1,79,True,Line,1,3581-89516-1,Line,1.223,100.99,2728.8,1,4.75,26,0,0.0,0,0.0,0.0,100.1,1,2.177,1,0,0.0,0,0.0,0.0,100.1,1,2.177,1,0,0.0,0,0.0,0.0,100.1,1,2.177,1,0,0.0,0,0.0,0.0,100.1,1
1042-10422-1,94,True,Line,1,3581-89516-1,Line,1.223,100.99,5470.0,1,4.569,26,0,0.0,0,0.0,0.0,100.1,1,2.177,1,0,0.0,0,0.0,0.0,100.1,1,2.177,1,0,0.0,0,0.0,0.0,100.1,1,2.177,1,0,0.0,0,0.0,0.0,100.1,1
1042-10422-1,101,True,Line,1,1122-11260-1,Line,0.592,100.12,5965.5,1,0.079,1,0,0.0,0,0.0,0.0,100.1,1,0.079,1,0,0.0,0,0.0,0.0,100.1,1,0.079,1,0,0.0,0,0.0,0.0,100.1,1,0.079,1,0,0.0,0,0.0,0.0,100.1,1
1042-10422-1,108,True,Line,2,3581-89516-1,Line,1.815,100.99,7006.9,1,5.252,21,0,0.0,0,0.0,0.0,100.1,1,525.021,3,1,1.111,0,0.0,100.89,100.89,0,0.0,0,0,0.0,0,1.815,0.0,100.99,1,2.264,2,0,0.0,0,0.0,0.0,100.1,1
1042-10422-1,116,True,Line,1,3581-89516-1,Line,1.223,100.99,4604.0,1,3.193,7,0,0.0,0,0.0,0.0,100.1,1,2.722,1,0,0.0,0,0.0,0.0,100.1,1,2.722,1,0,0.0,0,0.0,0.0,100.1,1,2.722,1,0,0.0,0,0.0,0.0,100.1,1
1042-10422-1,123,True,Line,1,3581-89516-1,Line,1.223,100.99,5593.8,1,2.924,13,0,0.0,0,0.0,0.0,100.1,1,2.177,1,0,0.0,0,0.0,0.0,100.1,1,2.177,1,0,0.0,0,0.0,0.0,100.1,1,2.177,1,0,0.0,0,0.0,0.0,100.1,1
1042-10422-1,130,True,Line,1,3581-89516-1,Line,1.223,100.99,5592.5,1,2.901,13,0,0.0,0,0.0,0.0,100.1,1,2.177,1,0,0.0,0,0.0,0.0,100.1,1,2.177,1,0,0.0,0,0.0,0.0,100.1,1,2.177,1,0,0.0,0,0.0,0.0,100.1,1
1042-10422-1,137,True,Line,2,2781-4951-1,Line,2.538,101.24,5053.5,0,5.274,15,0,0.0,0,0.128,0.0,100.12,1,4.184,2,0,0.0,0,0.0,0.0,100.1,0,1.491,1,0,0.0,0,1.204,0.0,100.98,1,4.183,2,0,0.0,0,0.0,0.0,100.1,1
1042-10422-1,145,True,Line,1,3581-89516-1,Line,1.223,100.99,4124.9,1,4.247,26,0,0.0,0,0.0,0.0,100.1,1,2.177,1,0,0.0,0,0.0,0.0,100.1,1,2.177,1,0,0.0,0,0.0,0.0,100.1,1,2.177,1,0,0.0,0,0.0,0.0,100.1,1
1042-10422-1,152,True,Line,1,3581-89516-1,Line,1.223,100.99,4161.2,1,3.862,25,0,0.0,0,0.0,0.0,100.1,1,2.177,1,0,0.0,0,0.0,0.0,100.1,1,2.177,1,0,0.0,0,0.0,0.0,100.1,1,2.177,1,0,0.0,0,0.0,0.0,100.1,1
1042-10422-1,159,True,Line,1,3581-89516-1,Line,1.223,100.99,5313.0,1,3.787,25,0,0.0,0,0.0,0.0,100.1,1,2.177,1,0,0.0,0,0.0,0.0,100.1,1,2.177,1,0,0.0,0,0.0,0.0,100.1,1,2.177,1,0,0.0,0,0.0,0.0,100.1,1
1042-10422-1,167,True,Line,1,3581-89516-1,Line,1.223,100.99,3161.9,1,3.494,26,0,0.0,0,0.0,0.0,100.1,1,2.177,1,0,0.0,0,0.0,0.0,100.1,1,2.177,1,0,0.0,0,0.0,0.0,100.1,1,2.177,1,0,0.0,0,0.0,0.0,100.1,1
1061-10619-1,0,True,Line,1,3581-89516-1,Line,0.375,100.31,5299.5,1,0.639,13,0,0.0,0,0.0,0.0,100.1,1,0.499,1,0,0.0,0,0.0,0.0,100.1,1,0.499,1,0,0.0,0,0.0,0.0,100.1,1,0.499,1,0,0.0,0,0.0,0.0,100.1,1
1061-10619-1,21,True,Line,1,3581-89516-1,Line,0.342,100.28,4735.3,1,0.615,7,0,0.0,0,0.0,0.0,100.1,1,0.543,1,0,0.0,0,0.0,0.0,100.1,1,0.543,1,0,0.0,0,0.0,0.0,100.1,1,0.543,1,0,0.0,0,0.0,0.0,100.1,1
1061-10619-1,79,True,Line,1,3581-89516-1,Line,0.181,100.15,2728.8,1,0.247,25,0,0.0,0,0.0,0.0,100.1,1,0.114,1,0,0.0,0,0.0,0.0,100.1,1,0.114,1,0,0.0,0,0.0,0.0,100.1,1,0.114,1,0,0.0,0,0.0,0.0,100.1,1
1061-10619-1,108,True,Line,1,3581-89516-1,Line,0.177,100.14,7006.9,1,0.25,19,0,0.0,0,0.0,0.0,100.1,1,0.106,1,0,0.0,0,0.0,0.0,100.1,1,0.106,1,0,0.0,0,0.0,0.0,100.1,1,0.106,1,0,0.0,0,0.0,0.0,100.1,1
1061-10619-1,116,True,Line,1,3581-89516-1,Line,0.33,100.27,4604.0,1,0.601,7,0,0.0,0,0.0,0.0,100.1,1,0.512,1,0,0.0,0,0.0,0.0,100.1,1,0.512,1,0,0.0,0,0.0,0.0,100.1,1,0.512,1,0,0.0,0,0.0,0.0,100.1,1
1061-10619-1,167,True,Line,1,3581-89516-1,Line,0.271,100.22,3161.9,1,0.467,25,0,0.0,0,0.0,0.0,100.1,1,0.292,1,0,0.0,0,0.0,0.0,100.1,1,0.292,1,0,0.0,0,0.0,0.0,100.1,1,0.292,1,0,0.0,0,0.0,0.0,100.1,1
1071-2231-1,0,True,Line,1,2781-4951-1,Line,0.306,100.29,5299.5,1,0.247,4,0,0.0,0,0.0,0.0,100.1,1,0.247,1,0,0.0,0,0.0,0.0,100.1,1,0.247,1,0,0.0,0,0.0,0.0,100.1,1,0.247,1,0,0.0,0,0.0,0.0,100.1,1
1071-2231-1,29,True,Line,1,2781-4951-1,Line,0.251,100.24,5968.4,1,0.179,5,0,0.0,0,0.0,0.0,100.1,1,0.179,1,0,0.0,0,0.0,0.0,100.1,1,0.179,1,0,0.0,0,0.0,0.0,100.1,1,0.179,1,0,0.0,0,0.0,0.0,100.1,1
1071-2231-1,137,True,Line,1,2781-4951-1,Line,0.315,100.3,5053.5,1,0.258,4,0,0.0,0,0.0,0.0,100.1,1,0.258,1,0,0.0,0,0.0,0.0,100.1,1,0.258,1,0,0.0,0,0.0,0.0,100.1,1,0.258,1,0,0.0,0,0.0,0.0,100.1,1
1081-32810-1,108,True,Line,2,T3464-3462-34641-1-w2,Transformer,1.24,100.12,7006.9,1,0.943,55,0,0.0,0,0.0,0.0,100.1,1,0.66,1,0,0.0,0,0.0,0.0,100.1,1,0.66,1,0,0.0,0,0.0,0.0,100.1,1,0.66,1,0,0.0,0,0.0,0.0,100.1,1
1081-32810-1,159,True,Line,2,T3464-3462-34641-1-w2,Transformer,1.047,100.11,5313.0,1,0.196,55,0,0.0,0,0.0,0.0,100.1,1,0.14,1,0,0.0,0,0.0,0.0,100.1,1,0.14,1,0,0.0,0,0.0,0.0,100.1,1,0.14,1,0,0.0,0,0.0,0.0,100.1,1
1101-2161-1,50,True,Line,2,1122-1742-1,Line,2.2,100.25,5312.4,1,3.394,33,0,0.0,0,0.0,0.0,100.1,1,1.408,1,0,0.0,0,0.0,0.0,100.1,1,1.408,1,0,0.0,0,0.0,0.0,100.1,1,1.408,1,0,0.0,0,0.0,0.0,100.1,1
1101-2161-1,108,True,Line,2,T3464-3462-34641-1-w2,Transformer,1.541,100.16,7006.9,1,2.132,55,0,0.0,0,0.0,0.0,100.1,1,1.491,1,0,0.0,0,0.0,0.0,100.1,1,1.491,1,0,0.0,0,0.0,0.0,100.1,1,1.491,1,0,0.0,0,0.0,0.0,100.1,1
1101-2161-1,159,True,Line,2,T3464-3462-34641-1-w2,Transformer,1.301,100.13,5313.0,1,1.173,55,0,0.0,0,0.0,0.0,100.1,1,0.842,1,0,0.0,0,0.0,0.0,100.1,1,0.842,1,0,0.0,0,0.0,0.0,100.1,1,0.842,1,0,0.0,0,0.0,0.0,100.1,1
1121-3181-1,58,True,Line,1,3581-89516-1,Line,0.457,100.37,4583.8,1,1.635,26,0,0.0,0,0.0,0.0,100.1,1,0.661,1,0,0.0,0,0.0,0.0,100.1,1,0.661,1,0,0.0,0,0.0,0.0,100.1,1,0.661,1,0,0.0,0,0.0,0.0,100.1,1
1121-3181-1,79,True,Line,1,3581-89516-1,Line,0.457,100.37,2728.8,1,1.441,26,0,0.0,0,0.0,0.0,100.1,1,0.661,1,0,0.0,0,0.0,0.0,100.1,1,0.661,1,0,0.0,0,0.0,0.0,100.1,1,0.661,1,0,0.0,0,0.0,0.0,100.1,1
1121-3181-1,94,True,Line,1,3581-89516-1,Line,0.457,100.37,5470.0,1,1.386,26,0,0.0,0,0.0,0.0,100.1,1,0.661,1,0,0.0,0,0.0,0.0,100.1,1,0.661,1,0,0.0,0,0.0,0.0,100.1,1,0.661,1,0,0.0,0,0.0,0.0,100.1,1
1121-3181-1,145,True,Line,1,3581-89516-1,Line,0.457,100.37,4124.9,1,1.289,26,0,0.0,0,0.0,0.0,100.1,1,0.661,1,0,0.0,0,0.0,0.0,100.1,1,0.661,1,0,0.0,0,0.0,0.0,100.1,1,0.661,1,0,0.0,0,0.0,0.0,100.1,1
1121-3181-1,152,True,Line,1,3581-89516-1,Line,0.457,100.37,4161.2,1,1.172,25,0,0.0,0,0.0,0.0,100.1,1,0.661,1,0,0.0,0,0.0,0.0,100.1,1,0.661,1,0,0.0,0,0.0,0.0,100.1,1,0.661,1,0,0.0,0,0.0,0.0,100.1,1
1121-3181-1,159,True,Line,3,3581-89516-1,Line,3.029,100.37,5313.0,0,7.397,80,0,0.0,0,0.535,0.0,100.11,1,23.443,2,0,0.0,0,0.0,0.0,100.1,1,14.233,5,0,0.0,0,0.0,0.0,100.1,1,5.26,2,0,0.0,0,0.0,0.0,100.1,1
1121-3181-1,167,True,Line,1,3581-89516-1,Line,0.457,100.37,3161.9,1,1.06,26,0,0.0,0,0.0,0.0,100.1,1,0.661,1,0,0.0,0,0.0,0.0,100.1,1,0.661,1,0,0.0,0,0.0,0.0,100.1,1,0.661,1,0,0.0,0,0.0,0.0,100.1,1
1122-11260-1,50,True,Line,3,3581-89516-1,Line,13.594,104.03,5312.4,1,24.98,26,1,0.579,0,0.0,100.12,100.12,1,9.724,2,0,0.0,0,0.0,0.0,100.1,1,9.724,2,0,0.0,0,0.0,0.0,100.1,1,9.724,3,0,0.0,0,0.0,0.0,100.1,1
1122-11260-1,58,True,Line,3,3581-89516-1,Line,3.89,101.81,4583.8,1,10.286,26,0,0.0,0,0.0,0.0,100.1,1,4.155,1,0,0.0,0,0.0,0.0,100.1,1,4.155,1,0,0.0,0,0.0,0.0,100.1,1,4.155,2,0,0.0,0,0.0,0.0,100.1,1
1122-11260-1,65,True,Line,3,3581-89516-1,Line,13.162,103.93,5388.6,1,32.736,22,0,0.0,0,0.0,0.0,100.1,1,9.999,1,0,0.0,0,0.0,0.0,100.1,1,9.999,1,0,0.0,0,0.0,0.0,100.1,1,9.999,1,0,0.0,0,0.0,0.0,100.1,1
1122-11260-1,72,True,Line,3,3581-89516-1,Line,13.692,104.05,5745.9,1,30.961,19,0,0.0,0,0.0,0.0,100.1,1,12.277,1,0,0.0,0,0.0,0.0,100.1,1,12.277,1,0,0.0,0,0.0,0.0,100.1,1,12.277,1,0,0.0,0,0.0,0.0,100.1,1
1122-11260-1,79,True,Line,3,3581-89516-1,Line,2.852,101.57,2728.8,1,7.802,26,0,0.0,0,0.0,0.0,100.1,1,3.576,1,0,0.0,0,0.0,0.0,100.1,1,3.576,1,0,0.0,0,0.0,0.0,100.1,1,3.576,1,0,0.0,0,0.0,0.0,100.1,1
1122-11260-1,94,True,Line,3,3581-89516-1,Line,12.192,103.71,5470.0,1,18.433,26,0,0.0,0,0.0,0.0,100.1,1,8.783,1,0,0.0,0,0.0,0.0,100.1,1,8.783,1,0,0.0,0,0.0,0.0,100.1,1,8.783,2,0,0.0,0,0.0,0.0,100.1,1
1122-11260-1,101,True,Line,3,T3464-3462-34641-1-w1,Transformer,28.245,102.81,5965.5,1,104.265,53,0,0.0,0,0.0,0.0,100.1,1,72.921,1,0,0.0,0,0.0,0.0,100.1,1,72.921,1,0,0.0,0,0.0,0.0,100.1,1,72.921,3,0,0.0,0,0.0,0.0,100.1,1
1122-11260-1,108,True,Line,6,3581-89516-1,Line,45.516,104.05,7006.9,0,135.156,75,0,0.0,0,0.944,0.0,100.19,1,95.024,4,0,0.0,0,0.0,0.0,100.1,0,377.484,9,0,0.0,0,0.797,0.0,100.16,1,88.389,5,0,0.0,0,0.0,0.0,100.1,1
1122-11260-1,145,True,Line,1,3581-89516-1,Line,1.107,100.9,4124.9,1,3.799,26,0,0.0,0,0.0,0.0,100.1,1,1.947,1,0,0.0,0,0.0,0.0,100.1,1,1.947,1,0,0.0,0,0.0,0.0,100.1,1,1.947,1,0,0.0,0,0.0,0.0,100.1,1
1122-11260-1,152,True,Line,2,3581-89516-1,Line,1.952,101.33,4161.2,1,5.32,25,0,0.0,0,0.0,0.0,100.1,1,2.999,1,0,0.0,0,0.0,0.0,100.1,1,2.999,1,0,0.0,0,0.0,0.0,100.1,1,2.999,1,0,0.0,0,0.0,0.0,100.1,1
1122-11260-1,159,True,Line,4,3581-89516-1,Line,12.664,101.48,5313.0,0,42.227,80,0,0.0,0,0.679,0.0,100.14,1,44.663,2,0,0.0,0,0.0,0.0,100.1,0,144.507,6,0,0.0,0,0.847,0.0,100.17,1,30.042,2,0,0.0,0,0.0,0.0,100.1,1
1122-11260-1,167,True,Line,1,3581-89516-1,Line,0.285,100.23,3161.9,1,0.514,26,0,0.0,0,0.0,0.0,100.1,1,0.32,1,0,0.0,0,0.0,0.0,100.1,1,0.32,1,0,0.0,0,0.0,0.0,100.1,1,0.32,1,0,0.0,0,0.0,0.0,100.1,1
1131-2131-1,7,True,Line,1,3581-89516-1,Line,0.138,100.11,6073.6,1,0.04,16,0,0.0,0,0.0,0.0,100.1,1,0.03,1,0,0.0,0,0.0,0.0,100.1,1,0.03,1,0,0.0,0,0.0,0.0,100.1,1,0.03,1,0,0.0,0,0.0,0.0,100.1,1
1131-2131-1,108,True,Line,1,3581-89516-1,Line,0.143,100.12,7006.9,1,0.094,20,0,0.0,0,0.0,0.0,100.1,1,0.039,1,0,0.0,0,0.0,0.0,100.1,1,0.039,1,0,0.0,0,0.0,0.0,100.1,1,0.039,1,0,0.0,0,0.0,0.0,100.1,1
1131-2131-1,123,True,Line,1,3581-89516-1,Line,0.141,100.11,5593.8,1,0.049,13,0,0.0,0,0.0,0.0,100.1,1,0.037,1,0,0.0,0,0.0,0.0,100.1,1,0.037,1,0,0.0,0,0.0,0.0,100.1,1,0.037,1,0,0.0,0,0.0,0.0,100.1,1
1131-2131-1,137,True,Line,2,2781-4951-1,Line,0.297,100.14,5053.5,1,0.131,15,0,0.0,0,0.0,0.0,100.1,1,0.11,2,0,0.0,0,0.0,0.0,100.1,0,0.057,1,0,0.0,0,0.144,0.0,100.12,1,0.109,2,0,0.0,0,0.0,0.0,100.1,1
1131-2131-1,159,True,Line,1,3581-89516-1,Line,0.144,100.12,5313.0,1,0.071,25,0,0.0,0,0.0,0.0,100.1,1,0.041,1,0,0.0,0,0.0,0.0,100.1,1,0.041,1,0,0.0,0,0.0,0.0,100.1,1,0.041,1,0,0.0,0,0.0,0.0,100.1,1
1131-11310-1,137,True,Line,1,2781-4951-1,Line,0.123,100.12,5053.5,1,0.021,4,0,0.0,0,0.0,0.0,100.1,1,0.021,1,0,0.0,0,0.0,0.0,100.1,1,0.021,1,0,0.0,0,0.0,0.0,100.1,1,0.021,1,0,0.0,0,0.0,0.0,100.1,1
1131-31911-1,7,True,Line,1,3581-89516-1,Line,0.431,100.35,6073.6,1,0.815,16,0,0.0,0,0.0,0.0,100.1,1,0.61,1,0,0.0,0,0.0,0.0,100.1,1,0.61,1,0,0.0,0,0.0,0.0,100.1,1,0.61,1,0,0.0,0,0.0,0.0,100.1,1
1131-31911-1,50,True,Line,1,3581-89516-1,Line,0.37,100.3,5312.4,1,1.241,26,0,0.0,0,0.0,0.0,100.1,1,0.489,1,0,0.0,0,0.0,0.0,100.1,1,0.489,1,0,0.0,0,0.0,0.0,100.1,1,0.489,1,0,0.0,0,0.0,0.0,100.1,1
1131-31911-1,58,True,Line,1,3581-89516-1,Line,0.275,100.22,4583.8,1,0.746,26,0,0.0,0,0.0,0.0,100.1,1,0.301,1,0,0.0,0,0.0,0.0,100.1,1,0.301,1,0,0.0,0,0.0,0.0,100.1,1,0.301,1,0,0.0,0,0.0,0.0,100.1,1
1131-31911-1,65,True,Line,1,3581-89516-1,Line,0.267,100.22,5388.6,1,0.973,22,0,0.0,0,0.0,0.0,100.1,1,0.303,1,0,0.0,0,0.0,0.0,100.1,1,0.303,1,0,0.0,0,0.0,0.0,100.1,1,0.303,1,0,0.0,0,0.0,0.0,100.1,1
1131-31911-1,72,True,Line,1,3581-89516-1,Line,0.288,100.23,5745.9,1,1.013,19,0,0.0,0,0.0,0.0,100.1,1,0.408,1,0,0.0,0,0.0,0.0,100.1,1,0.408,1,0,0.0,0,0.0,0.0,100.1,1,0.408,1,0,0.0,0,0.0,0.0,100.1,1
1131-31911-1,94,True,Line,1,3581-89516-1,Line,0.184,100.15,5470.0,1,0.255,26,0,0.0,0,0.0,0.0,100.1,1,0.121,1,0,0.0,0,0.0,0.0,100.1,1,0.121,1,0,0.0,0,0.0,0.0,100.1,1,0.121,1,0,0.0,0,0.0,0.0,100.1,1
1131-31911-1,108,True,Line,1,3581-89516-1,Line,0.261,100.21,7006.9,1,0.646,20,0,0.0,0,0.0,0.0,100.1,1,0.273,1,0,0.0,0,0.0,0.0,100.1,1,0.273,1,0,0.0,0,0.0,0.0,100.1,1,0.273,1,0,0.0,0,0.0,0.0,100.1,1
1131-31911-1,123,True,Line,1,3581-89516-1,Line,0.429,100.35,5593.8,1,0.813,13,0,0.0,0,0.0,0.0,100.1,1,0.606,1,0,0.0,0,0.0,0.0,100.1,1,0.606,1,0,0.0,0,0.0,0.0,100.1,1,0.606,1,0,0.0,0,0.0,0.0,100.1,1
1131-31911-1,137,True,Line,2,2781-4951-1,Line,0.897,100.43,5053.5,0,1.519,15,0,0.0,0,0.112,0.0,100.11,1,1.207,3,0,0.0,0,0.0,0.0,100.1,0,0.436,1,0,0.0,0,0.432,0.0,100.35,1,1.207,2,0,0.0,0,0.0,0.0,100.1,1
1131-31911-1,145,True,Line,1,3581-89516-1,Line,0.39,100.32,4124.9,1,1.029,26,0,0.0,0,0.0,0.0,100.1,1,0.528,1,0,0.0,0,0.0,0.0,100.1,1,0.528,1,0,0.0,0,0.0,0.0,100.1,1,0.528,1,0,0.0,0,0.0,0.0,100.1,1
1131-31911-1,152,True,Line,1,3581-89516-1,Line,0.365,100.3,4161.2,1,0.848,25,0,0.0,0,0.0,0.0,100.1,1,0.478,1,0,0.0,0,0.0,0.0,100.1,1,0.478,1,0,0.0,0,0.0,0.0,100.1,1,0.478,1,0,0.0,0,0.0,0.0,100.1,1
1131-31911-1,159,True,Line,1,3581-89516-1,Line,0.261,100.21,5313.0,1,0.477,25,0,0.0,0,0.0,0.0,100.1,1,0.274,1,0,0.0,0,0.0,0.0,100.1,1,0.274,1,0,0.0,0,0.0,0.0,100.1,1,0.274,1,0,0.0,0,0.0,0.0,100.1,1
1131-31911-1,167,True,Line,1,3581-89516-1,Line,0.399,100.32,3161.9,1,0.876,26,0,0.0,0,0.0,0.0,100.1,1,0.546,1,0,0.0,0,0.0,0.0,100.1,1,0.546,1,0,0.0,0,0.0,0.0,100.1,1,0.546,1,0,0.0,0,0.0,0.0,100.1,1
1141-1911-1,0,True,Line,1,2781-4951-1,Line,0.201,100.19,5299.5,1,0.118,4,0,0.0,0,0.0,0.0,100.1,1,0.118,1,0,0.0,0,0.0,0.0,100.1,1,0.118,1,0,0.0,0,0.0,0.0,100.1,1,0.118,1,0,0.0,0,0.0,0.0,100.1,1
1141-1911-1,29,True,Line,1,2781-4951-1,Line,0.201,100.19,5968.4,1,0.118,5,0,0.0,0,0.0,0.0,100.1,1,0.118,1,0,0.0,0,0.0,0.0,100.1,1,0.118,1,0,0.0,0,0.0,0.0,100.1,1,0.118,1,0,0.0,0,0.0,0.0,100.1,1
1141-1911-1,50,True,Line,1,3082-3122-1,Line,0.634,100.1,5312.4,1,0.0,13,0,0.0,0,0.0,0.0,100.1,1,0.001,1,0,0.0,0,0.0,0.0,100.1,1,0.001,1,0,0.0,0,0.0,0.0,100.1,1,0.0,1,0,0.0,0,0.0,0.0,100.1,1
1141-1911-1,137,True,Line,1,2781-4951-1,Line,0.201,100.19,5053.5,1,0.118,4,0,0.0,0,0.0,0.0,100.1,1,0.118,1,0,0.0,0,0.0,0.0,100.1,1,0.118,1,0,0.0,0,0.0,0.0,100.1,1,0.118,1,0,0.0,0,0.0,0.0,100.1,1
1161-1781-1,50,True,Line,1,1122-1742-1,Line,0.549,100.11,5312.4,1,0.161,33,0,0.0,0,0.0,0.0,100.1,1,0.067,1,0,0.0,0,0.0,0.0,100.1,1,0.067,1,0,0.0,0,0.0,0.0,100.1,1,0.067,1,0,0.0,0,0.0,0.0,100.1,1
1161-1781-1,101,True,Line,2,T3464-3462-34641-1-w2,Transformer,12.344,101.24,5965.5,1,43.342,53,0,0.0,0,0.0,0.0,100.1,1,30.424,1,0,0.0,0,0.0,0.0,100.1,1,30.424,1,0,0.0,0,0.0,0.0,100.1,1,30.424,1,0,0.0,0,0.0,0.0,100.1,1
1161-1781-1,108,True,Line,3,T3464-3462-34641-1-w2,Transformer,14.398,101.41,7006.9,1,49.809,55,0,0.0,0,0.0,0.0,100.1,1,73.277,2,0,0.0,0,0.0,0.0,100.1,1,73.277,2,0,0.0,0,0.0,0.0,100.1,1,34.843,1,0,0.0,0,0.0,0.0,100.1,1
1161-1781-1,159,True,Line,2,T3464-3462-34641-1-w2,Transformer,11.813,101.19,5313.0,1,40.372,55,0,0.0,0,0.0,0.0,100.1,1,28.992,1,0,0.0,0,0.0,0.0,100.1,1,28.992,1,0,0.0,0,0.0,0.0,100.1,1,28.992,1,0,0.0,0,0.0,0.0,100.1,1
1161-5051-3,0,True,Line,2,2781-4951-1,Line,0.396,100.22,5299.5,1,0.255,17,0,0.0,0,0.0,0.0,100.1,1,0.234,2,0,0.0,0,0.0,0.0,100.1,0,0.154,1,0,0.0,0,0.163,0.0,100.13,1,0.233,2,0,0.0,0,0.0,0.0,100.1,1
1161-5051-3,7,True,Line,1,3581-89516-1,Line,0.165,100.13,6073.6,1,0.11,16,0,0.0,0,0.0,0.0,100.1,1,0.082,1,0,0.0,0,0.0,0.0,100.1,1,0.082,1,0,0.0,0,0.0,0.0,100.1,1,0.082,1,0,0.0,0,0.0,0.0,100.1,1
1161-5051-3,21,True,Line,1,3581-89516-1,Line,0.165,100.13,4735.3,1,0.117,7,0,0.0,0,0.0,0.0,100.1,1,0.103,1,0,0.0,0,0.0,0.0,100.1,1,0.103,1,0,0.0,0,0.0,0.0,100.1,1,0.103,1,0,0.0,0,0.0,0.0,100.1,1
1161-5051-3,29,True,Line,2,2781-4951-1,Line,0.396,100.22,5968.4,1,0.285,15,0,0.0,0,0.0,0.0,100.1,1,0.253,2,0,0.0,0,0.0,0.0,100.1,0,0.154,1,0,0.0,0,0.163,0.0,100.13,1,0.253,2,0,0.0,0,0.0,0.0,100.1,1
1161-5051-3,50,True,Line,1,3581-89516-1,Line,0.165,100.13,5312.4,1,0.209,26,0,0.0,0,0.0,0.0,100.1,1,0.082,1,0,0.0,0,0.0,0.0,100.1,1,0.082,1,0,0.0,0,0.0,0.0,100.1,1,0.082,1,0,0.0,0,0.0,0.0,100.1,1
1161-5051-3,58,True,Line,1,3581-89516-1,Line,0.342,100.28,4583.8,1,1.073,26,0,0.0,0,0.0,0.0,100.1,1,0.433,1,0,0.0,0,0.0,0.0,100.1,1,0.433,1,0,0.0,0,0.0,0.0,100.1,1,0.433,1,0,0.0,0,0.0,0.0,100.1,1
1161-5051-3,65,True,Line,1,3581-89516-1,Line,0.165,100.13,5388.6,1,0.282,22,0,0.0,0,0.0,0.0,100.1,1,0.088,1,0,0.0,0,0.0,0.0,100.1,1,0.088,1,0,0.0,0,0.0,0.0,100.1,1,0.088,1,0,0.0,0,0.0,0.0,100.1,1
1161-5051-3,72,True,Line,1,3581-89516-1,Line,0.165,100.13,5745.9,1,0.256,19,0,0.0,0,0.0,0.0,100.1,1,0.103,1,0,0.0,0,0.0,0.0,100.1,1,0.103,1,0,0.0,0,0.0,0.0,100.1,1,0.103,1,0,0.0,0,0.0,0.0,100.1,1
1161-5051-3,79,True,Line,1,3581-89516-1,Line,0.342,100.28,2728.8,1,0.945,26,0,0.0,0,0.0,0.0,100.1,1,0.433,1,0,0.0,0,0.0,0.0,100.1,1,0.433,1,0,0.0,0,0.0,0.0,100.1,1,0.433,1,0,0.0,0,0.0,0.0,100.1,1
1161-5051-3,94,True,Line,1,3581-89516-1,Line,0.165,100.13,5470.0,1,0.173,26,0,0.0,0,0.0,0.0,100.1,1,0.082,1,0,0.0,0,0.0,0.0,100.1,1,0.082,1,0,0.0,0,0.0,0.0,100.1,1,0.082,1,0,0.0,0,0.0,0.0,100.1,1
1161-5051-3,108,True,Line,1,3581-89516-1,Line,0.165,100.13,7006.9,1,0.195,20,0,0.0,0,0.0,0.0,100.1,1,0.082,1,0,0.0,0,0.0,0.0,100.1,1,0.082,1,0,0.0,0,0.0,0.0,100.1,1,0.082,1,0,0.0,0,0.0,0.0,100.1,1
1161-5051-3,116,True,Line,1,3581-89516-1,Line,0.165,100.13,4604.0,1,0.121,7,0,0.0,0,0.0,0.0,100.1,1,0.103,1,0,0.0,0,0.0,0.0,100.1,1,0.103,1,0,0.0,0,0.0,0.0,100.1,1,0.103,1,0,0.0,0,0.0,0.0,100.1,1
1161-5051-3,123,True,Line,1,3581-89516-1,Line,0.165,100.13,5593.8,1,0.111,13,0,0.0,0,0.0,0.0,100.1,1,0.082,1,0,0.0,0,0.0,0.0,100.1,1,0.082,1,0,0.0,0,0.0,0.0,100.1,1,0.082,1,0,0.0,0,0.0,0.0,100.1,1
1161-5051-3,130,True,Line,1,3581-89516-1,Line,0.165,100.13,5592.5,1,0.11,13,0,0.0,0,0.0,0.0,100.1,1,0.082,1,0,0.0,0,0.0,0.0,100.1,1,0.082,1,0,0.0,0,0.0,0.0,100.1,1,0.082,1,0,0.0,0,0.0,0.0,100.1,1
1161-5051-3,137,True,Line,2,2781-4951-1,Line,0.396,100.22,5053.5,1,0.293,15,0,0.0,0,0.0,0.0,100.1,1,0.253,2,0,0.0,0,0.0,0.0,100.1,0,0.154,1,0,0.0,0,0.163,0.0,100.13,1,0.253,2,0,0.0,0,0.0,0.0,100.1,1
1161-5051-3,145,True,Line,1,3581-89516-1,Line,0.342,100.28,4124.9,1,0.845,26,0,0.0,0,0.0,0.0,100.1,1,0.433,1,0,0.0,0,0.0,0.0,100.1,1,0.433,1,0,0.0,0,0.0,0.0,100.1,1,0.433,1,0,0.0,0,0.0,0.0,100.1,1
1161-5051-3,152,True,Line,1,3581-89516-1,Line,0.165,100.13,4161.2,1,0.146,25,0,0.0,0,0.0,0.0,100.1,1,0.082,1,0,0.0,0,0.0,0.0,100.1,1,0.082,1,0,0.0,0,0.0,0.0,100.1,1,0.082,1,0,0.0,0,0.0,0.0,100.1,1
1161-5051-3,159,True,Line,1,3581-89516-1,Line,0.165,100.13,5313.0,1,0.143,25,0,0.0,0,0.0,0.0,100.1,1,0.082,1,0,0.0,0,0.0,0.0,100.1,1,0.082,1,0,0.0,0,0.0,0.0,100.1,1,0.082,1,0,0.0,0,0.0,0.0,100.1,1
1161-5051-3,167,True,Line,1,3581-89516-1,Line,0.342,100.28,3161.9,1,0.696,26,0,0.0,0,0.0,0.0,100.1,1,0.433,1,0,0.0,0,0.0,0.0,100.1,1,0.433,1,0,0.0,0,0.0,0.0,100.1,1,0.433,1,0,0.0,0,0.0,0.0,100.1,1
1161-5071-4,0,True,Line,2,2781-4951-1,Line,0.396,100.22,5299.5,1,0.255,17,0,0.0,0,0.0,0.0,100.1,1,0.234,2,0,0.0,0,0.0,0.0,100.1,0,0.154,1,0,0.0,0,0.163,0.0,100.13,1,0.233,2,0,0.0,0,0.0,0.0,100.1,1
1161-5071-4,7,True,Line,1,3581-89516-1,Line,0.165,100.13,6073.6,1,0.11,16,0,0.0,0,0.0,0.0,100.1,1,0.082,1,0,0.0,0,0.0,0.0,100.1,1,0.082,1,0,0.0,0,0.0,0.0,100.1,1,0.082,1,0,0.0,0,0.0,0.0,100.1,1
1161-5071-4,21,True,Line,1,3581-89516-1,Line,0.165,100.13,4735.3,1,0.117,7,0,0.0,0,0.0,0.0,100.1,1,0.103,1,0,0.0,0,0.0,0.0,100.1,1,0.103,1,0,0.0,0,0.0,0.0,100.1,1,0.103,1,0,0.0,0,0.0,0.0,100.1,1
1161-5071-4,29,True,Line,2,2781-4951-1,Line,0.396,100.22,5968.4,1,0.285,15,0,0.0,0,0.0,0.0,100.1,1,0.253,2,0,0.0,0,0.0,0.0,100.1,0,0.154,1,0,0.0,0,0.163,0.0,100.13,1,0.253,2,0,0.0,0,0.0,0.0,100.1,1
1161-5071-4,50,True,Line,1,3581-89516-1,Line,0.165,100.13,5312.4,1,0.209,26,0,0.0,0,0.0,0.0,100.1,1,0.082,1,0,0.0,0,0.0,0.0,100.1,1,0.082,1,0,0.0,0,0.0,0.0,100.1,1,0.082,1,0,0.0,0,0.0,0.0,100.1,1
1161-5071-4,58,True,Line,1,3581-89516-1,Line,0.342,100.28,4583.8,1,1.073,26,0,0.0,0,0.0,0.0,100.1,1,0.433,1,0,0.0,0,0.0,0.0,100.1,1,0.433,1,0,0.0,0,0.0,0.0,100.1,1,0.433,1,0,0.0,0,0.0,0.0,100.1,1
1161-5071-4,65,True,Line,1,3581-89516-1,Line,0.165,100.13,5388.6,1,0.282,22,0,0.0,0,0.0,0.0,100.1,1,0.088,1,0,0.0,0,0.0,0.0,100.1,1,0.088,1,0,0.0,0,0.0,0.0,100.1,1,0.088,1,0,0.0,0,0.0,0.0,100.1,1
1161-5071-4,72,True,Line,1,3581-89516-1,Line,0.165,100.13,5745.9,1,0.256,19,0,0.0,0,0.0,0.0,100.1,1,0.103,1,0,0.0,0,0.0,0.0,100.1,1,0.103,1,0,0.0,0,0.0,0.0,100.1,1,0.103,1,0,0.0,0,0.0,0.0,100.1,1
1161-5071-4,79,True,Line,1,3581-89516-1,Line,0.342,100.28,2728.8,1,0.945,26,0,0.0,0,0.0,0.0,100.1,1,0.433,1,0,0.0,0,0.0,0.0,100.1,1,0.433,1,0,0.0,0,0.0,0.0,100.1,1,0.433,1,0,0.0,0,0.0,0.0,100.1,1
1161-5071-4,94,True,Line,1,3581-89516-1,Line,0.165,100.13,5470.0,1,0.173,26,0,0.0,0,0.0,0.0,100.1,1,0.082,1,0,0.0,0,0.0,0.0,100.1,1,0.082,1,0,0.0,0,0.0,0.0,100.1,1,0.082,1,0,0.0,0,0.0,0.0,100.1,1
1161-5071-4,108,True,Line,1,3581-89516-1,Line,0.165,100.13,7006.9,1,0.195,20,0,0.0,0,0.0,0.0,100.1,1,0.082,1,0,0.0,0,0.0,0.0,100.1,1,0.082,1,0,0.0,0,0.0,0.0,100.1,1,0.082,1,0,0.0,0,0.0,0.0,100.1,1
1161-5071-4,116,True,Line,1,3581-89516-1,Line,0.165,100.13,4604.0,1,0.121,7,0,0.0,0,0.0,0.0,100.1,1,0.103,1,0,0.0,0,0.0,0.0,100.1,1,0.103,1,0,0.0,0,0.0,0.0,100.1,1,0.103,1,0,0.0,0,0.0,0.0,100.1,1
1161-5071-4,123,True,Line,1,3581-89516-1,Line,0.165,100.13,5593.8,1,0.111,13,0,0.0,0,0.0,0.0,100.1,1,0.082,1,0,0.0,0,0.0,0.0,100.1,1,0.082,1,0,0.0,0,0.0,0.0,100.1,1,0.082,1,0,0.0,0,0.0,0.0,100.1,1
1161-5071-4,130,True,Line,1,3581-89516-1,Line,0.165,100.13,5592.5,1,0.11,13,0,0.0,0,0.0,0.0,100.1,1,0.082,1,0,0.0,0,0.0,0.0,100.1,1,0.082,1,0,0.0,0,0.0,0.0,100.1,1,0.082,1,0,0.0,0,0.0,0.0,100.1,1
1161-5071-4,137,True,Line,2,2781-4951-1,Line,0.396,100.22,5053.5,1,0.293,15,0,0.0,0,0.0,0.0,100.1,1,0.253,2,0,0.0,0,0.0,0.0,100.1,0,0.154,1,0,0.0,0,0.163,0.0,100.13,1,0.253,2,0,0.0,0,0.0,0.0,100.1,1
1161-5071-4,145,True,Line,1,3581-89516-1,Line,0.342,100.28,4124.9,1,0.845,26,0,0.0,0,0.0,0.0,100.1,1,0.433,1,0,0.0,0,0.0,0.0,100.1,1,0.433,1,0,0.0,0,0.0,0.0,100.1,1,0.433,1,0,0.0,0,0.0,0.0,100.1,1
1161-5071-4,152,True,Line,1,3581-89516-1,Line,0.165,100.13,4161.2,1,0.146,25,0,0.0,0,0.0,0.0,100.1,1,0.082,1,0,0.0,0,0.0,0.0,100.1,1,0.082,1,0,0.0,0,0.0,0.0,100.1,1,0.082,1,0,0.0,0,0.0,0.0,100.1,1
1161-5071-4,159,True,Line,1,3581-89516-1,Line,0.165,100.13,5313.0,1,0.143,25,0,0.0,0,0.0,0.0,100.1,1,0.082,1,0,0.0,0,0.0,0.0,100.1,1,0.082,1,0,0.0,0,0.0,0.0,100.1,1,0.082,1,0,0.0,0,0.0,0.0,100.1,1
1161-5071-4,167,True,Line,1,3581-89516-1,Line,0.342,100.28,3161.9,1,0.696,26,0,0.0,0,0.0,0.0,100.1,1,0.433,1,0,0.0,0,0.0,0.0,100.1,1,0.433,1,0,0.0,0,0.0,0.0,100.1,1,0.433,1,0,0.0,0,0.0,0.0,100.1,1
1211-1751-1,50,True,Line,1,3581-89516-1,Line,0.244,100.2,5312.4,1,0.607,26,0,0.0,0,0.0,0.0,100.1,1,0.239,1,0,0.0,0,0.0,0.0,100.1,1,0.239,1,0,0.0,0,0.0,0.0,100.1,1,0.239,1,0,0.0,0,0.0,0.0,100.1,1
1211-1751-1,58,True,Line,1,3581-89516-1,Line,0.197,100.16,4583.8,1,0.363,26,0,0.0,0,0.0,0.0,100.1,1,0.147,1,0,0.0,0,0.0,0.0,100.1,1,0.147,1,0,0.0,0,0.0,0.0,100.1,1,0.147,1,0,0.0,0,0.0,0.0,100.1,1
1211-1751-1,65,True,Line,1,3581-89516-1,Line,0.181,100.15,5388.6,1,0.392,22,0,0.0,0,0.0,0.0,100.1,1,0.122,1,0,0.0,0,0.0,0.0,100.1,1,0.122,1,0,0.0,0,0.0,0.0,100.1,1,0.122,1,0,0.0,0,0.0,0.0,100.1,1
1211-1751-1,72,True,Line,1,3581-89516-1,Line,0.187,100.15,5745.9,1,0.393,19,0,0.0,0,0.0,0.0,100.1,1,0.158,1,0,0.0,0,0.0,0.0,100.1,1,0.158,1,0,0.0,0,0.0,0.0,100.1,1,0.158,1,0,0.0,0,0.0,0.0,100.1,1
1211-1751-1,94,True,Line,1,3581-89516-1,Line,0.17,100.14,5470.0,1,0.195,26,0,0.0,0,0.0,0.0,100.1,1,0.093,1,0,0.0,0,0.0,0.0,100.1,1,0.093,1,0,0.0,0,0.0,0.0,100.1,1,0.093,1,0,0.0,0,0.0,0.0,100.1,1
1211-1751-1,108,True,Line,1,3581-89516-1,Line,0.27,100.22,7006.9,1,0.688,20,0,0.0,0,0.0,0.0,100.1,1,0.291,1,0,0.0,0,0.0,0.0,100.1,1,0.291,1,0,0.0,0,0.0,0.0,100.1,1,0.291,1,0,0.0,0,0.0,0.0,100.1,1
1211-1751-1,145,True,Line,1,3581-89516-1,Line,0.207,100.17,4124.9,1,0.325,26,0,0.0,0,0.0,0.0,100.1,1,0.167,1,0,0.0,0,0.0,0.0,100.1,1,0.167,1,0,0.0,0,0.0,0.0,100.1,1,0.167,1,0,0.0,0,0.0,0.0,100.1,1
1211-1751-1,159,True,Line,1,3581-89516-1,Line,0.242,100.2,5313.0,1,0.411,25,0,0.0,0,0.0,0.0,100.1,1,0.236,1,0,0.0,0,0.0,0.0,100.1,1,0.236,1,0,0.0,0,0.0,0.0,100.1,1,0.236,1,0,0.0,0,0.0,0.0,100.1,1
1211-1751-1,167,True,Line,1,3581-89516-1,Line,0.17,100.14,3161.9,1,0.149,26,0,0.0,0,0.0,0.0,100.1,1,0.093,1,0,0.0,0,0.0,0.0,100.1,1,0.093,1,0,0.0,0,0.0,0.0,100.1,1,0.093,1,0,0.0,0,0.0,0.0,100.1,1
1211-2771-1,50,True,Line,1,3581-89516-1,Line,0.765,100.62,5312.4,1,3.225,26,0,0.0,0,0.0,0.0,100.1,1,1.271,1,0,0.0,0,0.0,0.0,100.1,1,1.271,1,0,0.0,0,0.0,0.0,100.1,1,1.271,1,0,0.0,0,0.0,0.0,100.1,1
1211-2771-1,58,True,Line,1,3581-89516-1,Line,0.691,100.56,4583.8,1,2.785,26,0,0.0,0,0.0,0.0,100.1,1,1.125,1,0,0.0,0,0.0,0.0,100.1,1,1.125,1,0,0.0,0,0.0,0.0,100.1,1,1.125,1,0,0.0,0,0.0,0.0,100.1,1
1211-2771-1,65,True,Line,1,3581-89516-1,Line,0.677,100.55,5388.6,1,3.752,22,0,0.0,0,0.0,0.0,100.1,1,1.168,1,0,0.0,0,0.0,0.0,100.1,1,1.168,1,0,0.0,0,0.0,0.0,100.1,1,1.168,1,0,0.0,0,0.0,0.0,100.1,1
1211-2771-1,72,True,Line,1,3581-89516-1,Line,0.66,100.54,5745.9,1,3.299,19,0,0.0,0,0.0,0.0,100.1,1,1.328,1,0,0.0,0,0.0,0.0,100.1,1,1.328,1,0,0.0,0,0.0,0.0,100.1,1,1.328,1,0,0.0,0,0.0,0.0,100.1,1
1211-2771-1,79,True,Line,1,3581-89516-1,Line,0.261,100.21,2728.8,1,0.598,26,0,0.0,0,0.0,0.0,100.1,1,0.274,1,0,0.0,0,0.0,0.0,100.1,1,0.274,1,0,0.0,0,0.0,0.0,100.1,1,0.274,1,0,0.0,0,0.0,0.0,100.1,1
1211-2771-1,94,True,Line,1,3581-89516-1,Line,0.571,100.46,5470.0,1,1.861,26,0,0.0,0,0.0,0.0,100.1,1,0.887,1,0,0.0,0,0.0,0.0,100.1,1,0.887,1,0,0.0,0,0.0,0.0,100.1,1,0.887,1,0,0.0,0,0.0,0.0,100.1,1
1211-2771-1,108,True,Line,1,3581-89516-1,Line,0.928,100.75,7006.9,1,3.776,20,0,0.0,0,0.0,0.0,100.1,1,1.593,1,0,0.0,0,0.0,0.0,100.1,1,1.593,1,0,0.0,0,0.0,0.0,100.1,1,1.593,1,0,0.0,0,0.0,0.0,100.1,1
1211-2771-1,130,True,Line,1,3581-89516-1,Line,0.523,100.43,5592.5,1,1.054,13,0,0.0,0,0.0,0.0,100.1,1,0.791,1,0,0.0,0,0.0,0.0,100.1,1,0.791,1,0,0.0,0,0.0,0.0,100.1,1,0.791,1,0,0.0,0,0.0,0.0,100.1,1
1211-2771-1,145,True,Line,1,3581-89516-1,Line,0.626,100.51,4124.9,1,1.94,26,0,0.0,0,0.0,0.0,100.1,1,0.995,1,0,0.0,0,0.0,0.0,100.1,1,0.995,1,0,0.0,0,0.0,0.0,100.1,1,0.995,1,0,0.0,0,0.0,0.0,100.1,1
1211-2771-1,152,True,Line,1,3581-89516-1,Line,0.464,100.38,4161.2,1,1.197,25,0,0.0,0,0.0,0.0,100.1,1,0.675,1,0,0.0,0,0.0,0.0,100.1,1,0.675,1,0,0.0,0,0.0,0.0,100.1,1,0.675,1,0,0.0,0,0.0,0.0,100.1,1
1211-2771-1,159,True,Line,1,3581-89516-1,Line,0.867,100.71,5313.0,1,2.562,25,0,0.0,0,0.0,0.0,100.1,1,1.473,1,0,0.0,0,0.0,0.0,100.1,1,1.473,1,0,0.0,0,0.0,0.0,100.1,1,1.473,1,0,0.0,0,0.0,0.0,100.1,1
1211-2771-1,167,True,Line,1,3581-89516-1,Line,0.526,100.43,3161.9,1,1.279,26,0,0.0,0,0.0,0.0,100.1,1,0.797,1,0,0.0,0,0.0,0.0,100.1,1,0.797,1,0,0.0,0,0.0,0.0,100.1,1,0.797,1,0,0.0,0,0.0,0.0,100.1,1
1231-1841-1,50,True,Line,1,3581-89516-1,Line,0.311,100.25,5312.4,1,0.945,26,0,0.0,0,0.0,0.0,100.1,1,0.373,1,0,0.0,0,0.0,0.0,100.1,1,0.373,1,0,0.0,0,0.0,0.0,100.1,1,0.373,1,0,0.0,0,0.0,0.0,100.1,1
1231-1841-1,58,True,Line,1,3581-89516-1,Line,0.145,100.12,4583.8,1,0.107,26,0,0.0,0,0.0,0.0,100.1,1,0.043,1,0,0.0,0,0.0,0.0,100.1,1,0.043,1,0,0.0,0,0.0,0.0,100.1,1,0.043,1,0,0.0,0,0.0,0.0,100.1,1
1231-1841-1,65,True,Line,1,3581-89516-1,Line,0.283,100.23,5388.6,1,1.081,22,0,0.0,0,0.0,0.0,100.1,1,0.337,1,0,0.0,0,0.0,0.0,100.1,1,0.337,1,0,0.0,0,0.0,0.0,100.1,1,0.337,1,0,0.0,0,0.0,0.0,100.1,1
1231-1841-1,72,True,Line,1,3581-89516-1,Line,0.263,100.21,5745.9,1,0.858,19,0,0.0,0,0.0,0.0,100.1,1,0.345,1,0,0.0,0,0.0,0.0,100.1,1,0.345,1,0,0.0,0,0.0,0.0,100.1,1,0.345,1,0,0.0,0,0.0,0.0,100.1,1
1231-1841-1,94,True,Line,1,3581-89516-1,Line,0.218,100.18,5470.0,1,0.394,26,0,0.0,0,0.0,0.0,100.1,1,0.188,1,0,0.0,0,0.0,0.0,100.1,1,0.188,1,0,0.0,0,0.0,0.0,100.1,1,0.188,1,0,0.0,0,0.0,0.0,100.1,1
1231-1841-1,108,True,Line,1,3581-89516-1,Line,0.335,100.27,7006.9,1,0.992,20,0,0.0,0,0.0,0.0,100.1,1,0.419,1,0,0.0,0,0.0,0.0,100.1,1,0.419,1,0,0.0,0,0.0,0.0,100.1,1,0.419,1,0,0.0,0,0.0,0.0,100.1,1
1281-2221-1,50,True,Line,1,3581-89516-1,Line,0.244,100.2,5312.4,1,0.608,26,0,0.0,0,0.0,0.0,100.1,1,0.24,1,0,0.0,0,0.0,0.0,100.1,1,0.24,1,0,0.0,0,0.0,0.0,100.1,1,0.24,1,0,0.0,0,0.0,0.0,100.1,1
1281-2221-1,58,True,Line,1,3581-89516-1,Line,0.227,100.18,4583.8,1,0.511,26,0,0.0,0,0.0,0.0,100.1,1,0.207,1,0,0.0,0,0.0,0.0,100.1,1,0.207,1,0,0.0,0,0.0,0.0,100.1,1,0.207,1,0,0.0,0,0.0,0.0,100.1,1
1281-2221-1,65,True,Line,1,3581-89516-1,Line,0.203,100.17,5388.6,1,0.542,22,0,0.0,0,0.0,0.0,100.1,1,0.169,1,0,0.0,0,0.0,0.0,100.1,1,0.169,1,0,0.0,0,0.0,0.0,100.1,1,0.169,1,0,0.0,0,0.0,0.0,100.1,1
1281-2221-1,72,True,Line,1,3581-89516-1,Line,0.152,100.12,5745.9,1,0.176,19,0,0.0,0,0.0,0.0,100.1,1,0.071,1,0,0.0,0,0.0,0.0,100.1,1,0.071,1,0,0.0,0,0.0,0.0,100.1,1,0.071,1,0,0.0,0,0.0,0.0,100.1,1
1281-2221-1,108,True,Line,1,3581-89516-1,Line,0.246,100.2,7006.9,1,0.576,20,0,0.0,0,0.0,0.0,100.1,1,0.243,1,0,0.0,0,0.0,0.0,100.1,1,0.243,1,0,0.0,0,0.0,0.0,100.1,1,0.243,1,0,0.0,0,0.0,0.0,100.1,1
1281-2221-1,130,True,Line,1,3581-89516-1,Line,0.255,100.21,5592.5,1,0.349,13,0,0.0,0,0.0,0.0,100.1,1,0.262,1,0,0.0,0,0.0,0.0,100.1,1,0.262,1,0,0.0,0,0.0,0.0,100.1,1,0.262,1,0,0.0,0,0.0,0.0,100.1,1
1281-2221-1,145,True,Line,1,3581-89516-1,Line,0.222,100.18,4124.9,1,0.383,26,0,0.0,0,0.0,0.0,100.1,1,0.197,1,0,0.0,0,0.0,0.0,100.1,1,0.197,1,0,0.0,0,0.0,0.0,100.1,1,0.197,1,0,0.0,0,0.0,0.0,100.1,1
1281-2221-1,152,True,Line,1,3581-89516-1,Line,0.151,100.12,4161.2,1,0.097,25,0,0.0,0,0.0,0.0,100.1,1,0.055,1,0,0.0,0,0.0,0.0,100.1,1,0.055,1,0,0.0,0,0.0,0.0,100.1,1,0.055,1,0,0.0,0,0.0,0.0,100.1,1
1281-2221-1,159,True,Line,1,3581-89516-1,Line,0.257,100.21,5313.0,1,0.46,25,0,0.0,0,0.0,0.0,100.1,1,0.265,1,0,0.0,0,0.0,0.0,100.1,1,0.265,1,0,0.0,0,0.0,0.0,100.1,1,0.265,1,0,0.0,0,0.0,0.0,100.1,1
1281-2221-1,167,True,Line,1,3581-89516-1,Line,0.239,100.19,3161.9,1,0.37,26,0,0.0,0,0.0,0.0,100.1,1,0.23,1,0,0.0,0,0.0,0.0,100.1,1,0.23,1,0,0.0,0,0.0,0.0,100.1,1,0.23,1,0,0.0,0,0.0,0.0,100.1,1
1311-3331-1,50,True,Line,1,3581-89516-1,Line,0.504,100.41,5312.4,1,1.914,26,0,0.0,0,0.0,0.0,100.1,1,0.754,1,0,0.0,0,0.0,0.0,100.1,1,0.754,1,0,0.0,0,0.0,0.0,100.1,1,0.754,1,0,0.0,0,0.0,0.0,100.1,1
1311-3331-1,58,True,Line,1,3581-89516-1,Line,0.26,100.21,4583.8,1,0.672,26,0,0.0,0,0.0,0.0,100.1,1,0.271,1,0,0.0,0,0.0,0.0,100.1,1,0.271,1,0,0.0,0,0.0,0.0,100.1,1,0.271,1,0,0.0,0,0.0,0.0,100.1,1
1311-3331-1,65,True,Line,1,3581-89516-1,Line,0.391,100.32,5388.6,1,1.818,22,0,0.0,0,0.0,0.0,100.1,1,0.566,1,0,0.0,0,0.0,0.0,100.1,1,0.566,1,0,0.0,0,0.0,0.0,100.1,1,0.566,1,0,0.0,0,0.0,0.0,100.1,1
1311-3331-1,72,True,Line,1,3581-89516-1,Line,0.532,100.43,5745.9,1,2.513,19,0,0.0,0,0.0,0.0,100.1,1,1.012,1,0,0.0,0,0.0,0.0,100.1,1,1.012,1,0,0.0,0,0.0,0.0,100.1,1,1.012,1,0,0.0,0,0.0,0.0,100.1,1
1311-3331-1,79,True,Line,1,3581-89516-1,Line,0.205,100.17,2728.8,1,0.353,26,0,0.0,0,0.0,0.0,100.1,1,0.162,1,0,0.0,0,0.0,0.0,100.1,1,0.162,1,0,0.0,0,0.0,0.0,100.1,1,0.162,1,0,0.0,0,0.0,0.0,100.1,1
1311-3331-1,94,True,Line,1,3581-89516-1,Line,0.345,100.28,5470.0,1,0.92,26,0,0.0,0,0.0,0.0,100.1,1,0.439,1,0,0.0,0,0.0,0.0,100.1,1,0.439,1,0,0.0,0,0.0,0.0,100.1,1,0.439,1,0,0.0,0,0.0,0.0,100.1,1
1311-3331-1,108,True,Line,1,3581-89516-1,Line,0.739,100.6,7006.9,1,2.891,20,0,0.0,0,0.0,0.0,100.1,1,1.22,1,0,0.0,0,0.0,0.0,100.1,1,1.22,1,0,0.0,0,0.0,0.0,100.1,1,1.22,1,0,0.0,0,0.0,0.0,100.1,1
1311-3331-1,145,True,Line,1,3581-89516-1,Line,0.729,100.59,4124.9,1,2.338,26,0,0.0,0,0.0,0.0,100.1,1,1.199,1,0,0.0,0,0.0,0.0,100.1,1,1.199,1,0,0.0,0,0.0,0.0,100.1,1,1.199,1,0,0.0,0,0.0,0.0,100.1,1
1311-3331-1,152,True,Line,1,3581-89516-1,Line,0.597,100.49,4161.2,1,1.664,25,0,0.0,0,0.0,0.0,100.1,1,0.938,1,0,0.0,0,0.0,0.0,100.1,1,0.938,1,0,0.0,0,0.0,0.0,100.1,1,0.938,1,0,0.0,0,0.0,0.0,100.1,1
1311-3331-1,159,True,Line,1,3581-89516-1,Line,0.74,100.6,5313.0,1,2.123,25,0,0.0,0,0.0,0.0,100.1,1,1.221,1,0,0.0,0,0.0,0.0,100.1,1,1.221,1,0,0.0,0,0.0,0.0,100.1,1,1.221,1,0,0.0,0,0.0,0.0,100.1,1
1311-3331-1,167,True,Line,1,3581-89516-1,Line,0.628,100.51,3161.9,1,1.604,26,0,0.0,0,0.0,0.0,100.1,1,1.0,1,0,0.0,0,0.0,0.0,100.1,1,1.0,1,0,0.0,0,0.0,0.0,100.1,1,1.0,1,0,0.0,0,0.0,0.0,100.1,1
1381-4721-1,50,True,Line,2,1122-1742-1,Line,3.792,100.43,5312.4,1,7.39,32,0,0.0,0,0.0,0.0,100.1,1,3.066,1,0,0.0,0,0.0,0.0,100.1,1,3.066,1,0,0.0,0,0.0,0.0,100.1,1,3.066,1,0,0.0,0,0.0,0.0,100.1,1
1381-4721-1,101,True,Line,2,T3464-3462-34641-1-w2,Transformer,5.75,100.58,5965.5,1,18.22,52,0,0.0,0,0.0,0.0,100.1,1,12.789,1,0,0.0,0,0.0,0.0,100.1,1,12.789,1,0,0.0,0,0.0,0.0,100.1,1,12.789,1,0,0.0,0,0.0,0.0,100.1,1
1381-4721-1,108,True,Line,3,T3464-3462-34641-1-w2,Transformer,7.279,100.71,7006.9,1,23.314,54,0,0.0,0,0.0,0.0,100.1,1,54.724,2,0,0.0,0,0.0,0.0,100.1,1,54.724,2,0,0.0,0,0.0,0.0,100.1,1,16.315,1,0,0.0,0,0.0,0.0,100.1,1
1381-4721-1,159,True,Line,2,T3464-3462-34641-1-w2,Transformer,5.913,100.6,5313.0,1,18.401,54,0,0.0,0,0.0,0.0,100.1,1,13.215,1,0,0.0,0,0.0,0.0,100.1,1,13.215,1,0,0.0,0,0.0,0.0,100.1,1,13.215,1,0,0.0,0,0.0,0.0,100.1,1
1401-14010-1,50,True,Line,2,1122-1742-1,Line,2.926,100.27,5312.4,1,4.391,19,0,0.0,0,0.0,0.0,100.1,1,2.601,1,0,0.0,0,0.0,0.0,100.1,1,2.601,1,0,0.0,0,0.0,0.0,100.1,1,2.373,2,0,0.0,0,0.0,0.0,100.1,1
1472-14720-1,0,True,Line,4,3581-89516-1,Line,16.911,104.3,5299.5,1,16.327,17,0,0.0,0,0.0,0.0,100.1,1,13.442,2,0,0.0,0,0.0,0.0,100.1,1,47.462,3,0,0.0,0,0.0,0.0,100.1,1,13.357,3,0,0.0,0,0.0,0.0,100.1,1
1472-14720-1,7,True,Line,3,3581-89516-1,Line,14.299,104.31,6073.6,1,13.693,16,0,0.0,0,0.0,0.0,100.1,1,10.25,1,0,0.0,0,0.0,0.0,100.1,1,10.25,1,0,0.0,0,0.0,0.0,100.1,1,10.25,2,0,0.0,0,0.0,0.0,100.1,1
1472-14720-1,14,True,Line,1,1122-11260-1,Line,0.815,100.16,6309.0,1,0.302,1,0,0.0,0,0.0,0.0,100.1,1,0.302,1,0,0.0,0,0.0,0.0,100.1,1,0.302,1,0,0.0,0,0.0,0.0,100.1,1,0.302,1,0,0.0,0,0.0,0.0,100.1,1
1472-14720-1,21,True,Line,3,3581-89516-1,Line,14.312,104.31,4735.3,1,14.539,7,0,0.0,0,0.0,0.0,100.1,1,12.822,1,0,0.0,0,0.0,0.0,100.1,1,12.822,1,0,0.0,0,0.0,0.0,100.1,1,12.822,1,0,0.0,0,0.0,0.0,100.1,1
1472-14720-1,29,True,Line,4,3581-89516-1,Line,17.033,104.33,5968.4,1,20.383,15,0,0.0,0,0.0,0.0,100.1,1,16.114,2,0,0.0,0,0.0,0.0,100.1,1,47.397,2,0,0.0,0,0.0,0.0,100.1,1,16.007,2,0,0.0,0,0.0,0.0,100.1,1
1472-14720-1,36,True,Line,2,3082-3122-1,Line,12.736,101.9,6805.4,1,44.907,18,0,0.0,0,0.0,0.0,100.1,1,32.618,1,0,0.0,0,0.0,0.0,100.1,1,32.618,1,0,0.0,0,0.0,0.0,100.1,1,24.231,2,0,0.0,0,0.0,0.0,100.1,1
1472-14720-1,50,True,Line,3,3082-3122-1,Line,3.493,100.3,5312.4,0,7.208,45,0,0.0,0,0.674,0.0,100.11,1,4.04,3,0,0.0,0,0.0,0.0,100.1,0,29.433,1,0,0.0,0,1.621,0.0,100.25,1,3.562,3,0,0.0,0,0.0,0.0,100.1,1
1472-14720-1,58,True,Line,1,3581-89516-1,Line,0.396,100.32,4583.8,1,1.337,26,0,0.0,0,0.0,0.0,100.1,1,0.54,1,0,0.0,0,0.0,0.0,100.1,1,0.54,1,0,0.0,0,0.0,0.0,100.1,1,0.54,1,0,0.0,0,0.0,0.0,100.1,1
1472-14720-1,65,True,Line,1,3581-89516-1,Line,0.942,100.77,5388.6,1,5.543,22,0,0.0,0,0.0,0.0,100.1,1,1.726,1,0,0.0,0,0.0,0.0,100.1,1,1.726,1,0,0.0,0,0.0,0.0,100.1,1,1.726,1,0,0.0,0,0.0,0.0,100.1,1
1472-14720-1,72,True,Line,3,3581-89516-1,Line,2.845,101.61,5745.9,1,11.433,19,0,0.0,0,0.0,0.0,100.1,1,4.602,1,0,0.0,0,0.0,0.0,100.1,1,4.602,1,0,0.0,0,0.0,0.0,100.1,1,4.602,1,0,0.0,0,0.0,0.0,100.1,1
1472-14720-1,79,True,Line,1,3581-89516-1,Line,0.978,100.8,2728.8,1,3.691,26,0,0.0,0,0.0,0.0,100.1,1,1.692,1,0,0.0,0,0.0,0.0,100.1,1,1.692,1,0,0.0,0,0.0,0.0,100.1,1,1.692,1,0,0.0,0,0.0,0.0,100.1,1
1472-14720-1,94,True,Line,3,3581-89516-1,Line,5.282,102.19,5470.0,1,10.659,26,0,0.0,0,0.0,0.0,100.1,1,5.079,1,0,0.0,0,0.0,0.0,100.1,1,5.079,1,0,0.0,0,0.0,0.0,100.1,1,5.079,1,0,0.0,0,0.0,0.0,100.1,1
1472-14720-1,101,True,Line,2,T3464-3462-34641-1-w1,Transformer,15.728,101.59,5965.5,1,57.356,53,0,0.0,0,0.0,0.0,100.1,1,40.113,1,0,0.0,0,0.0,0.0,100.1,1,40.113,1,0,0.0,0,0.0,0.0,100.1,1,40.113,1,0,0.0,0,0.0,0.0,100.1,1
1472-14720-1,108,True,Line,7,T3464-3462-34641-1-w1,Transformer,28.028,102.34,7006.9,0,98.089,75,1,0.762,0,0.687,100.15,100.15,1,95.564,4,1,0.755,0,0.0,100.15,100.15,0,4.738,1,0,0.0,0,26.864,0.0,102.33,1,66.236,4,0,0.0,0,0.0,0.0,100.1,1
1472-14720-1,116,True,Line,3,3581-89516-1,Line,14.369,104.33,4604.0,1,15.091,7,0,0.0,0,0.0,0.0,100.1,1,12.863,1,0,0.0,0,0.0,0.0,100.1,1,12.863,1,0,0.0,0,0.0,0.0,100.1,1,12.863,1,0,0.0,0,0.0,0.0,100.1,1
1472-14720-1,123,True,Line,3,3581-89516-1,Line,9.382,103.15,5593.8,1,9.981,13,0,0.0,0,0.0,0.0,100.1,1,7.43,1,0,0.0,0,0.0,0.0,100.1,1,7.43,1,0,0.0,0,0.0,0.0,100.1,1,7.43,1,0,0.0,0,0.0,0.0,100.1,1
1472-14720-1,130,True,Line,3,3581-89516-1,Line,5.535,102.25,5592.5,1,6.96,13,0,0.0,0,0.0,0.0,100.1,1,5.224,1,0,0.0,0,0.0,0.0,100.1,1,5.224,1,0,0.0,0,0.0,0.0,100.1,1,5.224,1,0,0.0,0,0.0,0.0,100.1,1
1472-14720-1,137,True,Line,4,3581-89516-1,Line,9.848,102.85,5053.5,1,13.96,15,0,0.0,0,0.0,0.0,100.1,1,10.46,2,0,0.0,0,0.0,0.0,100.1,1,40.863,2,0,0.0,0,0.0,0.0,100.1,1,10.391,2,0,0.0,0,0.0,0.0,100.1,1
1472-14720-1,145,True,Line,1,3581-89516-1,Line,0.138,100.11,4124.9,1,0.058,26,0,0.0,0,0.0,0.0,100.1,1,0.03,1,0,0.0,0,0.0,0.0,100.1,1,0.03,1,0,0.0,0,0.0,0.0,100.1,1,0.03,1,0,0.0,0,0.0,0.0,100.1,1
1472-14720-1,152,True,Line,1,3581-89516-1,Line,0.25,100.2,4161.2,1,0.446,25,0,0.0,0,0.0,0.0,100.1,1,0.251,1,0,0.0,0,0.0,0.0,100.1,1,0.251,1,0,0.0,0,0.0,0.0,100.1,1,0.251,1,0,0.0,0,0.0,0.0,100.1,1
1472-14720-1,159,True,Line,3,T3464-3462-34641-1-w1,Transformer,8.252,100.76,5313.0,0,27.329,80,0,0.0,0,0.569,0.0,100.11,1,36.838,2,0,0.0,0,0.0,0.0,100.1,1,44.464,5,0,0.0,0,0.0,0.0,100.1,1,19.471,2,0,0.0,0,0.0,0.0,100.1,1
1511-52610-1,7,True,Line,1,3581-89516-1,Line,0.503,100.41,6073.6,1,1.004,16,0,0.0,0,0.0,0.0,100.1,1,0.752,1,0,0.0,0,0.0,0.0,100.1,1,0.752,1,0,0.0,0,0.0,0.0,100.1,1,0.752,1,0,0.0,0,0.0,0.0,100.1,1
1511-52610-1,50,True,Line,1,3581-89516-1,Line,0.499,100.41,5312.4,1,1.886,26,0,0.0,0,0.0,0.0,100.1,1,0.743,1,0,0.0,0,0.0,0.0,100.1,1,0.743,1,0,0.0,0,0.0,0.0,100.1,1,0.743,1,0,0.0,0,0.0,0.0,100.1,1
1511-52610-1,58,True,Line,1,3581-89516-1,Line,0.391,100.32,4583.8,1,1.311,26,0,0.0,0,0.0,0.0,100.1,1,0.53,1,0,0.0,0,0.0,0.0,100.1,1,0.53,1,0,0.0,0,0.0,0.0,100.1,1,0.53,1,0,0.0,0,0.0,0.0,100.1,1
1511-52610-1,65,True,Line,1,3581-89516-1,Line,0.463,100.38,5388.6,1,2.305,22,0,0.0,0,0.0,0.0,100.1,1,0.718,1,0,0.0,0,0.0,0.0,100.1,1,0.718,1,0,0.0,0,0.0,0.0,100.1,1,0.718,1,0,0.0,0,0.0,0.0,100.1,1
1511-52610-1,72,True,Line,1,3581-89516-1,Line,0.4,100.32,5745.9,1,1.699,19,0,0.0,0,0.0,0.0,100.1,1,0.684,1,0,0.0,0,0.0,0.0,100.1,1,0.684,1,0,0.0,0,0.0,0.0,100.1,1,0.684,1,0,0.0,0,0.0,0.0,100.1,1
1511-52610-1,79,True,Line,1,3581-89516-1,Line,0.141,100.11,2728.8,1,0.079,26,0,0.0,0,0.0,0.0,100.1,1,0.036,1,0,0.0,0,0.0,0.0,100.1,1,0.036,1,0,0.0,0,0.0,0.0,100.1,1,0.036,1,0,0.0,0,0.0,0.0,100.1,1
1511-52610-1,94,True,Line,1,3581-89516-1,Line,0.22,100.18,5470.0,1,0.404,26,0,0.0,0,0.0,0.0,100.1,1,0.193,1,0,0.0,0,0.0,0.0,100.1,1,0.193,1,0,0.0,0,0.0,0.0,100.1,1,0.193,1,0,0.0,0,0.0,0.0,100.1,1
1511-52610-1,108,True,Line,1,3581-89516-1,Line,0.248,100.2,7006.9,1,0.588,20,0,0.0,0,0.0,0.0,100.1,1,0.248,1,0,0.0,0,0.0,0.0,100.1,1,0.248,1,0,0.0,0,0.0,0.0,100.1,1,0.248,1,0,0.0,0,0.0,0.0,100.1,1
1511-52610-1,123,True,Line,1,3581-89516-1,Line,0.511,100.42,5593.8,1,1.031,13,0,0.0,0,0.0,0.0,100.1,1,0.768,1,0,0.0,0,0.0,0.0,100.1,1,0.768,1,0,0.0,0,0.0,0.0,100.1,1,0.768,1,0,0.0,0,0.0,0.0,100.1,1
1511-52610-1,137,True,Line,2,2781-4951-1,Line,1.043,100.5,5053.5,0,1.856,15,0,0.0,0,0.114,0.0,100.11,1,1.473,2,0,0.0,0,0.0,0.0,100.1,0,0.528,1,0,0.0,0,0.502,0.0,100.41,1,1.473,2,0,0.0,0,0.0,0.0,100.1,1
1511-52610-1,145,True,Line,1,3581-89516-1,Line,0.492,100.4,4124.9,1,1.424,26,0,0.0,0,0.0,0.0,100.1,1,0.73,1,0,0.0,0,0.0,0.0,100.1,1,0.73,1,0,0.0,0,0.0,0.0,100.1,1,0.73,1,0,0.0,0,0.0,0.0,100.1,1
1511-52610-1,152,True,Line,1,3581-89516-1,Line,0.414,100.34,4161.2,1,1.02,25,0,0.0,0,0.0,0.0,100.1,1,0.575,1,0,0.0,0,0.0,0.0,100.1,1,0.575,1,0,0.0,0,0.0,0.0,100.1,1,0.575,1,0,0.0,0,0.0,0.0,100.1,1
1511-52610-1,159,True,Line,1,3581-89516-1,Line,0.496,100.4,5313.0,1,1.282,25,0,0.0,0,0.0,0.0,100.1,1,0.737,1,0,0.0,0,0.0,0.0,100.1,1,0.737,1,0,0.0,0,0.0,0.0,100.1,1,0.737,1,0,0.0,0,0.0,0.0,100.1,1
1511-52610-1,167,True,Line,1,3581-89516-1,Line,0.505,100.41,3161.9,1,1.212,26,0,0.0,0,0.0,0.0,100.1,1,0.755,1,0,0.0,0,0.0,0.0,100.1,1,0.755,1,0,0.0,0,0.0,0.0,100.1,1,0.755,1,0,0.0,0,0.0,0.0,100.1,1
1521-2401-1,0,True,Line,2,2781-4951-1,Line,0.323,100.16,5299.5,1,0.158,17,0,0.0,0,0.0,0.0,100.1,1,0.141,2,0,0.0,0,0.0,0.0,100.1,0,0.074,1,0,0.0,0,0.156,0.0,100.13,1,0.14,2,0,0.0,0,0.0,0.0,100.1,1
1521-2401-1,7,True,Line,1,3581-89516-1,Line,0.166,100.14,6073.6,1,0.114,16,0,0.0,0,0.0,0.0,100.1,1,0.086,1,0,0.0,0,0.0,0.0,100.1,1,0.086,1,0,0.0,0,0.0,0.0,100.1,1,0.086,1,0,0.0,0,0.0,0.0,100.1,1
1521-2401-1,21,True,Line,1,3581-89516-1,Line,0.134,100.11,4735.3,1,0.03,7,0,0.0,0,0.0,0.0,100.1,1,0.027,1,0,0.0,0,0.0,0.0,100.1,1,0.027,1,0,0.0,0,0.0,0.0,100.1,1,0.027,1,0,0.0,0,0.0,0.0,100.1,1
1521-2401-1,29,True,Line,2,2781-4951-1,Line,0.532,100.26,5968.4,0,0.643,15,0,0.0,0,0.109,0.0,100.1,1,0.537,2,0,0.0,0,0.0,0.0,100.1,0,0.207,1,0,0.0,0,0.256,0.0,100.21,1,0.537,2,0,0.0,0,0.0,0.0,100.1,1
1521-2401-1,94,True,Line,1,3581-89516-1,Line,0.132,100.11,5470.0,1,0.037,26,0,0.0,0,0.0,0.0,100.1,1,0.017,1,0,0.0,0,0.0,0.0,100.1,1,0.017,1,0,0.0,0,0.0,0.0,100.1,1,0.017,1,0,0.0,0,0.0,0.0,100.1,1
1521-2401-1,101,True,Line,2,T3464-3462-34641-1-w1,Transformer,1.591,100.16,5965.5,1,2.403,53,0,0.0,0,0.0,0.0,100.1,1,1.68,1,0,0.0,0,0.0,0.0,100.1,1,1.68,1,0,0.0,0,0.0,0.0,100.1,1,1.68,1,0,0.0,0,0.0,0.0,100.1,1
1521-2401-1,108,True,Line,3,T3464-3462-34641-1-w1,Transformer,2.945,100.28,7006.9,0,7.384,75,0,0.0,0,0.506,0.0,100.1,1,15.965,2,1,0.346,0,0.0,100.18,100.18,1,10.171,2,0,0.0,0,0.0,0.0,100.1,1,5.064,2,0,0.0,0,0.0,0.0,100.1,1
1521-2401-1,116,True,Line,1,3581-89516-1,Line,0.284,100.23,4604.0,1,0.468,7,0,0.0,0,0.0,0.0,100.1,1,0.399,1,0,0.0,0,0.0,0.0,100.1,1,0.399,1,0,0.0,0,0.0,0.0,100.1,1,0.399,1,0,0.0,0,0.0,0.0,100.1,1
1521-2401-1,123,True,Line,1,3581-89516-1,Line,0.199,100.16,5593.8,1,0.203,13,0,0.0,0,0.0,0.0,100.1,1,0.151,1,0,0.0,0,0.0,0.0,100.1,1,0.151,1,0,0.0,0,0.0,0.0,100.1,1,0.151,1,0,0.0,0,0.0,0.0,100.1,1
1521-2401-1,130,True,Line,1,3581-89516-1,Line,0.174,100.14,5592.5,1,0.133,13,0,0.0,0,0.0,0.0,100.1,1,0.1,1,0,0.0,0,0.0,0.0,100.1,1,0.1,1,0,0.0,0,0.0,0.0,100.1,1,0.1,1,0,0.0,0,0.0,0.0,100.1,1
1521-2401-1,137,True,Line,2,2781-4951-1,Line,0.582,100.28,5053.5,0,0.787,15,0,0.0,0,0.109,0.0,100.1,1,0.629,2,0,0.0,0,0.0,0.0,100.1,0,0.239,1,0,0.0,0,0.28,0.0,100.23,1,0.629,2,0,0.0,0,0.0,0.0,100.1,1
1521-2401-1,152,True,Line,1,3581-89516-1,Line,0.25,100.2,4161.2,1,0.445,25,0,0.0,0,0.0,0.0,100.1,1,0.251,1,0,0.0,0,0.0,0.0,100.1,1,0.251,1,0,0.0,0,0.0,0.0,100.1,1,0.251,1,0,0.0,0,0.0,0.0,100.1,1
1521-2401-1,159,True,Line,3,T3464-3462-34641-1-w1,Transformer,4.584,100.44,5313.0,0,13.412,80,0,0.0,0,0.52,0.0,100.1,1,28.142,2,0,0.0,0,0.0,0.0,100.1,1,19.888,3,0,0.0,0,0.0,0.0,100.1,1,9.565,2,0,0.0,0,0.0,0.0,100.1,1
1521-2401-1,167,True,Line,1,3581-89516-1,Line,0.174,100.14,3161.9,1,0.162,26,0,0.0,0,0.0,0.0,100.1,1,0.101,1,0,0.0,0,0.0,0.0,100.1,1,0.101,1,0,0.0,0,0.0,0.0,100.1,1,0.101,1,0,0.0,0,0.0,0.0,100.1,1
1551-16011-1,7,True,Line,1,3581-89516-1,Line,0.828,100.67,6073.6,1,1.863,16,0,0.0,0,0.0,0.0,100.1,1,1.395,1,0,0.0,0,0.0,0.0,100.1,1,1.395,1,0,0.0,0,0.0,0.0,100.1,1,1.395,1,0,0.0,0,0.0,0.0,100.1,1
1551-16011-1,29,True,Line,2,2781-4951-1,Line,1.344,100.66,5968.4,0,2.415,15,0,0.0,0,0.116,0.0,100.11,1,2.007,2,0,0.0,0,0.0,0.0,100.1,0,0.733,1,0,0.0,0,0.634,0.0,100.52,1,2.007,2,0,0.0,0,0.0,0.0,100.1,1
1551-16011-1,50,True,Line,1,3581-89516-1,Line,0.717,100.58,5312.4,1,2.982,26,0,0.0,0,0.0,0.0,100.1,1,1.175,1,0,0.0,0,0.0,0.0,100.1,1,1.175,1,0,0.0,0,0.0,0.0,100.1,1,1.175,1,0,0.0,0,0.0,0.0,100.1,1
1551-16011-1,58,True,Line,1,3581-89516-1,Line,0.427,100.35,4583.8,1,1.489,26,0,0.0,0,0.0,0.0,100.1,1,0.602,1,0,0.0,0,0.0,0.0,100.1,1,0.602,1,0,0.0,0,0.0,0.0,100.1,1,0.602,1,0,0.0,0,0.0,0.0,100.1,1
1551-16011-1,65,True,Line,1,3581-89516-1,Line,0.476,100.39,5388.6,1,2.392,22,0,0.0,0,0.0,0.0,100.1,1,0.745,1,0,0.0,0,0.0,0.0,100.1,1,0.745,1,0,0.0,0,0.0,0.0,100.1,1,0.745,1,0,0.0,0,0.0,0.0,100.1,1
1551-16011-1,72,True,Line,1,3581-89516-1,Line,0.528,100.43,5745.9,1,2.486,19,0,0.0,0,0.0,0.0,100.1,1,1.001,1,0,0.0,0,0.0,0.0,100.1,1,1.001,1,0,0.0,0,0.0,0.0,100.1,1,1.001,1,0,0.0,0,0.0,0.0,100.1,1
1551-16011-1,79,True,Line,1,3581-89516-1,Line,0.229,100.19,2728.8,1,0.458,26,0,0.0,0,0.0,0.0,100.1,1,0.21,1,0,0.0,0,0.0,0.0,100.1,1,0.21,1,0,0.0,0,0.0,0.0,100.1,1,0.21,1,0,0.0,0,0.0,0.0,100.1,1
1551-16011-1,94,True,Line,1,3581-89516-1,Line,0.503,100.41,5470.0,1,1.577,26,0,0.0,0,0.0,0.0,100.1,1,0.752,1,0,0.0,0,0.0,0.0,100.1,1,0.752,1,0,0.0,0,0.0,0.0,100.1,1,0.752,1,0,0.0,0,0.0,0.0,100.1,1
1551-16011-1,108,True,Line,1,3581-89516-1,Line,0.829,100.67,7006.9,1,3.309,20,0,0.0,0,0.0,0.0,100.1,1,1.396,1,0,0.0,0,0.0,0.0,100.1,1,1.396,1,0,0.0,0,0.0,0.0,100.1,1,1.396,1,0,0.0,0,0.0,0.0,100.1,1
1551-16011-1,130,True,Line,1,3581-89516-1,Line,0.829,100.67,5592.5,1,1.861,13,0,0.0,0,0.0,0.0,100.1,1,1.397,1,0,0.0,0,0.0,0.0,100.1,1,1.397,1,0,0.0,0,0.0,0.0,100.1,1,1.397,1,0,0.0,0,0.0,0.0,100.1,1
1551-16011-1,145,True,Line,1,3581-89516-1,Line,0.538,100.44,4124.9,1,1.603,26,0,0.0,0,0.0,0.0,100.1,1,0.822,1,0,0.0,0,0.0,0.0,100.1,1,0.822,1,0,0.0,0,0.0,0.0,100.1,1,0.822,1,0,0.0,0,0.0,0.0,100.1,1
1551-16011-1,152,True,Line,1,3581-89516-1,Line,0.185,100.15,4161.2,1,0.216,25,0,0.0,0,0.0,0.0,100.1,1,0.122,1,0,0.0,0,0.0,0.0,100.1,1,0.122,1,0,0.0,0,0.0,0.0,100.1,1,0.122,1,0,0.0,0,0.0,0.0,100.1,1
1551-16011-1,159,True,Line,1,3581-89516-1,Line,0.677,100.55,5313.0,1,1.908,25,0,0.0,0,0.0,0.0,100.1,1,1.097,1,0,0.0,0,0.0,0.0,100.1,1,1.097,1,0,0.0,0,0.0,0.0,100.1,1,1.097,1,0,0.0,0,0.0,0.0,100.1,1
1551-16011-1,167,True,Line,1,3581-89516-1,Line,0.428,100.35,3161.9,1,0.969,26,0,0.0,0,0.0,0.0,100.1,1,0.604,1,0,0.0,0,0.0,0.0,100.1,1,0.604,1,0,0.0,0,0.0,0.0,100.1,1,0.604,1,0,0.0,0,0.0,0.0,100.1,1
1571-5191-1,0,True,Line,1,3581-89516-1,Line,0.593,100.48,5299.5,1,1.19,12,0,0.0,0,0.0,0.0,100.1,1,0.929,1,0,0.0,0,0.0,0.0,100.1,1,0.929,1,0,0.0,0,0.0,0.0,100.1,1,0.929,1,0,0.0,0,0.0,0.0,100.1,1
1571-5191-1,7,True,Line,1,3581-89516-1,Line,0.411,100.33,6073.6,1,0.762,15,0,0.0,0,0.0,0.0,100.1,1,0.569,1,0,0.0,0,0.0,0.0,100.1,1,0.569,1,0,0.0,0,0.0,0.0,100.1,1,0.569,1,0,0.0,0,0.0,0.0,100.1,1
1571-5191-1,50,True,Line,1,3581-89516-1,Line,1.432,101.16,5312.4,1,6.67,25,0,0.0,0,0.0,0.0,100.1,1,2.588,2,0,0.0,0,0.0,0.0,100.1,1,2.588,2,0,0.0,0,0.0,0.0,100.1,1,2.588,2,0,0.0,0,0.0,0.0,100.1,1
1571-5191-1,65,True,Line,1,3581-89516-1,Line,0.588,100.48,5388.6,1,3.211,21,0,0.0,0,0.0,0.0,100.1,1,0.979,1,0,0.0,0,0.0,0.0,100.1,1,0.979,1,0,0.0,0,0.0,0.0,100.1,1,0.979,1,0,0.0,0,0.0,0.0,100.1,1
1571-5191-1,79,True,Line,1,3581-89516-1,Line,1.959,101.59,2728.8,1,8.013,25,0,0.0,0,0.0,0.0,100.1,1,3.63,1,0,0.0,0,0.0,0.0,100.1,1,3.63,1,0,0.0,0,0.0,0.0,100.1,1,3.63,1,0,0.0,0,0.0,0.0,100.1,1
1571-5191-1,94,True,Line,1,3581-89516-1,Line,0.757,100.62,5470.0,1,2.663,25,0,0.0,0,0.0,0.0,100.1,1,1.253,1,0,0.0,0,0.0,0.0,100.1,1,1.253,1,0,0.0,0,0.0,0.0,100.1,1,1.253,1,0,0.0,0,0.0,0.0,100.1,1
1571-5191-1,167,True,Line,1,3581-89516-1,Line,1.479,101.2,3161.9,1,4.322,25,0,0.0,0,0.0,0.0,100.1,1,2.68,1,0,0.0,0,0.0,0.0,100.1,1,2.68,1,0,0.0,0,0.0,0.0,100.1,1,2.68,1,0,0.0,0,0.0,0.0,100.1,1
1631-2671-1,50,True,Line,2,1122-1742-1,Line,1.272,100.12,5312.4,1,0.323,34,0,0.0,0,0.0,0.0,100.1,1,0.154,1,0,0.0,0,0.0,0.0,100.1,1,0.154,1,0,0.0,0,0.0,0.0,100.1,1,0.154,1,0,0.0,0,0.0,0.0,100.1,1
1631-2671-1,159,True,Line,2,T3464-3462-34641-1-w1,Transformer,1.191,100.12,5313.0,1,0.892,55,0,0.0,0,0.0,0.0,100.1,1,0.638,1,0,0.0,0,0.0,0.0,100.1,1,0.638,1,0,0.0,0,0.0,0.0,100.1,1,0.638,1,0,0.0,0,0.0,0.0,100.1,1
1641-16410-1,29,True,Line,1,2781-4951-1,Line,0.247,100.23,5968.4,1,0.173,5,0,0.0,0,0.0,0.0,100.1,1,0.173,2,0,0.0,0,0.0,0.0,100.1,1,0.173,2,0,0.0,0,0.0,0.0,100.1,1,0.173,1,0,0.0,0,0.0,0.0,100.1,1
1661-1951-1,0,True,Line,1,3581-89516-1,Line,0.517,100.42,5299.5,1,0.998,13,0,0.0,0,0.0,0.0,100.1,1,0.779,1,0,0.0,0,0.0,0.0,100.1,1,0.779,1,0,0.0,0,0.0,0.0,100.1,1,0.779,1,0,0.0,0,0.0,0.0,100.1,1
1661-1951-1,7,True,Line,1,3581-89516-1,Line,0.593,100.48,6073.6,1,1.243,16,0,0.0,0,0.0,0.0,100.1,1,0.931,1,0,0.0,0,0.0,0.0,100.1,1,0.931,1,0,0.0,0,0.0,0.0,100.1,1,0.931,1,0,0.0,0,0.0,0.0,100.1,1
1661-1951-1,21,True,Line,1,3581-89516-1,Line,0.472,100.38,4735.3,1,0.978,7,0,0.0,0,0.0,0.0,100.1,1,0.863,1,0,0.0,0,0.0,0.0,100.1,1,0.863,1,0,0.0,0,0.0,0.0,100.1,1,0.863,1,0,0.0,0,0.0,0.0,100.1,1
1661-1951-1,29,True,Line,1,3581-89516-1,Line,0.598,100.49,5968.4,1,1.561,10,0,0.0,0,0.0,0.0,100.1,1,1.175,1,0,0.0,0,0.0,0.0,100.1,1,1.175,1,0,0.0,0,0.0,0.0,100.1,1,1.175,1,0,0.0,0,0.0,0.0,100.1,1
1661-1951-1,50,True,Line,1,3581-89516-1,Line,0.604,100.49,5312.4,1,2.416,26,0,0.0,0,0.0,0.0,100.1,1,0.953,1,0,0.0,0,0.0,0.0,100.1,1,0.953,1,0,0.0,0,0.0,0.0,100.1,1,0.953,1,0,0.0,0,0.0,0.0,100.1,1
1661-1951-1,58,True,Line,1,3581-89516-1,Line,0.625,100.51,4583.8,1,2.459,26,0,0.0,0,0.0,0.0,100.1,1,0.993,1,0,0.0,0,0.0,0.0,100.1,1,0.993,1,0,0.0,0,0.0,0.0,100.1,1,0.993,1,0,0.0,0,0.0,0.0,100.1,1
1661-1951-1,65,True,Line,1,3581-89516-1,Line,0.532,100.43,5388.6,1,2.769,22,0,0.0,0,0.0,0.0,100.1,1,0.862,1,0,0.0,0,0.0,0.0,100.1,1,0.862,1,0,0.0,0,0.0,0.0,100.1,1,0.862,1,0,0.0,0,0.0,0.0,100.1,1
1661-1951-1,72,True,Line,1,3581-89516-1,Line,0.559,100.45,5745.9,1,2.677,19,0,0.0,0,0.0,0.0,100.1,1,1.078,1,0,0.0,0,0.0,0.0,100.1,1,1.078,1,0,0.0,0,0.0,0.0,100.1,1,1.078,1,0,0.0,0,0.0,0.0,100.1,1
1661-1951-1,79,True,Line,1,3581-89516-1,Line,0.681,100.55,2728.8,1,2.408,26,0,0.0,0,0.0,0.0,100.1,1,1.104,1,0,0.0,0,0.0,0.0,100.1,1,1.104,1,0,0.0,0,0.0,0.0,100.1,1,1.104,1,0,0.0,0,0.0,0.0,100.1,1
1661-1951-1,94,True,Line,1,3581-89516-1,Line,0.573,100.47,5470.0,1,1.868,26,0,0.0,0,0.0,0.0,100.1,1,0.89,1,0,0.0,0,0.0,0.0,100.1,1,0.89,1,0,0.0,0,0.0,0.0,100.1,1,0.89,1,0,0.0,0,0.0,0.0,100.1,1
1661-1951-1,108,True,Line,2,3691-4041-1,Line,6.074,102.82,7006.9,1,21.231,14,0,0.0,0,0.0,0.0,100.1,1,9.432,1,0,0.0,0,0.0,0.0,100.1,1,9.432,1,0,0.0,0,0.0,0.0,100.1,1,9.432,1,0,0.0,0,0.0,0.0,100.1,1
1661-1951-1,116,True,Line,1,3581-89516-1,Line,0.455,100.37,4604.0,1,0.963,7,0,0.0,0,0.0,0.0,100.1,1,0.821,1,0,0.0,0,0.0,0.0,100.1,1,0.821,1,0,0.0,0,0.0,0.0,100.1,1,0.821,1,0,0.0,0,0.0,0.0,100.1,1
1661-1951-1,123,True,Line,1,3581-89516-1,Line,0.573,100.47,5593.8,1,1.195,13,0,0.0,0,0.0,0.0,100.1,1,0.89,1,0,0.0,0,0.0,0.0,100.1,1,0.89,1,0,0.0,0,0.0,0.0,100.1,1,0.89,1,0,0.0,0,0.0,0.0,100.1,1
1661-1951-1,130,True,Line,1,3581-89516-1,Line,0.582,100.47,5592.5,1,1.21,13,0,0.0,0,0.0,0.0,100.1,1,0.908,1,0,0.0,0,0.0,0.0,100.1,1,0.908,1,0,0.0,0,0.0,0.0,100.1,1,0.908,1,0,0.0,0,0.0,0.0,100.1,1
1661-1951-1,137,True,Line,1,3581-89516-1,Line,0.497,100.4,5053.5,1,1.31,11,0,0.0,0,0.0,0.0,100.1,1,0.926,1,0,0.0,0,0.0,0.0,100.1,1,0.926,1,0,0.0,0,0.0,0.0,100.1,1,0.926,1,0,0.0,0,0.0,0.0,100.1,1
1661-1951-1,145,True,Line,1,3581-89516-1,Line,0.542,100.44,4124.9,1,1.617,26,0,0.0,0,0.0,0.0,100.1,1,0.829,1,0,0.0,0,0.0,0.0,100.1,1,0.829,1,0,0.0,0,0.0,0.0,100.1,1,0.829,1,0,0.0,0,0.0,0.0,100.1,1
1661-1951-1,152,True,Line,1,3581-89516-1,Line,0.566,100.46,4161.2,1,1.555,25,0,0.0,0,0.0,0.0,100.1,1,0.877,1,0,0.0,0,0.0,0.0,100.1,1,0.877,1,0,0.0,0,0.0,0.0,100.1,1,0.877,1,0,0.0,0,0.0,0.0,100.1,1
1661-1951-1,159,True,Line,1,3581-89516-1,Line,0.556,100.45,5313.0,1,1.492,25,0,0.0,0,0.0,0.0,100.1,1,0.858,1,0,0.0,0,0.0,0.0,100.1,1,0.858,1,0,0.0,0,0.0,0.0,100.1,1,0.858,1,0,0.0,0,0.0,0.0,100.1,1
1661-1951-1,167,True,Line,1,3581-89516-1,Line,0.499,100.41,3161.9,1,1.193,26,0,0.0,0,0.0,0.0,100.1,1,0.744,1,0,0.0,0,0.0,0.0,100.1,1,0.744,1,0,0.0,0,0.0,0.0,100.1,1,0.744,1,0,0.0,0,0.0,0.0,100.1,1
1671-1941-1,94,True,Line,1,3581-89516-1,Line,0.228,100.19,5470.0,1,0.438,26,0,0.0,0,0.0,0.0,100.1,1,0.209,1,0,0.0,0,0.0,0.0,100.1,1,0.209,1,0,0.0,0,0.0,0.0,100.1,1,0.209,1,0,0.0,0,0.0,0.0,100.1,1
1671-1941-1,101,True,Line,2,T3464-3462-34641-1-w1,Transformer,1.921,100.2,5965.5,1,3.688,53,0,0.0,0,0.0,0.0,100.1,1,2.58,1,0,0.0,0,0.0,0.0,100.1,1,2.58,1,0,0.0,0,0.0,0.0,100.1,1,2.58,1,0,0.0,0,0.0,0.0,100.1,1
1671-1941-1,108,True,Line,3,T3464-3462-34641-1-w1,Transformer,4.434,100.42,7006.9,0,13.425,75,0,0.0,0,0.517,0.0,100.1,1,28.579,2,1,0.592,0,0.0,100.31,100.31,1,19.391,2,0,0.0,0,0.0,0.0,100.1,1,9.14,2,0,0.0,0,0.0,0.0,100.1,1
1671-1941-1,116,True,Line,1,3581-89516-1,Line,0.432,100.35,4604.0,1,0.895,7,0,0.0,0,0.0,0.0,100.1,1,0.763,1,0,0.0,0,0.0,0.0,100.1,1,0.763,1,0,0.0,0,0.0,0.0,100.1,1,0.763,1,0,0.0,0,0.0,0.0,100.1,1
1671-1941-1,137,True,Line,2,2781-4951-1,Line,0.806,100.37,5053.5,1,1.388,15,0,0.0,0,0.0,0.0,100.1,1,22.36,1,0,0.0,0,0.0,0.0,100.1,1,22.36,1,0,0.0,0,0.0,0.0,100.1,1,1.071,2,0,0.0,0,0.0,0.0,100.1,1
1671-1941-1,152,True,Line,1,3581-89516-1,Line,0.155,100.13,4161.2,1,0.112,25,0,0.0,0,0.0,0.0,100.1,1,0.063,1,0,0.0,0,0.0,0.0,100.1,1,0.063,1,0,0.0,0,0.0,0.0,100.1,1,0.063,1,0,0.0,0,0.0,0.0,100.1,1
1671-1941-1,159,True,Line,3,T3464-3462-34641-1-w1,Transformer,4.093,100.39,5313.0,0,11.508,80,0,0.0,0,0.519,0.0,100.1,1,22.118,2,0,0.0,0,0.0,0.0,100.1,1,17.341,3,0,0.0,0,0.0,0.0,100.1,1,8.206,2,0,0.0,0,0.0,0.0,100.1,1
1691-5131-1,50,True,Line,1,3082-3122-1,Line,3.439,100.54,5312.4,1,13.508,19,0,0.0,0,0.0,0.0,100.1,1,5.939,1,0,0.0,0,0.0,0.0,100.1,1,5.939,1,0,0.0,0,0.0,0.0,100.1,1,5.939,1,0,0.0,0,0.0,0.0,100.1,1
1691-51319-1,36,True,Line,1,3082-3122-1,Line,1.78,100.28,6805.4,1,4.494,19,0,0.0,0,0.0,0.0,100.1,1,2.423,1,0,0.0,0,0.0,0.0,100.1,1,2.423,1,0,0.0,0,0.0,0.0,100.1,1,2.423,1,0,0.0,0,0.0,0.0,100.1,1
1691-51319-1,50,True,Line,1,3082-3122-1,Line,7.87,101.24,5312.4,1,34.749,20,0,0.0,0,0.0,0.0,100.1,1,15.298,1,0,0.0,0,0.0,0.0,100.1,1,15.298,1,0,0.0,0,0.0,0.0,100.1,1,15.298,1,0,0.0,0,0.0,0.0,100.1,1
1701-1761-1,50,True,Line,2,1122-1742-1,Line,1.397,100.13,5312.4,1,0.544,34,0,0.0,0,0.0,0.0,100.1,1,0.284,1,0,0.0,0,0.0,0.0,100.1,1,0.284,1,0,0.0,0,0.0,0.0,100.1,1,0.282,2,0,0.0,0,0.0,0.0,100.1,1
1701-1761-1,108,True,Line,1,3691-4041-1,Line,0.321,100.17,7006.9,1,0.281,8,0,0.0,0,0.0,0.0,100.1,1,0.233,1,0,0.0,0,0.0,0.0,100.1,1,0.233,1,0,0.0,0,0.0,0.0,100.1,1,0.233,1,0,0.0,0,0.0,0.0,100.1,1
1701-1761-1,159,True,Line,2,T3464-3462-34641-1-w1,Transformer,1.208,100.12,5313.0,1,0.883,55,0,0.0,0,0.0,0.0,100.1,1,0.632,1,0,0.0,0,0.0,0.0,100.1,1,0.632,1,0,0.0,0,0.0,0.0,100.1,1,0.632,1,0,0.0,0,0.0,0.0,100.1,1
1741-1851-1,36,True,Line,1,3082-3122-1,Line,4.208,100.66,6805.4,1,14.041,18,0,0.0,0,0.0,0.0,100.1,1,7.565,1,0,0.0,0,0.0,0.0,100.1,1,7.565,1,0,0.0,0,0.0,0.0,100.1,1,7.565,1,0,0.0,0,0.0,0.0,100.1,1
1741-1851-1,50,True,Line,1,3082-3122-1,Line,10.151,101.6,5312.4,1,45.827,19,1,0.141,0,0.0,100.11,100.11,1,20.147,1,0,0.0,0,0.0,0.0,100.1,1,20.147,1,0,0.0,0,0.0,0.0,100.1,1,20.147,1,0,0.0,0,0.0,0.0,100.1,1
1741-4511-1,36,True,Line,1,3082-3122-1,Line,1.158,100.18,6805.4,1,2.06,18,0,0.0,0,0.0,0.0,100.1,1,1.11,1,0,0.0,0,0.0,0.0,100.1,1,1.11,1,0,0.0,0,0.0,0.0,100.1,1,1.11,1,0,0.0,0,0.0,0.0,100.1,1
1741-4511-1,50,True,Line,1,3082-3122-1,Line,7.286,101.15,5312.4,1,32.029,19,0,0.0,0,0.0,0.0,100.1,1,14.081,1,0,0.0,0,0.0,0.0,100.1,1,14.081,1,0,0.0,0,0.0,0.0,100.1,1,14.081,1,0,0.0,0,0.0,0.0,100.1,1
1741-51319-1,36,True,Line,1,3082-3122-1,Line,1.791,100.28,6805.4,1,4.526,19,0,0.0,0,0.0,0.0,100.1,1,2.444,1,0,0.0,0,0.0,0.0,100.1,1,2.444,1,0,0.0,0,0.0,0.0,100.1,1,2.444,1,0,0.0,0,0.0,0.0,100.1,1
1741-51319-1,50,True,Line,1,3082-3122-1,Line,7.881,101.24,5312.4,1,34.694,20,0,0.0,0,0.0,0.0,100.1,1,15.3,1,0,0.0,0,0.0,0.0,100.1,1,15.3,1,0,0.0,0,0.0,0.0,100.1,1,15.3,1,0,0.0,0,0.0,0.0,100.1,1
1831-2091-1,0,True,Line,2,2781-4951-1,Line,13.819,112.83,5299.5,1,16.625,4,0,0.0,0,0.0,0.0,100.1,1,16.625,1,0,0.0,0,0.0,0.0,100.1,1,16.625,1,0,0.0,0,0.0,0.0,100.1,1,16.625,1,0,0.0,0,0.0,0.0,100.1,1
1831-2091-1,7,True,Line,1,3581-89516-1,Line,0.166,100.13,6073.6,1,0.113,16,0,0.0,0,0.0,0.0,100.1,1,0.084,1,0,0.0,0,0.0,0.0,100.1,1,0.084,1,0,0.0,0,0.0,0.0,100.1,1,0.084,1,0,0.0,0,0.0,0.0,100.1,1
1831-2091-1,21,True,Line,1,3581-89516-1,Line,0.202,100.16,4735.3,1,0.222,7,0,0.0,0,0.0,0.0,100.1,1,0.196,1,0,0.0,0,0.0,0.0,100.1,1,0.196,1,0,0.0,0,0.0,0.0,100.1,1,0.196,1,0,0.0,0,0.0,0.0,100.1,1
1831-2091-1,29,True,Line,2,2781-4951-1,Line,15.891,114.75,5968.4,1,19.138,4,0,0.0,0,0.0,0.0,100.1,1,19.138,1,0,0.0,0,0.0,0.0,100.1,1,19.138,1,0,0.0,0,0.0,0.0,100.1,1,19.138,1,0,0.0,0,0.0,0.0,100.1,1
1831-2091-1,50,True,Line,1,3581-89516-1,Line,0.172,100.14,5312.4,1,0.244,26,0,0.0,0,0.0,0.0,100.1,1,0.096,1,0,0.0,0,0.0,0.0,100.1,1,0.096,1,0,0.0,0,0.0,0.0,100.1,1,0.096,1,0,0.0,0,0.0,0.0,100.1,1
1831-2091-1,58,True,Line,1,3581-89516-1,Line,0.187,100.15,4583.8,1,0.314,26,0,0.0,0,0.0,0.0,100.1,1,0.127,1,0,0.0,0,0.0,0.0,100.1,1,0.127,1,0,0.0,0,0.0,0.0,100.1,1,0.127,1,0,0.0,0,0.0,0.0,100.1,1
1831-2091-1,65,True,Line,1,3581-89516-1,Line,0.135,100.11,5388.6,1,0.083,22,0,0.0,0,0.0,0.0,100.1,1,0.026,1,0,0.0,0,0.0,0.0,100.1,1,0.026,1,0,0.0,0,0.0,0.0,100.1,1,0.026,1,0,0.0,0,0.0,0.0,100.1,1
1831-2091-1,72,True,Line,1,3581-89516-1,Line,0.165,100.13,5745.9,1,0.258,19,0,0.0,0,0.0,0.0,100.1,1,0.104,1,0,0.0,0,0.0,0.0,100.1,1,0.104,1,0,0.0,0,0.0,0.0,100.1,1,0.104,1,0,0.0,0,0.0,0.0,100.1,1
1831-2091-1,79,True,Line,1,3581-89516-1,Line,0.266,100.22,2728.8,1,0.616,26,0,0.0,0,0.0,0.0,100.1,1,0.282,1,0,0.0,0,0.0,0.0,100.1,1,0.282,1,0,0.0,0,0.0,0.0,100.1,1,0.282,1,0,0.0,0,0.0,0.0,100.1,1
1831-2091-1,94,True,Line,1,3581-89516-1,Line,0.186,100.15,5470.0,1,0.262,26,0,0.0,0,0.0,0.0,100.1,1,0.125,1,0,0.0,0,0.0,0.0,100.1,1,0.125,1,0,0.0,0,0.0,0.0,100.1,1,0.125,1,0,0.0,0,0.0,0.0,100.1,1
1831-2091-1,108,True,Line,2,3691-4041-1,Line,0.91,100.37,7006.9,1,1.201,24,0,0.0,0,0.0,0.0,100.1,1,0.981,3,0,0.0,0,0.0,0.0,100.1,1,1.187,1,0,0.0,0,0.0,0.0,100.1,1,0.981,2,0,0.0,0,0.0,0.0,100.1,1
1831-2091-1,116,True,Line,1,3581-89516-1,Line,0.195,100.16,4604.0,1,0.209,7,0,0.0,0,0.0,0.0,100.1,1,0.178,1,0,0.0,0,0.0,0.0,100.1,1,0.178,1,0,0.0,0,0.0,0.0,100.1,1,0.178,1,0,0.0,0,0.0,0.0,100.1,1
1831-2091-1,123,True,Line,1,3581-89516-1,Line,0.153,100.12,5593.8,1,0.079,13,0,0.0,0,0.0,0.0,100.1,1,0.059,1,0,0.0,0,0.0,0.0,100.1,1,0.059,1,0,0.0,0,0.0,0.0,100.1,1,0.059,1,0,0.0,0,0.0,0.0,100.1,1
1831-2091-1,130,True,Line,1,3581-89516-1,Line,0.16,100.13,5592.5,1,0.097,13,0,0.0,0,0.0,0.0,100.1,1,0.072,1,0,0.0,0,0.0,0.0,100.1,1,0.072,1,0,0.0,0,0.0,0.0,100.1,1,0.072,1,0,0.0,0,0.0,0.0,100.1,1
1831-2091-1,137,True,Line,2,2781-4951-1,Line,13.294,112.34,5053.5,1,15.989,4,0,0.0,0,0.0,0.0,100.1,1,15.989,1,0,0.0,0,0.0,0.0,100.1,1,15.989,1,0,0.0,0,0.0,0.0,100.1,1,15.989,1,0,0.0,0,0.0,0.0,100.1,1
1831-2091-1,145,True,Line,1,3581-89516-1,Line,0.188,100.15,4124.9,1,0.251,26,0,0.0,0,0.0,0.0,100.1,1,0.129,1,0,0.0,0,0.0,0.0,100.1,1,0.129,1,0,0.0,0,0.0,0.0,100.1,1,0.129,1,0,0.0,0,0.0,0.0,100.1,1
1831-2091-1,152,True,Line,1,3581-89516-1,Line,0.194,100.16,4161.2,1,0.249,25,0,0.0,0,0.0,0.0,100.1,1,0.14,1,0,0.0,0,0.0,0.0,100.1,1,0.14,1,0,0.0,0,0.0,0.0,100.1,1,0.14,1,0,0.0,0,0.0,0.0,100.1,1
1831-2091-1,159,True,Line,1,3581-89516-1,Line,0.159,100.13,5313.0,1,0.125,25,0,0.0,0,0.0,0.0,100.1,1,0.072,1,0,0.0,0,0.0,0.0,100.1,1,0.072,1,0,0.0,0,0.0,0.0,100.1,1,0.072,1,0,0.0,0,0.0,0.0,100.1,1
1831-2091-1,167,True,Line,1,3581-89516-1,Line,0.163,100.13,3161.9,1,0.127,26,0,0.0,0,0.0,0.0,100.1,1,0.079,1,0,0.0,0,0.0,0.0,100.1,1,0.079,1,0,0.0,0,0.0,0.0,100.1,1,0.079,1,0,0.0,0,0.0,0.0,100.1,1
1881-18810-1,29,True,Line,1,2781-4951-1,Line,0.157,100.15,5968.4,1,0.063,5,0,0.0,0,0.0,0.0,100.1,1,0.063,1,0,0.0,0,0.0,0.0,100.1,1,0.063,1,0,0.0,0,0.0,0.0,100.1,1,0.063,1,0,0.0,0,0.0,0.0,100.1,1
1881-18810-1,152,True,Line,1,3581-89516-1,Line,0.185,100.15,4161.2,1,0.219,25,0,0.0,0,0.0,0.0,100.1,1,0.124,1,0,0.0,0,0.0,0.0,100.1,1,0.124,1,0,0.0,0,0.0,0.0,100.1,1,0.124,1,0,0.0,0,0.0,0.0,100.1,1
1901-50619-1,50,True,Line,2,1122-1742-1,Line,2.555,100.24,5312.4,1,3.296,19,0,0.0,0,0.0,0.0,100.1,1,1.953,1,0,0.0,0,0.0,0.0,100.1,1,1.953,1,0,0.0,0,0.0,0.0,100.1,1,1.811,2,0,0.0,0,0.0,0.0,100.1,1
1971-2731-1,108,True,Line,1,3581-89516-1,Line,0.149,100.12,7006.9,1,0.121,20,0,0.0,0,0.0,0.0,100.1,1,0.051,1,0,0.0,0,0.0,0.0,100.1,1,0.051,1,0,0.0,0,0.0,0.0,100.1,1,0.051,1,0,0.0,0,0.0,0.0,100.1,1
1971-2731-1,130,True,Line,1,3581-89516-1,Line,0.15,100.12,5592.5,1,0.072,13,0,0.0,0,0.0,0.0,100.1,1,0.054,1,0,0.0,0,0.0,0.0,100.1,1,0.054,1,0,0.0,0,0.0,0.0,100.1,1,0.054,1,0,0.0,0,0.0,0.0,100.1,1
1971-2731-1,159,True,Line,1,3581-89516-1,Line,0.143,100.12,5313.0,1,0.068,25,0,0.0,0,0.0,0.0,100.1,1,0.039,1,0,0.0,0,0.0,0.0,100.1,1,0.039,1,0,0.0,0,0.0,0.0,100.1,1,0.039,1,0,0.0,0,0.0,0.0,100.1,1
1971-16110-1,50,True,Line,1,3581-89516-1,Line,0.427,100.35,5312.4,1,1.528,26,0,0.0,0,0.0,0.0,100.1,1,0.602,1,0,0.0,0,0.0,0.0,100.1,1,0.602,1,0,0.0,0,0.0,0.0,100.1,1,0.602,1,0,0.0,0,0.0,0.0,100.1,1
1971-16110-1,58,True,Line,1,3581-89516-1,Line,0.418,100.34,4583.8,1,1.447,26,0,0.0,0,0.0,0.0,100.1,1,0.585,1,0,0.0,0,0.0,0.0,100.1,1,0.585,1,0,0.0,0,0.0,0.0,100.1,1,0.585,1,0,0.0,0,0.0,0.0,100.1,1
1971-16110-1,65,True,Line,1,3581-89516-1,Line,0.426,100.35,5388.6,1,2.054,22,0,0.0,0,0.0,0.0,100.1,1,0.64,1,0,0.0,0,0.0,0.0,100.1,1,0.64,1,0,0.0,0,0.0,0.0,100.1,1,0.64,1,0,0.0,0,0.0,0.0,100.1,1
1971-16110-1,72,True,Line,1,3581-89516-1,Line,0.401,100.33,5745.9,1,1.707,19,0,0.0,0,0.0,0.0,100.1,1,0.687,1,0,0.0,0,0.0,0.0,100.1,1,0.687,1,0,0.0,0,0.0,0.0,100.1,1,0.687,1,0,0.0,0,0.0,0.0,100.1,1
1971-16110-1,79,True,Line,1,3581-89516-1,Line,0.158,100.13,2728.8,1,0.152,26,0,0.0,0,0.0,0.0,100.1,1,0.07,1,0,0.0,0,0.0,0.0,100.1,1,0.07,1,0,0.0,0,0.0,0.0,100.1,1,0.07,1,0,0.0,0,0.0,0.0,100.1,1
1971-16110-1,94,True,Line,1,3581-89516-1,Line,0.336,100.27,5470.0,1,0.883,26,0,0.0,0,0.0,0.0,100.1,1,0.421,1,0,0.0,0,0.0,0.0,100.1,1,0.421,1,0,0.0,0,0.0,0.0,100.1,1,0.421,1,0,0.0,0,0.0,0.0,100.1,1
1971-16110-1,108,True,Line,1,3581-89516-1,Line,0.554,100.45,7006.9,1,2.023,20,0,0.0,0,0.0,0.0,100.1,1,0.854,1,0,0.0,0,0.0,0.0,100.1,1,0.854,1,0,0.0,0,0.0,0.0,100.1,1,0.854,1,0,0.0,0,0.0,0.0,100.1,1
1971-16110-1,130,True,Line,1,3581-89516-1,Line,0.15,100.12,5592.5,1,0.072,13,0,0.0,0,0.0,0.0,100.1,1,0.054,1,0,0.0,0,0.0,0.0,100.1,1,0.054,1,0,0.0,0,0.0,0.0,100.1,1,0.054,1,0,0.0,0,0.0,0.0,100.1,1
1971-16110-1,145,True,Line,1,3581-89516-1,Line,0.339,100.28,4124.9,1,0.833,26,0,0.0,0,0.0,0.0,100.1,1,0.427,1,0,0.0,0,0.0,0.0,100.1,1,0.427,1,0,0.0,0,0.0,0.0,100.1,1,0.427,1,0,0.0,0,0.0,0.0,100.1,1
1971-16110-1,152,True,Line,1,3581-89516-1,Line,0.307,100.25,4161.2,1,0.646,25,0,0.0,0,0.0,0.0,100.1,1,0.364,1,0,0.0,0,0.0,0.0,100.1,1,0.364,1,0,0.0,0,0.0,0.0,100.1,1,0.364,1,0,0.0,0,0.0,0.0,100.1,1
1971-16110-1,159,True,Line,1,3581-89516-1,Line,0.532,100.43,5313.0,1,1.406,25,0,0.0,0,0.0,0.0,100.1,1,0.809,1,0,0.0,0,0.0,0.0,100.1,1,0.809,1,0,0.0,0,0.0,0.0,100.1,1,0.809,1,0,0.0,0,0.0,0.0,100.1,1
1971-16110-1,167,True,Line,1,3581-89516-1,Line,0.29,100.24,3161.9,1,0.532,26,0,0.0,0,0.0,0.0,100.1,1,0.331,1,0,0.0,0,0.0,0.0,100.1,1,0.331,1,0,0.0,0,0.0,0.0,100.1,1,0.331,1,0,0.0,0,0.0,0.0,100.1,1
1991-3641-1,50,True,Line,1,3581-89516-1,Line,0.288,100.23,5312.4,1,0.828,26,0,0.0,0,0.0,0.0,100.1,1,0.326,1,0,0.0,0,0.0,0.0,100.1,1,0.326,1,0,0.0,0,0.0,0.0,100.1,1,0.326,1,0,0.0,0,0.0,0.0,100.1,1
1991-3641-1,65,True,Line,1,3581-89516-1,Line,0.262,100.21,5388.6,1,0.938,22,0,0.0,0,0.0,0.0,100.1,1,0.292,1,0,0.0,0,0.0,0.0,100.1,1,0.292,1,0,0.0,0,0.0,0.0,100.1,1,0.292,1,0,0.0,0,0.0,0.0,100.1,1
1991-3641-1,72,True,Line,1,3581-89516-1,Line,0.235,100.19,5745.9,1,0.69,19,0,0.0,0,0.0,0.0,100.1,1,0.278,1,0,0.0,0,0.0,0.0,100.1,1,0.278,1,0,0.0,0,0.0,0.0,100.1,1,0.278,1,0,0.0,0,0.0,0.0,100.1,1
1991-3641-1,94,True,Line,1,3581-89516-1,Line,0.215,100.17,5470.0,1,0.38,26,0,0.0,0,0.0,0.0,100.1,1,0.181,1,0,0.0,0,0.0,0.0,100.1,1,0.181,1,0,0.0,0,0.0,0.0,100.1,1,0.181,1,0,0.0,0,0.0,0.0,100.1,1
1991-3641-1,108,True,Line,1,3581-89516-1,Line,0.331,100.27,7006.9,1,0.975,20,0,0.0,0,0.0,0.0,100.1,1,0.411,1,0,0.0,0,0.0,0.0,100.1,1,0.411,1,0,0.0,0,0.0,0.0,100.1,1,0.411,1,0,0.0,0,0.0,0.0,100.1,1
1991-3641-1,137,True,Line,2,3581-89516-1,Line,0.551,100.27,5053.5,1,0.874,15,0,0.0,0,0.0,0.0,100.1,1,15.746,1,0,0.0,0,0.0,0.0,100.1,1,15.746,1,0,0.0,0,0.0,0.0,100.1,1,0.654,2,0,0.0,0,0.0,0.0,100.1,1
1991-3641-1,159,True,Line,1,3581-89516-1,Line,0.149,100.12,5313.0,1,0.091,25,0,0.0,0,0.0,0.0,100.1,1,0.052,1,0,0.0,0,0.0,0.0,100.1,1,0.052,1,0,0.0,0,0.0,0.0,100.1,1,0.052,1,0,0.0,0,0.0,0.0,100.1,1
2011-2261-1,58,True,Line,1,3581-89516-1,Line,0.307,100.25,4583.8,1,0.899,26,0,0.0,0,0.0,0.0,100.1,1,0.363,1,0,0.0,0,0.0,0.0,100.1,1,0.363,1,0,0.0,0,0.0,0.0,100.1,1,0.363,1,0,0.0,0,0.0,0.0,100.1,1
2011-2261-1,79,True,Line,1,3581-89516-1,Line,0.307,100.25,2728.8,1,0.792,26,0,0.0,0,0.0,0.0,100.1,1,0.363,1,0,0.0,0,0.0,0.0,100.1,1,0.363,1,0,0.0,0,0.0,0.0,100.1,1,0.363,1,0,0.0,0,0.0,0.0,100.1,1
2011-2261-1,167,True,Line,1,3581-89516-1,Line,0.307,100.25,3161.9,1,0.583,26,0,0.0,0,0.0,0.0,100.1,1,0.363,1,0,0.0,0,0.0,0.0,100.1,1,0.363,1,0,0.0,0,0.0,0.0,100.1,1,0.363,1,0,0.0,0,0.0,0.0,100.1,1
2090-2111-1,0,True,Line,1,2781-4951-1,Line,1.154,101.09,5299.5,1,1.294,4,0,0.0,0,0.0,0.0,100.1,1,1.294,1,0,0.0,0,0.0,0.0,100.1,1,1.294,1,0,0.0,0,0.0,0.0,100.1,1,1.294,1,0,0.0,0,0.0,0.0,100.1,1
2090-2111-1,29,True,Line,1,2781-4951-1,Line,23.436,122.11,5968.4,1,28.794,5,0,0.0,0,0.0,0.0,100.1,1,28.794,1,0,0.0,0,0.0,0.0,100.1,1,28.794,1,0,0.0,0,0.0,0.0,100.1,1,28.794,1,0,0.0,0,0.0,0.0,100.1,1
2090-2111-1,50,True,Line,2,1122-1742-1,Line,2.764,100.27,5312.4,1,4.582,34,0,0.0,0,0.0,0.0,100.1,1,2.074,2,0,0.0,0,0.0,0.0,100.1,1,2.138,2,0,0.0,0,0.0,0.0,100.1,1,2.015,2,0,0.0,0,0.0,0.0,100.1,1
2090-2111-1,65,True,Line,1,2781-4951-1,Line,9.877,109.32,5388.6,1,12.06,5,0,0.0,0,0.0,0.0,100.1,1,12.06,1,0,0.0,0,0.0,0.0,100.1,1,12.06,1,0,0.0,0,0.0,0.0,100.1,1,12.06,1,0,0.0,0,0.0,0.0,100.1,1
2090-2111-1,101,True,Line,1,2781-4951-1,Line,6.27,105.91,5965.5,1,7.607,5,0,0.0,0,0.0,0.0,100.1,1,7.607,1,0,0.0,0,0.0,0.0,100.1,1,7.607,1,0,0.0,0,0.0,0.0,100.1,1,7.607,1,0,0.0,0,0.0,0.0,100.1,1
2090-2111-1,123,True,Line,1,2781-4951-1,Line,4.597,104.34,5593.8,1,5.543,5,0,0.0,0,0.0,0.0,100.1,1,5.543,1,0,0.0,0,0.0,0.0,100.1,1,5.543,1,0,0.0,0,0.0,0.0,100.1,1,5.543,1,0,0.0,0,0.0,0.0,100.1,1
2090-2111-1,130,True,Line,1,2781-4951-1,Line,7.155,106.75,5592.5,1,8.7,5,0,0.0,0,0.0,0.0,100.1,1,8.7,1,0,0.0,0,0.0,0.0,100.1,1,8.7,1,0,0.0,0,0.0,0.0,100.1,1,8.7,1,0,0.0,0,0.0,0.0,100.1,1
2090-2111-1,137,True,Line,1,2781-4951-1,Line,24.662,123.27,5053.5,1,30.307,4,0,0.0,0,0.0,0.0,100.1,1,30.307,2,0,0.0,0,0.0,0.0,100.1,1,30.307,2,0,0.0,0,0.0,0.0,100.1,1,30.307,2,0,0.0,0,0.0,0.0,100.1,1
2090-2111-1,159,True,Line,1,2781-4951-1,Line,4.11,103.88,5313.0,1,4.942,5,0,0.0,0,0.0,0.0,100.1,1,4.942,1,0,0.0,0,0.0,0.0,100.1,1,4.942,1,0,0.0,0,0.0,0.0,100.1,1,4.942,1,0,0.0,0,0.0,0.0,100.1,1
2090-2781-1,0,True,Line,1,2781-4951-1,Line,1.156,101.09,5299.5,1,1.296,4,0,0.0,0,0.0,0.0,100.1,1,1.296,1,0,0.0,0,0.0,0.0,100.1,1,1.296,1,0,0.0,0,0.0,0.0,100.1,1,1.296,1,0,0.0,0,0.0,0.0,100.1,1
2090-2781-1,29,True,Line,1,2781-4951-1,Line,23.467,122.14,5968.4,1,28.84,5,0,0.0,0,0.0,0.0,100.1,1,28.84,1,0,0.0,0,0.0,0.0,100.1,1,28.84,1,0,0.0,0,0.0,0.0,100.1,1,28.84,1,0,0.0,0,0.0,0.0,100.1,1
2090-2781-1,50,True,Line,2,1122-1742-1,Line,2.768,100.27,5312.4,1,4.594,34,0,0.0,0,0.0,0.0,100.1,1,2.079,2,0,0.0,0,0.0,0.0,100.1,1,2.143,2,0,0.0,0,0.0,0.0,100.1,1,2.02,2,0,0.0,0,0.0,0.0,100.1,1
2090-2781-1,65,True,Line,1,2781-4951-1,Line,9.904,109.34,5388.6,1,12.096,5,0,0.0,0,0.0,0.0,100.1,1,12.096,1,0,0.0,0,0.0,0.0,100.1,1,12.096,1,0,0.0,0,0.0,0.0,100.1,1,12.096,1,0,0.0,0,0.0,0.0,100.1,1
2090-2781-1,101,True,Line,1,2781-4951-1,Line,6.3,105.94,5965.5,1,7.646,5,0,0.0,0,0.0,0.0,100.1,1,7.646,1,0,0.0,0,0.0,0.0,100.1,1,7.646,1,0,0.0,0,0.0,0.0,100.1,1,7.646,1,0,0.0,0,0.0,0.0,100.1,1
2090-2781-1,123,True,Line,1,2781-4951-1,Line,4.623,104.36,5593.8,1,5.576,5,0,0.0,0,0.0,0.0,100.1,1,5.576,1,0,0.0,0,0.0,0.0,100.1,1,5.576,1,0,0.0,0,0.0,0.0,100.1,1,5.576,1,0,0.0,0,0.0,0.0,100.1,1
2090-2781-1,130,True,Line,1,2781-4951-1,Line,7.183,106.78,5592.5,1,8.737,5,0,0.0,0,0.0,0.0,100.1,1,8.737,1,0,0.0,0,0.0,0.0,100.1,1,8.737,1,0,0.0,0,0.0,0.0,100.1,1,8.737,1,0,0.0,0,0.0,0.0,100.1,1
2090-2781-1,137,True,Line,1,2781-4951-1,Line,24.695,123.3,5053.5,1,30.356,4,0,0.0,0,0.0,0.0,100.1,1,30.356,2,0,0.0,0,0.0,0.0,100.1,1,30.356,2,0,0.0,0,0.0,0.0,100.1,1,30.356,2,0,0.0,0,0.0,0.0,100.1,1
2090-2781-1,159,True,Line,1,2781-4951-1,Line,4.136,103.9,5313.0,1,4.975,5,0,0.0,0,0.0,0.0,100.1,1,4.975,1,0,0.0,0,0.0,0.0,100.1,1,4.975,1,0,0.0,0,0.0,0.0,100.1,1,4.975,1,0,0.0,0,0.0,0.0,100.1,1
2091-4951-1,21,True,Line,1,3581-89516-1,Line,0.203,100.17,4735.3,1,0.225,7,0,0.0,0,0.0,0.0,100.1,1,0.199,1,0,0.0,0,0.0,0.0,100.1,1,0.199,1,0,0.0,0,0.0,0.0,100.1,1,0.199,1,0,0.0,0,0.0,0.0,100.1,1
2091-4951-1,50,True,Line,2,1122-1742-1,Line,2.756,100.27,5312.4,1,4.559,34,0,0.0,0,0.0,0.0,100.1,1,2.063,2,0,0.0,0,0.0,0.0,100.1,1,2.127,2,0,0.0,0,0.0,0.0,100.1,1,2.004,2,0,0.0,0,0.0,0.0,100.1,1
2091-4951-1,116,True,Line,1,3581-89516-1,Line,0.196,100.16,4604.0,1,0.212,7,0,0.0,0,0.0,0.0,100.1,1,0.181,1,0,0.0,0,0.0,0.0,100.1,1,0.181,1,0,0.0,0,0.0,0.0,100.1,1,0.181,1,0,0.0,0,0.0,0.0,100.1,1
2091-20900-1,50,True,Line,2,1122-1742-1,Line,1.735,100.17,5312.4,1,1.568,33,0,0.0,0,0.0,0.0,100.1,1,0.664,2,0,0.0,0,0.0,0.0,100.1,1,0.666,2,0,0.0,0,0.0,0.0,100.1,1,0.663,2,0,0.0,0,0.0,0.0,100.1,1
2211-2641-1,152,True,Line,1,3581-89516-1,Line,0.192,100.16,4161.2,1,0.241,25,0,0.0,0,0.0,0.0,100.1,1,0.136,1,0,0.0,0,0.0,0.0,100.1,1,0.136,1,0,0.0,0,0.0,0.0,100.1,1,0.136,1,0,0.0,0,0.0,0.0,100.1,1
2211-5501-1,58,True,Line,1,3581-89516-1,Line,0.134,100.11,4583.8,1,0.055,26,0,0.0,0,0.0,0.0,100.1,1,0.022,1,0,0.0,0,0.0,0.0,100.1,1,0.022,1,0,0.0,0,0.0,0.0,100.1,1,0.022,1,0,0.0,0,0.0,0.0,100.1,1
2211-5501-1,79,True,Line,1,3581-89516-1,Line,0.188,100.15,2728.8,1,0.28,26,0,0.0,0,0.0,0.0,100.1,1,0.128,1,0,0.0,0,0.0,0.0,100.1,1,0.128,1,0,0.0,0,0.0,0.0,100.1,1,0.128,1,0,0.0,0,0.0,0.0,100.1,1
2211-5501-1,152,True,Line,1,3581-89516-1,Line,0.546,100.44,4161.2,1,1.486,25,0,0.0,0,0.0,0.0,100.1,1,0.837,1,0,0.0,0,0.0,0.0,100.1,1,0.837,1,0,0.0,0,0.0,0.0,100.1,1,0.837,1,0,0.0,0,0.0,0.0,100.1,1
2221-3891-1,50,True,Line,1,3581-89516-1,Line,0.33,100.27,5312.4,1,1.038,26,0,0.0,0,0.0,0.0,100.1,1,0.409,1,0,0.0,0,0.0,0.0,100.1,1,0.409,1,0,0.0,0,0.0,0.0,100.1,1,0.409,1,0,0.0,0,0.0,0.0,100.1,1
2221-3891-1,58,True,Line,1,3581-89516-1,Line,0.311,100.25,4583.8,1,0.923,26,0,0.0,0,0.0,0.0,100.1,1,0.373,1,0,0.0,0,0.0,0.0,100.1,1,0.373,1,0,0.0,0,0.0,0.0,100.1,1,0.373,1,0,0.0,0,0.0,0.0,100.1,1
2221-3891-1,65,True,Line,1,3581-89516-1,Line,0.304,100.25,5388.6,1,1.224,22,0,0.0,0,0.0,0.0,100.1,1,0.381,1,0,0.0,0,0.0,0.0,100.1,1,0.381,1,0,0.0,0,0.0,0.0,100.1,1,0.381,1,0,0.0,0,0.0,0.0,100.1,1
2221-3891-1,72,True,Line,1,3581-89516-1,Line,0.229,100.19,5745.9,1,0.653,19,0,0.0,0,0.0,0.0,100.1,1,0.263,1,0,0.0,0,0.0,0.0,100.1,1,0.263,1,0,0.0,0,0.0,0.0,100.1,1,0.263,1,0,0.0,0,0.0,0.0,100.1,1
2221-3891-1,94,True,Line,1,3581-89516-1,Line,0.201,100.16,5470.0,1,0.324,26,0,0.0,0,0.0,0.0,100.1,1,0.154,1,0,0.0,0,0.0,0.0,100.1,1,0.154,1,0,0.0,0,0.0,0.0,100.1,1,0.154,1,0,0.0,0,0.0,0.0,100.1,1
2221-3891-1,108,True,Line,1,3581-89516-1,Line,0.332,100.27,7006.9,1,0.98,20,0,0.0,0,0.0,0.0,100.1,1,0.414,1,0,0.0,0,0.0,0.0,100.1,1,0.414,1,0,0.0,0,0.0,0.0,100.1,1,0.414,1,0,0.0,0,0.0,0.0,100.1,1
2221-3891-1,130,True,Line,1,3581-89516-1,Line,0.332,100.27,5592.5,1,0.552,13,0,0.0,0,0.0,0.0,100.1,1,0.414,1,0,0.0,0,0.0,0.0,100.1,1,0.414,1,0,0.0,0,0.0,0.0,100.1,1,0.414,1,0,0.0,0,0.0,0.0,100.1,1
2221-3891-1,145,True,Line,1,3581-89516-1,Line,0.277,100.23,4124.9,1,0.594,26,0,0.0,0,0.0,0.0,100.1,1,0.305,1,0,0.0,0,0.0,0.0,100.1,1,0.305,1,0,0.0,0,0.0,0.0,100.1,1,0.305,1,0,0.0,0,0.0,0.0,100.1,1
2221-3891-1,152,True,Line,1,3581-89516-1,Line,0.139,100.11,4161.2,1,0.056,25,0,0.0,0,0.0,0.0,100.1,1,0.031,1,0,0.0,0,0.0,0.0,100.1,1,0.031,1,0,0.0,0,0.0,0.0,100.1,1,0.031,1,0,0.0,0,0.0,0.0,100.1,1
2221-3891-1,159,True,Line,1,3581-89516-1,Line,0.262,100.21,5313.0,1,0.478,25,0,0.0,0,0.0,0.0,100.1,1,0.275,1,0,0.0,0,0.0,0.0,100.1,1,0.275,1,0,0.0,0,0.0,0.0,100.1,1,0.275,1,0,0.0,0,0.0,0.0,100.1,1
2221-3891-1,167,True,Line,1,3581-89516-1,Line,0.14,100.11,3161.9,1,0.053,26,0,0.0,0,0.0,0.0,100.1,1,0.033,1,0,0.0,0,0.0,0.0,100.1,1,0.033,1,0,0.0,0,0.0,0.0,100.1,1,0.033,1,0,0.0,0,0.0,0.0,100.1,1
2261-3311-1,0,True,Line,2,2781-4951-1,Line,0.616,100.36,5299.5,0,0.609,17,0,0.0,0,0.108,0.0,100.1,1,0.552,2,0,0.0,0,0.0,0.0,100.1,0,0.341,1,0,0.0,0,0.228,0.0,100.19,1,0.552,2,0,0.0,0,0.0,0.0,100.1,1
2261-3311-1,7,True,Line,1,3581-89516-1,Line,0.283,100.23,6073.6,1,0.423,16,0,0.0,0,0.0,0.0,100.1,1,0.317,1,0,0.0,0,0.0,0.0,100.1,1,0.317,1,0,0.0,0,0.0,0.0,100.1,1,0.317,1,0,0.0,0,0.0,0.0,100.1,1
2261-3311-1,21,True,Line,1,3581-89516-1,Line,0.226,100.18,4735.3,1,0.289,7,0,0.0,0,0.0,0.0,100.1,1,0.255,1,0,0.0,0,0.0,0.0,100.1,1,0.255,1,0,0.0,0,0.0,0.0,100.1,1,0.255,1,0,0.0,0,0.0,0.0,100.1,1
2261-3311-1,29,True,Line,2,2781-4951-1,Line,0.803,100.47,5968.4,0,1.058,15,0,0.0,0,0.109,0.0,100.1,1,0.919,2,0,0.0,0,0.0,0.0,100.1,0,0.485,1,0,0.0,0,0.297,0.0,100.24,1,0.919,2,0,0.0,0,0.0,0.0,100.1,1
2261-3311-1,50,True,Line,2,3082-3122-1,Line,1.639,100.15,5312.4,1,1.488,19,0,0.0,0,0.0,0.0,100.1,1,0.881,1,0,0.0,0,0.0,0.0,100.1,1,0.881,1,0,0.0,0,0.0,0.0,100.1,1,0.758,2,0,0.0,0,0.0,0.0,100.1,1
2261-3311-1,94,True,Line,1,3581-89516-1,Line,0.192,100.16,5470.0,1,0.286,26,0,0.0,0,0.0,0.0,100.1,1,0.136,1,0,0.0,0,0.0,0.0,100.1,1,0.136,1,0,0.0,0,0.0,0.0,100.1,1,0.136,1,0,0.0,0,0.0,0.0,100.1,1
2261-3311-1,101,True,Line,2,T3464-3462-34641-1-w1,Transformer,3.003,100.31,5965.5,1,7.92,53,0,0.0,0,0.0,0.0,100.1,1,5.539,1,0,0.0,0,0.0,0.0,100.1,1,5.539,1,0,0.0,0,0.0,0.0,100.1,1,5.539,1,0,0.0,0,0.0,0.0,100.1,1
2261-3311-1,108,True,Line,3,T3464-3462-34641-1-w1,Transformer,6.43,100.63,7006.9,0,21.398,75,0,0.0,0,0.517,0.0,100.1,1,25.269,2,1,0.415,0,0.0,100.22,100.22,1,29.335,2,0,0.0,0,0.0,0.0,100.1,1,14.685,2,0,0.0,0,0.0,0.0,100.1,1
2261-3311-1,116,True,Line,1,3581-89516-1,Line,0.358,100.29,4604.0,1,0.681,7,0,0.0,0,0.0,0.0,100.1,1,0.581,1,0,0.0,0,0.0,0.0,100.1,1,0.581,1,0,0.0,0,0.0,0.0,100.1,1,0.581,1,0,0.0,0,0.0,0.0,100.1,1
2261-3311-1,123,True,Line,1,3581-89516-1,Line,0.206,100.17,5593.8,1,0.222,13,0,0.0,0,0.0,0.0,100.1,1,0.165,1,0,0.0,0,0.0,0.0,100.1,1,0.165,1,0,0.0,0,0.0,0.0,100.1,1,0.165,1,0,0.0,0,0.0,0.0,100.1,1
2261-3311-1,130,True,Line,1,3581-89516-1,Line,0.193,100.16,5592.5,1,0.184,13,0,0.0,0,0.0,0.0,100.1,1,0.138,1,0,0.0,0,0.0,0.0,100.1,1,0.138,1,0,0.0,0,0.0,0.0,100.1,1,0.138,1,0,0.0,0,0.0,0.0,100.1,1
2261-3311-1,137,True,Line,2,2781-4951-1,Line,0.91,100.53,5053.5,0,1.316,15,0,0.0,0,0.11,0.0,100.1,1,1.1,2,0,0.0,0,0.0,0.0,100.1,0,0.567,1,0,0.0,0,0.337,0.0,100.27,1,1.1,2,0,0.0,0,0.0,0.0,100.1,1
2261-3311-1,159,True,Line,3,T3464-3462-34641-1-w1,Transformer,5.235,100.51,5313.0,0,15.971,80,0,0.0,0,0.515,0.0,100.1,1,30.095,2,0,0.0,0,0.0,0.0,100.1,1,22.529,2,0,0.0,0,0.0,0.0,100.1,1,11.395,2,0,0.0,0,0.0,0.0,100.1,1
2321-4071-1,0,True,Line,1,2781-4951-1,Line,0.205,100.19,5299.5,1,0.122,4,0,0.0,0,0.0,0.0,100.1,1,0.122,1,0,0.0,0,0.0,0.0,100.1,1,0.122,1,0,0.0,0,0.0,0.0,100.1,1,0.122,1,0,0.0,0,0.0,0.0,100.1,1
2321-4071-1,101,True,Line,2,T3464-3462-34641-1-w1,Transformer,1.131,100.12,5965.5,1,0.63,53,0,0.0,0,0.0,0.0,100.1,1,0.441,1,0,0.0,0,0.0,0.0,100.1,1,0.441,1,0,0.0,0,0.0,0.0,100.1,1,0.441,1,0,0.0,0,0.0,0.0,100.1,1
2321-4071-1,159,True,Line,2,T3464-3462-34641-1-w1,Transformer,2.071,100.21,5313.0,1,4.166,55,0,0.0,0,0.0,0.0,100.1,1,2.982,1,0,0.0,0,0.0,0.0,100.1,1,2.982,1,0,0.0,0,0.0,0.0,100.1,1,2.982,1,0,0.0,0,0.0,0.0,100.1,1
2361-23610-1,0,True,Line,1,2781-4951-1,Line,0.386,100.36,5299.5,1,0.345,4,0,0.0,0,0.0,0.0,100.1,1,0.345,1,0,0.0,0,0.0,0.0,100.1,1,0.345,1,0,0.0,0,0.0,0.0,100.1,1,0.345,1,0,0.0,0,0.0,0.0,100.1,1
2361-23610-1,29,True,Line,1,2781-4951-1,Line,0.386,100.36,5968.4,1,0.345,5,0,0.0,0,0.0,0.0,100.1,1,0.345,2,0,0.0,0,0.0,0.0,100.1,1,0.345,2,0,0.0,0,0.0,0.0,100.1,1,0.345,1,0,0.0,0,0.0,0.0,100.1,1
2361-23610-1,137,True,Line,1,2781-4951-1,Line,0.386,100.36,5053.5,1,0.345,4,0,0.0,0,0.0,0.0,100.1,1,0.345,1,0,0.0,0,0.0,0.0,100.1,1,0.345,1,0,0.0,0,0.0,0.0,100.1,1,0.345,1,0,0.0,0,0.0,0.0,100.1,1
2481-24819-1,36,True,Line,1,3082-3122-1,Line,21.289,103.36,6805.4,1,81.156,18,0,0.0,0,0.0,0.0,100.1,1,43.726,1,0,0.0,0,0.0,0.0,100.1,1,43.726,1,0,0.0,0,0.0,0.0,100.1,1,43.726,1,0,0.0,0,0.0,0.0,100.1,1
2481-24819-1,50,True,Line,1,3082-3122-1,Line,26.201,104.13,5312.4,1,123.122,19,1,0.389,0,0.0,100.32,100.32,1,57.719,2,0,0.0,0,0.0,0.0,100.1,1,66.275,2,0,0.0,0,0.0,0.0,100.1,1,57.719,2,0,0.0,0,0.0,0.0,100.1,1
2521-2681-1,0,True,Line,1,3581-89516-1,Line,0.528,100.43,5299.5,1,1.025,13,0,0.0,0,0.0,0.0,100.1,1,0.801,1,0,0.0,0,0.0,0.0,100.1,1,0.801,1,0,0.0,0,0.0,0.0,100.1,1,0.801,1,0,0.0,0,0.0,0.0,100.1,1
2521-2681-1,7,True,Line,1,3581-89516-1,Line,0.606,100.49,6073.6,1,1.276,16,0,0.0,0,0.0,0.0,100.1,1,0.956,1,0,0.0,0,0.0,0.0,100.1,1,0.956,1,0,0.0,0,0.0,0.0,100.1,1,0.956,1,0,0.0,0,0.0,0.0,100.1,1
2521-2681-1,21,True,Line,1,3581-89516-1,Line,0.482,100.39,4735.3,1,1.006,7,0,0.0,0,0.0,0.0,100.1,1,0.887,1,0,0.0,0,0.0,0.0,100.1,1,0.887,1,0,0.0,0,0.0,0.0,100.1,1,0.887,1,0,0.0,0,0.0,0.0,100.1,1
2521-2681-1,29,True,Line,1,3581-89516-1,Line,0.61,100.5,5968.4,1,1.603,10,0,0.0,0,0.0,0.0,100.1,1,1.206,1,0,0.0,0,0.0,0.0,100.1,1,1.206,1,0,0.0,0,0.0,0.0,100.1,1,1.206,1,0,0.0,0,0.0,0.0,100.1,1
2521-2681-1,50,True,Line,1,3581-89516-1,Line,0.617,100.5,5312.4,1,2.48,26,0,0.0,0,0.0,0.0,100.1,1,0.978,1,0,0.0,0,0.0,0.0,100.1,1,0.978,1,0,0.0,0,0.0,0.0,100.1,1,0.978,1,0,0.0,0,0.0,0.0,100.1,1
2521-2681-1,58,True,Line,1,3581-89516-1,Line,0.638,100.52,4583.8,1,2.523,26,0,0.0,0,0.0,0.0,100.1,1,1.019,1,0,0.0,0,0.0,0.0,100.1,1,1.019,1,0,0.0,0,0.0,0.0,100.1,1,1.019,1,0,0.0,0,0.0,0.0,100.1,1
2521-2681-1,65,True,Line,1,3581-89516-1,Line,0.543,100.44,5388.6,1,2.844,22,0,0.0,0,0.0,0.0,100.1,1,0.886,1,0,0.0,0,0.0,0.0,100.1,1,0.886,1,0,0.0,0,0.0,0.0,100.1,1,0.886,1,0,0.0,0,0.0,0.0,100.1,1
2521-2681-1,72,True,Line,1,3581-89516-1,Line,0.571,100.46,5745.9,1,2.748,19,0,0.0,0,0.0,0.0,100.1,1,1.107,1,0,0.0,0,0.0,0.0,100.1,1,1.107,1,0,0.0,0,0.0,0.0,100.1,1,1.107,1,0,0.0,0,0.0,0.0,100.1,1
2521-2681-1,79,True,Line,1,3581-89516-1,Line,0.695,100.57,2728.8,1,2.47,26,0,0.0,0,0.0,0.0,100.1,1,1.132,1,0,0.0,0,0.0,0.0,100.1,1,1.132,1,0,0.0,0,0.0,0.0,100.1,1,1.132,1,0,0.0,0,0.0,0.0,100.1,1
2521-2681-1,94,True,Line,1,3581-89516-1,Line,0.585,100.48,5470.0,1,1.918,26,0,0.0,0,0.0,0.0,100.1,1,0.914,1,0,0.0,0,0.0,0.0,100.1,1,0.914,1,0,0.0,0,0.0,0.0,100.1,1,0.914,1,0,0.0,0,0.0,0.0,100.1,1
2521-2681-1,108,True,Line,1,3581-89516-1,Line,0.673,100.55,7006.9,1,2.579,20,0,0.0,0,0.0,0.0,100.1,1,1.089,1,0,0.0,0,0.0,0.0,100.1,1,1.089,1,0,0.0,0,0.0,0.0,100.1,1,1.089,1,0,0.0,0,0.0,0.0,100.1,1
2521-2681-1,116,True,Line,1,3581-89516-1,Line,0.464,100.38,4604.0,1,0.991,7,0,0.0,0,0.0,0.0,100.1,1,0.844,1,0,0.0,0,0.0,0.0,100.1,1,0.844,1,0,0.0,0,0.0,0.0,100.1,1,0.844,1,0,0.0,0,0.0,0.0,100.1,1
2521-2681-1,123,True,Line,1,3581-89516-1,Line,0.585,100.48,5593.8,1,1.227,13,0,0.0,0,0.0,0.0,100.1,1,0.913,1,0,0.0,0,0.0,0.0,100.1,1,0.913,1,0,0.0,0,0.0,0.0,100.1,1,0.913,1,0,0.0,0,0.0,0.0,100.1,1
2521-2681-1,130,True,Line,1,3581-89516-1,Line,0.594,100.48,5592.5,1,1.242,13,0,0.0,0,0.0,0.0,100.1,1,0.933,1,0,0.0,0,0.0,0.0,100.1,1,0.933,1,0,0.0,0,0.0,0.0,100.1,1,0.933,1,0,0.0,0,0.0,0.0,100.1,1
2521-2681-1,137,True,Line,1,3581-89516-1,Line,0.508,100.41,5053.5,1,1.347,11,0,0.0,0,0.0,0.0,100.1,1,0.951,1,0,0.0,0,0.0,0.0,100.1,1,0.951,1,0,0.0,0,0.0,0.0,100.1,1,0.951,1,0,0.0,0,0.0,0.0,100.1,1
2521-2681-1,145,True,Line,1,3581-89516-1,Line,0.553,100.45,4124.9,1,1.661,26,0,0.0,0,0.0,0.0,100.1,1,0.851,1,0,0.0,0,0.0,0.0,100.1,1,0.851,1,0,0.0,0,0.0,0.0,100.1,1,0.851,1,0,0.0,0,0.0,0.0,100.1,1
2521-2681-1,152,True,Line,1,3581-89516-1,Line,0.578,100.47,4161.2,1,1.597,25,0,0.0,0,0.0,0.0,100.1,1,0.9,1,0,0.0,0,0.0,0.0,100.1,1,0.9,1,0,0.0,0,0.0,0.0,100.1,1,0.9,1,0,0.0,0,0.0,0.0,100.1,1
2521-2681-1,159,True,Line,1,3581-89516-1,Line,0.568,100.46,5313.0,1,1.532,25,0,0.0,0,0.0,0.0,100.1,1,0.881,1,0,0.0,0,0.0,0.0,100.1,1,0.881,1,0,0.0,0,0.0,0.0,100.1,1,0.881,1,0,0.0,0,0.0,0.0,100.1,1
2521-2681-1,167,True,Line,1,3581-89516-1,Line,0.509,100.41,3161.9,1,1.227,26,0,0.0,0,0.0,0.0,100.1,1,0.764,1,0,0.0,0,0.0,0.0,100.1,1,0.764,1,0,0.0,0,0.0,0.0,100.1,1,0.764,1,0,0.0,0,0.0,0.0,100.1,1
2561-25610-1,29,True,Line,1,3581-89516-1,Line,0.142,100.12,5968.4,1,0.064,10,0,0.0,0,0.0,0.0,100.1,1,0.048,1,0,0.0,0,0.0,0.0,100.1,1,0.048,1,0,0.0,0,0.0,0.0,100.1,1,0.048,1,0,0.0,0,0.0,0.0,100.1,1
2561-25610-1,123,True,Line,1,3581-89516-1,Line,0.243,100.2,5593.8,1,0.319,13,0,0.0,0,0.0,0.0,100.1,1,0.237,1,0,0.0,0,0.0,0.0,100.1,1,0.237,1,0,0.0,0,0.0,0.0,100.1,1,0.237,1,0,0.0,0,0.0,0.0,100.1,1
2561-25610-1,130,True,Line,1,3581-89516-1,Line,0.282,100.23,5592.5,1,0.419,13,0,0.0,0,0.0,0.0,100.1,1,0.314,1,0,0.0,0,0.0,0.0,100.1,1,0.314,1,0,0.0,0,0.0,0.0,100.1,1,0.314,1,0,0.0,0,0.0,0.0,100.1,1
2742-3662-1,36,True,Line,2,3082-3122-1,Line,107.987,110.93,6805.4,1,269.982,18,0,0.0,0,0.0,0.0,100.1,1,196.201,1,0,0.0,0,0.0,0.0,100.1,1,196.201,1,0,0.0,0,0.0,0.0,100.1,1,167.541,2,0,0.0,0,0.0,0.0,100.1,1
2742-3662-1,50,True,Line,2,1122-1742-1,Line,180.549,120.4,5312.4,1,478.505,34,0,0.0,0,0.0,0.0,100.1,1,212.17,2,0,0.0,0,0.0,0.0,100.1,1,215.044,2,0,0.0,0,0.0,0.0,100.1,1,209.512,2,0,0.0,0,0.0,0.0,100.1,1
2742-3662-1,65,True,Line,1,1122-1742-1,Line,67.607,113.18,5388.6,1,281.117,33,0,0.0,0,0.0,0.0,100.1,1,122.814,1,0,0.0,0,0.0,0.0,100.1,1,122.814,1,0,0.0,0,0.0,0.0,100.1,1,122.814,1,0,0.0,0,0.0,0.0,100.1,1
2742-3662-1,72,True,Line,1,1122-1742-1,Line,14.574,102.84,5745.9,1,54.817,33,0,0.0,0,0.0,0.0,100.1,1,25.738,1,0,0.0,0,0.0,0.0,100.1,1,25.738,1,0,0.0,0,0.0,0.0,100.1,1,25.738,1,0,0.0,0,0.0,0.0,100.1,1
2742-3662-1,101,True,Line,4,1122-1742-1,Line,69.741,111.62,5965.5,1,254.195,27,0,0.0,0,0.0,0.0,100.1,1,146.71,2,0,0.0,0,0.0,0.0,100.1,0,696.119,15,0,0.0,0,10.137,0.0,101.98,1,146.633,2,0,0.0,0,0.0,0.0,100.1,1
2742-3662-1,108,True,Line,5,1122-1742-1,Line,107.763,111.46,7006.9,1,269.411,40,0,0.0,0,0.0,0.0,100.1,1,638.942,6,0,0.0,0,0.0,0.0,100.1,0,322.181,2,0,0.0,0,0.306,0.0,100.16,1,148.205,3,0,0.0,0,0.0,0.0,100.1,1
2742-3662-1,116,True,Line,1,T54640-54630-1,Transformer,0.777,100.13,4604.0,0,0.0,0,0,0.0,0,0.777,0.0,100.13,0,0.0,0,0,0.0,0,0.777,0.0,100.13,0,0.0,0,0,0.0,0,0.777,0.0,100.13,1,146.082,3,0,0.0,0,0.0,0.0,100.1,1
2742-3662-1,159,True,Line,2,T3464-3462-34641-1-w2,Transformer,9.664,101.03,5313.0,1,34.732,55,0,0.0,0,0.0,0.0,100.1,1,24.933,1,0,0.0,0,0.0,0.0,100.1,1,24.933,1,0,0.0,0,0.0,0.0,100.1,1,24.933,1,0,0.0,0,0.0,0.0,100.1,1
2771-16110-1,50,True,Line,1,3581-89516-1,Line,0.428,100.35,5312.4,1,1.531,26,0,0.0,0,0.0,0.0,100.1,1,0.604,1,0,0.0,0,0.0,0.0,100.1,1,0.604,1,0,0.0,0,0.0,0.0,100.1,1,0.604,1,0,0.0,0,0.0,0.0,100.1,1
2771-16110-1,58,True,Line,1,3581-89516-1,Line,0.419,100.34,4583.8,1,1.45,26,0,0.0,0,0.0,0.0,100.1,1,0.586,1,0,0.0,0,0.0,0.0,100.1,1,0.586,1,0,0.0,0,0.0,0.0,100.1,1,0.586,1,0,0.0,0,0.0,0.0,100.1,1
2771-16110-1,65,True,Line,1,3581-89516-1,Line,0.427,100.35,5388.6,1,2.058,22,0,0.0,0,0.0,0.0,100.1,1,0.641,1,0,0.0,0,0.0,0.0,100.1,1,0.641,1,0,0.0,0,0.0,0.0,100.1,1,0.641,1,0,0.0,0,0.0,0.0,100.1,1
2771-16110-1,72,True,Line,1,3581-89516-1,Line,0.401,100.33,5745.9,1,1.71,19,0,0.0,0,0.0,0.0,100.1,1,0.688,1,0,0.0,0,0.0,0.0,100.1,1,0.688,1,0,0.0,0,0.0,0.0,100.1,1,0.688,1,0,0.0,0,0.0,0.0,100.1,1
2771-16110-1,79,True,Line,1,3581-89516-1,Line,0.158,100.13,2728.8,1,0.153,26,0,0.0,0,0.0,0.0,100.1,1,0.07,1,0,0.0,0,0.0,0.0,100.1,1,0.07,1,0,0.0,0,0.0,0.0,100.1,1,0.07,1,0,0.0,0,0.0,0.0,100.1,1
2771-16110-1,94,True,Line,1,3581-89516-1,Line,0.336,100.27,5470.0,1,0.885,26,0,0.0,0,0.0,0.0,100.1,1,0.422,1,0,0.0,0,0.0,0.0,100.1,1,0.422,1,0,0.0,0,0.0,0.0,100.1,1,0.422,1,0,0.0,0,0.0,0.0,100.1,1
2771-16110-1,108,True,Line,1,3581-89516-1,Line,0.555,100.45,7006.9,1,2.026,20,0,0.0,0,0.0,0.0,100.1,1,0.855,1,0,0.0,0,0.0,0.0,100.1,1,0.855,1,0,0.0,0,0.0,0.0,100.1,1,0.855,1,0,0.0,0,0.0,0.0,100.1,1
2771-16110-1,130,True,Line,1,3581-89516-1,Line,0.151,100.12,5592.5,1,0.073,13,0,0.0,0,0.0,0.0,100.1,1,0.055,1,0,0.0,0,0.0,0.0,100.1,1,0.055,1,0,0.0,0,0.0,0.0,100.1,1,0.055,1,0,0.0,0,0.0,0.0,100.1,1
2771-16110-1,145,True,Line,1,3581-89516-1,Line,0.339,100.28,4124.9,1,0.835,26,0,0.0,0,0.0,0.0,100.1,1,0.428,1,0,0.0,0,0.0,0.0,100.1,1,0.428,1,0,0.0,0,0.0,0.0,100.1,1,0.428,1,0,0.0,0,0.0,0.0,100.1,1
2771-16110-1,152,True,Line,1,3581-89516-1,Line,0.307,100.25,4161.2,1,0.647,25,0,0.0,0,0.0,0.0,100.1,1,0.365,1,0,0.0,0,0.0,0.0,100.1,1,0.365,1,0,0.0,0,0.0,0.0,100.1,1,0.365,1,0,0.0,0,0.0,0.0,100.1,1
2771-16110-1,159,True,Line,1,3581-89516-1,Line,0.532,100.43,5313.0,1,1.409,25,0,0.0,0,0.0,0.0,100.1,1,0.81,1,0,0.0,0,0.0,0.0,100.1,1,0.81,1,0,0.0,0,0.0,0.0,100.1,1,0.81,1,0,0.0,0,0.0,0.0,100.1,1
2771-16110-1,167,True,Line,1,3581-89516-1,Line,0.291,100.24,3161.9,1,0.533,26,0,0.0,0,0.0,0.0,100.1,1,0.332,1,0,0.0,0,0.0,0.0,100.1,1,0.332,1,0,0.0,0,0.0,0.0,100.1,1,0.332,1,0,0.0,0,0.0,0.0,100.1,1
2801-2871-1,0,True,Line,3,3581-89516-1,Line,62.777,118.18,5299.5,1,56.27,13,0,0.0,0,0.0,0.0,100.1,1,43.97,3,0,0.0,0,0.0,0.0,100.1,1,43.97,3,0,0.0,0,0.0,0.0,100.1,1,43.97,3,0,0.0,0,0.0,0.0,100.1,1
2801-2871-1,7,True,Line,3,3581-89516-1,Line,62.777,118.18,6073.6,1,58.722,16,0,0.0,0,0.0,0.0,100.1,1,43.97,3,0,0.0,0,0.0,0.0,100.1,1,43.97,3,0,0.0,0,0.0,0.0,100.1,1,43.97,3,0,0.0,0,0.0,0.0,100.1,1
2801-2871-1,14,True,Line,3,3581-89516-1,Line,25.291,108.02,6309.0,1,24.908,14,0,0.0,0,0.0,0.0,100.1,1,19.269,3,0,0.0,0,0.0,0.0,100.1,1,19.269,3,0,0.0,0,0.0,0.0,100.1,1,19.269,3,0,0.0,0,0.0,0.0,100.1,1
2801-2871-1,21,True,Line,3,3581-89516-1,Line,62.777,118.18,4735.3,1,62.299,7,0,0.0,0,0.0,0.0,100.1,1,55.759,3,0,0.0,0,0.0,0.0,100.1,1,55.759,3,0,0.0,0,0.0,0.0,100.1,1,55.759,3,0,0.0,0,0.0,0.0,100.1,1
2801-2871-1,29,True,Line,3,3581-89516-1,Line,62.777,118.18,5968.4,1,73.028,10,0,0.0,0,0.0,0.0,100.1,1,56.713,3,0,0.0,0,0.0,0.0,100.1,1,56.713,3,0,0.0,0,0.0,0.0,100.1,1,56.713,3,0,0.0,0,0.0,0.0,100.1,1
2801-2871-1,36,True,Line,3,3581-89516-1,Line,3.892,102.23,6805.4,1,10.698,25,0,0.0,0,0.0,0.0,100.1,1,5.168,1,0,0.0,0,0.0,0.0,100.1,1,5.168,1,0,0.0,0,0.0,0.0,100.1,1,5.168,1,0,0.0,0,0.0,0.0,100.1,1
2801-2871-1,50,True,Line,3,3581-89516-1,Line,62.777,118.18,5312.4,1,111.395,26,2,2.689,0,0.0,100.25,100.25,1,48.746,8,0,0.0,0,0.0,0.0,100.1,1,48.746,8,0,0.0,0,0.0,0.0,100.1,1,48.746,8,0,0.0,0,0.0,0.0,100.1,1
2801-2871-1,58,True,Line,3,3581-89516-1,Line,62.777,118.18,4583.8,1,108.69,26,0,0.0,0,0.0,0.0,100.1,1,44.533,4,0,0.0,0,0.0,0.0,100.1,1,44.533,4,0,0.0,0,0.0,0.0,100.1,1,44.533,4,0,0.0,0,0.0,0.0,100.1,1
2801-2871-1,65,True,Line,3,3581-89516-1,Line,62.777,118.18,5388.6,1,150.095,22,0,0.0,0,0.0,0.0,100.1,1,54.195,4,0,0.0,0,0.0,0.0,100.1,1,54.195,4,0,0.0,0,0.0,0.0,100.1,1,54.195,4,0,0.0,0,0.0,0.0,100.1,1
2801-2871-1,72,True,Line,3,3581-89516-1,Line,62.777,118.18,5745.9,1,136.261,19,0,0.0,0,0.0,0.0,100.1,1,57.362,3,0,0.0,0,0.0,0.0,100.1,1,57.362,3,0,0.0,0,0.0,0.0,100.1,1,57.362,3,0,0.0,0,0.0,0.0,100.1,1
2801-2871-1,94,True,Line,3,3581-89516-1,Line,40.719,112.18,5470.0,1,61.558,26,0,0.0,0,0.0,0.0,100.1,1,29.365,3,0,0.0,0,0.0,0.0,100.1,1,29.365,3,0,0.0,0,0.0,0.0,100.1,1,29.365,3,0,0.0,0,0.0,0.0,100.1,1
2801-2871-1,101,True,Line,3,3581-89516-1,Line,36.73,111.12,5965.5,1,62.195,24,0,0.0,0,0.0,0.0,100.1,1,26.807,3,0,0.0,0,0.0,0.0,100.1,1,26.807,3,0,0.0,0,0.0,0.0,100.1,1,26.807,3,0,0.0,0,0.0,0.0,100.1,1
2801-2871-1,108,True,Line,3,3581-89516-1,Line,62.777,118.18,7006.9,1,104.054,20,0,0.0,0,0.0,0.0,100.1,1,44.58,4,0,0.0,0,0.0,0.0,100.1,1,44.58,4,0,0.0,0,0.0,0.0,100.1,1,44.58,4,0,0.0,0,0.0,0.0,100.1,1
2801-2871-1,116,True,Line,3,3581-89516-1,Line,62.777,118.18,4604.0,1,64.459,7,0,0.0,0,0.0,0.0,100.1,1,55.59,3,0,0.0,0,0.0,0.0,100.1,1,55.59,3,0,0.0,0,0.0,0.0,100.1,1,55.59,3,0,0.0,0,0.0,0.0,100.1,1
2801-2871-1,123,True,Line,3,3581-89516-1,Line,62.777,118.18,5593.8,1,59.041,13,0,0.0,0,0.0,0.0,100.1,1,43.97,3,0,0.0,0,0.0,0.0,100.1,1,43.97,3,0,0.0,0,0.0,0.0,100.1,1,43.97,3,0,0.0,0,0.0,0.0,100.1,1
2801-2871-1,130,True,Line,3,3581-89516-1,Line,62.777,118.18,5592.5,1,58.559,13,0,0.0,0,0.0,0.0,100.1,1,43.97,2,0,0.0,0,0.0,0.0,100.1,1,43.97,2,0,0.0,0,0.0,0.0,100.1,1,43.97,2,0,0.0,0,0.0,0.0,100.1,1
2801-2871-1,137,True,Line,3,3581-89516-1,Line,62.777,118.18,5053.5,1,77.733,11,0,0.0,0,0.0,0.0,100.1,1,55.589,3,0,0.0,0,0.0,0.0,100.1,1,55.589,3,0,0.0,0,0.0,0.0,100.1,1,55.589,3,0,0.0,0,0.0,0.0,100.1,1
2801-2871-1,145,True,Line,3,3581-89516-1,Line,62.777,118.18,4124.9,1,85.687,26,0,0.0,0,0.0,0.0,100.1,1,44.625,5,0,0.0,0,0.0,0.0,100.1,1,44.625,5,0,0.0,0,0.0,0.0,100.1,1,44.625,5,0,0.0,0,0.0,0.0,100.1,1
2801-2871-1,152,True,Line,3,3581-89516-1,Line,62.777,118.18,4161.2,1,77.943,25,0,0.0,0,0.0,0.0,100.1,1,44.449,4,0,0.0,0,0.0,0.0,100.1,1,44.449,4,0,0.0,0,0.0,0.0,100.1,1,44.449,4,0,0.0,0,0.0,0.0,100.1,1
2801-2871-1,159,True,Line,3,3581-89516-1,Line,62.777,118.18,5313.0,1,76.417,25,0,0.0,0,0.0,0.0,100.1,1,44.989,4,0,0.0,0,0.0,0.0,100.1,1,44.989,4,0,0.0,0,0.0,0.0,100.1,1,44.989,4,0,0.0,0,0.0,0.0,100.1,1
2870-4091-1,0,True,Line,1,2781-4951-1,Line,0.248,100.23,5299.5,1,0.176,4,0,0.0,0,0.0,0.0,100.1,1,0.176,1,0,0.0,0,0.0,0.0,100.1,1,0.176,1,0,0.0,0,0.0,0.0,100.1,1,0.176,1,0,0.0,0,0.0,0.0,100.1,1
2870-4091-1,29,True,Line,1,2781-4951-1,Line,0.339,100.32,5968.4,1,0.288,5,0,0.0,0,0.0,0.0,100.1,1,0.288,2,0,0.0,0,0.0,0.0,100.1,1,0.288,2,0,0.0,0,0.0,0.0,100.1,1,0.288,1,0,0.0,0,0.0,0.0,100.1,1
2870-4091-1,50,True,Line,2,1122-1742-1,Line,1.358,100.13,5312.4,1,0.502,34,0,0.0,0,0.0,0.0,100.1,1,0.247,1,0,0.0,0,0.0,0.0,100.1,1,0.247,1,0,0.0,0,0.0,0.0,100.1,1,0.247,1,0,0.0,0,0.0,0.0,100.1,1
2870-4091-1,108,True,Line,3,3691-4041-1,Line,2.199,100.48,7006.9,1,2.685,63,0,0.0,0,0.0,0.0,100.1,1,2.123,2,0,0.0,0,0.0,0.0,100.1,1,2.123,2,0,0.0,0,0.0,0.0,100.1,1,2.114,2,0,0.0,0,0.0,0.0,100.1,1
2870-4091-1,137,True,Line,1,2781-4951-1,Line,0.501,100.47,5053.5,1,0.487,4,0,0.0,0,0.0,0.0,100.1,1,0.487,1,0,0.0,0,0.0,0.0,100.1,1,0.487,1,0,0.0,0,0.0,0.0,100.1,1,0.487,1,0,0.0,0,0.0,0.0,100.1,1
2870-4091-1,159,True,Line,2,T3464-3462-34641-1-w1,Transformer,2.261,100.23,5313.0,1,4.909,55,0,0.0,0,0.0,0.0,100.1,1,3.513,1,0,0.0,0,0.0,0.0,100.1,1,3.513,1,0,0.0,0,0.0,0.0,100.1,1,3.513,1,0,0.0,0,0.0,0.0,100.1,1
2962-4012-1,0,True,Line,4,3581-89516-1,Line,4.314,101.71,5299.5,1,6.224,17,0,0.0,0,0.0,0.0,100.1,1,5.118,2,0,0.0,0,0.0,0.0,100.1,1,45.182,2,0,0.0,0,0.0,0.0,100.1,1,5.086,2,0,0.0,0,0.0,0.0,100.1,1
2962-4012-1,7,True,Line,3,3581-89516-1,Line,3.26,101.71,6073.6,1,5.236,16,0,0.0,0,0.0,0.0,100.1,1,3.919,1,0,0.0,0,0.0,0.0,100.1,1,3.919,1,0,0.0,0,0.0,0.0,100.1,1,3.919,1,0,0.0,0,0.0,0.0,100.1,1
2962-4012-1,21,True,Line,3,3581-89516-1,Line,3.26,101.71,4735.3,1,5.555,7,0,0.0,0,0.0,0.0,100.1,1,4.899,1,0,0.0,0,0.0,0.0,100.1,1,4.899,1,0,0.0,0,0.0,0.0,100.1,1,4.899,1,0,0.0,0,0.0,0.0,100.1,1
2962-4012-1,29,True,Line,4,3581-89516-1,Line,4.314,101.71,5968.4,1,7.731,15,0,0.0,0,0.0,0.0,100.1,1,6.105,3,0,0.0,0,0.0,0.0,100.1,1,45.556,3,0,0.0,0,0.0,0.0,100.1,1,6.065,2,0,0.0,0,0.0,0.0,100.1,1
2962-4012-1,36,True,Line,1,3082-3122-1,Line,5.787,100.91,6805.4,1,20.303,18,0,0.0,0,0.0,0.0,100.1,1,10.925,1,0,0.0,0,0.0,0.0,100.1,1,10.925,1,0,0.0,0,0.0,0.0,100.1,1,10.925,1,0,0.0,0,0.0,0.0,100.1,1
2962-4012-1,50,True,Line,7,3082-3122-1,Line,67.256,103.88,5312.4,0,184.148,94,0,0.0,0,0.993,0.0,100.2,1,135.892,5,0,0.0,0,0.0,0.0,100.1,0,0.0,0,0,0.0,0,67.256,0.0,103.88,1,123.415,7,0,0.0,0,0.0,0.0,100.1,1
2962-4012-1,58,True,Line,3,3581-89516-1,Line,3.26,101.71,4583.8,1,9.703,26,0,0.0,0,0.0,0.0,100.1,1,3.919,1,0,0.0,0,0.0,0.0,100.1,1,3.919,1,0,0.0,0,0.0,0.0,100.1,1,3.919,2,0,0.0,0,0.0,0.0,100.1,1
2962-4012-1,65,True,Line,3,3581-89516-1,Line,3.26,101.71,5388.6,1,13.412,22,0,0.0,0,0.0,0.0,100.1,1,4.175,1,0,0.0,0,0.0,0.0,100.1,1,4.175,1,0,0.0,0,0.0,0.0,100.1,1,4.175,1,0,0.0,0,0.0,0.0,100.1,1
2962-4012-1,72,True,Line,3,3581-89516-1,Line,3.26,101.71,5745.9,1,12.172,19,0,0.0,0,0.0,0.0,100.1,1,4.899,1,0,0.0,0,0.0,0.0,100.1,1,4.899,1,0,0.0,0,0.0,0.0,100.1,1,4.899,1,0,0.0,0,0.0,0.0,100.1,1
2962-4012-1,79,True,Line,3,3581-89516-1,Line,10.406,103.39,2728.8,1,17.489,26,0,0.0,0,0.0,0.0,100.1,1,8.017,1,0,0.0,0,0.0,0.0,100.1,1,8.017,1,0,0.0,0,0.0,0.0,100.1,1,8.017,2,0,0.0,0,0.0,0.0,100.1,1
2962-4012-1,94,True,Line,3,3581-89516-1,Line,3.26,101.71,5470.0,1,8.225,26,0,0.0,0,0.0,0.0,100.1,1,3.919,1,0,0.0,0,0.0,0.0,100.1,1,3.919,1,0,0.0,0,0.0,0.0,100.1,1,3.919,1,0,0.0,0,0.0,0.0,100.1,1
2962-4012-1,101,True,Line,2,T3464-3462-34641-1-w1,Transformer,21.226,102.15,5965.5,1,78.743,53,1,0.685,0,0.0,100.13,100.13,1,55.07,1,1,0.622,0,0.0,100.12,100.12,0,14.375,1,0,0.0,0,15.865,0.0,101.61,1,55.196,3,0,0.0,0,0.0,0.0,100.1,1
2962-4012-1,108,True,Line,6,T3464-3462-34641-1-w1,Transformer,25.485,102.21,7006.9,0,92.686,75,1,0.722,0,0.676,100.14,100.14,1,106.549,4,1,0.759,0,0.0,100.15,100.15,0,14.375,1,0,0.0,0,23.106,0.0,102.21,1,62.556,4,0,0.0,0,0.0,0.0,100.1,1
2962-4012-1,116,True,Line,3,3581-89516-1,Line,3.26,101.71,4604.0,1,5.748,7,0,0.0,0,0.0,0.0,100.1,1,4.899,1,0,0.0,0,0.0,0.0,100.1,1,4.899,1,0,0.0,0,0.0,0.0,100.1,1,4.899,1,0,0.0,0,0.0,0.0,100.1,1
2962-4012-1,123,True,Line,3,3581-89516-1,Line,3.26,101.71,5593.8,1,5.264,13,0,0.0,0,0.0,0.0,100.1,1,3.919,1,0,0.0,0,0.0,0.0,100.1,1,3.919,1,0,0.0,0,0.0,0.0,100.1,1,3.919,1,0,0.0,0,0.0,0.0,100.1,1
2962-4012-1,130,True,Line,3,3581-89516-1,Line,3.26,101.71,5592.5,1,5.221,13,0,0.0,0,0.0,0.0,100.1,1,3.919,1,0,0.0,0,0.0,0.0,100.1,1,3.919,1,0,0.0,0,0.0,0.0,100.1,1,3.919,1,0,0.0,0,0.0,0.0,100.1,1
2962-4012-1,137,True,Line,4,3581-89516-1,Line,4.314,101.71,5053.5,1,8.155,15,0,0.0,0,0.0,0.0,100.1,1,6.105,2,0,0.0,0,0.0,0.0,100.1,1,47.454,2,0,0.0,0,0.0,0.0,100.1,1,6.065,2,0,0.0,0,0.0,0.0,100.1,1
2962-4012-1,145,True,Line,3,3581-89516-1,Line,3.26,101.71,4124.9,1,7.645,26,0,0.0,0,0.0,0.0,100.1,1,3.919,1,0,0.0,0,0.0,0.0,100.1,1,3.919,1,0,0.0,0,0.0,0.0,100.1,1,3.919,1,0,0.0,0,0.0,0.0,100.1,1
2962-4012-1,152,True,Line,3,3581-89516-1,Line,3.26,101.71,4161.2,1,6.953,25,0,0.0,0,0.0,0.0,100.1,1,3.919,1,0,0.0,0,0.0,0.0,100.1,1,3.919,1,0,0.0,0,0.0,0.0,100.1,1,3.919,1,0,0.0,0,0.0,0.0,100.1,1
2962-4012-1,159,True,Line,6,T3464-3462-34641-1-w1,Transformer,26.507,102.21,5313.0,0,87.596,80,0,0.0,0,0.726,0.0,100.15,1,71.247,2,0,0.0,0,0.0,0.0,100.1,0,316.158,11,0,0.0,0,2.311,0.0,100.3,1,62.405,3,0,0.0,0,0.0,0.0,100.1,1
2962-4012-1,167,True,Line,3,3581-89516-1,Line,3.26,101.71,3161.9,1,6.29,26,0,0.0,0,0.0,0.0,100.1,1,3.919,1,0,0.0,0,0.0,0.0,100.1,1,3.919,1,0,0.0,0,0.0,0.0,100.1,1,3.919,1,0,0.0,0,0.0,0.0,100.1,1
3191-52610-1,7,True,Line,1,3581-89516-1,Line,0.739,100.6,6073.6,1,1.629,16,0,0.0,0,0.0,0.0,100.1,1,1.219,1,0,0.0,0,0.0,0.0,100.1,1,1.219,1,0,0.0,0,0.0,0.0,100.1,1,1.219,1,0,0.0,0,0.0,0.0,100.1,1
3191-52610-1,50,True,Line,1,3581-89516-1,Line,0.722,100.59,5312.4,1,3.006,26,0,0.0,0,0.0,0.0,100.1,1,1.185,1,0,0.0,0,0.0,0.0,100.1,1,1.185,1,0,0.0,0,0.0,0.0,100.1,1,1.185,1,0,0.0,0,0.0,0.0,100.1,1
3191-52610-1,58,True,Line,1,3581-89516-1,Line,0.535,100.44,4583.8,1,2.02,26,0,0.0,0,0.0,0.0,100.1,1,0.816,1,0,0.0,0,0.0,0.0,100.1,1,0.816,1,0,0.0,0,0.0,0.0,100.1,1,0.816,1,0,0.0,0,0.0,0.0,100.1,1
3191-52610-1,65,True,Line,1,3581-89516-1,Line,0.623,100.51,5388.6,1,3.384,22,0,0.0,0,0.0,0.0,100.1,1,1.054,1,0,0.0,0,0.0,0.0,100.1,1,1.054,1,0,0.0,0,0.0,0.0,100.1,1,1.054,1,0,0.0,0,0.0,0.0,100.1,1
3191-52610-1,72,True,Line,1,3581-89516-1,Line,0.569,100.46,5745.9,1,2.74,19,0,0.0,0,0.0,0.0,100.1,1,1.103,1,0,0.0,0,0.0,0.0,100.1,1,1.103,1,0,0.0,0,0.0,0.0,100.1,1,1.103,1,0,0.0,0,0.0,0.0,100.1,1
3191-52610-1,79,True,Line,1,3581-89516-1,Line,0.207,100.17,2728.8,1,0.361,26,0,0.0,0,0.0,0.0,100.1,1,0.165,1,0,0.0,0,0.0,0.0,100.1,1,0.165,1,0,0.0,0,0.0,0.0,100.1,1,0.165,1,0,0.0,0,0.0,0.0,100.1,1
3191-52610-1,94,True,Line,1,3581-89516-1,Line,0.331,100.27,5470.0,1,0.865,26,0,0.0,0,0.0,0.0,100.1,1,0.412,1,0,0.0,0,0.0,0.0,100.1,1,0.412,1,0,0.0,0,0.0,0.0,100.1,1,0.412,1,0,0.0,0,0.0,0.0,100.1,1
3191-52610-1,108,True,Line,1,3581-89516-1,Line,0.484,100.39,7006.9,1,1.695,20,0,0.0,0,0.0,0.0,100.1,1,0.715,1,0,0.0,0,0.0,0.0,100.1,1,0.715,1,0,0.0,0,0.0,0.0,100.1,1,0.715,1,0,0.0,0,0.0,0.0,100.1,1
3191-52610-1,123,True,Line,1,3581-89516-1,Line,0.747,100.61,5593.8,1,1.66,13,0,0.0,0,0.0,0.0,100.1,1,1.236,1,0,0.0,0,0.0,0.0,100.1,1,1.236,1,0,0.0,0,0.0,0.0,100.1,1,1.236,1,0,0.0,0,0.0,0.0,100.1,1
3191-52610-1,137,True,Line,2,2781-4951-1,Line,1.516,100.73,5053.5,0,2.948,15,0,0.0,0,0.119,0.0,100.11,1,2.337,3,0,0.0,0,0.0,0.0,100.1,0,0.827,1,0,0.0,0,0.729,0.0,100.59,1,2.336,2,0,0.0,0,0.0,0.0,100.1,1
3191-52610-1,145,True,Line,1,3581-89516-1,Line,0.728,100.59,4124.9,1,2.335,26,0,0.0,0,0.0,0.0,100.1,1,1.197,1,0,0.0,0,0.0,0.0,100.1,1,1.197,1,0,0.0,0,0.0,0.0,100.1,1,1.197,1,0,0.0,0,0.0,0.0,100.1,1
3191-52610-1,152,True,Line,1,3581-89516-1,Line,0.627,100.51,4161.2,1,1.768,25,0,0.0,0,0.0,0.0,100.1,1,0.997,1,0,0.0,0,0.0,0.0,100.1,1,0.997,1,0,0.0,0,0.0,0.0,100.1,1,0.997,1,0,0.0,0,0.0,0.0,100.1,1
3191-52610-1,159,True,Line,1,3581-89516-1,Line,0.731,100.59,5313.0,1,2.092,25,0,0.0,0,0.0,0.0,100.1,1,1.203,1,0,0.0,0,0.0,0.0,100.1,1,1.203,1,0,0.0,0,0.0,0.0,100.1,1,1.203,1,0,0.0,0,0.0,0.0,100.1,1
3191-52610-1,167,True,Line,1,3581-89516-1,Line,0.715,100.58,3161.9,1,1.881,26,0,0.0,0,0.0,0.0,100.1,1,1.172,1,0,0.0,0,0.0,0.0,100.1,1,1.172,1,0,0.0,0,0.0,0.0,100.1,1,1.172,1,0,0.0,0,0.0,0.0,100.1,1
3202-32060-1,36,True,Line,1,1122-11260-1,Line,1.059,100.21,6805.4,1,0.547,1,0,0.0,0,0.0,0.0,100.1,1,0.547,1,0,0.0,0,0.0,0.0,100.1,1,0.547,1,0,0.0,0,0.0,0.0,100.1,1,0.547,1,0,0.0,0,0.0,0.0,100.1,1
3202-32060-1,50,True,Line,3,3581-89516-1,Line,4.36,101.71,5312.4,1,9.969,26,0,0.0,0,0.0,0.0,100.1,1,3.929,3,0,0.0,0,0.0,0.0,100.1,1,3.929,3,0,0.0,0,0.0,0.0,100.1,1,3.929,3,0,0.0,0,0.0,0.0,100.1,1
3202-32060-1,58,True,Line,2,3581-89516-1,Line,1.972,101.19,4583.8,1,6.541,26,0,0.0,0,0.0,0.0,100.1,1,2.642,2,0,0.0,0,0.0,0.0,100.1,1,2.642,2,0,0.0,0,0.0,0.0,100.1,1,2.642,2,0,0.0,0,0.0,0.0,100.1,1
3202-32060-1,65,True,Line,3,3581-89516-1,Line,4.107,101.66,5388.6,1,13.012,22,0,0.0,0,0.0,0.0,100.1,1,4.051,1,0,0.0,0,0.0,0.0,100.1,1,4.051,1,0,0.0,0,0.0,0.0,100.1,1,4.051,1,0,0.0,0,0.0,0.0,100.1,1
3202-32060-1,72,True,Line,3,3581-89516-1,Line,3.004,101.27,5745.9,0,9.1,20,0,0.0,0,0.126,0.0,100.1,1,531.968,3,0,0.0,0,0.0,0.0,100.1,0,0.0,0,0,0.0,0,3.004,0.0,101.27,1,3.813,2,0,0.0,0,0.0,0.0,100.1,1
3202-32060-1,79,True,Line,1,3581-89516-1,Line,0.613,100.5,2728.8,1,2.114,26,0,0.0,0,0.0,0.0,100.1,1,0.969,1,0,0.0,0,0.0,0.0,100.1,1,0.969,1,0,0.0,0,0.0,0.0,100.1,1,0.969,1,0,0.0,0,0.0,0.0,100.1,1
3202-32060-1,94,True,Line,2,3581-89516-1,Line,1.942,101.18,5470.0,1,5.499,26,0,0.0,0,0.0,0.0,100.1,1,2.62,1,0,0.0,0,0.0,0.0,100.1,1,2.62,1,0,0.0,0,0.0,0.0,100.1,1,2.62,1,0,0.0,0,0.0,0.0,100.1,1
3202-32060-1,101,True,Line,1,1122-11260-1,Line,1.073,100.21,5965.5,1,0.562,1,0,0.0,0,0.0,0.0,100.1,1,0.562,1,0,0.0,0,0.0,0.0,100.1,1,0.562,1,0,0.0,0,0.0,0.0,100.1,1,0.562,1,0,0.0,0,0.0,0.0,100.1,1
3202-32060-1,108,True,Line,4,3581-89516-1,Line,5.955,101.82,7006.9,0,10.514,21,0,0.0,0,0.129,0.0,100.1,1,4.779,3,0,0.0,0,0.0,0.0,100.1,0,0.0,0,0,0.0,0,5.955,0.0,101.82,1,4.777,2,0,0.0,0,0.0,0.0,100.1,1
3202-32060-1,145,True,Line,2,3581-89516-1,Line,2.372,101.31,4124.9,1,5.721,26,0,0.0,0,0.0,0.0,100.1,1,2.933,1,0,0.0,0,0.0,0.0,100.1,1,2.933,1,0,0.0,0,0.0,0.0,100.1,1,2.933,1,0,0.0,0,0.0,0.0,100.1,1
3202-32060-1,152,True,Line,1,3581-89516-1,Line,1.153,100.94,4161.2,1,3.616,25,0,0.0,0,0.0,0.0,100.1,1,2.038,1,0,0.0,0,0.0,0.0,100.1,1,2.038,1,0,0.0,0,0.0,0.0,100.1,1,2.038,1,0,0.0,0,0.0,0.0,100.1,1
3202-32060-1,159,True,Line,3,3581-89516-1,Line,3.955,101.63,5313.0,1,6.482,25,0,0.0,0,0.0,0.0,100.1,1,3.727,1,0,0.0,0,0.0,0.0,100.1,1,3.727,1,0,0.0,0,0.0,0.0,100.1,1,3.727,1,0,0.0,0,0.0,0.0,100.1,1
3202-32060-1,167,True,Line,2,3581-89516-1,Line,1.62,101.08,3161.9,1,3.831,26,0,0.0,0,0.0,0.0,100.1,1,2.387,1,0,0.0,0,0.0,0.0,100.1,1,2.387,1,0,0.0,0,0.0,0.0,100.1,1,2.387,1,0,0.0,0,0.0,0.0,100.1,1
3251-5281-1,0,True,Line,2,2781-4951-1,Line,0.831,100.42,5299.5,0,1.072,17,0,0.0,0,0.11,0.0,100.1,1,0.932,2,0,0.0,0,0.0,0.0,100.1,0,0.416,1,0,0.0,0,0.382,0.0,100.31,1,0.932,2,0,0.0,0,0.0,0.0,100.1,1
3251-5281-1,7,True,Line,1,3581-89516-1,Line,0.387,100.31,6073.6,1,0.698,16,0,0.0,0,0.0,0.0,100.1,1,0.523,1,0,0.0,0,0.0,0.0,100.1,1,0.523,1,0,0.0,0,0.0,0.0,100.1,1,0.523,1,0,0.0,0,0.0,0.0,100.1,1
3251-5281-1,29,True,Line,2,2781-4951-1,Line,0.831,100.42,5968.4,0,1.268,15,0,0.0,0,0.111,0.0,100.1,1,1.061,2,0,0.0,0,0.0,0.0,100.1,0,0.416,1,0,0.0,0,0.382,0.0,100.31,1,1.061,2,0,0.0,0,0.0,0.0,100.1,1
3251-5281-1,50,True,Line,1,3581-89516-1,Line,0.387,100.31,5312.4,1,1.327,26,0,0.0,0,0.0,0.0,100.1,1,0.523,1,0,0.0,0,0.0,0.0,100.1,1,0.523,1,0,0.0,0,0.0,0.0,100.1,1,0.523,1,0,0.0,0,0.0,0.0,100.1,1
3251-5281-1,58,True,Line,1,3581-89516-1,Line,0.38,100.31,4583.8,1,1.261,26,0,0.0,0,0.0,0.0,100.1,1,0.509,1,0,0.0,0,0.0,0.0,100.1,1,0.509,1,0,0.0,0,0.0,0.0,100.1,1,0.509,1,0,0.0,0,0.0,0.0,100.1,1
3251-5281-1,65,True,Line,1,3581-89516-1,Line,0.377,100.31,5388.6,1,1.717,22,0,0.0,0,0.0,0.0,100.1,1,0.535,1,0,0.0,0,0.0,0.0,100.1,1,0.535,1,0,0.0,0,0.0,0.0,100.1,1,0.535,1,0,0.0,0,0.0,0.0,100.1,1
3251-5281-1,72,True,Line,1,3581-89516-1,Line,0.305,100.25,5745.9,1,1.121,19,0,0.0,0,0.0,0.0,100.1,1,0.451,1,0,0.0,0,0.0,0.0,100.1,1,0.451,1,0,0.0,0,0.0,0.0,100.1,1,0.451,1,0,0.0,0,0.0,0.0,100.1,1
3251-5281-1,94,True,Line,1,3581-89516-1,Line,0.239,100.19,5470.0,1,0.483,26,0,0.0,0,0.0,0.0,100.1,1,0.23,1,0,0.0,0,0.0,0.0,100.1,1,0.23,1,0,0.0,0,0.0,0.0,100.1,1,0.23,1,0,0.0,0,0.0,0.0,100.1,1
3251-5281-1,108,True,Line,1,3581-89516-1,Line,0.387,100.31,7006.9,1,1.24,20,0,0.0,0,0.0,0.0,100.1,1,0.523,1,0,0.0,0,0.0,0.0,100.1,1,0.523,1,0,0.0,0,0.0,0.0,100.1,1,0.523,1,0,0.0,0,0.0,0.0,100.1,1
3251-5281-1,123,True,Line,1,3581-89516-1,Line,0.387,100.31,5593.8,1,0.701,13,0,0.0,0,0.0,0.0,100.1,1,0.522,1,0,0.0,0,0.0,0.0,100.1,1,0.522,1,0,0.0,0,0.0,0.0,100.1,1,0.522,1,0,0.0,0,0.0,0.0,100.1,1
3251-5281-1,130,True,Line,1,3581-89516-1,Line,0.387,100.31,5592.5,1,0.697,13,0,0.0,0,0.0,0.0,100.1,1,0.523,1,0,0.0,0,0.0,0.0,100.1,1,0.523,1,0,0.0,0,0.0,0.0,100.1,1,0.523,1,0,0.0,0,0.0,0.0,100.1,1
3251-5281-1,137,True,Line,2,2781-4951-1,Line,0.83,100.42,5053.5,0,1.32,15,0,0.0,0,0.111,0.0,100.11,1,1.06,2,0,0.0,0,0.0,0.0,100.1,0,0.415,1,0,0.0,0,0.381,0.0,100.31,1,1.059,2,0,0.0,0,0.0,0.0,100.1,1
3251-5281-1,145,True,Line,1,3581-89516-1,Line,0.384,100.31,4124.9,1,1.009,26,0,0.0,0,0.0,0.0,100.1,1,0.517,1,0,0.0,0,0.0,0.0,100.1,1,0.517,1,0,0.0,0,0.0,0.0,100.1,1,0.517,1,0,0.0,0,0.0,0.0,100.1,1
3251-5281-1,152,True,Line,1,3581-89516-1,Line,0.368,100.3,4161.2,1,0.862,25,0,0.0,0,0.0,0.0,100.1,1,0.486,1,0,0.0,0,0.0,0.0,100.1,1,0.486,1,0,0.0,0,0.0,0.0,100.1,1,0.486,1,0,0.0,0,0.0,0.0,100.1,1
3251-5281-1,159,True,Line,1,3581-89516-1,Line,0.387,100.31,5313.0,1,0.91,25,0,0.0,0,0.0,0.0,100.1,1,0.523,1,0,0.0,0,0.0,0.0,100.1,1,0.523,1,0,0.0,0,0.0,0.0,100.1,1,0.523,1,0,0.0,0,0.0,0.0,100.1,1
3251-5281-1,167,True,Line,1,3581-89516-1,Line,0.383,100.31,3161.9,1,0.827,26,0,0.0,0,0.0,0.0,100.1,1,0.515,1,0,0.0,0,0.0,0.0,100.1,1,0.515,1,0,0.0,0,0.0,0.0,100.1,1,0.515,1,0,0.0,0,0.0,0.0,100.1,1
3281-3631-1,0,True,Line,2,2781-4951-1,Line,0.604,100.36,5299.5,0,0.575,17,0,0.0,0,0.107,0.0,100.1,1,0.526,3,0,0.0,0,0.0,0.0,100.1,0,0.346,1,0,0.0,0,0.213,0.0,100.17,1,0.526,2,0,0.0,0,0.0,0.0,100.1,1
3281-3631-1,29,True,Line,2,2781-4951-1,Line,0.435,100.26,5968.4,1,0.316,15,0,0.0,0,0.0,0.0,100.1,1,0.291,3,0,0.0,0,0.0,0.0,100.1,0,0.213,1,0,0.0,0,0.154,0.0,100.13,1,0.291,2,0,0.0,0,0.0,0.0,100.1,1
3281-3631-1,108,True,Line,1,3581-89516-1,Line,0.128,100.1,7006.9,1,0.024,20,0,0.0,0,0.0,0.0,100.1,1,0.01,1,0,0.0,0,0.0,0.0,100.1,1,0.01,1,0,0.0,0,0.0,0.0,100.1,1,0.01,1,0,0.0,0,0.0,0.0,100.1,1
3281-3631-1,116,True,Line,1,3581-89516-1,Line,0.237,100.19,4604.0,1,0.331,7,0,0.0,0,0.0,0.0,100.1,1,0.282,1,0,0.0,0,0.0,0.0,100.1,1,0.282,1,0,0.0,0,0.0,0.0,100.1,1,0.282,1,0,0.0,0,0.0,0.0,100.1,1
3281-3631-1,123,True,Line,1,3581-89516-1,Line,0.133,100.11,5593.8,1,0.027,13,0,0.0,0,0.0,0.0,100.1,1,0.02,1,0,0.0,0,0.0,0.0,100.1,1,0.02,1,0,0.0,0,0.0,0.0,100.1,1,0.02,1,0,0.0,0,0.0,0.0,100.1,1
3281-3631-1,137,True,Line,2,2781-4951-1,Line,0.637,100.38,5053.5,0,0.728,15,0,0.0,0,0.108,0.0,100.1,1,0.625,3,0,0.0,0,0.0,0.0,100.1,0,0.371,1,0,0.0,0,0.225,0.0,100.18,1,0.625,2,0,0.0,0,0.0,0.0,100.1,1
3330-3331-1,50,True,Line,1,3581-89516-1,Line,0.543,100.44,5312.4,1,2.107,26,0,0.0,0,0.0,0.0,100.1,1,0.83,1,0,0.0,0,0.0,0.0,100.1,1,0.83,1,0,0.0,0,0.0,0.0,100.1,1,0.83,1,0,0.0,0,0.0,0.0,100.1,1
3330-3331-1,58,True,Line,1,3581-89516-1,Line,0.202,100.16,4583.8,1,0.387,26,0,0.0,0,0.0,0.0,100.1,1,0.156,1,0,0.0,0,0.0,0.0,100.1,1,0.156,1,0,0.0,0,0.0,0.0,100.1,1,0.156,1,0,0.0,0,0.0,0.0,100.1,1
3330-3331-1,65,True,Line,1,3581-89516-1,Line,0.198,100.16,5388.6,1,0.508,22,0,0.0,0,0.0,0.0,100.1,1,0.158,1,0,0.0,0,0.0,0.0,100.1,1,0.158,1,0,0.0,0,0.0,0.0,100.1,1,0.158,1,0,0.0,0,0.0,0.0,100.1,1
3330-3331-1,72,True,Line,1,3581-89516-1,Line,0.365,100.3,5745.9,1,1.488,19,0,0.0,0,0.0,0.0,100.1,1,0.599,1,0,0.0,0,0.0,0.0,100.1,1,0.599,1,0,0.0,0,0.0,0.0,100.1,1,0.599,1,0,0.0,0,0.0,0.0,100.1,1
3330-3331-1,79,True,Line,1,3581-89516-1,Line,0.205,100.17,2728.8,1,0.355,26,0,0.0,0,0.0,0.0,100.1,1,0.163,1,0,0.0,0,0.0,0.0,100.1,1,0.163,1,0,0.0,0,0.0,0.0,100.1,1,0.163,1,0,0.0,0,0.0,0.0,100.1,1
3330-3331-1,94,True,Line,1,3581-89516-1,Line,0.354,100.29,5470.0,1,0.961,26,0,0.0,0,0.0,0.0,100.1,1,0.458,1,0,0.0,0,0.0,0.0,100.1,1,0.458,1,0,0.0,0,0.0,0.0,100.1,1,0.458,1,0,0.0,0,0.0,0.0,100.1,1
3330-3331-1,108,True,Line,1,3581-89516-1,Line,0.72,100.59,7006.9,1,2.801,20,0,0.0,0,0.0,0.0,100.1,1,1.182,1,0,0.0,0,0.0,0.0,100.1,1,1.182,1,0,0.0,0,0.0,0.0,100.1,1,1.182,1,0,0.0,0,0.0,0.0,100.1,1
3330-3331-1,145,True,Line,1,3581-89516-1,Line,0.537,100.44,4124.9,1,1.598,26,0,0.0,0,0.0,0.0,100.1,1,0.819,1,0,0.0,0,0.0,0.0,100.1,1,0.819,1,0,0.0,0,0.0,0.0,100.1,1,0.819,1,0,0.0,0,0.0,0.0,100.1,1
3330-3331-1,152,True,Line,1,3581-89516-1,Line,0.374,100.3,4161.2,1,0.88,25,0,0.0,0,0.0,0.0,100.1,1,0.496,1,0,0.0,0,0.0,0.0,100.1,1,0.496,1,0,0.0,0,0.0,0.0,100.1,1,0.496,1,0,0.0,0,0.0,0.0,100.1,1
3330-3331-1,159,True,Line,1,3581-89516-1,Line,0.669,100.54,5313.0,1,1.88,25,0,0.0,0,0.0,0.0,100.1,1,1.081,1,0,0.0,0,0.0,0.0,100.1,1,1.081,1,0,0.0,0,0.0,0.0,100.1,1,1.081,1,0,0.0,0,0.0,0.0,100.1,1
3330-3331-1,167,True,Line,1,3581-89516-1,Line,0.523,100.43,3161.9,1,1.271,26,0,0.0,0,0.0,0.0,100.1,1,0.792,1,0,0.0,0,0.0,0.0,100.1,1,0.792,1,0,0.0,0,0.0,0.0,100.1,1,0.792,1,0,0.0,0,0.0,0.0,100.1,1
3330-28810-1,50,True,Line,1,3581-89516-1,Line,0.542,100.44,5312.4,1,2.103,26,0,0.0,0,0.0,0.0,100.1,1,0.829,1,0,0.0,0,0.0,0.0,100.1,1,0.829,1,0,0.0,0,0.0,0.0,100.1,1,0.829,1,0,0.0,0,0.0,0.0,100.1,1
3330-28810-1,58,True,Line,1,3581-89516-1,Line,0.202,100.16,4583.8,1,0.386,26,0,0.0,0,0.0,0.0,100.1,1,0.156,1,0,0.0,0,0.0,0.0,100.1,1,0.156,1,0,0.0,0,0.0,0.0,100.1,1,0.156,1,0,0.0,0,0.0,0.0,100.1,1
3330-28810-1,65,True,Line,1,3581-89516-1,Line,0.198,100.16,5388.6,1,0.506,22,0,0.0,0,0.0,0.0,100.1,1,0.158,1,0,0.0,0,0.0,0.0,100.1,1,0.158,1,0,0.0,0,0.0,0.0,100.1,1,0.158,1,0,0.0,0,0.0,0.0,100.1,1
3330-28810-1,72,True,Line,1,3581-89516-1,Line,0.365,100.3,5745.9,1,1.485,19,0,0.0,0,0.0,0.0,100.1,1,0.598,1,0,0.0,0,0.0,0.0,100.1,1,0.598,1,0,0.0,0,0.0,0.0,100.1,1,0.598,1,0,0.0,0,0.0,0.0,100.1,1
3330-28810-1,79,True,Line,1,3581-89516-1,Line,0.205,100.17,2728.8,1,0.354,26,0,0.0,0,0.0,0.0,100.1,1,0.162,1,0,0.0,0,0.0,0.0,100.1,1,0.162,1,0,0.0,0,0.0,0.0,100.1,1,0.162,1,0,0.0,0,0.0,0.0,100.1,1
3330-28810-1,94,True,Line,1,3581-89516-1,Line,0.354,100.29,5470.0,1,0.959,26,0,0.0,0,0.0,0.0,100.1,1,0.457,1,0,0.0,0,0.0,0.0,100.1,1,0.457,1,0,0.0,0,0.0,0.0,100.1,1,0.457,1,0,0.0,0,0.0,0.0,100.1,1
3330-28810-1,108,True,Line,1,3581-89516-1,Line,0.719,100.58,7006.9,1,2.796,20,0,0.0,0,0.0,0.0,100.1,1,1.18,1,0,0.0,0,0.0,0.0,100.1,1,1.18,1,0,0.0,0,0.0,0.0,100.1,1,1.18,1,0,0.0,0,0.0,0.0,100.1,1
3330-28810-1,145,True,Line,1,3581-89516-1,Line,0.536,100.44,4124.9,1,1.595,26,0,0.0,0,0.0,0.0,100.1,1,0.818,1,0,0.0,0,0.0,0.0,100.1,1,0.818,1,0,0.0,0,0.0,0.0,100.1,1,0.818,1,0,0.0,0,0.0,0.0,100.1,1
3330-28810-1,152,True,Line,1,3581-89516-1,Line,0.373,100.3,4161.2,1,0.878,25,0,0.0,0,0.0,0.0,100.1,1,0.495,1,0,0.0,0,0.0,0.0,100.1,1,0.495,1,0,0.0,0,0.0,0.0,100.1,1,0.495,1,0,0.0,0,0.0,0.0,100.1,1
3330-28810-1,159,True,Line,1,3581-89516-1,Line,0.668,100.54,5313.0,1,1.876,25,0,0.0,0,0.0,0.0,100.1,1,1.079,1,0,0.0,0,0.0,0.0,100.1,1,1.079,1,0,0.0,0,0.0,0.0,100.1,1,1.079,1,0,0.0,0,0.0,0.0,100.1,1
3330-28810-1,167,True,Line,1,3581-89516-1,Line,0.522,100.42,3161.9,1,1.268,26,0,0.0,0,0.0,0.0,100.1,1,0.79,1,0,0.0,0,0.0,0.0,100.1,1,0.79,1,0,0.0,0,0.0,0.0,100.1,1,0.79,1,0,0.0,0,0.0,0.0,100.1,1
3341-33410-1,152,True,Line,1,3581-89516-1,Line,0.167,100.14,4161.2,1,0.153,25,0,0.0,0,0.0,0.0,100.1,1,0.086,1,0,0.0,0,0.0,0.0,100.1,1,0.086,1,0,0.0,0,0.0,0.0,100.1,1,0.086,1,0,0.0,0,0.0,0.0,100.1,1
3391-28810-1,50,True,Line,1,3581-89516-1,Line,0.398,100.32,5312.4,1,1.379,26,0,0.0,0,0.0,0.0,100.1,1,0.543,1,0,0.0,0,0.0,0.0,100.1,1,0.543,1,0,0.0,0,0.0,0.0,100.1,1,0.543,1,0,0.0,0,0.0,0.0,100.1,1
3391-28810-1,58,True,Line,1,3581-89516-1,Line,0.153,100.12,4583.8,1,0.149,26,0,0.0,0,0.0,0.0,100.1,1,0.06,1,0,0.0,0,0.0,0.0,100.1,1,0.06,1,0,0.0,0,0.0,0.0,100.1,1,0.06,1,0,0.0,0,0.0,0.0,100.1,1
3391-28810-1,65,True,Line,1,3581-89516-1,Line,0.139,100.11,5388.6,1,0.11,22,0,0.0,0,0.0,0.0,100.1,1,0.034,1,0,0.0,0,0.0,0.0,100.1,1,0.034,1,0,0.0,0,0.0,0.0,100.1,1,0.034,1,0,0.0,0,0.0,0.0,100.1,1
3391-28810-1,72,True,Line,1,3581-89516-1,Line,0.247,100.2,5745.9,1,0.759,19,0,0.0,0,0.0,0.0,100.1,1,0.306,1,0,0.0,0,0.0,0.0,100.1,1,0.306,1,0,0.0,0,0.0,0.0,100.1,1,0.306,1,0,0.0,0,0.0,0.0,100.1,1
3391-28810-1,79,True,Line,1,3581-89516-1,Line,0.145,100.12,2728.8,1,0.096,26,0,0.0,0,0.0,0.0,100.1,1,0.044,1,0,0.0,0,0.0,0.0,100.1,1,0.044,1,0,0.0,0,0.0,0.0,100.1,1,0.044,1,0,0.0,0,0.0,0.0,100.1,1
3391-28810-1,94,True,Line,1,3581-89516-1,Line,0.228,100.19,5470.0,1,0.435,26,0,0.0,0,0.0,0.0,100.1,1,0.207,1,0,0.0,0,0.0,0.0,100.1,1,0.207,1,0,0.0,0,0.0,0.0,100.1,1,0.207,1,0,0.0,0,0.0,0.0,100.1,1
3391-28810-1,108,True,Line,1,3581-89516-1,Line,0.514,100.42,7006.9,1,1.831,20,0,0.0,0,0.0,0.0,100.1,1,0.773,1,0,0.0,0,0.0,0.0,100.1,1,0.773,1,0,0.0,0,0.0,0.0,100.1,1,0.773,1,0,0.0,0,0.0,0.0,100.1,1
3391-28810-1,145,True,Line,1,3581-89516-1,Line,0.336,100.27,4124.9,1,0.823,26,0,0.0,0,0.0,0.0,100.1,1,0.422,1,0,0.0,0,0.0,0.0,100.1,1,0.422,1,0,0.0,0,0.0,0.0,100.1,1,0.422,1,0,0.0,0,0.0,0.0,100.1,1
3391-28810-1,152,True,Line,1,3581-89516-1,Line,0.201,100.16,4161.2,1,0.274,25,0,0.0,0,0.0,0.0,100.1,1,0.155,1,0,0.0,0,0.0,0.0,100.1,1,0.155,1,0,0.0,0,0.0,0.0,100.1,1,0.155,1,0,0.0,0,0.0,0.0,100.1,1
3391-28810-1,159,True,Line,1,3581-89516-1,Line,0.463,100.38,5313.0,1,1.172,25,0,0.0,0,0.0,0.0,100.1,1,0.674,1,0,0.0,0,0.0,0.0,100.1,1,0.674,1,0,0.0,0,0.0,0.0,100.1,1,0.674,1,0,0.0,0,0.0,0.0,100.1,1
3391-28810-1,167,True,Line,1,3581-89516-1,Line,0.365,100.3,3161.9,1,0.768,26,0,0.0,0,0.0,0.0,100.1,1,0.479,1,0,0.0,0,0.0,0.0,100.1,1,0.479,1,0,0.0,0,0.0,0.0,100.1,1,0.479,1,0,0.0,0,0.0,0.0,100.1,1
3461-3481-1,7,True,Line,1,3581-89516-1,Line,0.17,100.14,6073.6,1,0.125,16,0,0.0,0,0.0,0.0,100.1,1,0.094,1,0,0.0,0,0.0,0.0,100.1,1,0.094,1,0,0.0,0,0.0,0.0,100.1,1,0.094,1,0,0.0,0,0.0,0.0,100.1,1
3461-3481-1,29,True,Line,2,2781-4951-1,Line,0.368,100.19,5968.4,1,0.264,15,0,0.0,0,0.0,0.0,100.1,1,0.228,2,0,0.0,0,0.0,0.0,100.1,0,0.112,1,0,0.0,0,0.169,0.0,100.14,1,0.227,2,0,0.0,0,0.0,0.0,100.1,1
3461-3481-1,50,True,Line,1,3581-89516-1,Line,0.159,100.13,5312.4,1,0.178,26,0,0.0,0,0.0,0.0,100.1,1,0.07,1,0,0.0,0,0.0,0.0,100.1,1,0.07,1,0,0.0,0,0.0,0.0,100.1,1,0.07,1,0,0.0,0,0.0,0.0,100.1,1
3461-3481-1,108,True,Line,1,3581-89516-1,Line,0.166,100.13,7006.9,1,0.2,20,0,0.0,0,0.0,0.0,100.1,1,0.084,1,0,0.0,0,0.0,0.0,100.1,1,0.084,1,0,0.0,0,0.0,0.0,100.1,1,0.084,1,0,0.0,0,0.0,0.0,100.1,1
3461-3481-1,130,True,Line,1,3581-89516-1,Line,0.171,100.14,5592.5,1,0.126,13,0,0.0,0,0.0,0.0,100.1,1,0.095,1,0,0.0,0,0.0,0.0,100.1,1,0.095,1,0,0.0,0,0.0,0.0,100.1,1,0.095,1,0,0.0,0,0.0,0.0,100.1,1
3461-3481-1,145,True,Line,1,3581-89516-1,Line,0.155,100.13,4124.9,1,0.125,26,0,0.0,0,0.0,0.0,100.1,1,0.064,1,0,0.0,0,0.0,0.0,100.1,1,0.064,1,0,0.0,0,0.0,0.0,100.1,1,0.064,1,0,0.0,0,0.0,0.0,100.1,1
3461-3481-1,152,True,Line,1,3581-89516-1,Line,0.131,100.11,4161.2,1,0.029,25,0,0.0,0,0.0,0.0,100.1,1,0.017,1,0,0.0,0,0.0,0.0,100.1,1,0.017,1,0,0.0,0,0.0,0.0,100.1,1,0.017,1,0,0.0,0,0.0,0.0,100.1,1
3461-3481-1,159,True,Line,1,3581-89516-1,Line,0.168,100.14,5313.0,1,0.156,25,0,0.0,0,0.0,0.0,100.1,1,0.09,1,0,0.0,0,0.0,0.0,100.1,1,0.09,1,0,0.0,0,0.0,0.0,100.1,1,0.09,1,0,0.0,0,0.0,0.0,100.1,1
3461-3481-1,167,True,Line,1,3581-89516-1,Line,0.148,100.12,3161.9,1,0.078,26,0,0.0,0,0.0,0.0,100.1,1,0.049,1,0,0.0,0,0.0,0.0,100.1,1,0.049,1,0,0.0,0,0.0,0.0,100.1,1,0.049,1,0,0.0,0,0.0,0.0,100.1,1
3501-4671-1,0,True,Line,1,2781-4951-1,Line,0.425,100.4,5299.5,1,0.394,4,0,0.0,0,0.0,0.0,100.1,1,0.394,1,0,0.0,0,0.0,0.0,100.1,1,0.394,1,0,0.0,0,0.0,0.0,100.1,1,0.394,1,0,0.0,0,0.0,0.0,100.1,1
3501-4671-1,29,True,Line,1,2781-4951-1,Line,0.478,100.45,5968.4,1,0.46,5,0,0.0,0,0.0,0.0,100.1,1,0.46,2,0,0.0,0,0.0,0.0,100.1,1,0.46,2,0,0.0,0,0.0,0.0,100.1,1,0.46,1,0,0.0,0,0.0,0.0,100.1,1
3501-4671-1,50,True,Line,1,3082-3122-1,Line,0.649,100.1,5312.4,1,0.074,19,0,0.0,0,0.0,0.0,100.1,1,0.032,1,0,0.0,0,0.0,0.0,100.1,1,0.032,1,0,0.0,0,0.0,0.0,100.1,1,0.032,1,0,0.0,0,0.0,0.0,100.1,1
3501-4671-1,137,True,Line,1,2781-4951-1,Line,0.446,100.42,5053.5,1,0.419,4,0,0.0,0,0.0,0.0,100.1,1,0.419,1,0,0.0,0,0.0,0.0,100.1,1,0.419,1,0,0.0,0,0.0,0.0,100.1,1,0.419,1,0,0.0,0,0.0,0.0,100.1,1
3511-4001-1,0,True,Line,1,2781-4951-1,Line,0.339,100.32,5299.5,1,0.287,4,0,0.0,0,0.0,0.0,100.1,1,0.287,1,0,0.0,0,0.0,0.0,100.1,1,0.287,1,0,0.0,0,0.0,0.0,100.1,1,0.287,1,0,0.0,0,0.0,0.0,100.1,1
3511-4001-1,29,True,Line,1,2781-4951-1,Line,0.441,100.42,5968.4,1,0.414,5,0,0.0,0,0.0,0.0,100.1,1,0.414,2,0,0.0,0,0.0,0.0,100.1,1,0.414,2,0,0.0,0,0.0,0.0,100.1,1,0.414,1,0,0.0,0,0.0,0.0,100.1,1
3511-4001-1,50,True,Line,2,3082-3122-1,Line,1.363,100.12,5312.4,1,0.721,19,0,0.0,0,0.0,0.0,100.1,1,0.427,1,0,0.0,0,0.0,0.0,100.1,1,0.427,1,0,0.0,0,0.0,0.0,100.1,1,0.358,2,0,0.0,0,0.0,0.0,100.1,1
3511-4001-1,101,True,Line,2,T3464-3462-34641-1-w1,Transformer,1.763,100.18,5965.5,1,3.122,53,0,0.0,0,0.0,0.0,100.1,1,2.184,1,0,0.0,0,0.0,0.0,100.1,1,2.184,1,0,0.0,0,0.0,0.0,100.1,1,2.184,1,0,0.0,0,0.0,0.0,100.1,1
3511-4001-1,108,True,Line,3,T3464-3462-34641-1-w1,Transformer,4.37,100.42,7006.9,1,12.254,55,0,0.0,0,0.0,0.0,100.1,1,35.895,2,0,0.0,0,0.0,0.0,100.1,1,35.895,2,0,0.0,0,0.0,0.0,100.1,1,8.598,2,0,0.0,0,0.0,0.0,100.1,1
3511-4001-1,137,True,Line,1,2781-4951-1,Line,0.5,100.47,5053.5,1,0.487,4,0,0.0,0,0.0,0.0,100.1,1,0.487,1,0,0.0,0,0.0,0.0,100.1,1,0.487,1,0,0.0,0,0.0,0.0,100.1,1,0.487,1,0,0.0,0,0.0,0.0,100.1,1
3511-4001-1,159,True,Line,2,T3464-3462-34641-1-w1,Transformer,3.333,100.34,5313.0,1,9.02,55,0,0.0,0,0.0,0.0,100.1,1,6.456,1,0,0.0,0,0.0,0.0,100.1,1,6.456,1,0,0.0,0,0.0,0.0,100.1,1,6.456,1,0,0.0,0,0.0,0.0,100.1,1
3581-5361-1,21,True,Line,3,3581-89516-1,Line,18.977,106.25,4735.3,1,21.132,7,0,0.0,0,0.0,0.0,100.1,1,18.645,1,0,0.0,0,0.0,0.0,100.1,1,18.645,1,0,0.0,0,0.0,0.0,100.1,1,18.645,1,0,0.0,0,0.0,0.0,100.1,1
3581-5361-1,29,True,Line,3,3581-89516-1,Line,25.113,107.92,5968.4,1,31.482,10,0,0.0,0,0.0,0.0,100.1,1,23.706,2,0,0.0,0,0.0,0.0,100.1,1,23.706,2,0,0.0,0,0.0,0.0,100.1,1,23.706,2,0,0.0,0,0.0,0.0,100.1,1
3581-5361-1,50,True,Line,3,3581-89516-1,Line,19.846,106.49,5312.4,1,39.811,24,2,1.336,0,0.0,100.12,100.12,1,15.834,3,0,0.0,0,0.0,0.0,100.1,1,15.834,3,0,0.0,0,0.0,0.0,100.1,1,15.834,3,0,0.0,0,0.0,0.0,100.1,1
3581-5361-1,58,True,Line,3,3581-89516-1,Line,17.942,105.97,4583.8,1,35.617,24,0,0.0,0,0.0,0.0,100.1,1,14.242,1,0,0.0,0,0.0,0.0,100.1,1,14.242,1,0,0.0,0,0.0,0.0,100.1,1,14.242,1,0,0.0,0,0.0,0.0,100.1,1
3581-5361-1,65,True,Line,3,3581-89516-1,Line,21.908,107.05,5388.6,1,57.321,22,0,0.0,0,0.0,0.0,100.1,1,18.628,2,0,0.0,0,0.0,0.0,100.1,1,18.628,2,0,0.0,0,0.0,0.0,100.1,1,18.628,2,0,0.0,0,0.0,0.0,100.1,1
3581-5361-1,72,True,Line,3,3581-89516-1,Line,23.206,107.4,5745.9,1,54.712,19,0,0.0,0,0.0,0.0,100.1,1,22.133,2,0,0.0,0,0.0,0.0,100.1,1,22.133,2,0,0.0,0,0.0,0.0,100.1,1,22.133,2,0,0.0,0,0.0,0.0,100.1,1
3581-5361-1,79,True,Line,3,3581-89516-1,Line,3.382,102.01,2728.8,1,10.756,24,0,0.0,0,0.0,0.0,100.1,1,4.63,1,0,0.0,0,0.0,0.0,100.1,1,4.63,1,0,0.0,0,0.0,0.0,100.1,1,4.63,1,0,0.0,0,0.0,0.0,100.1,1
3581-5361-1,94,True,Line,1,3581-89516-1,Line,0.452,100.37,5470.0,1,1.438,24,0,0.0,0,0.0,0.0,100.1,1,0.648,1,0,0.0,0,0.0,0.0,100.1,1,0.648,1,0,0.0,0,0.0,0.0,100.1,1,0.648,1,0,0.0,0,0.0,0.0,100.1,1
3581-5361-1,108,True,Line,3,3581-89516-1,Line,2.698,101.82,7006.9,1,10.46,18,0,0.0,0,0.0,0.0,100.1,1,4.179,1,0,0.0,0,0.0,0.0,100.1,1,4.179,1,0,0.0,0,0.0,0.0,100.1,1,4.179,1,0,0.0,0,0.0,0.0,100.1,1
3581-5361-1,116,True,Line,3,3581-89516-1,Line,18.148,106.02,4604.0,1,21.062,7,0,0.0,0,0.0,0.0,100.1,1,17.962,1,0,0.0,0,0.0,0.0,100.1,1,17.962,1,0,0.0,0,0.0,0.0,100.1,1,17.962,1,0,0.0,0,0.0,0.0,100.1,1
3581-5361-1,137,True,Line,3,3581-89516-1,Line,20.213,106.58,5053.5,1,27.793,11,0,0.0,0,0.0,0.0,100.1,1,19.665,1,0,0.0,0,0.0,0.0,100.1,1,19.665,1,0,0.0,0,0.0,0.0,100.1,1,19.665,1,0,0.0,0,0.0,0.0,100.1,1
3581-5361-1,145,True,Line,1,3581-89516-1,Line,0.962,100.78,4124.9,1,3.337,24,0,0.0,0,0.0,0.0,100.1,1,1.655,1,0,0.0,0,0.0,0.0,100.1,1,1.655,1,0,0.0,0,0.0,0.0,100.1,1,1.655,1,0,0.0,0,0.0,0.0,100.1,1
3581-5361-1,159,True,Line,1,3581-89516-1,Line,1.087,100.88,5313.0,1,3.418,24,0,0.0,0,0.0,0.0,100.1,1,1.903,1,0,0.0,0,0.0,0.0,100.1,1,1.903,1,0,0.0,0,0.0,0.0,100.1,1,1.903,1,0,0.0,0,0.0,0.0,100.1,1
3601-39610-1,50,True,Line,2,1122-1742-1,Line,2.598,100.29,5312.4,1,4.347,33,0,0.0,0,0.0,0.0,100.1,1,1.803,1,0,0.0,0,0.0,0.0,100.1,1,1.803,1,0,0.0,0,0.0,0.0,100.1,1,1.803,1,0,0.0,0,0.0,0.0,100.1,1
3601-39610-1,101,True,Line,2,T3464-3462-34641-1-w2,Transformer,4.085,100.41,5965.5,1,11.847,53,0,0.0,0,0.0,0.0,100.1,1,8.315,1,0,0.0,0,0.0,0.0,100.1,1,8.315,1,0,0.0,0,0.0,0.0,100.1,1,8.315,1,0,0.0,0,0.0,0.0,100.1,1
3601-39610-1,108,True,Line,2,T3464-3462-34641-1-w2,Transformer,5.115,100.51,7006.9,1,15.821,55,0,0.0,0,0.0,0.0,100.1,1,11.071,1,0,0.0,0,0.0,0.0,100.1,1,11.071,1,0,0.0,0,0.0,0.0,100.1,1,11.071,1,0,0.0,0,0.0,0.0,100.1,1
3601-39610-1,159,True,Line,2,T3464-3462-34641-1-w2,Transformer,4.318,100.43,5313.0,1,12.433,55,0,0.0,0,0.0,0.0,100.1,1,8.928,1,0,0.0,0,0.0,0.0,100.1,1,8.928,1,0,0.0,0,0.0,0.0,100.1,1,8.928,1,0,0.0,0,0.0,0.0,100.1,1
3621-5301-1,21,True,Line,1,3581-89516-1,Line,0.126,100.1,4735.3,1,0.01,7,0,0.0,0,0.0,0.0,100.1,1,0.009,1,0,0.0,0,0.0,0.0,100.1,1,0.009,1,0,0.0,0,0.0,0.0,100.1,1,0.009,1,0,0.0,0,0.0,0.0,100.1,1
3621-5301-1,29,True,Line,2,2781-4951-1,Line,0.739,100.55,5968.4,1,0.661,15,0,0.0,0,0.0,0.0,100.1,1,0.645,2,0,0.0,0,0.0,0.0,100.1,0,0.594,1,0,0.0,0,0.143,0.0,100.12,1,0.645,2,0,0.0,0,0.0,0.0,100.1,1
3621-5301-1,50,True,Line,1,3581-89516-1,Line,0.16,100.13,5312.4,1,0.184,26,0,0.0,0,0.0,0.0,100.1,1,0.073,1,0,0.0,0,0.0,0.0,100.1,1,0.073,1,0,0.0,0,0.0,0.0,100.1,1,0.073,1,0,0.0,0,0.0,0.0,100.1,1
3621-5301-1,108,True,Line,1,3581-89516-1,Line,0.175,100.14,7006.9,1,0.242,20,0,0.0,0,0.0,0.0,100.1,1,0.102,1,0,0.0,0,0.0,0.0,100.1,1,0.102,1,0,0.0,0,0.0,0.0,100.1,1,0.102,1,0,0.0,0,0.0,0.0,100.1,1
3621-5301-1,116,True,Line,1,3581-89516-1,Line,0.152,100.12,4604.0,1,0.084,7,0,0.0,0,0.0,0.0,100.1,1,0.072,1,0,0.0,0,0.0,0.0,100.1,1,0.072,1,0,0.0,0,0.0,0.0,100.1,1,0.072,1,0,0.0,0,0.0,0.0,100.1,1
3621-5301-1,123,True,Line,1,3581-89516-1,Line,0.175,100.14,5593.8,1,0.138,13,0,0.0,0,0.0,0.0,100.1,1,0.103,1,0,0.0,0,0.0,0.0,100.1,1,0.103,1,0,0.0,0,0.0,0.0,100.1,1,0.103,1,0,0.0,0,0.0,0.0,100.1,1
3621-5301-1,130,True,Line,1,3581-89516-1,Line,0.171,100.14,5592.5,1,0.125,13,0,0.0,0,0.0,0.0,100.1,1,0.094,1,0,0.0,0,0.0,0.0,100.1,1,0.094,1,0,0.0,0,0.0,0.0,100.1,1,0.094,1,0,0.0,0,0.0,0.0,100.1,1
3621-5301-1,137,True,Line,2,2781-4951-1,Line,0.855,100.64,5053.5,1,0.858,15,0,0.0,0,0.0,0.0,100.1,1,0.815,2,0,0.0,0,0.0,0.0,100.1,0,0.708,1,0,0.0,0,0.166,0.0,100.13,1,0.815,2,0,0.0,0,0.0,0.0,100.1,1
3621-5301-1,145,True,Line,1,3581-89516-1,Line,0.126,100.1,4124.9,1,0.012,26,0,0.0,0,0.0,0.0,100.1,1,0.006,1,0,0.0,0,0.0,0.0,100.1,1,0.006,1,0,0.0,0,0.0,0.0,100.1,1,0.006,1,0,0.0,0,0.0,0.0,100.1,1
3621-36210-1,29,True,Line,1,2781-4951-1,Line,0.272,100.26,5968.4,1,0.204,5,0,0.0,0,0.0,0.0,100.1,1,0.204,2,0,0.0,0,0.0,0.0,100.1,1,0.204,2,0,0.0,0,0.0,0.0,100.1,1,0.204,1,0,0.0,0,0.0,0.0,100.1,1
3621-36210-1,137,True,Line,1,2781-4951-1,Line,0.314,100.3,5053.5,1,0.257,4,0,0.0,0,0.0,0.0,100.1,1,0.257,1,0,0.0,0,0.0,0.0,100.1,1,0.257,1,0,0.0,0,0.0,0.0,100.1,1,0.257,1,0,0.0,0,0.0,0.0,100.1,1
3631-4261-1,101,True,Line,2,T3464-3462-34641-1-w2,Transformer,2.326,100.23,5965.5,1,5.106,52,0,0.0,0,0.0,0.0,100.1,1,3.586,1,0,0.0,0,0.0,0.0,100.1,1,3.586,1,0,0.0,0,0.0,0.0,100.1,1,3.586,1,0,0.0,0,0.0,0.0,100.1,1
3631-4261-1,108,True,Line,2,T3464-3462-34641-1-w2,Transformer,3.819,100.38,7006.9,1,10.83,54,0,0.0,0,0.0,0.0,100.1,1,7.582,1,0,0.0,0,0.0,0.0,100.1,1,7.582,1,0,0.0,0,0.0,0.0,100.1,1,7.582,1,0,0.0,0,0.0,0.0,100.1,1
3631-4261-1,159,True,Line,2,T3464-3462-34641-1-w2,Transformer,3.507,100.35,5313.0,1,9.391,54,0,0.0,0,0.0,0.0,100.1,1,6.746,1,0,0.0,0,0.0,0.0,100.1,1,6.746,1,0,0.0,0,0.0,0.0,100.1,1,6.746,1,0,0.0,0,0.0,0.0,100.1,1
3631-66096-1,0,True,Line,2,2781-4951-1,Line,0.675,100.41,5299.5,0,0.694,17,0,0.0,0,0.108,0.0,100.1,1,0.632,2,0,0.0,0,0.0,0.0,100.1,0,0.402,1,0,0.0,0,0.238,0.0,100.19,1,0.632,2,0,0.0,0,0.0,0.0,100.1,1
3631-66096-1,7,True,Line,1,3581-89516-1,Line,0.144,100.12,6073.6,1,0.056,16,0,0.0,0,0.0,0.0,100.1,1,0.042,1,0,0.0,0,0.0,0.0,100.1,1,0.042,1,0,0.0,0,0.0,0.0,100.1,1,0.042,1,0,0.0,0,0.0,0.0,100.1,1
3631-66096-1,21,True,Line,1,3581-89516-1,Line,0.143,100.12,4735.3,1,0.055,7,0,0.0,0,0.0,0.0,100.1,1,0.049,1,0,0.0,0,0.0,0.0,100.1,1,0.049,1,0,0.0,0,0.0,0.0,100.1,1,0.049,1,0,0.0,0,0.0,0.0,100.1,1
3631-66096-1,29,True,Line,2,2781-4951-1,Line,0.555,100.33,5968.4,0,0.547,15,0,0.0,0,0.107,0.0,100.1,1,0.489,2,0,0.0,0,0.0,0.0,100.1,0,0.307,1,0,0.0,0,0.196,0.0,100.16,1,0.489,2,0,0.0,0,0.0,0.0,100.1,1
3631-66096-1,94,True,Line,1,3581-89516-1,Line,0.139,100.11,5470.0,1,0.068,26,0,0.0,0,0.0,0.0,100.1,1,0.033,1,0,0.0,0,0.0,0.0,100.1,1,0.033,1,0,0.0,0,0.0,0.0,100.1,1,0.033,1,0,0.0,0,0.0,0.0,100.1,1
3631-66096-1,108,True,Line,1,3581-89516-1,Line,0.183,100.15,7006.9,1,0.283,20,0,0.0,0,0.0,0.0,100.1,1,0.12,1,0,0.0,0,0.0,0.0,100.1,1,0.12,1,0,0.0,0,0.0,0.0,100.1,1,0.12,1,0,0.0,0,0.0,0.0,100.1,1
3631-66096-1,116,True,Line,1,3581-89516-1,Line,0.253,100.21,4604.0,1,0.376,7,0,0.0,0,0.0,0.0,100.1,1,0.321,1,0,0.0,0,0.0,0.0,100.1,1,0.321,1,0,0.0,0,0.0,0.0,100.1,1,0.321,1,0,0.0,0,0.0,0.0,100.1,1
3631-66096-1,123,True,Line,1,3581-89516-1,Line,0.175,100.14,5593.8,1,0.139,13,0,0.0,0,0.0,0.0,100.1,1,0.103,1,0,0.0,0,0.0,0.0,100.1,1,0.103,1,0,0.0,0,0.0,0.0,100.1,1,0.103,1,0,0.0,0,0.0,0.0,100.1,1
3631-66096-1,130,True,Line,1,3581-89516-1,Line,0.16,100.13,5592.5,1,0.096,13,0,0.0,0,0.0,0.0,100.1,1,0.072,1,0,0.0,0,0.0,0.0,100.1,1,0.072,1,0,0.0,0,0.0,0.0,100.1,1,0.072,1,0,0.0,0,0.0,0.0,100.1,1
3631-66096-1,137,True,Line,2,2781-4951-1,Line,0.697,100.42,5053.5,0,0.849,15,0,0.0,0,0.109,0.0,100.1,1,0.725,2,0,0.0,0,0.0,0.0,100.1,0,0.419,1,0,0.0,0,0.246,0.0,100.2,1,0.725,2,0,0.0,0,0.0,0.0,100.1,1
3631-66096-1,152,True,Line,1,3581-89516-1,Line,0.137,100.11,4161.2,1,0.05,25,0,0.0,0,0.0,0.0,100.1,1,0.028,1,0,0.0,0,0.0,0.0,100.1,1,0.028,1,0,0.0,0,0.0,0.0,100.1,1,0.028,1,0,0.0,0,0.0,0.0,100.1,1
3631-66096-1,159,True,Line,1,3581-89516-1,Line,0.131,100.11,5313.0,1,0.028,25,0,0.0,0,0.0,0.0,100.1,1,0.016,1,0,0.0,0,0.0,0.0,100.1,1,0.016,1,0,0.0,0,0.0,0.0,100.1,1,0.016,1,0,0.0,0,0.0,0.0,100.1,1
3641-36411-1,50,True,Line,1,3581-89516-1,Line,0.298,100.24,5312.4,1,0.88,26,0,0.0,0,0.0,0.0,100.1,1,0.347,1,0,0.0,0,0.0,0.0,100.1,1,0.347,1,0,0.0,0,0.0,0.0,100.1,1,0.347,1,0,0.0,0,0.0,0.0,100.1,1
3641-36411-1,65,True,Line,1,3581-89516-1,Line,0.238,100.19,5388.6,1,0.779,22,0,0.0,0,0.0,0.0,100.1,1,0.243,1,0,0.0,0,0.0,0.0,100.1,1,0.243,1,0,0.0,0,0.0,0.0,100.1,1,0.243,1,0,0.0,0,0.0,0.0,100.1,1
3641-36411-1,72,True,Line,1,3581-89516-1,Line,0.264,100.21,5745.9,1,0.868,19,0,0.0,0,0.0,0.0,100.1,1,0.349,1,0,0.0,0,0.0,0.0,100.1,1,0.349,1,0,0.0,0,0.0,0.0,100.1,1,0.349,1,0,0.0,0,0.0,0.0,100.1,1
3641-36411-1,79,True,Line,1,3581-89516-1,Line,0.132,100.11,2728.8,1,0.037,26,0,0.0,0,0.0,0.0,100.1,1,0.017,1,0,0.0,0,0.0,0.0,100.1,1,0.017,1,0,0.0,0,0.0,0.0,100.1,1,0.017,1,0,0.0,0,0.0,0.0,100.1,1
3641-36411-1,94,True,Line,1,3581-89516-1,Line,0.31,100.25,5470.0,1,0.775,26,0,0.0,0,0.0,0.0,100.1,1,0.369,1,0,0.0,0,0.0,0.0,100.1,1,0.369,1,0,0.0,0,0.0,0.0,100.1,1,0.369,1,0,0.0,0,0.0,0.0,100.1,1
3641-36411-1,108,True,Line,2,3581-89516-1,Line,1.023,100.39,7006.9,0,2.014,75,0,0.0,0,0.527,0.0,100.11,1,11.309,2,1,0.274,0,0.0,100.14,100.14,1,6.686,2,0,0.0,0,0.0,0.0,100.1,1,1.091,2,0,0.0,0,0.0,0.0,100.1,1
3641-36411-1,137,True,Line,2,3581-89516-1,Line,0.8,100.39,5053.5,1,1.523,15,0,0.0,0,0.0,0.0,100.1,1,27.058,1,0,0.0,0,0.0,0.0,100.1,1,27.058,1,0,0.0,0,0.0,0.0,100.1,1,1.145,2,0,0.0,0,0.0,0.0,100.1,1
3641-36411-1,159,True,Line,1,3581-89516-1,Line,0.147,100.12,5313.0,1,0.082,25,0,0.0,0,0.0,0.0,100.1,1,0.047,1,0,0.0,0,0.0,0.0,100.1,1,0.047,1,0,0.0,0,0.0,0.0,100.1,1,0.047,1,0,0.0,0,0.0,0.0,100.1,1
3901-3981-1,101,True,Line,2,T3464-3462-34641-1-w2,Transformer,4.043,100.41,5965.5,1,11.664,53,0,0.0,0,0.0,0.0,100.1,1,8.187,1,0,0.0,0,0.0,0.0,100.1,1,8.187,1,0,0.0,0,0.0,0.0,100.1,1,8.187,1,0,0.0,0,0.0,0.0,100.1,1
3901-3981-1,108,True,Line,3,T3464-3462-34641-1-w2,Transformer,5.263,100.51,7006.9,1,15.624,55,0,0.0,0,0.0,0.0,100.1,1,49.4,2,0,0.0,0,0.0,0.0,100.1,1,49.4,2,0,0.0,0,0.0,0.0,100.1,1,10.933,1,0,0.0,0,0.0,0.0,100.1,1
3901-3981-1,159,True,Line,2,T3464-3462-34641-1-w2,Transformer,4.279,100.43,5313.0,1,12.271,55,0,0.0,0,0.0,0.0,100.1,1,8.812,1,0,0.0,0,0.0,0.0,100.1,1,8.812,1,0,0.0,0,0.0,0.0,100.1,1,8.812,1,0,0.0,0,0.0,0.0,100.1,1
3942-39420-1,7,True,Line,3,3581-89516-1,Line,5.073,101.87,6073.6,1,5.772,16,0,0.0,0,0.0,0.0,100.1,1,4.32,1,0,0.0,0,0.0,0.0,100.1,1,4.32,1,0,0.0,0,0.0,0.0,100.1,1,4.32,1,0,0.0,0,0.0,0.0,100.1,1
3942-39420-1,14,True,Line,1,1122-11260-1,Line,0.973,100.19,6309.0,1,0.461,1,0,0.0,0,0.0,0.0,100.1,1,0.461,1,0,0.0,0,0.0,0.0,100.1,1,0.461,1,0,0.0,0,0.0,0.0,100.1,1,0.461,1,0,0.0,0,0.0,0.0,100.1,1
3942-39420-1,29,True,Line,4,2781-4951-1,Line,7.484,102.26,5968.4,0,9.896,15,0,0.0,0,0.148,0.0,100.14,1,23.68,2,0,0.0,0,0.0,0.0,100.1,1,96.463,3,0,0.0,0,0.0,0.0,100.1,1,8.181,2,0,0.0,0,0.0,0.0,100.1,1
3942-39420-1,36,True,Line,1,1122-11260-1,Line,0.62,100.12,6805.4,1,0.107,1,0,0.0,0,0.0,0.0,100.1,1,0.107,1,0,0.0,0,0.0,0.0,100.1,1,0.107,1,0,0.0,0,0.0,0.0,100.1,1,0.107,1,0,0.0,0,0.0,0.0,100.1,1
3942-39420-1,50,True,Line,4,3581-89516-1,Line,6.19,101.74,5312.4,0,16.944,59,0,0.0,0,0.17,0.0,100.14,1,6.577,2,0,0.0,0,0.0,0.0,100.1,0,0.0,0,0,0.0,0,6.19,0.0,101.74,1,6.575,4,0,0.0,0,0.0,0.0,100.1,1
3942-39420-1,58,True,Line,2,3581-89516-1,Line,2.458,101.34,4583.8,1,7.485,26,0,0.0,0,0.0,0.0,100.1,1,3.023,1,0,0.0,0,0.0,0.0,100.1,1,3.023,1,0,0.0,0,0.0,0.0,100.1,1,3.023,2,0,0.0,0,0.0,0.0,100.1,1
3942-39420-1,65,True,Line,2,3581-89516-1,Line,1.946,101.19,5388.6,1,9.06,22,0,0.0,0,0.0,0.0,100.1,1,2.821,1,0,0.0,0,0.0,0.0,100.1,1,2.821,1,0,0.0,0,0.0,0.0,100.1,1,2.821,1,0,0.0,0,0.0,0.0,100.1,1
3942-39420-1,72,True,Line,3,3581-89516-1,Line,3.258,101.35,5745.9,0,9.733,20,0,0.0,0,0.126,0.0,100.1,1,532.299,3,0,0.0,0,0.0,0.0,100.1,0,0.0,0,0,0.0,0,3.258,0.0,101.35,1,4.082,2,0,0.0,0,0.0,0.0,100.1,1
3942-39420-1,79,True,Line,1,3581-89516-1,Line,0.639,100.52,2728.8,1,2.227,26,0,0.0,0,0.0,0.0,100.1,1,1.021,1,0,0.0,0,0.0,0.0,100.1,1,1.021,1,0,0.0,0,0.0,0.0,100.1,1,1.021,1,0,0.0,0,0.0,0.0,100.1,1
3942-39420-1,94,True,Line,1,3581-89516-1,Line,0.934,100.76,5470.0,1,3.366,26,0,0.0,0,0.0,0.0,100.1,1,1.604,1,0,0.0,0,0.0,0.0,100.1,1,1.604,1,0,0.0,0,0.0,0.0,100.1,1,1.604,1,0,0.0,0,0.0,0.0,100.1,1
3942-39420-1,101,True,Line,1,1122-11260-1,Line,0.791,100.15,5965.5,1,0.278,1,0,0.0,0,0.0,0.0,100.1,1,0.278,1,0,0.0,0,0.0,0.0,100.1,1,0.278,1,0,0.0,0,0.0,0.0,100.1,1,0.278,1,0,0.0,0,0.0,0.0,100.1,1
3942-39420-1,108,True,Line,4,3581-89516-1,Line,5.87,101.82,7006.9,0,10.501,21,0,0.0,0,0.128,0.0,100.1,1,4.754,2,0,0.0,0,0.0,0.0,100.1,0,0.0,0,0,0.0,0,5.87,0.0,101.82,1,4.752,2,0,0.0,0,0.0,0.0,100.1,1
3942-39420-1,123,True,Line,2,3581-89516-1,Line,1.816,101.15,5593.8,1,3.429,13,0,0.0,0,0.0,0.0,100.1,1,2.553,1,0,0.0,0,0.0,0.0,100.1,1,2.553,1,0,0.0,0,0.0,0.0,100.1,1,2.553,1,0,0.0,0,0.0,0.0,100.1,1
3942-39420-1,130,True,Line,3,3581-89516-1,Line,5.095,101.88,5592.5,1,5.77,13,0,0.0,0,0.0,0.0,100.1,1,4.331,1,0,0.0,0,0.0,0.0,100.1,1,4.331,1,0,0.0,0,0.0,0.0,100.1,1,4.331,1,0,0.0,0,0.0,0.0,100.1,1
3942-39420-1,145,True,Line,3,3581-89516-1,Line,4.276,101.71,4124.9,1,7.645,26,0,0.0,0,0.0,0.0,100.1,1,3.919,1,0,0.0,0,0.0,0.0,100.1,1,3.919,1,0,0.0,0,0.0,0.0,100.1,1,3.919,1,0,0.0,0,0.0,0.0,100.1,1
3942-39420-1,152,True,Line,3,3581-89516-1,Line,2.995,101.45,4161.2,1,5.81,25,0,0.0,0,0.0,0.0,100.1,1,3.275,1,0,0.0,0,0.0,0.0,100.1,1,3.275,1,0,0.0,0,0.0,0.0,100.1,1,3.275,1,0,0.0,0,0.0,0.0,100.1,1
3942-39420-1,159,True,Line,3,3581-89516-1,Line,4.957,101.85,5313.0,1,7.412,25,0,0.0,0,0.0,0.0,100.1,1,4.262,1,0,0.0,0,0.0,0.0,100.1,1,4.262,1,0,0.0,0,0.0,0.0,100.1,1,4.262,1,0,0.0,0,0.0,0.0,100.1,1
3942-39420-1,167,True,Line,3,3581-89516-1,Line,3.86,101.62,3161.9,1,5.954,26,0,0.0,0,0.0,0.0,100.1,1,3.71,1,0,0.0,0,0.0,0.0,100.1,1,3.71,1,0,0.0,0,0.0,0.0,100.1,1,3.71,1,0,0.0,0,0.0,0.0,100.1,1
3961-39610-1,50,True,Line,2,1122-1742-1,Line,2.605,100.29,5312.4,1,4.362,33,0,0.0,0,0.0,0.0,100.1,1,1.809,1,0,0.0,0,0.0,0.0,100.1,1,1.809,1,0,0.0,0,0.0,0.0,100.1,1,1.809,1,0,0.0,0,0.0,0.0,100.1,1
3961-39610-1,101,True,Line,2,T3464-3462-34641-1-w2,Transformer,4.098,100.41,5965.5,1,11.87,53,0,0.0,0,0.0,0.0,100.1,1,8.336,1,0,0.0,0,0.0,0.0,100.1,1,8.336,1,0,0.0,0,0.0,0.0,100.1,1,8.336,1,0,0.0,0,0.0,0.0,100.1,1
3961-39610-1,108,True,Line,2,T3464-3462-34641-1-w2,Transformer,5.129,100.52,7006.9,1,15.84,55,0,0.0,0,0.0,0.0,100.1,1,11.091,1,0,0.0,0,0.0,0.0,100.1,1,11.091,1,0,0.0,0,0.0,0.0,100.1,1,11.091,1,0,0.0,0,0.0,0.0,100.1,1
3961-39610-1,159,True,Line,2,T3464-3462-34641-1-w2,Transformer,4.329,100.44,5313.0,1,12.45,55,0,0.0,0,0.0,0.0,100.1,1,8.945,1,0,0.0,0,0.0,0.0,100.1,1,8.945,1,0,0.0,0,0.0,0.0,100.1,1,8.945,1,0,0.0,0,0.0,0.0,100.1,1
4041-5241-1,108,True,Line,1,3691-4041-1,Line,3.466,101.81,7006.9,1,7.142,8,0,0.0,0,0.0,0.0,100.1,1,5.921,1,0,0.0,0,0.0,0.0,100.1,1,5.921,1,0,0.0,0,0.0,0.0,100.1,1,5.921,1,0,0.0,0,0.0,0.0,100.1,1
4041-5251-2,108,True,Line,1,3691-4041-1,Line,0.318,100.17,7006.9,1,0.275,8,0,0.0,0,0.0,0.0,100.1,1,0.228,1,0,0.0,0,0.0,0.0,100.1,1,0.228,1,0,0.0,0,0.0,0.0,100.1,1,0.228,1,0,0.0,0,0.0,0.0,100.1,1
4361-43619-1,101,True,Line,2,T3464-3462-34641-1-w2,Transformer,4.669,100.47,5965.5,1,14.036,52,0,0.0,0,0.0,0.0,100.1,1,9.847,1,0,0.0,0,0.0,0.0,100.1,1,9.847,1,0,0.0,0,0.0,0.0,100.1,1,9.847,1,0,0.0,0,0.0,0.0,100.1,1
4361-43619-1,108,True,Line,2,T3464-3462-34641-1-w2,Transformer,6.151,100.62,7006.9,1,19.751,54,0,0.0,0,0.0,0.0,100.1,1,13.812,1,0,0.0,0,0.0,0.0,100.1,1,13.812,1,0,0.0,0,0.0,0.0,100.1,1,13.812,1,0,0.0,0,0.0,0.0,100.1,1
4361-43619-1,159,True,Line,2,T3464-3462-34641-1-w2,Transformer,4.79,100.48,5313.0,1,14.162,54,0,0.0,0,0.0,0.0,100.1,1,10.165,1,0,0.0,0,0.0,0.0,100.1,1,10.165,1,0,0.0,0,0.0,0.0,100.1,1,10.165,1,0,0.0,0,0.0,0.0,100.1,1
4451-4901-1,50,True,Line,2,1122-1742-1,Line,1.583,100.17,5312.4,1,1.672,33,0,0.0,0,0.0,0.0,100.1,1,0.694,1,0,0.0,0,0.0,0.0,100.1,1,0.694,1,0,0.0,0,0.0,0.0,100.1,1,0.694,1,0,0.0,0,0.0,0.0,100.1,1
4462-44731-1,0,True,Line,4,3581-89516-1,Line,16.144,104.14,5299.5,1,15.71,17,0,0.0,0,0.0,0.0,100.1,1,12.935,2,0,0.0,0,0.0,0.0,100.1,1,36.556,2,0,0.0,0,0.0,0.0,100.1,1,12.853,2,0,0.0,0,0.0,0.0,100.1,1
4462-44731-1,7,True,Line,3,3581-89516-1,Line,13.621,104.15,6073.6,1,13.167,16,0,0.0,0,0.0,0.0,100.1,1,9.856,1,0,0.0,0,0.0,0.0,100.1,1,9.856,1,0,0.0,0,0.0,0.0,100.1,1,9.856,2,0,0.0,0,0.0,0.0,100.1,1
4462-44731-1,14,True,Line,1,1122-11260-1,Line,0.787,100.15,6309.0,1,0.275,1,0,0.0,0,0.0,0.0,100.1,1,0.275,1,0,0.0,0,0.0,0.0,100.1,1,0.275,1,0,0.0,0,0.0,0.0,100.1,1,0.275,1,0,0.0,0,0.0,0.0,100.1,1
4462-44731-1,21,True,Line,3,3581-89516-1,Line,13.633,104.15,4735.3,1,13.981,7,0,0.0,0,0.0,0.0,100.1,1,12.33,1,0,0.0,0,0.0,0.0,100.1,1,12.33,1,0,0.0,0,0.0,0.0,100.1,1,12.33,1,0,0.0,0,0.0,0.0,100.1,1
4462-44731-1,29,True,Line,4,3581-89516-1,Line,16.262,104.17,5968.4,1,19.61,15,0,0.0,0,0.0,0.0,100.1,1,15.505,2,0,0.0,0,0.0,0.0,100.1,1,57.353,2,0,0.0,0,0.0,0.0,100.1,1,15.402,2,0,0.0,0,0.0,0.0,100.1,1
4462-44731-1,36,True,Line,2,3082-3122-1,Line,12.983,101.94,6805.4,1,45.975,18,0,0.0,0,0.0,0.0,100.1,1,33.393,1,0,0.0,0,0.0,0.0,100.1,1,33.393,1,0,0.0,0,0.0,0.0,100.1,1,24.8,2,0,0.0,0,0.0,0.0,100.1,1
4462-44731-1,50,True,Line,3,3082-3122-1,Line,3.493,100.3,5312.4,0,7.286,45,0,0.0,0,0.672,0.0,100.11,1,4.095,3,0,0.0,0,0.0,0.0,100.1,0,29.433,1,0,0.0,0,1.637,0.0,100.24,1,3.591,3,0,0.0,0,0.0,0.0,100.1,1
4462-44731-1,58,True,Line,1,3581-89516-1,Line,0.381,100.31,4583.8,1,1.264,26,0,0.0,0,0.0,0.0,100.1,1,0.511,1,0,0.0,0,0.0,0.0,100.1,1,0.511,1,0,0.0,0,0.0,0.0,100.1,1,0.511,1,0,0.0,0,0.0,0.0,100.1,1
4462-44731-1,65,True,Line,1,3581-89516-1,Line,0.906,100.74,5388.6,1,5.303,22,0,0.0,0,0.0,0.0,100.1,1,1.651,1,0,0.0,0,0.0,0.0,100.1,1,1.651,1,0,0.0,0,0.0,0.0,100.1,1,1.651,1,0,0.0,0,0.0,0.0,100.1,1
4462-44731-1,72,True,Line,2,3581-89516-1,Line,2.466,101.55,5745.9,1,10.976,19,0,0.0,0,0.0,0.0,100.1,1,4.418,1,0,0.0,0,0.0,0.0,100.1,1,4.418,1,0,0.0,0,0.0,0.0,100.1,1,4.418,1,0,0.0,0,0.0,0.0,100.1,1
4462-44731-1,79,True,Line,1,3581-89516-1,Line,0.941,100.77,2728.8,1,3.533,26,0,0.0,0,0.0,0.0,100.1,1,1.619,1,0,0.0,0,0.0,0.0,100.1,1,1.619,1,0,0.0,0,0.0,0.0,100.1,1,1.619,1,0,0.0,0,0.0,0.0,100.1,1
4462-44731-1,94,True,Line,3,3581-89516-1,Line,4.938,102.1,5470.0,1,10.24,26,0,0.0,0,0.0,0.0,100.1,1,4.88,1,0,0.0,0,0.0,0.0,100.1,1,4.88,1,0,0.0,0,0.0,0.0,100.1,1,4.88,1,0,0.0,0,0.0,0.0,100.1,1
4462-44731-1,101,True,Line,2,T3464-3462-34641-1-w1,Transformer,15.066,101.52,5965.5,1,54.787,53,0,0.0,0,0.0,0.0,100.1,1,38.316,2,0,0.0,0,0.0,0.0,100.1,1,38.316,2,0,0.0,0,0.0,0.0,100.1,1,38.316,1,0,0.0,0,0.0,0.0,100.1,1
4462-44731-1,108,True,Line,6,T3464-3462-34641-1-w1,Transformer,25.883,102.24,7006.9,0,93.984,75,1,0.734,0,0.679,100.14,100.14,1,104.977,5,1,0.763,0,0.0,100.15,100.15,0,11.117,1,0,0.0,0,23.897,0.0,102.24,1,63.439,4,0,0.0,0,0.0,0.0,100.1,1
4462-44731-1,116,True,Line,2,3581-89516-1,Line,2.328,101.5,4604.0,1,5.013,7,0,0.0,0,0.0,0.0,100.1,1,4.273,1,0,0.0,0,0.0,0.0,100.1,1,4.273,1,0,0.0,0,0.0,0.0,100.1,1,4.273,1,0,0.0,0,0.0,0.0,100.1,1
4462-44731-1,123,True,Line,3,3581-89516-1,Line,8.886,103.03,5593.8,1,9.594,13,0,0.0,0,0.0,0.0,100.1,1,7.143,1,0,0.0,0,0.0,0.0,100.1,1,7.143,1,0,0.0,0,0.0,0.0,100.1,1,7.143,1,0,0.0,0,0.0,0.0,100.1,1
4462-44731-1,130,True,Line,3,3581-89516-1,Line,5.181,102.16,5592.5,1,6.687,13,0,0.0,0,0.0,0.0,100.1,1,5.019,1,0,0.0,0,0.0,0.0,100.1,1,5.019,1,0,0.0,0,0.0,0.0,100.1,1,5.019,1,0,0.0,0,0.0,0.0,100.1,1
4462-44731-1,137,True,Line,4,3581-89516-1,Line,9.34,102.74,5053.5,1,13.422,15,0,0.0,0,0.0,0.0,100.1,1,10.059,2,0,0.0,0,0.0,0.0,100.1,1,38.329,2,0,0.0,0,0.0,0.0,100.1,1,9.993,2,0,0.0,0,0.0,0.0,100.1,1
4462-44731-1,145,True,Line,1,3581-89516-1,Line,0.133,100.11,4124.9,1,0.038,26,0,0.0,0,0.0,0.0,100.1,1,0.019,1,0,0.0,0,0.0,0.0,100.1,1,0.019,1,0,0.0,0,0.0,0.0,100.1,1,0.019,1,0,0.0,0,0.0,0.0,100.1,1
4462-44731-1,152,True,Line,1,3581-89516-1,Line,0.241,100.2,4161.2,1,0.413,25,0,0.0,0,0.0,0.0,100.1,1,0.233,1,0,0.0,0,0.0,0.0,100.1,1,0.233,1,0,0.0,0,0.0,0.0,100.1,1,0.233,1,0,0.0,0,0.0,0.0,100.1,1
4462-44731-1,159,True,Line,3,T3464-3462-34641-1-w1,Transformer,7.921,100.73,5313.0,0,26.064,80,0,0.0,0,0.566,0.0,100.11,1,31.332,2,0,0.0,0,0.0,0.0,100.1,1,42.414,4,0,0.0,0,0.0,0.0,100.1,1,18.569,2,0,0.0,0,0.0,0.0,100.1,1
4472-44732-1,0,True,Line,4,3581-89516-1,Line,14.982,103.83,5299.5,1,14.721,17,0,0.0,0,0.0,0.0,100.1,1,12.163,2,0,0.0,0,0.0,0.0,100.1,1,45.065,2,0,0.0,0,0.0,0.0,100.1,1,12.081,2,0,0.0,0,0.0,0.0,100.1,1
4472-44732-1,7,True,Line,3,3581-89516-1,Line,12.457,103.83,6073.6,1,12.141,16,0,0.0,0,0.0,0.0,100.1,1,9.088,1,0,0.0,0,0.0,0.0,100.1,1,9.088,1,0,0.0,0,0.0,0.0,100.1,1,9.088,2,0,0.0,0,0.0,0.0,100.1,1
4472-44732-1,14,True,Line,1,1122-11260-1,Line,0.787,100.15,6309.0,1,0.275,1,0,0.0,0,0.0,0.0,100.1,1,0.275,1,0,0.0,0,0.0,0.0,100.1,1,0.275,1,0,0.0,0,0.0,0.0,100.1,1,0.275,1,0,0.0,0,0.0,0.0,100.1,1
4472-44732-1,21,True,Line,3,3581-89516-1,Line,12.468,103.84,4735.3,1,12.892,7,0,0.0,0,0.0,0.0,100.1,1,11.369,1,0,0.0,0,0.0,0.0,100.1,1,11.369,1,0,0.0,0,0.0,0.0,100.1,1,11.369,1,0,0.0,0,0.0,0.0,100.1,1
4472-44732-1,29,True,Line,4,3581-89516-1,Line,15.094,103.85,5968.4,1,18.32,15,0,0.0,0,0.0,0.0,100.1,1,14.534,2,0,0.0,0,0.0,0.0,100.1,1,45.279,2,0,0.0,0,0.0,0.0,100.1,1,14.431,2,0,0.0,0,0.0,0.0,100.1,1
4472-44732-1,36,True,Line,2,3082-3122-1,Line,37.429,105.8,6805.4,1,142.369,18,0,0.0,0,0.0,0.0,100.1,1,103.393,1,0,0.0,0,0.0,0.0,100.1,1,103.393,1,0,0.0,0,0.0,0.0,100.1,1,76.687,2,0,0.0,0,0.0,0.0,100.1,1
4472-44732-1,50,True,Line,3,3082-3122-1,Line,6.685,100.69,5312.4,0,19.564,45,0,0.0,0,0.684,0.0,100.11,1,11.242,3,0,0.0,0,0.0,0.0,100.1,0,29.433,1,0,0.0,0,5.11,0.0,100.6,1,9.434,3,0,0.0,0,0.0,0.0,100.1,1
4472-44732-1,58,True,Line,1,3581-89516-1,Line,0.352,100.29,4583.8,1,1.122,26,0,0.0,0,0.0,0.0,100.1,1,0.453,1,0,0.0,0,0.0,0.0,100.1,1,0.453,1,0,0.0,0,0.0,0.0,100.1,1,0.453,1,0,0.0,0,0.0,0.0,100.1,1
4472-44732-1,65,True,Line,1,3581-89516-1,Line,0.837,100.68,5388.6,1,4.837,22,0,0.0,0,0.0,0.0,100.1,1,1.506,1,0,0.0,0,0.0,0.0,100.1,1,1.506,1,0,0.0,0,0.0,0.0,100.1,1,1.506,1,0,0.0,0,0.0,0.0,100.1,1
4472-44732-1,72,True,Line,2,3581-89516-1,Line,2.176,101.43,5745.9,1,10.084,19,0,0.0,0,0.0,0.0,100.1,1,4.059,1,0,0.0,0,0.0,0.0,100.1,1,4.059,1,0,0.0,0,0.0,0.0,100.1,1,4.059,1,0,0.0,0,0.0,0.0,100.1,1
4472-44732-1,79,True,Line,1,3581-89516-1,Line,0.87,100.71,2728.8,1,3.224,26,0,0.0,0,0.0,0.0,100.1,1,1.478,1,0,0.0,0,0.0,0.0,100.1,1,1.478,1,0,0.0,0,0.0,0.0,100.1,1,1.478,1,0,0.0,0,0.0,0.0,100.1,1
4472-44732-1,94,True,Line,3,3581-89516-1,Line,4.348,101.94,5470.0,1,9.423,26,0,0.0,0,0.0,0.0,100.1,1,4.49,1,0,0.0,0,0.0,0.0,100.1,1,4.49,1,0,0.0,0,0.0,0.0,100.1,1,4.49,1,0,0.0,0,0.0,0.0,100.1,1
4472-44732-1,101,True,Line,2,T3464-3462-34641-1-w1,Transformer,12.859,101.3,5965.5,1,46.289,53,0,0.0,0,0.0,0.0,100.1,1,32.374,2,0,0.0,0,0.0,0.0,100.1,1,32.374,2,0,0.0,0,0.0,0.0,100.1,1,32.374,1,0,0.0,0,0.0,0.0,100.1,1
4472-44732-1,108,True,Line,6,T3464-3462-34641-1-w1,Transformer,22.179,101.93,7006.9,0,80.94,75,1,0.699,0,0.663,100.14,100.14,1,87.724,5,1,0.717,0,0.0,100.14,100.14,0,11.117,1,0,0.0,0,20.354,0.0,101.93,1,54.532,4,0,0.0,0,0.0,0.0,100.1,1
4472-44732-1,116,True,Line,3,3581-89516-1,Line,12.519,103.85,4604.0,1,13.381,7,0,0.0,0,0.0,0.0,100.1,1,11.405,1,0,0.0,0,0.0,0.0,100.1,1,11.405,1,0,0.0,0,0.0,0.0,100.1,1,11.405,1,0,0.0,0,0.0,0.0,100.1,1
4472-44732-1,123,True,Line,3,3581-89516-1,Line,8.035,102.8,5593.8,1,8.84,13,0,0.0,0,0.0,0.0,100.1,1,6.581,2,0,0.0,0,0.0,0.0,100.1,1,6.581,2,0,0.0,0,0.0,0.0,100.1,1,6.581,1,0,0.0,0,0.0,0.0,100.1,1
4472-44732-1,130,True,Line,3,3581-89516-1,Line,4.575,102.0,5592.5,1,6.153,13,0,0.0,0,0.0,0.0,100.1,1,4.619,1,0,0.0,0,0.0,0.0,100.1,1,4.619,1,0,0.0,0,0.0,0.0,100.1,1,4.619,1,0,0.0,0,0.0,0.0,100.1,1
4472-44732-1,137,True,Line,4,3581-89516-1,Line,8.571,102.53,5053.5,1,12.518,15,0,0.0,0,0.0,0.0,100.1,1,9.42,2,0,0.0,0,0.0,0.0,100.1,1,39.468,2,0,0.0,0,0.0,0.0,100.1,1,9.354,2,0,0.0,0,0.0,0.0,100.1,1
4472-44732-1,152,True,Line,1,3581-89516-1,Line,0.222,100.18,4161.2,1,0.349,25,0,0.0,0,0.0,0.0,100.1,1,0.197,1,0,0.0,0,0.0,0.0,100.1,1,0.197,1,0,0.0,0,0.0,0.0,100.1,1,0.197,1,0,0.0,0,0.0,0.0,100.1,1
4472-44732-1,159,True,Line,3,T3464-3462-34641-1-w1,Transformer,6.855,100.63,5313.0,0,22.008,80,0,0.0,0,0.559,0.0,100.11,1,33.284,2,0,0.0,0,0.0,0.0,100.1,1,36.277,3,0,0.0,0,0.0,0.0,100.1,1,15.678,2,0,0.0,0,0.0,0.0,100.1,1
4472-44733-1,0,True,Line,4,3581-89516-1,Line,14.982,103.83,5299.5,1,14.721,17,0,0.0,0,0.0,0.0,100.1,1,12.163,2,0,0.0,0,0.0,0.0,100.1,1,35.164,2,0,0.0,0,0.0,0.0,100.1,1,12.081,2,0,0.0,0,0.0,0.0,100.1,1
4472-44733-1,7,True,Line,3,3581-89516-1,Line,12.457,103.83,6073.6,1,12.141,16,0,0.0,0,0.0,0.0,100.1,1,9.088,1,0,0.0,0,0.0,0.0,100.1,1,9.088,1,0,0.0,0,0.0,0.0,100.1,1,9.088,2,0,0.0,0,0.0,0.0,100.1,1
4472-44733-1,14,True,Line,1,1122-11260-1,Line,0.787,100.15,6309.0,1,0.275,1,0,0.0,0,0.0,0.0,100.1,1,0.275,1,0,0.0,0,0.0,0.0,100.1,1,0.275,1,0,0.0,0,0.0,0.0,100.1,1,0.275,1,0,0.0,0,0.0,0.0,100.1,1
4472-44733-1,21,True,Line,3,3581-89516-1,Line,12.468,103.84,4735.3,1,12.892,7,0,0.0,0,0.0,0.0,100.1,1,11.369,1,0,0.0,0,0.0,0.0,100.1,1,11.369,1,0,0.0,0,0.0,0.0,100.1,1,11.369,1,0,0.0,0,0.0,0.0,100.1,1
4472-44733-1,29,True,Line,4,3581-89516-1,Line,15.094,103.85,5968.4,1,18.32,15,0,0.0,0,0.0,0.0,100.1,1,14.534,3,0,0.0,0,0.0,0.0,100.1,1,55.952,2,0,0.0,0,0.0,0.0,100.1,1,14.431,2,0,0.0,0,0.0,0.0,100.1,1
4472-44733-1,36,True,Line,2,3082-3122-1,Line,37.429,105.8,6805.4,1,142.369,18,0,0.0,0,0.0,0.0,100.1,1,103.393,1,0,0.0,0,0.0,0.0,100.1,1,103.393,1,0,0.0,0,0.0,0.0,100.1,1,76.687,2,0,0.0,0,0.0,0.0,100.1,1
4472-44733-1,50,True,Line,3,3082-3122-1,Line,6.685,100.69,5312.4,0,19.564,45,0,0.0,0,0.684,0.0,100.11,1,11.242,3,0,0.0,0,0.0,0.0,100.1,0,29.433,1,0,0.0,0,5.11,0.0,100.6,1,9.434,3,0,0.0,0,0.0,0.0,100.1,1
4472-44733-1,58,True,Line,1,3581-89516-1,Line,0.352,100.29,4583.8,1,1.122,26,0,0.0,0,0.0,0.0,100.1,1,0.453,1,0,0.0,0,0.0,0.0,100.1,1,0.453,1,0,0.0,0,0.0,0.0,100.1,1,0.453,1,0,0.0,0,0.0,0.0,100.1,1
4472-44733-1,65,True,Line,1,3581-89516-1,Line,0.837,100.68,5388.6,1,4.837,22,0,0.0,0,0.0,0.0,100.1,1,1.506,1,0,0.0,0,0.0,0.0,100.1,1,1.506,1,0,0.0,0,0.0,0.0,100.1,1,1.506,1,0,0.0,0,0.0,0.0,100.1,1
4472-44733-1,72,True,Line,2,3581-89516-1,Line,2.176,101.43,5745.9,1,10.084,19,0,0.0,0,0.0,0.0,100.1,1,4.059,1,0,0.0,0,0.0,0.0,100.1,1,4.059,1,0,0.0,0,0.0,0.0,100.1,1,4.059,1,0,0.0,0,0.0,0.0,100.1,1
4472-44733-1,79,True,Line,1,3581-89516-1,Line,0.87,100.71,2728.8,1,3.224,26,0,0.0,0,0.0,0.0,100.1,1,1.478,1,0,0.0,0,0.0,0.0,100.1,1,1.478,1,0,0.0,0,0.0,0.0,100.1,1,1.478,1,0,0.0,0,0.0,0.0,100.1,1
4472-44733-1,94,True,Line,3,3581-89516-1,Line,4.348,101.94,5470.0,1,9.423,26,0,0.0,0,0.0,0.0,100.1,1,4.49,1,0,0.0,0,0.0,0.0,100.1,1,4.49,1,0,0.0,0,0.0,0.0,100.1,1,4.49,1,0,0.0,0,0.0,0.0,100.1,1
4472-44733-1,101,True,Line,2,T3464-3462-34641-1-w1,Transformer,12.859,101.3,5965.5,1,46.289,53,0,0.0,0,0.0,0.0,100.1,1,32.374,2,0,0.0,0,0.0,0.0,100.1,1,32.374,2,0,0.0,0,0.0,0.0,100.1,1,32.374,1,0,0.0,0,0.0,0.0,100.1,1
4472-44733-1,108,True,Line,6,T3464-3462-34641-1-w1,Transformer,22.179,101.93,7006.9,0,80.94,75,1,0.699,0,0.663,100.14,100.14,1,96.598,5,1,0.741,0,0.0,100.14,100.14,0,11.117,1,0,0.0,0,20.354,0.0,101.93,1,54.532,4,0,0.0,0,0.0,0.0,100.1,1
4472-44733-1,116,True,Line,3,3581-89516-1,Line,12.519,103.85,4604.0,1,13.381,7,0,0.0,0,0.0,0.0,100.1,1,11.405,1,0,0.0,0,0.0,0.0,100.1,1,11.405,1,0,0.0,0,0.0,0.0,100.1,1,11.405,1,0,0.0,0,0.0,0.0,100.1,1
4472-44733-1,123,True,Line,3,3581-89516-1,Line,8.035,102.8,5593.8,1,8.84,13,0,0.0,0,0.0,0.0,100.1,1,6.581,1,0,0.0,0,0.0,0.0,100.1,1,6.581,1,0,0.0,0,0.0,0.0,100.1,1,6.581,1,0,0.0,0,0.0,0.0,100.1,1
4472-44733-1,130,True,Line,3,3581-89516-1,Line,4.575,102.0,5592.5,1,6.153,13,0,0.0,0,0.0,0.0,100.1,1,4.619,1,0,0.0,0,0.0,0.0,100.1,1,4.619,1,0,0.0,0,0.0,0.0,100.1,1,4.619,1,0,0.0,0,0.0,0.0,100.1,1
4472-44733-1,137,True,Line,4,3581-89516-1,Line,8.571,102.53,5053.5,1,12.518,15,0,0.0,0,0.0,0.0,100.1,1,9.42,2,0,0.0,0,0.0,0.0,100.1,1,37.407,2,0,0.0,0,0.0,0.0,100.1,1,9.354,2,0,0.0,0,0.0,0.0,100.1,1
4472-44733-1,152,True,Line,1,3581-89516-1,Line,0.222,100.18,4161.2,1,0.349,25,0,0.0,0,0.0,0.0,100.1,1,0.197,1,0,0.0,0,0.0,0.0,100.1,1,0.197,1,0,0.0,0,0.0,0.0,100.1,1,0.197,1,0,0.0,0,0.0,0.0,100.1,1
4472-44733-1,159,True,Line,3,T3464-3462-34641-1-w1,Transformer,6.855,100.63,5313.0,0,22.008,80,0,0.0,0,0.559,0.0,100.11,1,28.603,2,0,0.0,0,0.0,0.0,100.1,1,36.277,4,0,0.0,0,0.0,0.0,100.1,1,15.678,2,0,0.0,0,0.0,0.0,100.1,1
4991-5361-1,108,True,Line,1,3691-4041-1,Line,0.37,100.19,7006.9,1,0.388,8,0,0.0,0,0.0,0.0,100.1,1,0.321,1,0,0.0,0,0.0,0.0,100.1,1,0.321,1,0,0.0,0,0.0,0.0,100.1,1,0.321,1,0,0.0,0,0.0,0.0,100.1,1
5001-50019-1,50,True,Line,1,3581-89516-1,Line,0.126,100.1,5312.4,1,0.015,26,0,0.0,0,0.0,0.0,100.1,1,0.006,1,0,0.0,0,0.0,0.0,100.1,1,0.006,1,0,0.0,0,0.0,0.0,100.1,1,0.006,1,0,0.0,0,0.0,0.0,100.1,1
5001-50019-1,58,True,Line,1,3581-89516-1,Line,0.13,100.11,4583.8,1,0.035,26,0,0.0,0,0.0,0.0,100.1,1,0.014,1,0,0.0,0,0.0,0.0,100.1,1,0.014,1,0,0.0,0,0.0,0.0,100.1,1,0.014,1,0,0.0,0,0.0,0.0,100.1,1
5001-50019-1,79,True,Line,1,3581-89516-1,Line,0.141,100.11,2728.8,1,0.079,26,0,0.0,0,0.0,0.0,100.1,1,0.036,1,0,0.0,0,0.0,0.0,100.1,1,0.036,1,0,0.0,0,0.0,0.0,100.1,1,0.036,1,0,0.0,0,0.0,0.0,100.1,1
5001-50019-1,108,True,Line,4,3691-4041-1,Line,1.827,100.22,7006.9,1,1.642,63,0,0.0,0,0.0,0.0,100.1,1,27.993,2,0,0.0,0,0.0,0.0,100.1,1,27.993,2,0,0.0,0,0.0,0.0,100.1,1,1.21,2,0,0.0,0,0.0,0.0,100.1,1
5061-50619-1,50,True,Line,2,1122-1742-1,Line,2.548,100.24,5312.4,1,3.282,19,0,0.0,0,0.0,0.0,100.1,1,1.944,1,0,0.0,0,0.0,0.0,100.1,1,1.944,1,0,0.0,0,0.0,0.0,100.1,1,1.803,2,0,0.0,0,0.0,0.0,100.1,1
5140-5142-1,0,True,Line,2,2781-4951-1,Line,0.924,100.45,5299.5,0,1.258,17,0,0.0,0,0.111,0.0,100.1,1,1.089,2,0,0.0,0,0.0,0.0,100.1,0,0.461,1,0,0.0,0,0.438,0.0,100.36,1,1.088,2,0,0.0,0,0.0,0.0,100.1,1
5140-5142-1,7,True,Line,1,3581-89516-1,Line,0.444,100.36,6073.6,1,0.848,16,0,0.0,0,0.0,0.0,100.1,1,0.635,1,0,0.0,0,0.0,0.0,100.1,1,0.635,1,0,0.0,0,0.0,0.0,100.1,1,0.635,1,0,0.0,0,0.0,0.0,100.1,1
5140-5142-1,21,True,Line,1,3581-89516-1,Line,0.444,100.36,4735.3,1,0.9,7,0,0.0,0,0.0,0.0,100.1,1,0.794,1,0,0.0,0,0.0,0.0,100.1,1,0.794,1,0,0.0,0,0.0,0.0,100.1,1,0.794,1,0,0.0,0,0.0,0.0,100.1,1
5140-5142-1,29,True,Line,2,2781-4951-1,Line,0.924,100.45,5968.4,0,1.496,15,0,0.0,0,0.112,0.0,100.11,1,24.306,2,0,0.0,0,0.0,0.0,100.1,1,24.306,2,0,0.0,0,0.0,0.0,100.1,1,1.245,2,0,0.0,0,0.0,0.0,100.1,1
5140-5142-1,50,True,Line,1,3581-89516-1,Line,0.444,100.36,5312.4,1,1.611,26,0,0.0,0,0.0,0.0,100.1,1,0.635,1,0,0.0,0,0.0,0.0,100.1,1,0.635,1,0,0.0,0,0.0,0.0,100.1,1,0.635,1,0,0.0,0,0.0,0.0,100.1,1
5140-5142-1,58,True,Line,1,3581-89516-1,Line,0.444,100.36,4583.8,1,1.572,26,0,0.0,0,0.0,0.0,100.1,1,0.635,1,0,0.0,0,0.0,0.0,100.1,1,0.635,1,0,0.0,0,0.0,0.0,100.1,1,0.635,1,0,0.0,0,0.0,0.0,100.1,1
5140-5142-1,65,True,Line,1,3581-89516-1,Line,0.444,100.36,5388.6,1,2.173,22,0,0.0,0,0.0,0.0,100.1,1,0.676,1,0,0.0,0,0.0,0.0,100.1,1,0.676,1,0,0.0,0,0.0,0.0,100.1,1,0.676,1,0,0.0,0,0.0,0.0,100.1,1
5140-5142-1,72,True,Line,1,3581-89516-1,Line,0.444,100.36,5745.9,1,1.972,19,0,0.0,0,0.0,0.0,100.1,1,0.794,1,0,0.0,0,0.0,0.0,100.1,1,0.794,1,0,0.0,0,0.0,0.0,100.1,1,0.794,1,0,0.0,0,0.0,0.0,100.1,1
5140-5142-1,79,True,Line,1,3581-89516-1,Line,0.789,100.64,2728.8,1,2.876,26,0,0.0,0,0.0,0.0,100.1,1,1.318,1,0,0.0,0,0.0,0.0,100.1,1,1.318,1,0,0.0,0,0.0,0.0,100.1,1,1.318,1,0,0.0,0,0.0,0.0,100.1,1
5140-5142-1,94,True,Line,1,3581-89516-1,Line,0.444,100.36,5470.0,1,1.333,26,0,0.0,0,0.0,0.0,100.1,1,0.635,1,0,0.0,0,0.0,0.0,100.1,1,0.635,1,0,0.0,0,0.0,0.0,100.1,1,0.635,1,0,0.0,0,0.0,0.0,100.1,1
5140-5142-1,108,True,Line,1,3581-89516-1,Line,0.444,100.36,7006.9,1,1.505,20,0,0.0,0,0.0,0.0,100.1,1,0.635,1,0,0.0,0,0.0,0.0,100.1,1,0.635,1,0,0.0,0,0.0,0.0,100.1,1,0.635,1,0,0.0,0,0.0,0.0,100.1,1
5140-5142-1,116,True,Line,1,3581-89516-1,Line,0.444,100.36,4604.0,1,0.931,7,0,0.0,0,0.0,0.0,100.1,1,0.794,1,0,0.0,0,0.0,0.0,100.1,1,0.794,1,0,0.0,0,0.0,0.0,100.1,1,0.794,1,0,0.0,0,0.0,0.0,100.1,1
5140-5142-1,123,True,Line,1,3581-89516-1,Line,0.444,100.36,5593.8,1,0.853,13,0,0.0,0,0.0,0.0,100.1,1,0.635,1,0,0.0,0,0.0,0.0,100.1,1,0.635,1,0,0.0,0,0.0,0.0,100.1,1,0.635,1,0,0.0,0,0.0,0.0,100.1,1
5140-5142-1,130,True,Line,1,3581-89516-1,Line,0.444,100.36,5592.5,1,0.846,13,0,0.0,0,0.0,0.0,100.1,1,0.635,1,0,0.0,0,0.0,0.0,100.1,1,0.635,1,0,0.0,0,0.0,0.0,100.1,1,0.635,1,0,0.0,0,0.0,0.0,100.1,1
5140-5142-1,137,True,Line,2,2781-4951-1,Line,0.924,100.45,5053.5,0,1.563,15,0,0.0,0,0.113,0.0,100.11,1,1.245,2,0,0.0,0,0.0,0.0,100.1,0,0.461,1,0,0.0,0,0.438,0.0,100.36,1,1.245,2,0,0.0,0,0.0,0.0,100.1,1
5140-5142-1,145,True,Line,1,3581-89516-1,Line,0.444,100.36,4124.9,1,1.239,26,0,0.0,0,0.0,0.0,100.1,1,0.635,1,0,0.0,0,0.0,0.0,100.1,1,0.635,1,0,0.0,0,0.0,0.0,100.1,1,0.635,1,0,0.0,0,0.0,0.0,100.1,1
5140-5142-1,152,True,Line,1,3581-89516-1,Line,0.444,100.36,4161.2,1,1.126,25,0,0.0,0,0.0,0.0,100.1,1,0.635,1,0,0.0,0,0.0,0.0,100.1,1,0.635,1,0,0.0,0,0.0,0.0,100.1,1,0.635,1,0,0.0,0,0.0,0.0,100.1,1
5140-5142-1,159,True,Line,1,3581-89516-1,Line,0.444,100.36,5313.0,1,1.104,25,0,0.0,0,0.0,0.0,100.1,1,0.635,1,0,0.0,0,0.0,0.0,100.1,1,0.635,1,0,0.0,0,0.0,0.0,100.1,1,0.635,1,0,0.0,0,0.0,0.0,100.1,1
5140-5142-1,167,True,Line,1,3581-89516-1,Line,0.444,100.36,3161.9,1,1.019,26,0,0.0,0,0.0,0.0,100.1,1,0.635,1,0,0.0,0,0.0,0.0,100.1,1,0.635,1,0,0.0,0,0.0,0.0,100.1,1,0.635,1,0,0.0,0,0.0,0.0,100.1,1
5221-52219-1,0,True,Line,1,2781-4951-1,Line,0.108,100.1,5299.5,1,0.003,4,0,0.0,0,0.0,0.0,100.1,1,0.003,1,0,0.0,0,0.0,0.0,100.1,1,0.003,1,0,0.0,0,0.0,0.0,100.1,1,0.003,1,0,0.0,0,0.0,0.0,100.1,1
5221-52219-1,137,True,Line,1,2781-4951-1,Line,0.11,100.1,5053.5,1,0.006,4,0,0.0,0,0.0,0.0,100.1,1,0.006,1,0,0.0,0,0.0,0.0,100.1,1,0.006,1,0,0.0,0,0.0,0.0,100.1,1,0.006,1,0,0.0,0,0.0,0.0,100.1,1
5464-54640-1,0,True,Line,1,T3662-36671-1,Transformer,0.668,100.11,5299.5,0,0.0,0,0,0.0,0,0.668,0.0,100.11,0,0.0,0,0,0.0,0,0.668,0.0,100.11,0,0.0,0,0,0.0,0,0.668,0.0,100.11,1,64.082,3,0,0.0,0,0.0,0.0,100.1,1
5464-54640-1,7,True,Line,1,T3662-36671-1,Transformer,0.668,100.11,6073.6,0,0.0,0,0,0.0,0,0.668,0.0,100.11,0,0.0,0,0,0.0,0,0.668,0.0,100.11,0,0.0,0,0,0.0,0,0.668,0.0,100.11,1,64.082,3,0,0.0,0,0.0,0.0,100.1,1
5464-54640-1,21,True,Line,1,T3662-36671-1,Transformer,0.668,100.11,4735.3,0,0.0,0,0,0.0,0,0.668,0.0,100.11,0,0.0,0,0,0.0,0,0.668,0.0,100.11,0,0.0,0,0,0.0,0,0.668,0.0,100.11,1,64.082,3,0,0.0,0,0.0,0.0,100.1,1
5464-54640-1,29,True,Line,1,T3662-36671-1,Transformer,0.668,100.11,5968.4,0,0.0,0,0,0.0,0,0.668,0.0,100.11,0,0.0,0,0,0.0,0,0.668,0.0,100.11,0,0.0,0,0,0.0,0,0.668,0.0,100.11,1,64.082,1,0,0.0,0,0.0,0.0,100.1,1
5464-54640-1,116,True,Line,1,T3662-36671-1,Transformer,0.777,100.13,4604.0,0,0.0,0,0,0.0,0,0.777,0.0,100.13,0,0.0,0,0,0.0,0,0.777,0.0,100.13,0,0.0,0,0,0.0,0,0.777,0.0,100.13,1,146.082,3,0,0.0,0,0.0,0.0,100.1,1
5464-54640-1,123,True,Line,1,T3662-36671-1,Transformer,0.668,100.11,5593.8,0,0.0,0,0,0.0,0,0.668,0.0,100.11,0,0.0,0,0,0.0,0,0.668,0.0,100.11,0,0.0,0,0,0.0,0,0.668,0.0,100.11,1,64.082,2,0,0.0,0,0.0,0.0,100.1,1
5464-54640-1,130,True,Line,1,T3662-36671-1,Transformer,0.668,100.11,5592.5,0,0.0,0,0,0.0,0,0.668,0.0,100.11,0,0.0,0,0,0.0,0,0.668,0.0,100.11,0,0.0,0,0,0.0,0,0.668,0.0,100.11,1,64.082,1,0,0.0,0,0.0,0.0,100.1,1
5464-54640-1,137,True,Line,1,T3662-36671-1,Transformer,0.668,100.11,5053.5,0,0.0,0,0,0.0,0,0.668,0.0,100.11,0,0.0,0,0,0.0,0,0.668,0.0,100.11,0,0.0,0,0,0.0,0,0.668,0.0,100.11,1,64.082,1,0,0.0,0,0.0,0.0,100.1,1
6201-12111-1,50,True,Line,1,3581-89516-1,Line,0.604,100.49,5312.4,1,2.416,26,0,0.0,0,0.0,0.0,100.1,1,0.952,1,0,0.0,0,0.0,0.0,100.1,1,0.952,1,0,0.0,0,0.0,0.0,100.1,1,0.952,1,0,0.0,0,0.0,0.0,100.1,1
6201-12111-1,58,True,Line,1,3581-89516-1,Line,0.59,100.48,4583.8,1,2.288,26,0,0.0,0,0.0,0.0,100.1,1,0.924,1,0,0.0,0,0.0,0.0,100.1,1,0.924,1,0,0.0,0,0.0,0.0,100.1,1,0.924,1,0,0.0,0,0.0,0.0,100.1,1
6201-12111-1,65,True,Line,1,3581-89516-1,Line,0.603,100.49,5388.6,1,3.248,22,0,0.0,0,0.0,0.0,100.1,1,1.011,1,0,0.0,0,0.0,0.0,100.1,1,1.011,1,0,0.0,0,0.0,0.0,100.1,1,1.011,1,0,0.0,0,0.0,0.0,100.1,1
6201-12111-1,72,True,Line,1,3581-89516-1,Line,0.567,100.46,5745.9,1,2.726,19,0,0.0,0,0.0,0.0,100.1,1,1.097,1,0,0.0,0,0.0,0.0,100.1,1,1.097,1,0,0.0,0,0.0,0.0,100.1,1,1.097,1,0,0.0,0,0.0,0.0,100.1,1
6201-12111-1,79,True,Line,1,3581-89516-1,Line,0.217,100.18,2728.8,1,0.404,26,0,0.0,0,0.0,0.0,100.1,1,0.185,1,0,0.0,0,0.0,0.0,100.1,1,0.185,1,0,0.0,0,0.0,0.0,100.1,1,0.185,1,0,0.0,0,0.0,0.0,100.1,1
6201-12111-1,94,True,Line,1,3581-89516-1,Line,0.474,100.39,5470.0,1,1.46,26,0,0.0,0,0.0,0.0,100.1,1,0.696,1,0,0.0,0,0.0,0.0,100.1,1,0.696,1,0,0.0,0,0.0,0.0,100.1,1,0.696,1,0,0.0,0,0.0,0.0,100.1,1
6201-12111-1,108,True,Line,1,3581-89516-1,Line,0.784,100.64,7006.9,1,3.098,20,0,0.0,0,0.0,0.0,100.1,1,1.307,1,0,0.0,0,0.0,0.0,100.1,1,1.307,1,0,0.0,0,0.0,0.0,100.1,1,1.307,1,0,0.0,0,0.0,0.0,100.1,1
6201-12111-1,145,True,Line,1,3581-89516-1,Line,0.479,100.39,4124.9,1,1.374,26,0,0.0,0,0.0,0.0,100.1,1,0.705,1,0,0.0,0,0.0,0.0,100.1,1,0.705,1,0,0.0,0,0.0,0.0,100.1,1,0.705,1,0,0.0,0,0.0,0.0,100.1,1
6201-12111-1,152,True,Line,1,3581-89516-1,Line,0.428,100.35,4161.2,1,1.071,25,0,0.0,0,0.0,0.0,100.1,1,0.604,1,0,0.0,0,0.0,0.0,100.1,1,0.604,1,0,0.0,0,0.0,0.0,100.1,1,0.604,1,0,0.0,0,0.0,0.0,100.1,1
6201-12111-1,159,True,Line,1,3581-89516-1,Line,0.751,100.61,5313.0,1,2.163,25,0,0.0,0,0.0,0.0,100.1,1,1.244,1,0,0.0,0,0.0,0.0,100.1,1,1.244,1,0,0.0,0,0.0,0.0,100.1,1,1.244,1,0,0.0,0,0.0,0.0,100.1,1
6201-12111-1,167,True,Line,1,3581-89516-1,Line,0.411,100.33,3161.9,1,0.913,26,0,0.0,0,0.0,0.0,100.1,1,0.569,1,0,0.0,0,0.0,0.0,100.1,1,0.569,1,0,0.0,0,0.0,0.0,100.1,1,0.569,1,0,0.0,0,0.0,0.0,100.1,1
6931-68090-1,0,True,Line,2,2781-4951-1,Line,0.372,100.17,5299.5,1,0.266,17,0,0.0,0,0.0,0.0,100.1,1,5.131,1,0,0.0,0,0.0,0.0,100.1,1,5.131,1,0,0.0,0,0.0,0.0,100.1,1,0.225,2,0,0.0,0,0.0,0.0,100.1,1
6931-68090-1,21,True,Line,1,3581-89516-1,Line,0.187,100.15,4735.3,1,0.18,7,0,0.0,0,0.0,0.0,100.1,1,0.158,1,0,0.0,0,0.0,0.0,100.1,1,0.158,1,0,0.0,0,0.0,0.0,100.1,1,0.158,1,0,0.0,0,0.0,0.0,100.1,1
6931-68090-1,50,True,Line,1,3581-89516-1,Line,0.189,100.15,5312.4,1,0.329,26,0,0.0,0,0.0,0.0,100.1,1,0.13,1,0,0.0,0,0.0,0.0,100.1,1,0.13,1,0,0.0,0,0.0,0.0,100.1,1,0.13,1,0,0.0,0,0.0,0.0,100.1,1
6931-68090-1,58,True,Line,1,3581-89516-1,Line,0.174,100.14,4583.8,1,0.25,26,0,0.0,0,0.0,0.0,100.1,1,0.101,1,0,0.0,0,0.0,0.0,100.1,1,0.101,1,0,0.0,0,0.0,0.0,100.1,1,0.101,1,0,0.0,0,0.0,0.0,100.1,1
6931-68090-1,65,True,Line,1,3581-89516-1,Line,0.189,100.15,5388.6,1,0.445,22,0,0.0,0,0.0,0.0,100.1,1,0.138,1,0,0.0,0,0.0,0.0,100.1,1,0.138,1,0,0.0,0,0.0,0.0,100.1,1,0.138,1,0,0.0,0,0.0,0.0,100.1,1
6931-68090-1,72,True,Line,1,3581-89516-1,Line,0.148,100.12,5745.9,1,0.157,19,0,0.0,0,0.0,0.0,100.1,1,0.063,1,0,0.0,0,0.0,0.0,100.1,1,0.063,1,0,0.0,0,0.0,0.0,100.1,1,0.063,1,0,0.0,0,0.0,0.0,100.1,1
6931-68090-1,94,True,Line,1,3581-89516-1,Line,0.124,100.1,5470.0,1,0.006,26,0,0.0,0,0.0,0.0,100.1,1,0.003,1,0,0.0,0,0.0,0.0,100.1,1,0.003,1,0,0.0,0,0.0,0.0,100.1,1,0.003,1,0,0.0,0,0.0,0.0,100.1,1
6931-68090-1,108,True,Line,1,3581-89516-1,Line,0.191,100.16,7006.9,1,0.318,20,0,0.0,0,0.0,0.0,100.1,1,0.134,1,0,0.0,0,0.0,0.0,100.1,1,0.134,1,0,0.0,0,0.0,0.0,100.1,1,0.134,1,0,0.0,0,0.0,0.0,100.1,1
6931-68090-1,116,True,Line,1,3581-89516-1,Line,0.141,100.11,4604.0,1,0.052,7,0,0.0,0,0.0,0.0,100.1,1,0.044,1,0,0.0,0,0.0,0.0,100.1,1,0.044,1,0,0.0,0,0.0,0.0,100.1,1,0.044,1,0,0.0,0,0.0,0.0,100.1,1
6931-68090-1,137,True,Line,2,2781-4951-1,Line,0.372,100.17,5053.5,1,0.331,15,0,0.0,0,0.0,0.0,100.1,1,5.124,1,0,0.0,0,0.0,0.0,100.1,1,5.124,1,0,0.0,0,0.0,0.0,100.1,1,0.258,2,0,0.0,0,0.0,0.0,100.1,1
6931-68090-1,145,True,Line,1,3581-89516-1,Line,0.132,100.11,4124.9,1,0.034,26,0,0.0,0,0.0,0.0,100.1,1,0.017,1,0,0.0,0,0.0,0.0,100.1,1,0.017,1,0,0.0,0,0.0,0.0,100.1,1,0.017,1,0,0.0,0,0.0,0.0,100.1,1
6931-68090-1,159,True,Line,1,3581-89516-1,Line,0.161,100.13,5313.0,1,0.13,25,0,0.0,0,0.0,0.0,100.1,1,0.075,1,0,0.0,0,0.0,0.0,100.1,1,0.075,1,0,0.0,0,0.0,0.0,100.1,1,0.075,1,0,0.0,0,0.0,0.0,100.1,1
13810-47210-2,108,True,Line,2,T3464-3462-34641-1-w2,Transformer,1.059,100.11,7006.9,1,0.249,55,0,0.0,0,0.0,0.0,100.1,1,0.174,1,0,0.0,0,0.0,0.0,100.1,1,0.174,1,0,0.0,0,0.0,0.0,100.1,1,0.174,1,0,0.0,0,0.0,0.0,100.1,1
14010-14013-1,50,True,Line,2,1122-1742-1,Line,1.962,100.18,5312.4,1,1.933,19,0,0.0,0,0.0,0.0,100.1,1,1.145,1,0,0.0,0,0.0,0.0,100.1,1,1.145,1,0,0.0,0,0.0,0.0,100.1,1,1.057,2,0,0.0,0,0.0,0.0,100.1,1
17411-24819-1,36,True,Line,1,3082-3122-1,Line,21.326,103.36,6805.4,1,81.131,19,0,0.0,0,0.0,0.0,100.1,1,43.748,1,0,0.0,0,0.0,0.0,100.1,1,43.748,1,0,0.0,0,0.0,0.0,100.1,1,43.748,1,0,0.0,0,0.0,0.0,100.1,1
17411-24819-1,50,True,Line,1,3082-3122-1,Line,26.236,104.14,5312.4,1,122.971,20,1,0.388,0,0.0,100.32,100.32,1,57.718,2,0,0.0,0,0.0,0.0,100.1,1,66.255,2,0,0.0,0,0.0,0.0,100.1,1,57.718,2,0,0.0,0,0.0,0.0,100.1,1
28710-51911-1,0,True,Line,1,2781-4951-1,Line,0.363,100.34,5299.5,1,0.317,4,0,0.0,0,0.0,0.0,100.1,1,0.317,1,0,0.0,0,0.0,0.0,100.1,1,0.317,1,0,0.0,0,0.0,0.0,100.1,1,0.317,1,0,0.0,0,0.0,0.0,100.1,1
28710-51911-1,29,True,Line,1,2781-4951-1,Line,0.48,100.45,5968.4,1,0.461,5,0,0.0,0,0.0,0.0,100.1,1,0.461,2,0,0.0,0,0.0,0.0,100.1,1,0.461,2,0,0.0,0,0.0,0.0,100.1,1,0.461,1,0,0.0,0,0.0,0.0,100.1,1
28710-51911-1,50,True,Line,2,1122-1742-1,Line,1.985,100.18,5312.4,1,1.954,19,0,0.0,0,0.0,0.0,100.1,1,1.157,1,0,0.0,0,0.0,0.0,100.1,1,1.157,1,0,0.0,0,0.0,0.0,100.1,1,1.075,2,0,0.0,0,0.0,0.0,100.1,1
28710-51911-1,108,True,Line,3,3691-4041-1,Line,3.213,100.7,7006.9,1,5.888,63,0,0.0,0,0.0,0.0,100.1,1,4.503,2,0,0.0,0,0.0,0.0,100.1,1,4.503,2,0,0.0,0,0.0,0.0,100.1,1,4.476,2,0,0.0,0,0.0,0.0,100.1,1
28710-51911-1,159,True,Line,2,T3464-3462-34641-1-w1,Transformer,3.304,100.34,5313.0,1,8.91,55,0,0.0,0,0.0,0.0,100.1,1,6.377,1,0,0.0,0,0.0,0.0,100.1,1,6.377,1,0,0.0,0,0.0,0.0,100.1,1,6.377,1,0,0.0,0,0.0,0.0,100.1,1
66121-66122-1,0,True,Line,4,3581-89516-1,Line,17.026,104.69,5299.5,1,16.689,17,0,0.0,0,0.0,0.0,100.1,1,13.538,2,0,0.0,0,0.0,0.0,100.1,1,54.389,3,0,0.0,0,0.0,0.0,100.1,1,13.476,3,0,0.0,0,0.0,0.0,100.1,1
66121-66122-1,7,True,Line,3,3581-89516-1,Line,14.961,104.66,6073.6,1,14.834,16,0,0.0,0,0.0,0.0,100.1,1,11.104,1,0,0.0,0,0.0,0.0,100.1,1,11.104,1,0,0.0,0,0.0,0.0,100.1,1,11.104,2,0,0.0,0,0.0,0.0,100.1,1
66121-66122-1,14,True,Line,1,1122-11260-1,Line,0.738,100.14,6309.0,1,0.226,1,0,0.0,0,0.0,0.0,100.1,1,0.226,1,0,0.0,0,0.0,0.0,100.1,1,0.226,1,0,0.0,0,0.0,0.0,100.1,1,0.226,1,0,0.0,0,0.0,0.0,100.1,1
66121-66122-1,21,True,Line,3,3581-89516-1,Line,4.657,102.13,4735.3,1,6.998,7,0,0.0,0,0.0,0.0,100.1,1,6.172,1,0,0.0,0,0.0,0.0,100.1,1,6.172,1,0,0.0,0,0.0,0.0,100.1,1,6.172,1,0,0.0,0,0.0,0.0,100.1,1
66121-66122-1,29,True,Line,4,3581-89516-1,Line,17.136,104.71,5968.4,1,21.096,15,0,0.0,0,0.0,0.0,100.1,1,16.439,3,0,0.0,0,0.0,0.0,100.1,1,49.1,2,0,0.0,0,0.0,0.0,100.1,1,16.36,2,0,0.0,0,0.0,0.0,100.1,1
66121-66122-1,50,True,Line,3,3581-89516-1,Line,4.546,100.59,5312.4,0,10.217,45,0,0.0,0,0.743,0.0,100.12,1,5.472,3,0,0.0,0,0.0,0.0,100.1,0,29.433,1,0,0.0,0,2.969,0.0,100.59,1,5.074,3,0,0.0,0,0.0,0.0,100.1,1
66121-66122-1,58,True,Line,1,3581-89516-1,Line,1.444,101.17,4583.8,1,6.471,26,0,0.0,0,0.0,0.0,100.1,1,2.614,1,0,0.0,0,0.0,0.0,100.1,1,2.614,1,0,0.0,0,0.0,0.0,100.1,1,2.614,2,0,0.0,0,0.0,0.0,100.1,1
66121-66122-1,65,True,Line,1,3581-89516-1,Line,1.127,100.92,5388.6,1,6.8,22,0,0.0,0,0.0,0.0,100.1,1,2.117,1,0,0.0,0,0.0,0.0,100.1,1,2.117,1,0,0.0,0,0.0,0.0,100.1,1,2.117,1,0,0.0,0,0.0,0.0,100.1,1
66121-66122-1,72,True,Line,1,3581-89516-1,Line,1.541,101.25,5745.9,1,8.719,19,0,0.0,0,0.0,0.0,100.1,1,3.509,1,0,0.0,0,0.0,0.0,100.1,1,3.509,1,0,0.0,0,0.0,0.0,100.1,1,3.509,1,0,0.0,0,0.0,0.0,100.1,1
66121-66122-1,79,True,Line,1,3581-89516-1,Line,1.004,100.82,2728.8,1,3.805,26,0,0.0,0,0.0,0.0,100.1,1,1.744,1,0,0.0,0,0.0,0.0,100.1,1,1.744,1,0,0.0,0,0.0,0.0,100.1,1,1.744,1,0,0.0,0,0.0,0.0,100.1,1
66121-66122-1,94,True,Line,3,3581-89516-1,Line,7.827,102.91,5470.0,1,14.344,26,0,0.0,0,0.0,0.0,100.1,1,6.835,1,0,0.0,0,0.0,0.0,100.1,1,6.835,1,0,0.0,0,0.0,0.0,100.1,1,6.835,1,0,0.0,0,0.0,0.0,100.1,1
66121-66122-1,101,True,Line,2,T3464-3462-34641-1-w1,Transformer,18.26,101.85,5965.5,1,67.341,53,1,0.643,0,0.0,100.13,100.13,1,47.089,2,1,0.589,0,0.0,100.11,100.11,0,18.687,1,0,0.0,0,11.294,0.0,101.16,1,47.176,3,0,0.0,0,0.0,0.0,100.1,1
66121-66122-1,108,True,Line,6,3581-89516-1,Line,20.91,102.01,7006.9,0,68.853,75,1,0.562,0,0.696,100.11,100.14,1,87.264,4,1,0.611,0,0.0,100.12,100.12,0,50.442,2,0,0.0,0,13.286,0.0,101.33,1,47.214,3,0,0.0,0,0.0,0.0,100.1,1
66121-66122-1,116,True,Line,3,3581-89516-1,Line,15.168,104.71,4604.0,1,16.468,7,0,0.0,0,0.0,0.0,100.1,1,14.036,1,0,0.0,0,0.0,0.0,100.1,1,14.036,1,0,0.0,0,0.0,0.0,100.1,1,14.036,1,0,0.0,0,0.0,0.0,100.1,1
66121-66122-1,123,True,Line,3,3581-89516-1,Line,14.296,104.5,5593.8,1,14.381,13,0,0.0,0,0.0,0.0,100.1,1,10.706,1,0,0.0,0,0.0,0.0,100.1,1,10.706,1,0,0.0,0,0.0,0.0,100.1,1,10.706,1,0,0.0,0,0.0,0.0,100.1,1
66121-66122-1,130,True,Line,3,3581-89516-1,Line,10.944,103.67,5592.5,1,11.591,13,0,0.0,0,0.0,0.0,100.1,1,8.7,1,0,0.0,0,0.0,0.0,100.1,1,8.7,1,0,0.0,0,0.0,0.0,100.1,1,8.7,1,0,0.0,0,0.0,0.0,100.1,1
66121-66122-1,137,True,Line,4,3581-89516-1,Line,12.589,103.7,5053.5,1,17.389,15,0,0.0,0,0.0,0.0,100.1,1,12.809,2,0,0.0,0,0.0,0.0,100.1,1,44.621,2,0,0.0,0,0.0,0.0,100.1,1,12.748,2,0,0.0,0,0.0,0.0,100.1,1
66121-66122-1,145,True,Line,1,3581-89516-1,Line,0.158,100.13,4124.9,1,0.136,26,0,0.0,0,0.0,0.0,100.1,1,0.07,1,0,0.0,0,0.0,0.0,100.1,1,0.07,1,0,0.0,0,0.0,0.0,100.1,1,0.07,1,0,0.0,0,0.0,0.0,100.1,1
66121-66122-1,152,True,Line,1,3581-89516-1,Line,0.245,100.2,4161.2,1,0.428,25,0,0.0,0,0.0,0.0,100.1,1,0.241,1,0,0.0,0,0.0,0.0,100.1,1,0.241,1,0,0.0,0,0.0,0.0,100.1,1,0.241,1,0,0.0,0,0.0,0.0,100.1,1
66121-66122-1,159,True,Line,3,3581-89516-1,Line,2.253,100.25,5313.0,0,4.34,80,0,0.0,0,0.52,0.0,100.1,1,21.657,2,0,0.0,0,0.0,0.0,100.1,1,8.241,2,0,0.0,0,0.0,0.0,100.1,1,3.087,2,0,0.0,0,0.0,0.0,100.1,1
66122-66123-1,0,True,Line,4,3581-89516-1,Line,16.998,104.68,5299.5,1,16.665,17,0,0.0,0,0.0,0.0,100.1,1,13.519,2,0,0.0,0,0.0,0.0,100.1,1,54.259,3,0,0.0,0,0.0,0.0,100.1,1,13.457,3,0,0.0,0,0.0,0.0,100.1,1
66122-66123-1,7,True,Line,3,3581-89516-1,Line,14.935,104.66,6073.6,1,14.813,16,0,0.0,0,0.0,0.0,100.1,1,11.088,1,0,0.0,0,0.0,0.0,100.1,1,11.088,1,0,0.0,0,0.0,0.0,100.1,1,11.088,2,0,0.0,0,0.0,0.0,100.1,1
66122-66123-1,14,True,Line,1,1122-11260-1,Line,0.737,100.14,6309.0,1,0.225,1,0,0.0,0,0.0,0.0,100.1,1,0.225,1,0,0.0,0,0.0,0.0,100.1,1,0.225,1,0,0.0,0,0.0,0.0,100.1,1,0.225,1,0,0.0,0,0.0,0.0,100.1,1
66122-66123-1,21,True,Line,3,3581-89516-1,Line,4.645,102.13,4735.3,1,6.988,7,0,0.0,0,0.0,0.0,100.1,1,6.163,1,0,0.0,0,0.0,0.0,100.1,1,6.163,1,0,0.0,0,0.0,0.0,100.1,1,6.163,1,0,0.0,0,0.0,0.0,100.1,1
66122-66123-1,29,True,Line,4,3581-89516-1,Line,17.108,104.7,5968.4,1,21.066,15,0,0.0,0,0.0,0.0,100.1,1,16.416,2,0,0.0,0,0.0,0.0,100.1,1,49.068,2,0,0.0,0,0.0,0.0,100.1,1,16.337,2,0,0.0,0,0.0,0.0,100.1,1
66122-66123-1,50,True,Line,3,3581-89516-1,Line,4.54,100.59,5312.4,0,10.195,45,0,0.0,0,0.742,0.0,100.12,1,5.46,3,0,0.0,0,0.0,0.0,100.1,0,29.433,1,0,0.0,0,2.959,0.0,100.58,1,5.064,3,0,0.0,0,0.0,0.0,100.1,1
66122-66123-1,58,True,Line,1,3581-89516-1,Line,1.442,101.17,4583.8,1,6.461,26,0,0.0,0,0.0,0.0,100.1,1,2.61,1,0,0.0,0,0.0,0.0,100.1,1,2.61,1,0,0.0,0,0.0,0.0,100.1,1,2.61,2,0,0.0,0,0.0,0.0,100.1,1
66122-66123-1,65,True,Line,1,3581-89516-1,Line,1.126,100.92,5388.6,1,6.789,22,0,0.0,0,0.0,0.0,100.1,1,2.114,1,0,0.0,0,0.0,0.0,100.1,1,2.114,1,0,0.0,0,0.0,0.0,100.1,1,2.114,1,0,0.0,0,0.0,0.0,100.1,1
66122-66123-1,72,True,Line,1,3581-89516-1,Line,1.539,101.25,5745.9,1,8.705,19,0,0.0,0,0.0,0.0,100.1,1,3.504,1,0,0.0,0,0.0,0.0,100.1,1,3.504,1,0,0.0,0,0.0,0.0,100.1,1,3.504,1,0,0.0,0,0.0,0.0,100.1,1
66122-66123-1,79,True,Line,1,3581-89516-1,Line,1.003,100.82,2728.8,1,3.799,26,0,0.0,0,0.0,0.0,100.1,1,1.741,1,0,0.0,0,0.0,0.0,100.1,1,1.741,1,0,0.0,0,0.0,0.0,100.1,1,1.741,1,0,0.0,0,0.0,0.0,100.1,1
66122-66123-1,94,True,Line,3,3581-89516-1,Line,7.811,102.9,5470.0,1,14.323,26,0,0.0,0,0.0,0.0,100.1,1,6.825,1,0,0.0,0,0.0,0.0,100.1,1,6.825,1,0,0.0,0,0.0,0.0,100.1,1,6.825,1,0,0.0,0,0.0,0.0,100.1,1
66122-66123-1,101,True,Line,2,T3464-3462-34641-1-w1,Transformer,18.235,101.85,5965.5,1,67.204,53,1,0.642,0,0.0,100.13,100.13,1,47.001,2,1,0.588,0,0.0,100.11,100.11,0,18.944,1,0,0.0,0,11.17,0.0,101.14,1,47.088,3,0,0.0,0,0.0,0.0,100.1,1
66122-66123-1,108,True,Line,6,3581-89516-1,Line,20.877,102.0,7006.9,0,68.715,75,1,0.561,0,0.694,100.11,100.14,1,77.82,3,1,0.585,0,0.0,100.11,100.11,0,50.698,2,0,0.0,0,13.204,0.0,101.32,1,47.124,3,0,0.0,0,0.0,0.0,100.1,1
66122-66123-1,116,True,Line,3,3581-89516-1,Line,15.143,104.71,4604.0,1,16.444,7,0,0.0,0,0.0,0.0,100.1,1,14.016,1,0,0.0,0,0.0,0.0,100.1,1,14.016,1,0,0.0,0,0.0,0.0,100.1,1,14.016,1,0,0.0,0,0.0,0.0,100.1,1
66122-66123-1,123,True,Line,3,3581-89516-1,Line,14.272,104.49,5593.8,1,14.36,13,0,0.0,0,0.0,0.0,100.1,1,10.691,2,0,0.0,0,0.0,0.0,100.1,1,10.691,2,0,0.0,0,0.0,0.0,100.1,1,10.691,1,0,0.0,0,0.0,0.0,100.1,1
66122-66123-1,130,True,Line,3,3581-89516-1,Line,10.924,103.67,5592.5,1,11.574,13,0,0.0,0,0.0,0.0,100.1,1,8.688,2,0,0.0,0,0.0,0.0,100.1,1,8.688,2,0,0.0,0,0.0,0.0,100.1,1,8.688,1,0,0.0,0,0.0,0.0,100.1,1
66122-66123-1,137,True,Line,4,3581-89516-1,Line,12.567,103.69,5053.5,1,17.364,15,0,0.0,0,0.0,0.0,100.1,1,12.79,2,0,0.0,0,0.0,0.0,100.1,1,44.595,2,0,0.0,0,0.0,0.0,100.1,1,12.729,2,0,0.0,0,0.0,0.0,100.1,1
66122-66123-1,145,True,Line,1,3581-89516-1,Line,0.158,100.13,4124.9,1,0.135,26,0,0.0,0,0.0,0.0,100.1,1,0.069,1,0,0.0,0,0.0,0.0,100.1,1,0.069,1,0,0.0,0,0.0,0.0,100.1,1,0.069,1,0,0.0,0,0.0,0.0,100.1,1
66122-66123-1,152,True,Line,1,3581-89516-1,Line,0.245,100.2,4161.2,1,0.427,25,0,0.0,0,0.0,0.0,100.1,1,0.241,1,0,0.0,0,0.0,0.0,100.1,1,0.241,1,0,0.0,0,0.0,0.0,100.1,1,0.241,1,0,0.0,0,0.0,0.0,100.1,1
66122-66123-1,159,True,Line,3,3581-89516-1,Line,2.25,100.25,5313.0,0,4.326,80,0,0.0,0,0.519,0.0,100.1,1,21.642,2,0,0.0,0,0.0,0.0,100.1,1,8.213,2,0,0.0,0,0.0,0.0,100.1,1,3.077,2,0,0.0,0,0.0,0.0,100.1,1
70010-79010-1,0,True,Line,2,3581-89516-1,Line,1.538,101.08,5299.5,1,3.199,17,0,0.0,0,0.0,0.0,100.1,1,41.292,2,0,0.0,0,0.0,0.0,100.1,1,41.292,2,0,0.0,0,0.0,0.0,100.1,1,2.524,2,0,0.0,0,0.0,0.0,100.1,1
70010-79010-1,7,True,Line,1,3581-89516-1,Line,0.255,100.21,6073.6,1,0.349,16,0,0.0,0,0.0,0.0,100.1,1,0.261,1,0,0.0,0,0.0,0.0,100.1,1,0.261,1,0,0.0,0,0.0,0.0,100.1,1,0.261,1,0,0.0,0,0.0,0.0,100.1,1
70010-79010-1,21,True,Line,3,3581-89516-1,Line,2.633,101.71,4735.3,1,5.57,7,0,0.0,0,0.0,0.0,100.1,1,4.912,1,0,0.0,0,0.0,0.0,100.1,1,4.912,1,0,0.0,0,0.0,0.0,100.1,1,4.912,1,0,0.0,0,0.0,0.0,100.1,1
70010-79010-1,58,True,Line,1,3581-89516-1,Line,0.362,100.29,4583.8,1,1.169,26,0,0.0,0,0.0,0.0,100.1,1,0.472,1,0,0.0,0,0.0,0.0,100.1,1,0.472,1,0,0.0,0,0.0,0.0,100.1,1,0.472,1,0,0.0,0,0.0,0.0,100.1,1
70010-79010-1,65,True,Line,1,3581-89516-1,Line,0.356,100.29,5388.6,1,1.579,22,0,0.0,0,0.0,0.0,100.1,1,0.492,1,0,0.0,0,0.0,0.0,100.1,1,0.492,1,0,0.0,0,0.0,0.0,100.1,1,0.492,1,0,0.0,0,0.0,0.0,100.1,1
70010-79010-1,72,True,Line,1,3581-89516-1,Line,0.626,100.51,5745.9,1,3.09,19,0,0.0,0,0.0,0.0,100.1,1,1.244,1,0,0.0,0,0.0,0.0,100.1,1,1.244,1,0,0.0,0,0.0,0.0,100.1,1,1.244,1,0,0.0,0,0.0,0.0,100.1,1
70010-79010-1,116,True,Line,3,3581-89516-1,Line,2.542,101.69,4604.0,1,5.679,7,0,0.0,0,0.0,0.0,100.1,1,4.84,1,0,0.0,0,0.0,0.0,100.1,1,4.84,1,0,0.0,0,0.0,0.0,100.1,1,4.84,1,0,0.0,0,0.0,0.0,100.1,1
70010-79010-1,123,True,Line,1,3581-89516-1,Line,0.905,100.74,5593.8,1,2.078,13,0,0.0,0,0.0,0.0,100.1,1,1.547,1,0,0.0,0,0.0,0.0,100.1,1,1.547,1,0,0.0,0,0.0,0.0,100.1,1,1.547,1,0,0.0,0,0.0,0.0,100.1,1
70010-79010-1,130,True,Line,1,3581-89516-1,Line,1.119,100.91,5592.5,1,2.627,13,0,0.0,0,0.0,0.0,100.1,1,1.972,1,0,0.0,0,0.0,0.0,100.1,1,1.972,1,0,0.0,0,0.0,0.0,100.1,1,1.972,1,0,0.0,0,0.0,0.0,100.1,1
70010-79010-1,159,True,Line,3,3581-89516-1,Line,1.658,100.37,5313.0,0,1.981,80,0,0.0,0,1.046,0.0,100.11,1,19.622,2,0,0.0,0,0.0,0.0,100.1,1,7.002,4,0,0.0,0,0.0,0.0,100.1,1,1.394,2,0,0.0,0,0.0,0.0,100.1,1
71011-81510-1,0,True,Line,1,3581-89516-1,Line,0.507,100.41,5299.5,1,0.974,13,0,0.0,0,0.0,0.0,100.1,1,0.761,1,0,0.0,0,0.0,0.0,100.1,1,0.761,1,0,0.0,0,0.0,0.0,100.1,1,0.761,1,0,0.0,0,0.0,0.0,100.1,1
71011-81510-1,130,True,Line,1,3581-89516-1,Line,1.082,100.88,5592.5,1,2.528,13,0,0.0,0,0.0,0.0,100.1,1,1.898,1,0,0.0,0,0.0,0.0,100.1,1,1.898,1,0,0.0,0,0.0,0.0,100.1,1,1.898,1,0,0.0,0,0.0,0.0,100.1,1
71011-81510-1,152,True,Line,1,3581-89516-1,Line,0.339,100.28,4161.2,1,0.758,25,0,0.0,0,0.0,0.0,100.1,1,0.427,1,0,0.0,0,0.0,0.0,100.1,1,0.427,1,0,0.0,0,0.0,0.0,100.1,1,0.427,1,0,0.0,0,0.0,0.0,100.1,1
73500-73510-1,0,True,Line,3,3581-89516-1,Line,2.45,101.69,5299.5,1,5.075,17,0,0.0,0,0.0,0.0,100.1,1,3.983,2,0,0.0,0,0.0,0.0,100.1,1,33.875,2,0,0.0,0,0.0,0.0,100.1,1,3.98,2,0,0.0,0,0.0,0.0,100.1,1
73500-73510-1,50,True,Line,1,3581-89516-1,Line,0.23,100.19,5312.4,1,0.537,26,0,0.0,0,0.0,0.0,100.1,1,0.212,1,0,0.0,0,0.0,0.0,100.1,1,0.212,1,0,0.0,0,0.0,0.0,100.1,1,0.212,1,0,0.0,0,0.0,0.0,100.1,1
73500-73510-1,58,True,Line,1,3581-89516-1,Line,0.31,100.25,4583.8,1,0.916,26,0,0.0,0,0.0,0.0,100.1,1,0.37,1,0,0.0,0,0.0,0.0,100.1,1,0.37,1,0,0.0,0,0.0,0.0,100.1,1,0.37,1,0,0.0,0,0.0,0.0,100.1,1
73500-73510-1,65,True,Line,1,3581-89516-1,Line,0.312,100.25,5388.6,1,1.283,22,0,0.0,0,0.0,0.0,100.1,1,0.399,1,0,0.0,0,0.0,0.0,100.1,1,0.399,1,0,0.0,0,0.0,0.0,100.1,1,0.399,1,0,0.0,0,0.0,0.0,100.1,1
73500-73510-1,72,True,Line,1,3581-89516-1,Line,0.442,100.36,5745.9,1,1.959,19,0,0.0,0,0.0,0.0,100.1,1,0.788,1,0,0.0,0,0.0,0.0,100.1,1,0.788,1,0,0.0,0,0.0,0.0,100.1,1,0.788,1,0,0.0,0,0.0,0.0,100.1,1
73500-73510-1,79,True,Line,1,3581-89516-1,Line,0.504,100.41,2728.8,1,1.646,26,0,0.0,0,0.0,0.0,100.1,1,0.755,1,0,0.0,0,0.0,0.0,100.1,1,0.755,1,0,0.0,0,0.0,0.0,100.1,1,0.755,1,0,0.0,0,0.0,0.0,100.1,1
73500-73510-1,94,True,Line,1,3581-89516-1,Line,0.572,100.46,5470.0,1,1.865,26,0,0.0,0,0.0,0.0,100.1,1,0.888,1,0,0.0,0,0.0,0.0,100.1,1,0.888,1,0,0.0,0,0.0,0.0,100.1,1,0.888,1,0,0.0,0,0.0,0.0,100.1,1
73500-73510-1,108,True,Line,3,3581-89516-1,Line,1.679,100.53,7006.9,0,2.942,75,0,0.0,0,0.125,0.0,100.1,1,1.378,2,0,0.0,0,0.0,0.0,100.1,1,55.177,3,0,0.0,0,0.0,0.0,100.1,1,1.377,2,0,0.0,0,0.0,0.0,100.1,1
73500-73510-1,123,True,Line,3,3581-89516-1,Line,5.155,102.42,5593.8,1,7.586,13,0,0.0,0,0.0,0.0,100.1,1,5.647,1,0,0.0,0,0.0,0.0,100.1,1,5.647,1,0,0.0,0,0.0,0.0,100.1,1,5.647,1,0,0.0,0,0.0,0.0,100.1,1
73500-73510-1,130,True,Line,3,3581-89516-1,Line,5.231,102.44,5592.5,1,7.59,13,0,0.0,0,0.0,0.0,100.1,1,5.697,1,0,0.0,0,0.0,0.0,100.1,1,5.697,1,0,0.0,0,0.0,0.0,100.1,1,5.697,1,0,0.0,0,0.0,0.0,100.1,1
73500-73510-1,145,True,Line,1,3581-89516-1,Line,0.799,100.65,4124.9,1,2.61,26,0,0.0,0,0.0,0.0,100.1,1,1.338,1,0,0.0,0,0.0,0.0,100.1,1,1.338,1,0,0.0,0,0.0,0.0,100.1,1,1.338,1,0,0.0,0,0.0,0.0,100.1,1
73500-73510-1,152,True,Line,1,3581-89516-1,Line,1.454,101.18,4161.2,1,4.673,25,0,0.0,0,0.0,0.0,100.1,1,2.634,1,0,0.0,0,0.0,0.0,100.1,1,2.634,1,0,0.0,0,0.0,0.0,100.1,1,2.634,1,0,0.0,0,0.0,0.0,100.1,1
73500-73510-1,159,True,Line,3,3581-89516-1,Line,4.97,101.58,5313.0,0,15.333,80,0,0.0,0,0.167,0.0,100.14,1,10.002,2,0,0.0,0,0.0,0.0,100.1,1,38.71,3,0,0.0,0,0.0,0.0,100.1,1,10.0,2,0,0.0,0,0.0,0.0,100.1,1
73500-73510-1,167,True,Line,1,3581-89516-1,Line,0.175,100.14,3161.9,1,0.166,26,0,0.0,0,0.0,0.0,100.1,1,0.103,1,0,0.0,0,0.0,0.0,100.1,1,0.103,1,0,0.0,0,0.0,0.0,100.1,1,0.103,1,0,0.0,0,0.0,0.0,100.1,1
73510-87900-1,0,True,Line,3,3581-89516-1,Line,2.456,101.69,5299.5,1,5.084,17,0,0.0,0,0.0,0.0,100.1,1,3.99,2,0,0.0,0,0.0,0.0,100.1,1,23.83,2,0,0.0,0,0.0,0.0,100.1,1,3.987,2,0,0.0,0,0.0,0.0,100.1,1
73510-87900-1,50,True,Line,1,3581-89516-1,Line,0.23,100.19,5312.4,1,0.539,26,0,0.0,0,0.0,0.0,100.1,1,0.212,1,0,0.0,0,0.0,0.0,100.1,1,0.212,1,0,0.0,0,0.0,0.0,100.1,1,0.212,1,0,0.0,0,0.0,0.0,100.1,1
73510-87900-1,58,True,Line,1,3581-89516-1,Line,0.31,100.25,4583.8,1,0.919,26,0,0.0,0,0.0,0.0,100.1,1,0.371,1,0,0.0,0,0.0,0.0,100.1,1,0.371,1,0,0.0,0,0.0,0.0,100.1,1,0.371,1,0,0.0,0,0.0,0.0,100.1,1
73510-87900-1,65,True,Line,1,3581-89516-1,Line,0.313,100.25,5388.6,1,1.287,22,0,0.0,0,0.0,0.0,100.1,1,0.4,1,0,0.0,0,0.0,0.0,100.1,1,0.4,1,0,0.0,0,0.0,0.0,100.1,1,0.4,1,0,0.0,0,0.0,0.0,100.1,1
73510-87900-1,72,True,Line,1,3581-89516-1,Line,0.442,100.36,5745.9,1,1.964,19,0,0.0,0,0.0,0.0,100.1,1,0.79,1,0,0.0,0,0.0,0.0,100.1,1,0.79,1,0,0.0,0,0.0,0.0,100.1,1,0.79,1,0,0.0,0,0.0,0.0,100.1,1
73510-87900-1,79,True,Line,3,3581-89516-1,Line,27.284,108.27,2728.8,1,43.409,26,0,0.0,0,0.0,0.0,100.1,1,19.89,2,0,0.0,0,0.0,0.0,100.1,1,19.89,2,0,0.0,0,0.0,0.0,100.1,1,19.89,3,0,0.0,0,0.0,0.0,100.1,1
73510-87900-1,94,True,Line,1,3581-89516-1,Line,0.573,100.47,5470.0,1,1.869,26,0,0.0,0,0.0,0.0,100.1,1,0.89,1,0,0.0,0,0.0,0.0,100.1,1,0.89,1,0,0.0,0,0.0,0.0,100.1,1,0.89,1,0,0.0,0,0.0,0.0,100.1,1
73510-87900-1,108,True,Line,3,3581-89516-1,Line,1.681,100.53,7006.9,0,2.955,75,0,0.0,0,0.125,0.0,100.1,1,1.385,2,0,0.0,0,0.0,0.0,100.1,1,55.251,3,0,0.0,0,0.0,0.0,100.1,1,1.383,2,0,0.0,0,0.0,0.0,100.1,1
73510-87900-1,123,True,Line,3,3581-89516-1,Line,5.167,102.42,5593.8,1,7.598,13,0,0.0,0,0.0,0.0,100.1,1,5.656,1,0,0.0,0,0.0,0.0,100.1,1,5.656,1,0,0.0,0,0.0,0.0,100.1,1,5.656,1,0,0.0,0,0.0,0.0,100.1,1
73510-87900-1,130,True,Line,3,3581-89516-1,Line,5.244,102.44,5592.5,1,7.602,13,0,0.0,0,0.0,0.0,100.1,1,5.706,1,0,0.0,0,0.0,0.0,100.1,1,5.706,1,0,0.0,0,0.0,0.0,100.1,1,5.706,1,0,0.0,0,0.0,0.0,100.1,1
73510-87900-1,145,True,Line,1,3581-89516-1,Line,0.8,100.65,4124.9,1,2.615,26,0,0.0,0,0.0,0.0,100.1,1,1.34,1,0,0.0,0,0.0,0.0,100.1,1,1.34,1,0,0.0,0,0.0,0.0,100.1,1,1.34,1,0,0.0,0,0.0,0.0,100.1,1
73510-87900-1,152,True,Line,3,3581-89516-1,Line,30.209,109.04,4161.2,1,38.634,25,0,0.0,0,0.0,0.0,100.1,1,21.772,2,0,0.0,0,0.0,0.0,100.1,1,21.772,2,0,0.0,0,0.0,0.0,100.1,1,21.772,1,0,0.0,0,0.0,0.0,100.1,1
73510-87900-1,159,True,Line,3,3581-89516-1,Line,4.977,101.58,5313.0,0,15.37,80,0,0.0,0,0.168,0.0,100.14,1,10.026,2,0,0.0,0,0.0,0.0,100.1,1,37.313,3,0,0.0,0,0.0,0.0,100.1,1,10.024,2,0,0.0,0,0.0,0.0,100.1,1
73510-87900-1,167,True,Line,1,3581-89516-1,Line,0.175,100.14,3161.9,1,0.167,26,0,0.0,0,0.0,0.0,100.1,1,0.104,1,0,0.0,0,0.0,0.0,100.1,1,0.104,1,0,0.0,0,0.0,0.0,100.1,1,0.104,1,0,0.0,0,0.0,0.0,100.1,1
76810-77210-1,0,True,Line,4,3581-89516-1,Line,12.439,104.23,5299.5,1,13.376,17,0,0.0,0,0.0,0.0,100.1,1,10.539,2,0,0.0,0,0.0,0.0,100.1,1,37.833,3,0,0.0,0,0.0,0.0,100.1,1,10.527,3,0,0.0,0,0.0,0.0,100.1,1
76810-77210-1,7,True,Line,3,3581-89516-1,Line,10.465,103.82,6073.6,1,12.11,16,0,0.0,0,0.0,0.0,100.1,1,9.063,1,0,0.0,0,0.0,0.0,100.1,1,9.063,1,0,0.0,0,0.0,0.0,100.1,1,9.063,2,0,0.0,0,0.0,0.0,100.1,1
76810-77210-1,21,True,Line,3,3581-89516-1,Line,17.988,105.81,4735.3,1,19.712,7,0,0.0,0,0.0,0.0,100.1,1,17.383,1,0,0.0,0,0.0,0.0,100.1,1,17.383,1,0,0.0,0,0.0,0.0,100.1,1,17.383,1,0,0.0,0,0.0,0.0,100.1,1
76810-77210-1,50,True,Line,1,3581-89516-1,Line,0.65,100.53,5312.4,1,2.649,26,0,0.0,0,0.0,0.0,100.1,1,1.043,1,0,0.0,0,0.0,0.0,100.1,1,1.043,1,0,0.0,0,0.0,0.0,100.1,1,1.043,1,0,0.0,0,0.0,0.0,100.1,1
76810-77210-1,58,True,Line,3,3581-89516-1,Line,8.722,103.36,4583.8,1,19.676,26,0,0.0,0,0.0,0.0,100.1,1,7.942,1,0,0.0,0,0.0,0.0,100.1,1,7.942,1,0,0.0,0,0.0,0.0,100.1,1,7.942,3,0,0.0,0,0.0,0.0,100.1,1
76810-77210-1,65,True,Line,1,3581-89516-1,Line,0.601,100.49,5388.6,1,3.246,22,0,0.0,0,0.0,0.0,100.1,1,1.009,1,0,0.0,0,0.0,0.0,100.1,1,1.009,1,0,0.0,0,0.0,0.0,100.1,1,1.009,1,0,0.0,0,0.0,0.0,100.1,1
76810-77210-1,72,True,Line,1,3581-89516-1,Line,1.572,101.28,5745.9,1,8.918,19,0,0.0,0,0.0,0.0,100.1,1,3.586,1,0,0.0,0,0.0,0.0,100.1,1,3.586,1,0,0.0,0,0.0,0.0,100.1,1,3.586,1,0,0.0,0,0.0,0.0,100.1,1
76810-77210-1,79,True,Line,3,3581-89516-1,Line,11.141,104.0,2728.8,1,20.733,26,0,0.0,0,0.0,0.0,100.1,1,9.498,1,0,0.0,0,0.0,0.0,100.1,1,9.498,1,0,0.0,0,0.0,0.0,100.1,1,9.498,2,0,0.0,0,0.0,0.0,100.1,1
76810-77210-1,94,True,Line,3,3581-89516-1,Line,2.506,101.72,5470.0,1,8.278,26,0,0.0,0,0.0,0.0,100.1,1,3.942,1,0,0.0,0,0.0,0.0,100.1,1,3.942,1,0,0.0,0,0.0,0.0,100.1,1,3.942,1,0,0.0,0,0.0,0.0,100.1,1
76810-77210-1,101,True,Line,2,T3464-3462-34641-1-w1,Transformer,1.036,100.11,5965.5,1,0.226,53,0,0.0,0,0.0,0.0,100.1,1,0.158,1,0,0.0,0,0.0,0.0,100.1,1,0.158,1,0,0.0,0,0.0,0.0,100.1,1,0.158,1,0,0.0,0,0.0,0.0,100.1,1
76810-77210-1,108,True,Line,6,3581-89516-1,Line,6.83,101.82,7006.9,0,20.07,75,0,0.0,0,0.174,0.0,100.14,1,49.885,3,0,0.0,0,0.0,0.0,100.1,1,48.586,3,0,0.0,0,0.0,0.0,100.1,1,12.305,3,0,0.0,0,0.0,0.0,100.1,1
76810-77210-1,123,True,Line,3,3581-89516-1,Line,17.32,105.63,5593.8,1,18.101,13,0,0.0,0,0.0,0.0,100.1,1,13.474,1,0,0.0,0,0.0,0.0,100.1,1,13.474,1,0,0.0,0,0.0,0.0,100.1,1,13.474,1,0,0.0,0,0.0,0.0,100.1,1
76810-77210-1,130,True,Line,3,3581-89516-1,Line,18.085,105.83,5592.5,1,18.609,13,0,0.0,0,0.0,0.0,100.1,1,13.966,1,0,0.0,0,0.0,0.0,100.1,1,13.966,1,0,0.0,0,0.0,0.0,100.1,1,13.966,1,0,0.0,0,0.0,0.0,100.1,1
76810-77210-1,145,True,Line,3,3581-89516-1,Line,16.456,105.4,4124.9,1,25.211,26,0,0.0,0,0.0,0.0,100.1,1,12.918,1,0,0.0,0,0.0,0.0,100.1,1,12.918,1,0,0.0,0,0.0,0.0,100.1,1,12.918,2,0,0.0,0,0.0,0.0,100.1,1
76810-77210-1,152,True,Line,3,3581-89516-1,Line,18.548,105.96,4161.2,1,25.314,25,0,0.0,0,0.0,0.0,100.1,1,14.263,2,0,0.0,0,0.0,0.0,100.1,1,14.263,2,0,0.0,0,0.0,0.0,100.1,1,14.263,1,0,0.0,0,0.0,0.0,100.1,1
76810-77210-1,159,True,Line,5,3581-89516-1,Line,8.178,102.19,5313.0,0,21.82,80,0,0.0,0,0.188,0.0,100.15,1,14.24,2,0,0.0,0,0.0,0.0,100.1,1,129.637,7,0,0.0,0,0.0,0.0,100.1,1,14.238,2,0,0.0,0,0.0,0.0,100.1,1
76810-77210-1,167,True,Line,1,3581-89516-1,Line,0.971,100.79,3161.9,1,2.696,26,0,0.0,0,0.0,0.0,100.1,1,1.679,1,0,0.0,0,0.0,0.0,100.1,1,1.679,1,0,0.0,0,0.0,0.0,100.1,1,1.679,1,0,0.0,0,0.0,0.0,100.1,1
77210-77211-1,58,True,Line,3,3581-89516-1,Line,4.925,102.36,4583.8,1,13.611,26,0,0.0,0,0.0,0.0,100.1,1,5.497,1,0,0.0,0,0.0,0.0,100.1,1,5.497,1,0,0.0,0,0.0,0.0,100.1,1,5.497,2,0,0.0,0,0.0,0.0,100.1,1
77210-77211-1,79,True,Line,3,3581-89516-1,Line,4.925,102.36,2728.8,1,11.994,26,0,0.0,0,0.0,0.0,100.1,1,5.497,1,0,0.0,0,0.0,0.0,100.1,1,5.497,1,0,0.0,0,0.0,0.0,100.1,1,5.497,1,0,0.0,0,0.0,0.0,100.1,1
77210-77211-1,145,True,Line,3,3581-89516-1,Line,4.925,102.36,4124.9,1,10.724,26,0,0.0,0,0.0,0.0,100.1,1,5.497,1,0,0.0,0,0.0,0.0,100.1,1,5.497,1,0,0.0,0,0.0,0.0,100.1,1,5.497,1,0,0.0,0,0.0,0.0,100.1,1
77210-77211-1,152,True,Line,3,3581-89516-1,Line,4.925,102.36,4161.2,1,9.753,25,0,0.0,0,0.0,0.0,100.1,1,5.497,1,0,0.0,0,0.0,0.0,100.1,1,5.497,1,0,0.0,0,0.0,0.0,100.1,1,5.497,1,0,0.0,0,0.0,0.0,100.1,1
77210-77212-1,0,True,Line,4,3581-89516-1,Line,3.079,101.82,5299.5,1,5.504,17,0,0.0,0,0.0,0.0,100.1,1,4.323,2,0,0.0,0,0.0,0.0,100.1,1,26.298,2,0,0.0,0,0.0,0.0,100.1,1,4.319,2,0,0.0,0,0.0,0.0,100.1,1
77210-77212-1,7,True,Line,2,3581-89516-1,Line,2.166,101.65,6073.6,1,5.027,16,0,0.0,0,0.0,0.0,100.1,1,3.763,1,0,0.0,0,0.0,0.0,100.1,1,3.763,1,0,0.0,0,0.0,0.0,100.1,1,3.763,1,0,0.0,0,0.0,0.0,100.1,1
77210-77212-1,21,True,Line,3,3581-89516-1,Line,5.469,102.5,4735.3,1,8.288,7,0,0.0,0,0.0,0.0,100.1,1,7.309,1,0,0.0,0,0.0,0.0,100.1,1,7.309,1,0,0.0,0,0.0,0.0,100.1,1,7.309,1,0,0.0,0,0.0,0.0,100.1,1
77210-77212-1,50,True,Line,1,3581-89516-1,Line,0.28,100.23,5312.4,1,0.788,26,0,0.0,0,0.0,0.0,100.1,1,0.31,1,0,0.0,0,0.0,0.0,100.1,1,0.31,1,0,0.0,0,0.0,0.0,100.1,1,0.31,1,0,0.0,0,0.0,0.0,100.1,1
77210-77212-1,58,True,Line,1,3581-89516-1,Line,0.528,100.43,4583.8,1,1.985,26,0,0.0,0,0.0,0.0,100.1,1,0.802,1,0,0.0,0,0.0,0.0,100.1,1,0.802,1,0,0.0,0,0.0,0.0,100.1,1,0.802,1,0,0.0,0,0.0,0.0,100.1,1
77210-77212-1,65,True,Line,1,3581-89516-1,Line,0.259,100.21,5388.6,1,0.922,22,0,0.0,0,0.0,0.0,100.1,1,0.287,1,0,0.0,0,0.0,0.0,100.1,1,0.287,1,0,0.0,0,0.0,0.0,100.1,1,0.287,1,0,0.0,0,0.0,0.0,100.1,1
77210-77212-1,72,True,Line,1,3581-89516-1,Line,0.677,100.55,5745.9,1,3.405,19,0,0.0,0,0.0,0.0,100.1,1,1.37,1,0,0.0,0,0.0,0.0,100.1,1,1.37,1,0,0.0,0,0.0,0.0,100.1,1,1.37,1,0,0.0,0,0.0,0.0,100.1,1
77210-77212-1,79,True,Line,1,3581-89516-1,Line,0.867,100.7,2728.8,1,3.211,26,0,0.0,0,0.0,0.0,100.1,1,1.472,1,0,0.0,0,0.0,0.0,100.1,1,1.472,1,0,0.0,0,0.0,0.0,100.1,1,1.472,1,0,0.0,0,0.0,0.0,100.1,1
77210-77212-1,94,True,Line,1,3581-89516-1,Line,0.911,100.74,5470.0,1,3.271,26,0,0.0,0,0.0,0.0,100.1,1,1.559,1,0,0.0,0,0.0,0.0,100.1,1,1.559,1,0,0.0,0,0.0,0.0,100.1,1,1.559,1,0,0.0,0,0.0,0.0,100.1,1
77210-77212-1,108,True,Line,4,3581-89516-1,Line,2.657,100.79,7006.9,0,6.064,75,0,0.0,0,0.133,0.0,100.11,1,15.739,3,0,0.0,0,0.0,0.0,100.1,1,16.644,2,0,0.0,0,0.0,0.0,100.1,1,3.41,3,0,0.0,0,0.0,0.0,100.1,1
77210-77212-1,123,True,Line,3,3581-89516-1,Line,5.181,102.43,5593.8,1,7.605,13,0,0.0,0,0.0,0.0,100.1,1,5.662,1,0,0.0,0,0.0,0.0,100.1,1,5.662,1,0,0.0,0,0.0,0.0,100.1,1,5.662,1,0,0.0,0,0.0,0.0,100.1,1
77210-77212-1,130,True,Line,3,3581-89516-1,Line,5.511,102.51,5592.5,1,7.825,13,0,0.0,0,0.0,0.0,100.1,1,5.874,1,0,0.0,0,0.0,0.0,100.1,1,5.874,1,0,0.0,0,0.0,0.0,100.1,1,5.874,1,0,0.0,0,0.0,0.0,100.1,1
77210-77212-1,145,True,Line,1,3581-89516-1,Line,1.61,101.31,4124.9,1,5.743,26,0,0.0,0,0.0,0.0,100.1,1,2.944,1,0,0.0,0,0.0,0.0,100.1,1,2.944,1,0,0.0,0,0.0,0.0,100.1,1,2.944,1,0,0.0,0,0.0,0.0,100.1,1
77210-77212-1,152,True,Line,1,3581-89516-1,Line,1.903,101.55,4161.2,1,6.251,25,0,0.0,0,0.0,0.0,100.1,1,3.523,1,0,0.0,0,0.0,0.0,100.1,1,3.523,1,0,0.0,0,0.0,0.0,100.1,1,3.523,1,0,0.0,0,0.0,0.0,100.1,1
77210-77212-1,159,True,Line,3,3581-89516-1,Line,2.839,100.94,5313.0,0,6.952,80,0,0.0,0,0.139,0.0,100.11,1,4.405,3,0,0.0,0,0.0,0.0,100.1,1,72.819,3,0,0.0,0,0.0,0.0,100.1,1,4.403,2,0,0.0,0,0.0,0.0,100.1,1
77210-77212-1,167,True,Line,1,3581-89516-1,Line,0.418,100.34,3161.9,1,0.938,26,0,0.0,0,0.0,0.0,100.1,1,0.584,1,0,0.0,0,0.0,0.0,100.1,1,0.584,1,0,0.0,0,0.0,0.0,100.1,1,0.584,1,0,0.0,0,0.0,0.0,100.1,1
81810-89210-1,0,True,Line,1,3581-89516-1,Line,1.117,100.91,5299.5,1,2.518,13,0,0.0,0,0.0,0.0,100.1,1,1.967,1,0,0.0,0,0.0,0.0,100.1,1,1.967,1,0,0.0,0,0.0,0.0,100.1,1,1.967,1,0,0.0,0,0.0,0.0,100.1,1
81810-89210-1,7,True,Line,1,3581-89516-1,Line,1.251,101.02,6073.6,1,2.984,16,0,0.0,0,0.0,0.0,100.1,1,2.233,1,0,0.0,0,0.0,0.0,100.1,1,2.233,1,0,0.0,0,0.0,0.0,100.1,1,2.233,1,0,0.0,0,0.0,0.0,100.1,1
81810-89210-1,21,True,Line,1,3581-89516-1,Line,2.049,101.67,4735.3,1,5.405,7,0,0.0,0,0.0,0.0,100.1,1,4.766,1,0,0.0,0,0.0,0.0,100.1,1,4.766,1,0,0.0,0,0.0,0.0,100.1,1,4.766,1,0,0.0,0,0.0,0.0,100.1,1
81810-89210-1,29,True,Line,1,3581-89516-1,Line,1.009,100.82,5968.4,1,2.914,10,0,0.0,0,0.0,0.0,100.1,1,2.192,1,0,0.0,0,0.0,0.0,100.1,1,2.192,1,0,0.0,0,0.0,0.0,100.1,1,2.192,1,0,0.0,0,0.0,0.0,100.1,1
81810-89210-1,50,True,Line,5,3581-89516-1,Line,7.242,102.54,5312.4,0,18.765,45,0,0.0,0,0.154,0.0,100.12,1,7.388,3,0,0.0,0,0.0,0.0,100.1,0,0.0,0,0,0.0,0,7.242,0.0,102.54,1,7.291,5,0,0.0,0,0.0,0.0,100.1,1
81810-89210-1,58,True,Line,3,3581-89516-1,Line,17.144,105.66,4583.8,1,33.513,26,0,0.0,0,0.0,0.0,100.1,1,13.531,1,0,0.0,0,0.0,0.0,100.1,1,13.531,1,0,0.0,0,0.0,0.0,100.1,1,13.531,3,0,0.0,0,0.0,0.0,100.1,1
81810-89210-1,65,True,Line,1,3581-89516-1,Line,0.76,100.62,5388.6,1,4.316,22,0,0.0,0,0.0,0.0,100.1,1,1.343,1,0,0.0,0,0.0,0.0,100.1,1,1.343,1,0,0.0,0,0.0,0.0,100.1,1,1.343,1,0,0.0,0,0.0,0.0,100.1,1
81810-89210-1,72,True,Line,1,3581-89516-1,Line,0.899,100.73,5745.9,1,4.776,19,0,0.0,0,0.0,0.0,100.1,1,1.921,1,0,0.0,0,0.0,0.0,100.1,1,1.921,1,0,0.0,0,0.0,0.0,100.1,1,1.921,1,0,0.0,0,0.0,0.0,100.1,1
81810-89210-1,79,True,Line,1,3581-89516-1,Line,0.8,100.65,2728.8,1,2.924,26,0,0.0,0,0.0,0.0,100.1,1,1.34,1,0,0.0,0,0.0,0.0,100.1,1,1.34,1,0,0.0,0,0.0,0.0,100.1,1,1.34,1,0,0.0,0,0.0,0.0,100.1,1
81810-89210-1,94,True,Line,3,3581-89516-1,Line,17.209,105.67,5470.0,1,28.495,26,0,0.0,0,0.0,0.0,100.1,1,13.573,1,0,0.0,0,0.0,0.0,100.1,1,13.573,1,0,0.0,0,0.0,0.0,100.1,1,13.573,2,0,0.0,0,0.0,0.0,100.1,1
81810-89210-1,108,True,Line,1,3581-89516-1,Line,0.757,100.62,7006.9,1,2.974,20,0,0.0,0,0.0,0.0,100.1,1,1.254,1,0,0.0,0,0.0,0.0,100.1,1,1.254,1,0,0.0,0,0.0,0.0,100.1,1,1.254,1,0,0.0,0,0.0,0.0,100.1,1
81810-89210-1,116,True,Line,3,3581-89516-1,Line,4.237,102.2,4604.0,1,7.514,7,0,0.0,0,0.0,0.0,100.1,1,6.404,1,0,0.0,0,0.0,0.0,100.1,1,6.404,1,0,0.0,0,0.0,0.0,100.1,1,6.404,1,0,0.0,0,0.0,0.0,100.1,1
81810-89210-1,123,True,Line,3,3581-89516-1,Line,3.544,102.02,5593.8,1,6.275,13,0,0.0,0,0.0,0.0,100.1,1,4.671,1,0,0.0,0,0.0,0.0,100.1,1,4.671,1,0,0.0,0,0.0,0.0,100.1,1,4.671,1,0,0.0,0,0.0,0.0,100.1,1
81810-89210-1,130,True,Line,3,3581-89516-1,Line,5.895,102.65,5592.5,1,8.264,13,0,0.0,0,0.0,0.0,100.1,1,6.203,1,0,0.0,0,0.0,0.0,100.1,1,6.203,1,0,0.0,0,0.0,0.0,100.1,1,6.203,1,0,0.0,0,0.0,0.0,100.1,1
81810-89210-1,145,True,Line,3,3581-89516-1,Line,16.453,105.47,4124.9,1,25.523,26,0,0.0,0,0.0,0.0,100.1,1,13.081,1,0,0.0,0,0.0,0.0,100.1,1,13.081,1,0,0.0,0,0.0,0.0,100.1,1,13.081,2,0,0.0,0,0.0,0.0,100.1,1
81810-89210-1,152,True,Line,3,3581-89516-1,Line,18.394,105.99,4161.2,1,25.454,25,0,0.0,0,0.0,0.0,100.1,1,14.345,2,0,0.0,0,0.0,0.0,100.1,1,14.345,2,0,0.0,0,0.0,0.0,100.1,1,14.345,1,0,0.0,0,0.0,0.0,100.1,1
81810-89210-1,159,True,Line,5,3581-89516-1,Line,23.281,105.86,5313.0,0,46.232,80,0,0.0,0,0.231,0.0,100.19,1,45.395,3,0,0.0,0,0.0,0.0,100.1,0,141.243,9,0,0.0,0,9.578,0.0,103.4,1,29.155,2,0,0.0,0,0.0,0.0,100.1,1
81810-89210-1,167,True,Line,3,3581-89516-1,Line,15.97,105.34,3161.9,1,20.493,26,0,0.0,0,0.0,0.0,100.1,1,12.766,1,0,0.0,0,0.0,0.0,100.1,1,12.766,1,0,0.0,0,0.0,0.0,100.1,1,12.766,2,0,0.0,0,0.0,0.0,100.1,1
85510-87510-1,0,True,Line,4,3581-89516-1,Line,2.652,101.72,5299.5,1,5.156,17,0,0.0,0,0.0,0.0,100.1,1,4.04,2,0,0.0,0,0.0,0.0,100.1,1,25.873,2,0,0.0,0,0.0,0.0,100.1,1,4.038,2,0,0.0,0,0.0,0.0,100.1,1
85510-87510-1,7,True,Line,1,3581-89516-1,Line,1.586,101.29,6073.6,1,3.869,16,0,0.0,0,0.0,0.0,100.1,1,2.896,1,0,0.0,0,0.0,0.0,100.1,1,2.896,1,0,0.0,0,0.0,0.0,100.1,1,2.896,1,0,0.0,0,0.0,0.0,100.1,1
85510-87510-1,50,True,Line,1,3581-89516-1,Line,0.575,100.47,5312.4,1,2.27,26,0,0.0,0,0.0,0.0,100.1,1,0.894,1,0,0.0,0,0.0,0.0,100.1,1,0.894,1,0,0.0,0,0.0,0.0,100.1,1,0.894,1,0,0.0,0,0.0,0.0,100.1,1
85510-87510-1,58,True,Line,3,3581-89516-1,Line,14.45,104.89,4583.8,1,28.893,26,0,0.0,0,0.0,0.0,100.1,1,11.668,1,0,0.0,0,0.0,0.0,100.1,1,11.668,1,0,0.0,0,0.0,0.0,100.1,1,11.668,3,0,0.0,0,0.0,0.0,100.1,1
85510-87510-1,65,True,Line,1,3581-89516-1,Line,0.528,100.43,5388.6,1,2.743,22,0,0.0,0,0.0,0.0,100.1,1,0.854,1,0,0.0,0,0.0,0.0,100.1,1,0.854,1,0,0.0,0,0.0,0.0,100.1,1,0.854,1,0,0.0,0,0.0,0.0,100.1,1
85510-87510-1,72,True,Line,1,3581-89516-1,Line,0.85,100.69,5745.9,1,4.469,19,0,0.0,0,0.0,0.0,100.1,1,1.798,1,0,0.0,0,0.0,0.0,100.1,1,1.798,1,0,0.0,0,0.0,0.0,100.1,1,1.798,1,0,0.0,0,0.0,0.0,100.1,1
85510-87510-1,79,True,Line,1,3581-89516-1,Line,1.282,101.04,2728.8,1,5.004,26,0,0.0,0,0.0,0.0,100.1,1,2.293,1,0,0.0,0,0.0,0.0,100.1,1,2.293,1,0,0.0,0,0.0,0.0,100.1,1,2.293,1,0,0.0,0,0.0,0.0,100.1,1
85510-87510-1,94,True,Line,1,3581-89516-1,Line,1.354,101.1,5470.0,1,5.116,26,0,0.0,0,0.0,0.0,100.1,1,2.437,1,0,0.0,0,0.0,0.0,100.1,1,2.437,1,0,0.0,0,0.0,0.0,100.1,1,2.437,1,0,0.0,0,0.0,0.0,100.1,1
85510-87510-1,108,True,Line,4,3581-89516-1,Line,4.566,101.49,7006.9,0,14.12,75,0,0.0,0,0.153,0.0,100.12,1,33.154,3,0,0.0,0,0.0,0.0,100.1,1,36.178,2,0,0.0,0,0.0,0.0,100.1,1,8.268,3,0,0.0,0,0.0,0.0,100.1,1
85510-87510-1,123,True,Line,3,3581-89516-1,Line,11.721,104.17,5593.8,1,13.307,13,0,0.0,0,0.0,0.0,100.1,1,9.906,1,0,0.0,0,0.0,0.0,100.1,1,9.906,1,0,0.0,0,0.0,0.0,100.1,1,9.906,1,0,0.0,0,0.0,0.0,100.1,1
85510-87510-1,130,True,Line,3,3581-89516-1,Line,11.624,104.14,5592.5,1,13.114,13,0,0.0,0,0.0,0.0,100.1,1,9.843,1,0,0.0,0,0.0,0.0,100.1,1,9.843,1,0,0.0,0,0.0,0.0,100.1,1,9.843,1,0,0.0,0,0.0,0.0,100.1,1
85510-87510-1,145,True,Line,1,3581-89516-1,Line,1.814,101.48,4124.9,1,6.531,26,0,0.0,0,0.0,0.0,100.1,1,3.347,1,0,0.0,0,0.0,0.0,100.1,1,3.347,1,0,0.0,0,0.0,0.0,100.1,1,3.347,1,0,0.0,0,0.0,0.0,100.1,1
85510-87510-1,152,True,Line,3,3581-89516-1,Line,17.297,105.65,4161.2,1,23.964,25,0,0.0,0,0.0,0.0,100.1,1,13.506,2,0,0.0,0,0.0,0.0,100.1,1,13.506,2,0,0.0,0,0.0,0.0,100.1,1,13.506,1,0,0.0,0,0.0,0.0,100.1,1
85510-87510-1,159,True,Line,4,3581-89516-1,Line,4.876,101.69,5313.0,0,14.346,80,0,0.0,0,0.16,0.0,100.13,1,9.199,3,0,0.0,0,0.0,0.0,100.1,0,36.865,7,0,0.0,0,1.002,0.0,100.82,1,9.197,2,0,0.0,0,0.0,0.0,100.1,1
85510-87510-1,167,True,Line,3,3581-89516-1,Line,13.247,104.57,3161.9,1,17.482,26,0,0.0,0,0.0,0.0,100.1,1,10.891,1,0,0.0,0,0.0,0.0,100.1,1,10.891,1,0,0.0,0,0.0,0.0,100.1,1,10.891,1,0,0.0,0,0.0,0.0,100.1,1
T3662-36671-1,36,True,Transformer,2,3082-3122-1,Line,107.746,110.91,6805.4,1,269.797,18,0,0.0,0,0.0,0.0,100.1,1,196.025,1,0,0.0,0,0.0,0.0,100.1,1,196.025,1,0,0.0,0,0.0,0.0,100.1,1,167.353,2,0,0.0,0,0.0,0.0,100.1,1
T3662-36671-1,50,True,Transformer,2,1122-1742-1,Line,180.308,120.38,5312.4,1,478.466,34,0,0.0,0,0.0,0.0,100.1,1,212.013,2,0,0.0,0,0.0,0.0,100.1,1,214.878,2,0,0.0,0,0.0,0.0,100.1,1,209.347,2,0,0.0,0,0.0,0.0,100.1,1
T3662-36671-1,65,True,Transformer,1,1122-1742-1,Line,67.468,113.15,5388.6,1,280.858,33,0,0.0,0,0.0,0.0,100.1,1,122.621,1,0,0.0,0,0.0,0.0,100.1,1,122.621,1,0,0.0,0,0.0,0.0,100.1,1,122.621,1,0,0.0,0,0.0,0.0,100.1,1
T3662-36671-1,72,True,Transformer,1,1122-1742-1,Line,14.434,102.81,5745.9,1,54.331,33,0,0.0,0,0.0,0.0,100.1,1,25.495,1,0,0.0,0,0.0,0.0,100.1,1,25.495,1,0,0.0,0,0.0,0.0,100.1,1,25.495,1,0,0.0,0,0.0,0.0,100.1,1
T3662-36671-1,101,True,Transformer,4,1122-1742-1,Line,69.488,111.59,5965.5,1,253.898,27,0,0.0,0,0.0,0.0,100.1,1,146.454,2,0,0.0,0,0.0,0.0,100.1,0,696.375,16,0,0.0,0,9.396,0.0,101.83,1,146.4,2,0,0.0,0,0.0,0.0,100.1,1
T3662-36671-1,108,True,Transformer,5,1122-1742-1,Line,107.507,111.44,7006.9,1,269.111,40,0,0.0,0,0.0,0.0,100.1,1,637.755,5,0,0.0,0,0.0,0.0,100.1,1,342.622,3,0,0.0,0,0.0,0.0,100.1,1,147.971,3,0,0.0,0,0.0,0.0,100.1,1
T3662-36671-1,116,True,Transformer,1,T54640-54630-1,Transformer,0.776,100.13,4604.0,0,0.0,0,0,0.0,0,0.776,0.0,100.13,0,0.0,0,0,0.0,0,0.776,0.0,100.13,0,0.0,0,0,0.0,0,0.776,0.0,100.13,1,145.5,3,0,0.0,0,0.0,0.0,100.1,1
T3662-36671-1,159,True,Transformer,2,T3464-3462-34641-1-w2,Transformer,9.651,101.03,5313.0,1,34.684,55,0,0.0,0,0.0,0.0,100.1,1,24.898,1,0,0.0,0,0.0,0.0,100.1,1,24.898,1,0,0.0,0,0.0,0.0,100.1,1,24.898,1,0,0.0,0,0.0,0.0,100.1,1
T54640-54630-1,0,True,Transformer,1,T3662-36671-1,Transformer,0.667,100.11,5299.5,0,0.0,0,0,0.0,0,0.667,0.0,100.11,0,0.0,0,0,0.0,0,0.667,0.0,100.11,0,0.0,0,0,0.0,0,0.667,0.0,100.11,1,63.5,3,0,0.0,0,0.0,0.0,100.1,1
T54640-54630-1,7,True,Transformer,1,T3662-36671-1,Transformer,0.667,100.11,6073.6,0,0.0,0,0,0.0,0,0.667,0.0,100.11,0,0.0,0,0,0.0,0,0.667,0.0,100.11,0,0.0,0,0,0.0,0,0.667,0.0,100.11,1,63.5,3,0,0.0,0,0.0,0.0,100.1,1
T54640-54630-1,21,True,Transformer,1,T3662-36671-1,Transformer,0.667,100.11,4735.3,0,0.0,0,0,0.0,0,0.667,0.0,100.11,0,0.0,0,0,0.0,0,0.667,0.0,100.11,0,0.0,0,0,0.0,0,0.667,0.0,100.11,1,63.5,3,0,0.0,0,0.0,0.0,100.1,1
T54640-54630-1,29,True,Transformer,1,T3662-36671-1,Transformer,0.667,100.11,5968.4,0,0.0,0,0,0.0,0,0.667,0.0,100.11,0,0.0,0,0,0.0,0,0.667,0.0,100.11,0,0.0,0,0,0.0,0,0.667,0.0,100.11,1,63.5,1,0,0.0,0,0.0,0.0,100.1,1
T54640-54630-1,116,True,Transformer,1,T3662-36671-1,Transformer,0.776,100.13,4604.0,0,0.0,0,0,0.0,0,0.776,0.0,100.13,0,0.0,0,0,0.0,0,0.776,0.0,100.13,0,0.0,0,0,0.0,0,0.776,0.0,100.13,1,145.5,3,0,0.0,0,0.0,0.0,100.1,1
T54640-54630-1,123,True,Transformer,1,T3662-36671-1,Transformer,0.667,100.11,5593.8,0,0.0,0,0,0.0,0,0.667,0.0,100.11,0,0.0,0,0,0.0,0,0.667,0.0,100.11,0,0.0,0,0,0.0,0,0.667,0.0,100.11,1,63.5,2,0,0.0,0,0.0,0.0,100.1,1
T54640-54630-1,130,True,Transformer,1,T3662-36671-1,Transformer,0.667,100.11,5592.5,0,0.0,0,0,0.0,0,0.667,0.0,100.11,0,0.0,0,0,0.0,0,0.667,0.0,100.11,0,0.0,0,0,0.0,0,0.667,0.0,100.11,1,63.5,1,0,0.0,0,0.0,0.0,100.1,1
T54640-54630-1,137,True,Transformer,1,T3662-36671-1,Transformer,0.667,100.11,5053.5,0,0.0,0,0,0.0,0,0.667,0.0,100.11,0,0.0,0,0,0.0,0,0.667,0.0,100.11,0,0.0,0,0,0.0,0,0.667,0.0,100.11,1,63.5,1,0,0.0,0,0.0,0.0,100.1,1
