outage,hour,islanding,kind,n_over,worst_branch,worst_kind,over_MW,worst_pct,wind_avail_MW,eir_cleared,eir_mw,eir_nodes,eir_new_overloads,eir_new_MW,eir_worsened,eir_resid_MW,eir_worst_new_pct,eir_max_load_pct,ovl_cleared,ovl_mw,ovl_nodes,ovl_new_overloads,ovl_new_MW,ovl_worsened,ovl_resid_MW,ovl_worst_new_pct,ovl_max_load_pct,veto_cleared,veto_mw,veto_nodes,veto_new_overloads,veto_new_MW,veto_worsened,veto_resid_MW,veto_worst_new_pct,veto_max_load_pct,lp_cleared,lp_mw,lp_nodes,lp_new_overloads,lp_new_MW,lp_worsened,lp_resid_MW,lp_worst_new_pct,lp_max_load_pct,lp_feasible
1021-2121-1,29,False,Line,1,3581-89516-1,Line,0.18,100.15,5968.4,1,0.186,10,0,0.0,0,0.0,0.0,100.1,1,0.14,1,0,0.0,0,0.0,0.0,100.1,1,0.14,1,0,0.0,0,0.0,0.0,100.1,1,0.14,1,0,0.0,0,0.0,0.0,100.1,1
1021-2121-1,108,False,Line,2,T3464-3462-34641-1-w2,Transformer,1.001,100.1,7006.9,1,0.003,54,0,0.0,0,0.0,0.0,100.1,1,0.003,1,0,0.0,0,0.0,0.0,100.1,1,0.003,1,0,0.0,0,0.0,0.0,100.1,1,0.002,1,0,0.0,0,0.0,0.0,100.1,1
1021-2121-1,137,False,Line,1,3581-89516-1,Line,0.132,100.11,5053.5,1,0.032,11,0,0.0,0,0.0,0.0,100.1,1,0.023,1,0,0.0,0,0.0,0.0,100.1,1,0.023,1,0,0.0,0,0.0,0.0,100.1,1,0.023,1,0,0.0,0,0.0,0.0,100.1,1
1021-2361-1,0,False,Line,1,3581-89516-1,Line,0.204,100.17,5299.5,1,0.205,13,0,0.0,0,0.0,0.0,100.1,1,0.16,1,0,0.0,0,0.0,0.0,100.1,1,0.16,1,0,0.0,0,0.0,0.0,100.1,1,0.16,1,0,0.0,0,0.0,0.0,100.1,1
1021-2361-1,7,False,Line,1,3581-89516-1,Line,0.18,100.15,6073.6,1,0.151,16,0,0.0,0,0.0,0.0,100.1,1,0.113,1,0,0.0,0,0.0,0.0,100.1,1,0.113,1,0,0.0,0,0.0,0.0,100.1,1,0.113,1,0,0.0,0,0.0,0.0,100.1,1
1021-2361-1,21,False,Line,1,3581-89516-1,Line,0.187,100.15,4735.3,1,0.179,7,0,0.0,0,0.0,0.0,100.1,1,0.158,1,0,0.0,0,0.0,0.0,100.1,1,0.158,1,0,0.0,0,0.0,0.0,100.1,1,0.158,1,0,0.0,0,0.0,0.0,100.1,1
1021-2361-1,29,False,Line,1,3581-89516-1,Line,0.239,100.19,5968.4,1,0.38,10,0,0.0,0,0.0,0.0,100.1,1,0.286,1,0,0.0,0,0.0,0.0,100.1,1,0.286,1,0,0.0,0,0.0,0.0,100.1,1,0.286,1,0,0.0,0,0.0,0.0,100.1,1
1021-2361-1,123,False,Line,1,3581-89516-1,Line,0.179,100.15,5593.8,1,0.15,13,0,0.0,0,0.0,0.0,100.1,1,0.112,1,0,0.0,0,0.0,0.0,100.1,1,0.112,1,0,0.0,0,0.0,0.0,100.1,1,0.112,1,0,0.0,0,0.0,0.0,100.1,1
1021-2361-1,130,False,Line,1,3581-89516-1,Line,0.165,100.13,5592.5,1,0.112,13,0,0.0,0,0.0,0.0,100.1,1,0.084,1,0,0.0,0,0.0,0.0,100.1,1,0.084,1,0,0.0,0,0.0,0.0,100.1,1,0.084,1,0,0.0,0,0.0,0.0,100.1,1
1021-2361-1,137,False,Line,1,3581-89516-1,Line,0.213,100.17,5053.5,1,0.317,11,0,0.0,0,0.0,0.0,100.1,1,0.224,1,0,0.0,0,0.0,0.0,100.1,1,0.224,1,0,0.0,0,0.0,0.0,100.1,1,0.224,1,0,0.0,0,0.0,0.0,100.1,1
1031-1181-1,0,False,Line,1,3581-89516-1,Line,0.198,100.16,5299.5,1,0.188,13,0,0.0,0,0.0,0.0,100.1,1,0.147,1,0,0.0,0,0.0,0.0,100.1,1,0.147,1,0,0.0,0,0.0,0.0,100.1,1,0.147,1,0,0.0,0,0.0,0.0,100.1,1
1031-1181-1,21,False,Line,1,3581-89516-1,Line,0.203,100.17,4735.3,1,0.223,7,0,0.0,0,0.0,0.0,100.1,1,0.197,1,0,0.0,0,0.0,0.0,100.1,1,0.197,1,0,0.0,0,0.0,0.0,100.1,1,0.197,1,0,0.0,0,0.0,0.0,100.1,1
1031-1181-1,50,False,Line,1,3581-89516-1,Line,0.267,100.22,5312.4,1,0.714,26,0,0.0,0,0.0,0.0,100.1,1,0.283,1,0,0.0,0,0.0,0.0,100.1,1,0.283,1,0,0.0,0,0.0,0.0,100.1,1,0.283,1,0,0.0,0,0.0,0.0,100.1,1
1031-1181-1,58,False,Line,1,3581-89516-1,Line,1.906,101.55,4583.8,1,8.653,26,0,0.0,0,0.0,0.0,100.1,1,3.517,1,0,0.0,0,0.0,0.0,100.1,1,3.517,1,0,0.0,0,0.0,0.0,100.1,1,3.517,2,0,0.0,0,0.0,0.0,100.1,1
1031-1181-1,65,False,Line,1,3581-89516-1,Line,1.226,101.0,5388.6,1,7.373,22,0,0.0,0,0.0,0.0,100.1,1,2.317,1,0,0.0,0,0.0,0.0,100.1,1,2.317,1,0,0.0,0,0.0,0.0,100.1,1,2.317,1,0,0.0,0,0.0,0.0,100.1,1
1031-1181-1,72,False,Line,1,3581-89516-1,Line,1.18,100.96,5745.9,1,6.418,19,0,0.0,0,0.0,0.0,100.1,1,2.601,1,0,0.0,0,0.0,0.0,100.1,1,2.601,1,0,0.0,0,0.0,0.0,100.1,1,2.601,1,0,0.0,0,0.0,0.0,100.1,1
1031-1181-1,79,False,Line,1,3581-89516-1,Line,0.707,100.57,2728.8,1,2.499,26,0,0.0,0,0.0,0.0,100.1,1,1.151,1,0,0.0,0,0.0,0.0,100.1,1,1.151,1,0,0.0,0,0.0,0.0,100.1,1,1.151,1,0,0.0,0,0.0,0.0,100.1,1
1031-1181-1,94,False,Line,1,3581-89516-1,Line,0.576,100.47,5470.0,1,1.867,26,0,0.0,0,0.0,0.0,100.1,1,0.893,1,0,0.0,0,0.0,0.0,100.1,1,0.893,1,0,0.0,0,0.0,0.0,100.1,1,0.893,1,0,0.0,0,0.0,0.0,100.1,1
1031-1181-1,108,False,Line,1,3581-89516-1,Line,0.536,100.44,7006.9,1,1.919,20,0,0.0,0,0.0,0.0,100.1,1,0.814,1,0,0.0,0,0.0,0.0,100.1,1,0.814,1,0,0.0,0,0.0,0.0,100.1,1,0.814,1,0,0.0,0,0.0,0.0,100.1,1
1031-1181-1,123,False,Line,1,3581-89516-1,Line,0.966,100.79,5593.8,1,2.228,13,0,0.0,0,0.0,0.0,100.1,1,1.662,1,0,0.0,0,0.0,0.0,100.1,1,1.662,1,0,0.0,0,0.0,0.0,100.1,1,1.662,1,0,0.0,0,0.0,0.0,100.1,1
1031-1181-1,130,False,Line,1,3581-89516-1,Line,1.441,101.17,5592.5,1,3.456,13,0,0.0,0,0.0,0.0,100.1,1,2.599,1,0,0.0,0,0.0,0.0,100.1,1,2.599,1,0,0.0,0,0.0,0.0,100.1,1,2.599,1,0,0.0,0,0.0,0.0,100.1,1
1031-1181-1,137,False,Line,1,3581-89516-1,Line,0.335,100.27,5053.5,1,0.738,11,0,0.0,0,0.0,0.0,100.1,1,0.523,1,0,0.0,0,0.0,0.0,100.1,1,0.523,1,0,0.0,0,0.0,0.0,100.1,1,0.523,1,0,0.0,0,0.0,0.0,100.1,1
1031-1181-1,145,False,Line,1,3581-89516-1,Line,1.693,101.38,4124.9,1,6.013,26,0,0.0,0,0.0,0.0,100.1,1,3.096,1,0,0.0,0,0.0,0.0,100.1,1,3.096,1,0,0.0,0,0.0,0.0,100.1,1,3.096,1,0,0.0,0,0.0,0.0,100.1,1
1031-1181-1,152,False,Line,1,3581-89516-1,Line,1.968,101.6,4161.2,1,6.431,25,0,0.0,0,0.0,0.0,100.1,1,3.639,1,0,0.0,0,0.0,0.0,100.1,1,3.639,1,0,0.0,0,0.0,0.0,100.1,1,3.639,1,0,0.0,0,0.0,0.0,100.1,1
1031-1181-1,159,False,Line,1,3581-89516-1,Line,1.348,101.1,5313.0,1,4.187,25,2,1.11,0,0.0,100.11,100.11,1,2.416,1,2,1.071,0,0.0,100.11,100.11,1,9.797,3,0,0.0,0,0.0,0.0,100.1,1,2.618,2,0,0.0,0,0.0,0.0,100.1,1
1031-1181-1,167,False,Line,1,3581-89516-1,Line,1.022,100.83,3161.9,1,2.837,26,0,0.0,0,0.0,0.0,100.1,1,1.772,1,0,0.0,0,0.0,0.0,100.1,1,1.772,1,0,0.0,0,0.0,0.0,100.1,1,1.772,1,0,0.0,0,0.0,0.0,100.1,1
1031-4221-1,0,False,Line,1,3581-89516-1,Line,0.198,100.16,5299.5,1,0.188,13,0,0.0,0,0.0,0.0,100.1,1,0.147,1,0,0.0,0,0.0,0.0,100.1,1,0.147,1,0,0.0,0,0.0,0.0,100.1,1,0.147,1,0,0.0,0,0.0,0.0,100.1,1
1031-4221-1,21,False,Line,1,3581-89516-1,Line,0.203,100.17,4735.3,1,0.223,7,0,0.0,0,0.0,0.0,100.1,1,0.197,1,0,0.0,0,0.0,0.0,100.1,1,0.197,1,0,0.0,0,0.0,0.0,100.1,1,0.197,1,0,0.0,0,0.0,0.0,100.1,1
1031-4221-1,50,False,Line,1,3581-89516-1,Line,0.267,100.22,5312.4,1,0.715,26,0,0.0,0,0.0,0.0,100.1,1,0.283,1,0,0.0,0,0.0,0.0,100.1,1,0.283,1,0,0.0,0,0.0,0.0,100.1,1,0.283,1,0,0.0,0,0.0,0.0,100.1,1
1031-4221-1,58,False,Line,1,3581-89516-1,Line,1.906,101.55,4583.8,1,8.656,26,0,0.0,0,0.0,0.0,100.1,1,3.517,1,0,0.0,0,0.0,0.0,100.1,1,3.517,1,0,0.0,0,0.0,0.0,100.1,1,3.517,2,0,0.0,0,0.0,0.0,100.1,1
1031-4221-1,65,False,Line,1,3581-89516-1,Line,1.226,101.0,5388.6,1,7.376,22,0,0.0,0,0.0,0.0,100.1,1,2.317,1,0,0.0,0,0.0,0.0,100.1,1,2.317,1,0,0.0,0,0.0,0.0,100.1,1,2.317,1,0,0.0,0,0.0,0.0,100.1,1
1031-4221-1,72,False,Line,1,3581-89516-1,Line,1.18,100.96,5745.9,1,6.421,19,0,0.0,0,0.0,0.0,100.1,1,2.602,1,0,0.0,0,0.0,0.0,100.1,1,2.602,1,0,0.0,0,0.0,0.0,100.1,1,2.602,1,0,0.0,0,0.0,0.0,100.1,1
1031-4221-1,79,False,Line,1,3581-89516-1,Line,0.707,100.57,2728.8,1,2.5,26,0,0.0,0,0.0,0.0,100.1,1,1.151,1,0,0.0,0,0.0,0.0,100.1,1,1.151,1,0,0.0,0,0.0,0.0,100.1,1,1.151,1,0,0.0,0,0.0,0.0,100.1,1
1031-4221-1,94,False,Line,1,3581-89516-1,Line,0.576,100.47,5470.0,1,1.868,26,0,0.0,0,0.0,0.0,100.1,1,0.893,1,0,0.0,0,0.0,0.0,100.1,1,0.893,1,0,0.0,0,0.0,0.0,100.1,1,0.893,1,0,0.0,0,0.0,0.0,100.1,1
1031-4221-1,108,False,Line,1,3581-89516-1,Line,0.536,100.44,7006.9,1,1.919,20,0,0.0,0,0.0,0.0,100.1,1,0.814,1,0,0.0,0,0.0,0.0,100.1,1,0.814,1,0,0.0,0,0.0,0.0,100.1,1,0.814,1,0,0.0,0,0.0,0.0,100.1,1
1031-4221-1,123,False,Line,1,3581-89516-1,Line,0.966,100.79,5593.8,1,2.229,13,0,0.0,0,0.0,0.0,100.1,1,1.663,1,0,0.0,0,0.0,0.0,100.1,1,1.663,1,0,0.0,0,0.0,0.0,100.1,1,1.663,1,0,0.0,0,0.0,0.0,100.1,1
1031-4221-1,130,False,Line,1,3581-89516-1,Line,1.441,101.17,5592.5,1,3.456,13,0,0.0,0,0.0,0.0,100.1,1,2.599,1,0,0.0,0,0.0,0.0,100.1,1,2.599,1,0,0.0,0,0.0,0.0,100.1,1,2.599,1,0,0.0,0,0.0,0.0,100.1,1
1031-4221-1,137,False,Line,1,3581-89516-1,Line,0.335,100.27,5053.5,1,0.738,11,0,0.0,0,0.0,0.0,100.1,1,0.523,1,0,0.0,0,0.0,0.0,100.1,1,0.523,1,0,0.0,0,0.0,0.0,100.1,1,0.523,1,0,0.0,0,0.0,0.0,100.1,1
1031-4221-1,145,False,Line,1,3581-89516-1,Line,1.693,101.38,4124.9,1,6.015,26,0,0.0,0,0.0,0.0,100.1,1,3.096,1,0,0.0,0,0.0,0.0,100.1,1,3.096,1,0,0.0,0,0.0,0.0,100.1,1,3.096,1,0,0.0,0,0.0,0.0,100.1,1
1031-4221-1,152,False,Line,1,3581-89516-1,Line,1.968,101.6,4161.2,1,6.433,25,0,0.0,0,0.0,0.0,100.1,1,3.639,1,0,0.0,0,0.0,0.0,100.1,1,3.639,1,0,0.0,0,0.0,0.0,100.1,1,3.639,1,0,0.0,0,0.0,0.0,100.1,1
1031-4221-1,159,False,Line,1,3581-89516-1,Line,1.348,101.1,5313.0,1,4.188,25,2,1.11,0,0.0,100.11,100.11,1,2.416,1,2,1.071,0,0.0,100.11,100.11,1,9.817,3,0,0.0,0,0.0,0.0,100.1,1,2.619,2,0,0.0,0,0.0,0.0,100.1,1
1031-4221-1,167,False,Line,1,3581-89516-1,Line,1.022,100.83,3161.9,1,2.837,26,0,0.0,0,0.0,0.0,100.1,1,1.773,1,0,0.0,0,0.0,0.0,100.1,1,1.773,1,0,0.0,0,0.0,0.0,100.1,1,1.773,1,0,0.0,0,0.0,0.0,100.1,1
1071-2361-1,101,False,Line,2,T3464-3462-34641-1-w2,Transformer,1.374,100.14,5965.5,1,1.41,52,0,0.0,0,0.0,0.0,100.1,1,1.0,1,0,0.0,0,0.0,0.0,100.1,1,1.0,1,0,0.0,0,0.0,0.0,100.1,1,1.0,1,0,0.0,0,0.0,0.0,100.1,1
1071-2361-1,108,False,Line,2,T3464-3462-34641-1-w2,Transformer,2.756,100.28,7006.9,1,6.64,54,0,0.0,0,0.0,0.0,100.1,1,4.689,1,0,0.0,0,0.0,0.0,100.1,1,4.689,1,0,0.0,0,0.0,0.0,100.1,1,4.689,1,0,0.0,0,0.0,0.0,100.1,1
1071-2361-1,116,False,Line,1,3581-89516-1,Line,0.205,100.17,4604.0,1,0.238,7,0,0.0,0,0.0,0.0,100.1,1,0.203,1,0,0.0,0,0.0,0.0,100.1,1,0.203,1,0,0.0,0,0.0,0.0,100.1,1,0.203,1,0,0.0,0,0.0,0.0,100.1,1
1071-2361-1,159,False,Line,2,T3464-3462-34641-1-w2,Transformer,5.407,100.54,5313.0,1,16.237,54,0,0.0,0,0.0,0.0,100.1,1,11.77,1,0,0.0,0,0.0,0.0,100.1,1,11.77,1,0,0.0,0,0.0,0.0,100.1,1,11.77,1,0,0.0,0,0.0,0.0,100.1,1
1071-4941-1,50,False,Line,2,3082-3122-1,Line,1.669,100.16,5312.4,1,1.783,19,0,0.0,0,0.0,0.0,100.1,1,1.057,1,0,0.0,0,0.0,0.0,100.1,1,1.057,1,0,0.0,0,0.0,0.0,100.1,1,0.88,2,0,0.0,0,0.0,0.0,100.1,1
1071-4941-1,101,False,Line,2,T3464-3462-34641-1-w2,Transformer,9.505,100.95,5965.5,1,32.172,53,0,0.0,0,0.0,0.0,100.1,1,22.748,1,0,0.0,0,0.0,0.0,100.1,1,22.748,1,0,0.0,0,0.0,0.0,100.1,1,22.748,1,0,0.0,0,0.0,0.0,100.1,1
1071-4941-1,108,False,Line,3,T3464-3462-34641-1-w2,Transformer,10.451,100.99,7006.9,1,34.06,63,0,0.0,0,0.0,0.0,100.1,1,62.521,2,0,0.0,0,0.0,0.0,100.1,1,62.521,2,0,0.0,0,0.0,0.0,100.1,1,24.184,2,0,0.0,0,0.0,0.0,100.1,1
1071-4941-1,159,False,Line,2,T3464-3462-34641-1-w2,Transformer,10.526,101.05,5313.0,1,35.23,55,0,0.0,0,0.0,0.0,100.1,1,25.477,1,0,0.0,0,0.0,0.0,100.1,1,25.477,1,0,0.0,0,0.0,0.0,100.1,1,25.477,1,0,0.0,0,0.0,0.0,100.1,1
1121-1301-1,36,False,Line,1,1122-1742-1,Line,8.655,101.69,6805.4,1,30.677,32,0,0.0,0,0.0,0.0,100.1,1,13.344,1,0,0.0,0,0.0,0.0,100.1,1,13.344,1,0,0.0,0,0.0,0.0,100.1,1,13.344,1,0,0.0,0,0.0,0.0,100.1,1
1121-1301-1,50,False,Line,2,1122-1742-1,Line,84.85,116.51,5312.4,0,340.203,60,0,0.0,0,0.893,0.0,100.17,1,140.822,2,0,0.0,0,0.0,0.0,100.1,0,0.0,0,0,0.0,0,84.85,0.0,116.51,1,140.82,3,0,0.0,0,0.0,0.0,100.1,1
1121-1301-1,65,False,Line,2,1122-1742-1,Line,40.159,107.8,5388.6,0,153.73,56,0,0.0,0,0.742,0.0,100.14,1,66.18,2,0,0.0,0,0.0,0.0,100.1,0,0.0,0,0,0.0,0,40.159,0.0,107.8,1,66.178,2,0,0.0,0,0.0,0.0,100.1,1
1121-1301-1,72,False,Line,1,3581-89516-1,Line,0.129,100.1,5745.9,1,0.035,19,0,0.0,0,0.0,0.0,100.1,1,0.014,1,0,0.0,0,0.0,0.0,100.1,1,0.014,1,0,0.0,0,0.0,0.0,100.1,1,0.014,1,0,0.0,0,0.0,0.0,100.1,1
1121-1301-1,101,False,Line,3,1122-1742-1,Line,41.583,106.95,5965.5,1,131.954,27,0,0.0,0,0.0,0.0,100.1,1,78.712,2,0,0.0,0,0.0,0.0,100.1,0,192.631,7,0,0.0,0,12.973,0.0,102.53,1,78.667,2,0,0.0,0,0.0,0.0,100.1,1
1121-1301-1,108,False,Line,4,1122-1742-1,Line,34.163,105.45,7006.9,0,115.752,52,0,0.0,0,0.628,0.0,100.12,1,616.788,6,0,0.0,0,0.0,0.0,100.1,0,52.348,2,0,0.0,0,27.378,0.0,105.34,1,66.105,3,0,0.0,0,0.0,0.0,100.1,1
1121-1301-1,159,False,Line,2,T3464-3462-34641-1-w2,Transformer,3.712,100.37,5313.0,1,10.175,55,1,0.131,0,0.0,100.11,100.11,1,7.294,1,1,0.124,0,0.0,100.1,100.1,1,7.476,2,0,0.0,0,0.0,0.0,100.1,1,7.296,2,0,0.0,0,0.0,0.0,100.1,1
1121-4321-1,108,False,Line,2,T3464-3462-34641-1-w2,Transformer,2.018,100.2,7006.9,1,3.921,55,0,0.0,0,0.0,0.0,100.1,1,2.739,1,0,0.0,0,0.0,0.0,100.1,1,2.739,1,0,0.0,0,0.0,0.0,100.1,1,2.739,1,0,0.0,0,0.0,0.0,100.1,1
1122-1742-1,36,False,Line,2,1121-1301-1,Line,164.984,156.99,6805.4,1,458.794,12,0,0.0,0,0.0,0.0,100.1,1,324.647,2,0,0.0,0,0.0,0.0,100.1,1,324.647,2,0,0.0,0,0.0,0.0,100.1,1,324.647,2,0,0.0,0,0.0,0.0,100.1,1
1122-1742-1,50,False,Line,6,1121-1301-1,Line,284.404,179.31,5312.4,0,729.89,93,1,1.039,0,1.168,100.83,100.83,1,612.935,6,1,0.571,0,0.0,100.46,100.46,0,108.907,3,0,0.0,0,258.192,0.0,178.77,1,550.695,8,0,0.0,0,0.0,0.0,100.1,1
1122-1742-1,58,False,Line,2,1121-1301-1,Line,10.724,106.23,4583.8,0,61.53,39,0,0.0,0,0.239,0.0,100.15,1,59.425,2,0,0.0,0,0.0,0.0,100.1,0,0.0,0,0,0.0,0,10.724,0.0,106.23,1,31.421,2,0,0.0,0,0.0,0.0,100.1,1
1122-1742-1,65,False,Line,3,1121-1301-1,Line,194.682,165.01,5388.6,0,557.053,35,1,0.348,0,0.657,100.28,100.41,1,378.928,3,0,0.0,0,0.0,0.0,100.1,0,0.0,0,0,0.0,0,194.682,0.0,165.01,1,378.927,3,0,0.0,0,0.0,0.0,100.1,1
1122-1742-1,72,False,Line,3,1121-1301-1,Line,140.149,148.12,5745.9,0,392.34,32,0,0.0,0,0.501,0.0,100.32,1,276.397,3,0,0.0,0,0.0,0.0,100.1,0,0.0,0,0,0.0,0,140.149,0.0,148.12,1,276.395,3,0,0.0,0,0.0,0.0,100.1,1
1122-1742-1,79,False,Line,1,3581-89516-1,Line,0.463,100.38,2728.8,1,1.467,26,0,0.0,0,0.0,0.0,100.1,1,0.672,1,0,0.0,0,0.0,0.0,100.1,1,0.672,1,0,0.0,0,0.0,0.0,100.1,1,0.672,1,0,0.0,0,0.0,0.0,100.1,1
1122-1742-1,94,False,Line,3,1121-1301-1,Line,93.351,133.57,5470.0,0,264.667,39,0,0.0,0,0.334,0.0,100.21,1,187.999,3,0,0.0,0,0.0,0.0,100.1,0,0.0,0,0,0.0,0,93.351,0.0,133.57,1,187.997,3,0,0.0,0,0.0,0.0,100.1,1
1122-1742-1,101,False,Line,5,1121-1301-1,Line,273.463,166.63,5965.5,1,612.351,61,0,0.0,0,0.0,0.0,100.1,1,519.074,5,0,0.0,0,0.0,0.0,100.1,1,519.074,5,0,0.0,0,0.0,0.0,100.1,1,518.446,5,0,0.0,0,0.0,0.0,100.1,1
1122-1742-1,108,False,Line,7,1121-1301-1,Line,257.826,160.32,7006.9,0,694.435,85,1,0.897,0,0.987,100.72,100.72,1,558.542,9,0,0.0,0,0.0,0.0,100.1,0,120.054,3,0,0.0,0,227.67,0.0,159.75,1,519.099,9,0,0.0,0,0.0,0.0,100.1,1
1122-1742-1,145,False,Line,1,3581-89516-1,Line,0.44,100.36,4124.9,1,1.223,26,0,0.0,0,0.0,0.0,100.1,1,0.627,1,0,0.0,0,0.0,0.0,100.1,1,0.627,1,0,0.0,0,0.0,0.0,100.1,1,0.627,1,0,0.0,0,0.0,0.0,100.1,1
1122-1742-1,152,False,Line,1,3581-89516-1,Line,0.679,100.55,4161.2,1,1.952,25,0,0.0,0,0.0,0.0,100.1,1,1.1,1,0,0.0,0,0.0,0.0,100.1,1,1.1,1,0,0.0,0,0.0,0.0,100.1,1,1.1,1,0,0.0,0,0.0,0.0,100.1,1
1122-1742-1,159,False,Line,4,T3464-3462-34641-1-w2,Transformer,33.917,102.88,5313.0,0,106.961,81,0,0.0,0,0.603,0.0,100.12,1,77.19,3,0,0.0,0,0.0,0.0,100.1,1,273.412,8,0,0.0,0,0.0,0.0,100.1,1,77.188,4,0,0.0,0,0.0,0.0,100.1,1
1122-1742-1,167,False,Line,1,3581-89516-1,Line,0.173,100.14,3161.9,1,0.158,26,0,0.0,0,0.0,0.0,100.1,1,0.099,1,0,0.0,0,0.0,0.0,100.1,1,0.099,1,0,0.0,0,0.0,0.0,100.1,1,0.099,1,0,0.0,0,0.0,0.0,100.1,1
1122-3642-1,50,False,Line,1,3581-89516-1,Line,0.17,100.14,5312.4,1,0.238,26,0,0.0,0,0.0,0.0,100.1,1,0.094,1,0,0.0,0,0.0,0.0,100.1,1,0.094,1,0,0.0,0,0.0,0.0,100.1,1,0.094,1,0,0.0,0,0.0,0.0,100.1,1
1122-3642-1,58,False,Line,1,3581-89516-1,Line,0.237,100.19,4583.8,1,0.56,26,0,0.0,0,0.0,0.0,100.1,1,0.226,1,0,0.0,0,0.0,0.0,100.1,1,0.226,1,0,0.0,0,0.0,0.0,100.1,1,0.226,1,0,0.0,0,0.0,0.0,100.1,1
1122-3642-1,108,False,Line,4,T3464-3462-34641-1-w2,Transformer,9.858,100.94,7006.9,0,32.851,76,0,0.0,0,0.518,0.0,100.1,1,61.133,2,0,0.0,0,0.0,0.0,100.1,1,61.133,2,0,0.0,0,0.0,0.0,100.1,1,22.938,2,0,0.0,0,0.0,0.0,100.1,1
1122-3642-1,145,False,Line,1,3581-89516-1,Line,0.177,100.14,4124.9,1,0.208,26,0,0.0,0,0.0,0.0,100.1,1,0.107,1,0,0.0,0,0.0,0.0,100.1,1,0.107,1,0,0.0,0,0.0,0.0,100.1,1,0.107,1,0,0.0,0,0.0,0.0,100.1,1
1122-3642-1,152,False,Line,1,3581-89516-1,Line,0.177,100.14,4161.2,1,0.189,25,0,0.0,0,0.0,0.0,100.1,1,0.107,1,0,0.0,0,0.0,0.0,100.1,1,0.107,1,0,0.0,0,0.0,0.0,100.1,1,0.107,1,0,0.0,0,0.0,0.0,100.1,1
1122-3642-1,159,False,Line,3,T3464-3462-34641-1-w2,Transformer,7.795,100.76,5313.0,0,25.006,81,0,0.0,0,0.516,0.0,100.1,1,36.871,2,0,0.0,0,0.0,0.0,100.1,1,34.331,2,0,0.0,0,0.0,0.0,100.1,1,18.083,2,0,0.0,0,0.0,0.0,100.1,1
1122-3642-1,167,False,Line,1,3581-89516-1,Line,0.135,100.11,3161.9,1,0.039,26,0,0.0,0,0.0,0.0,100.1,1,0.024,1,0,0.0,0,0.0,0.0,100.1,1,0.024,1,0,0.0,0,0.0,0.0,100.1,1,0.024,1,0,0.0,0,0.0,0.0,100.1,1
1141-3501-1,0,False,Line,1,3581-89516-1,Line,0.289,100.23,5299.5,1,0.417,13,0,0.0,0,0.0,0.0,100.1,1,0.327,1,0,0.0,0,0.0,0.0,100.1,1,0.327,1,0,0.0,0,0.0,0.0,100.1,1,0.327,1,0,0.0,0,0.0,0.0,100.1,1
1141-3501-1,21,False,Line,1,3581-89516-1,Line,0.191,100.16,4735.3,1,0.189,7,0,0.0,0,0.0,0.0,100.1,1,0.167,1,0,0.0,0,0.0,0.0,100.1,1,0.167,1,0,0.0,0,0.0,0.0,100.1,1,0.167,1,0,0.0,0,0.0,0.0,100.1,1
1141-3501-1,50,False,Line,2,1122-1742-1,Line,4.413,100.45,5312.4,1,9.086,34,0,0.0,0,0.0,0.0,100.1,1,4.104,2,0,0.0,0,0.0,0.0,100.1,1,4.213,2,0,0.0,0,0.0,0.0,100.1,1,4.002,2,0,0.0,0,0.0,0.0,100.1,1
1141-3501-1,101,False,Line,2,T3464-3462-34641-1-w2,Transformer,6.856,100.69,5965.5,1,22.435,54,0,0.0,0,0.0,0.0,100.1,1,15.693,1,0,0.0,0,0.0,0.0,100.1,1,15.693,1,0,0.0,0,0.0,0.0,100.1,1,15.693,1,0,0.0,0,0.0,0.0,100.1,1
1141-3501-1,108,False,Line,3,3691-4041-1,Line,8.622,101.0,7006.9,1,25.301,64,0,0.0,0,0.0,0.0,100.1,1,54.561,2,0,0.0,0,0.0,0.0,100.1,1,20.598,2,0,0.0,0,0.0,0.0,100.1,1,18.249,2,0,0.0,0,0.0,0.0,100.1,1
1141-3501-1,159,False,Line,2,T3464-3462-34641-1-w2,Transformer,4.96,100.5,5313.0,1,14.8,56,0,0.0,0,0.0,0.0,100.1,1,10.612,1,0,0.0,0,0.0,0.0,100.1,1,10.612,1,0,0.0,0,0.0,0.0,100.1,1,10.612,1,0,0.0,0,0.0,0.0,100.1,1
1141-4941-1,50,False,Line,2,1122-1742-1,Line,6.864,100.7,5312.4,1,16.131,34,0,0.0,0,0.0,0.0,100.1,1,7.33,2,0,0.0,0,0.0,0.0,100.1,1,7.556,2,0,0.0,0,0.0,0.0,100.1,1,7.119,2,0,0.0,0,0.0,0.0,100.1,1
1141-4941-1,101,False,Line,2,T3464-3462-34641-1-w2,Transformer,10.973,101.1,5965.5,1,38.144,54,0,0.0,0,0.0,0.0,100.1,1,26.693,1,0,0.0,0,0.0,0.0,100.1,1,26.693,1,0,0.0,0,0.0,0.0,100.1,1,26.693,1,0,0.0,0,0.0,0.0,100.1,1
1141-4941-1,108,False,Line,3,3691-4041-1,Line,14.746,101.71,7006.9,1,46.173,64,0,0.0,0,0.0,0.0,100.1,1,67.245,2,0,0.0,0,0.0,0.0,100.1,1,37.484,2,0,0.0,0,0.0,0.0,100.1,1,33.295,2,0,0.0,0,0.0,0.0,100.1,1
1141-4941-1,159,False,Line,2,T3464-3462-34641-1-w2,Transformer,8.424,100.84,5313.0,1,27.699,56,0,0.0,0,0.0,0.0,100.1,1,19.871,1,0,0.0,0,0.0,0.0,100.1,1,19.871,1,0,0.0,0,0.0,0.0,100.1,1,19.871,1,0,0.0,0,0.0,0.0,100.1,1
1151-1161-1,145,False,Line,1,3581-89516-1,Line,0.133,100.11,4124.9,1,0.04,26,0,0.0,0,0.0,0.0,100.1,1,0.02,1,0,0.0,0,0.0,0.0,100.1,1,0.02,1,0,0.0,0,0.0,0.0,100.1,1,0.02,1,0,0.0,0,0.0,0.0,100.1,1
1151-3461-1,58,False,Line,1,3581-89516-1,Line,0.126,100.1,4583.8,1,0.015,26,0,0.0,0,0.0,0.0,100.1,1,0.006,1,0,0.0,0,0.0,0.0,100.1,1,0.006,1,0,0.0,0,0.0,0.0,100.1,1,0.006,1,0,0.0,0,0.0,0.0,100.1,1
1151-3461-1,145,False,Line,1,3581-89516-1,Line,0.133,100.11,4124.9,1,0.04,26,0,0.0,0,0.0,0.0,100.1,1,0.02,1,0,0.0,0,0.0,0.0,100.1,1,0.02,1,0,0.0,0,0.0,0.0,100.1,1,0.02,1,0,0.0,0,0.0,0.0,100.1,1
1161-3901-1,101,False,Line,2,T3464-3462-34641-1-w2,Transformer,3.724,100.37,5965.5,1,10.495,53,0,0.0,0,0.0,0.0,100.1,1,7.29,1,0,0.0,0,0.0,0.0,100.1,1,7.29,1,0,0.0,0,0.0,0.0,100.1,1,7.29,1,0,0.0,0,0.0,0.0,100.1,1
1161-3901-1,108,False,Line,2,T3464-3462-34641-1-w2,Transformer,4.208,100.42,7006.9,1,12.394,55,0,0.0,0,0.0,0.0,100.1,1,8.584,1,0,0.0,0,0.0,0.0,100.1,1,8.584,1,0,0.0,0,0.0,0.0,100.1,1,8.584,1,0,0.0,0,0.0,0.0,100.1,1
1161-3901-1,159,False,Line,2,T3464-3462-34641-1-w2,Transformer,4.232,100.42,5313.0,1,12.159,55,0,0.0,0,0.0,0.0,100.1,1,8.649,1,0,0.0,0,0.0,0.0,100.1,1,8.649,1,0,0.0,0,0.0,0.0,100.1,1,8.649,1,0,0.0,0,0.0,0.0,100.1,1
1181-1861-1,0,False,Line,1,3581-89516-1,Line,1.475,101.2,5299.5,1,3.421,13,0,0.0,0,0.0,0.0,100.1,1,2.675,1,0,0.0,0,0.0,0.0,100.1,1,2.675,1,0,0.0,0,0.0,0.0,100.1,1,2.675,1,0,0.0,0,0.0,0.0,100.1,1
1181-1861-1,7,False,Line,1,3581-89516-1,Line,2.088,101.7,6073.6,1,5.185,16,0,0.0,0,0.0,0.0,100.1,1,3.888,1,0,0.0,0,0.0,0.0,100.1,1,3.888,1,0,0.0,0,0.0,0.0,100.1,1,3.888,1,0,0.0,0,0.0,0.0,100.1,1
1181-1861-1,21,False,Line,1,3581-89516-1,Line,1.427,101.16,4735.3,1,3.655,7,0,0.0,0,0.0,0.0,100.1,1,3.223,1,0,0.0,0,0.0,0.0,100.1,1,3.223,1,0,0.0,0,0.0,0.0,100.1,1,3.223,1,0,0.0,0,0.0,0.0,100.1,1
1181-1861-1,29,False,Line,3,3581-89516-1,Line,9.056,103.54,5968.4,1,13.841,10,0,0.0,0,0.0,0.0,100.1,1,10.451,1,0,0.0,0,0.0,0.0,100.1,1,10.451,1,0,0.0,0,0.0,0.0,100.1,1,10.451,1,0,0.0,0,0.0,0.0,100.1,1
1181-1861-1,50,False,Line,5,3581-89516-1,Line,13.744,103.98,5312.4,0,32.21,45,0,0.0,0,0.193,0.0,100.16,1,13.597,3,0,0.0,0,0.0,0.0,100.1,0,0.0,0,0,0.0,0,13.744,0.0,103.98,1,13.156,5,0,0.0,0,0.0,0.0,100.1,1
1181-1861-1,58,False,Line,3,3581-89516-1,Line,9.511,103.66,4583.8,1,21.046,26,0,0.0,0,0.0,0.0,100.1,1,8.668,1,0,0.0,0,0.0,0.0,100.1,1,8.668,1,0,0.0,0,0.0,0.0,100.1,1,8.668,3,0,0.0,0,0.0,0.0,100.1,1
1181-1861-1,65,False,Line,3,3581-89516-1,Line,11.841,104.29,5388.6,1,33.805,22,0,0.0,0,0.0,0.0,100.1,1,10.87,1,0,0.0,0,0.0,0.0,100.1,1,10.87,1,0,0.0,0,0.0,0.0,100.1,1,10.87,1,0,0.0,0,0.0,0.0,100.1,1
1181-1861-1,72,False,Line,3,3581-89516-1,Line,9.38,103.63,5745.9,1,25.942,19,0,0.0,0,0.0,0.0,100.1,1,10.718,2,0,0.0,0,0.0,0.0,100.1,1,10.718,2,0,0.0,0,0.0,0.0,100.1,1,10.718,1,0,0.0,0,0.0,0.0,100.1,1
1181-1861-1,79,False,Line,3,3581-89516-1,Line,5.968,102.7,2728.8,1,13.611,26,0,0.0,0,0.0,0.0,100.1,1,6.332,1,0,0.0,0,0.0,0.0,100.1,1,6.332,1,0,0.0,0,0.0,0.0,100.1,1,6.332,1,0,0.0,0,0.0,0.0,100.1,1
1181-1861-1,94,False,Line,3,3581-89516-1,Line,5.354,102.53,5470.0,1,12.269,26,0,0.0,0,0.0,0.0,100.1,1,5.927,1,0,0.0,0,0.0,0.0,100.1,1,5.927,1,0,0.0,0,0.0,0.0,100.1,1,5.927,1,0,0.0,0,0.0,0.0,100.1,1
1181-1861-1,101,False,Line,2,T3464-3462-34641-1-w2,Transformer,7.409,100.74,5965.5,1,24.576,53,0,0.0,0,0.0,0.0,100.1,1,17.211,1,0,0.0,0,0.0,0.0,100.1,1,17.211,1,0,0.0,0,0.0,0.0,100.1,1,17.211,1,0,0.0,0,0.0,0.0,100.1,1
1181-1861-1,108,False,Line,5,3581-89516-1,Line,19.044,104.11,7006.9,0,51.567,75,0,0.0,0,0.245,0.0,100.2,1,38.771,3,0,0.0,0,0.0,0.0,100.1,1,167.222,5,0,0.0,0,0.0,0.0,100.1,1,30.543,3,0,0.0,0,0.0,0.0,100.1,1
1181-1861-1,116,False,Line,1,3581-89516-1,Line,1.609,101.31,4604.0,1,4.304,7,0,0.0,0,0.0,0.0,100.1,1,3.671,1,0,0.0,0,0.0,0.0,100.1,1,3.671,1,0,0.0,0,0.0,0.0,100.1,1,3.671,1,0,0.0,0,0.0,0.0,100.1,1
1181-1861-1,123,False,Line,1,3581-89516-1,Line,1.309,101.06,5593.8,1,3.148,13,0,0.0,0,0.0,0.0,100.1,1,2.347,1,0,0.0,0,0.0,0.0,100.1,1,2.347,1,0,0.0,0,0.0,0.0,100.1,1,2.347,1,0,0.0,0,0.0,0.0,100.1,1
1181-1861-1,130,False,Line,1,3581-89516-1,Line,1.052,100.86,5592.5,1,2.446,13,0,0.0,0,0.0,0.0,100.1,1,1.839,1,0,0.0,0,0.0,0.0,100.1,1,1.839,1,0,0.0,0,0.0,0.0,100.1,1,1.839,1,0,0.0,0,0.0,0.0,100.1,1
1181-1861-1,137,False,Line,3,3581-89516-1,Line,6.218,102.77,5053.5,1,11.423,11,0,0.0,0,0.0,0.0,100.1,1,8.113,1,0,0.0,0,0.0,0.0,100.1,1,8.113,1,0,0.0,0,0.0,0.0,100.1,1,8.113,1,0,0.0,0,0.0,0.0,100.1,1
1181-1861-1,145,False,Line,3,3581-89516-1,Line,7.63,103.15,4124.9,1,14.326,26,0,0.0,0,0.0,0.0,100.1,1,7.428,1,0,0.0,0,0.0,0.0,100.1,1,7.428,1,0,0.0,0,0.0,0.0,100.1,1,7.428,2,0,0.0,0,0.0,0.0,100.1,1
1181-1861-1,152,False,Line,3,3581-89516-1,Line,6.453,102.83,4161.2,1,11.694,25,0,0.0,0,0.0,0.0,100.1,1,6.651,1,0,0.0,0,0.0,0.0,100.1,1,6.651,1,0,0.0,0,0.0,0.0,100.1,1,6.651,1,0,0.0,0,0.0,0.0,100.1,1
1181-1861-1,159,False,Line,5,3581-89516-1,Line,14.044,103.22,5313.0,0,35.004,80,0,0.0,0,0.216,0.0,100.18,1,23.264,3,0,0.0,0,0.0,0.0,100.1,1,167.252,13,0,0.0,0,0.0,0.0,100.1,1,23.262,2,0,0.0,0,0.0,0.0,100.1,1
1181-1861-1,167,False,Line,3,3581-89516-1,Line,4.378,102.27,3161.9,1,8.419,26,0,0.0,0,0.0,0.0,100.1,1,5.283,1,0,0.0,0,0.0,0.0,100.1,1,5.283,1,0,0.0,0,0.0,0.0,100.1,1,5.283,1,0,0.0,0,0.0,0.0,100.1,1
1181-2821-1,0,False,Line,1,3581-89516-1,Line,0.954,100.78,5299.5,1,2.053,13,0,0.0,0,0.0,0.0,100.1,1,1.616,1,0,0.0,0,0.0,0.0,100.1,1,1.616,1,0,0.0,0,0.0,0.0,100.1,1,1.616,1,0,0.0,0,0.0,0.0,100.1,1
1181-2821-1,21,False,Line,1,3581-89516-1,Line,1.294,101.05,4735.3,1,3.19,7,0,0.0,0,0.0,0.0,100.1,1,2.831,1,0,0.0,0,0.0,0.0,100.1,1,2.831,1,0,0.0,0,0.0,0.0,100.1,1,2.831,1,0,0.0,0,0.0,0.0,100.1,1
1181-2821-1,58,False,Line,1,3581-89516-1,Line,0.951,100.77,4583.8,1,3.985,26,0,0.0,0,0.0,0.0,100.1,1,1.611,1,0,0.0,0,0.0,0.0,100.1,1,1.611,1,0,0.0,0,0.0,0.0,100.1,1,1.611,1,0,0.0,0,0.0,0.0,100.1,1
1181-2821-1,123,False,Line,3,3581-89516-1,Line,3.651,102.07,5593.8,1,6.291,13,0,0.0,0,0.0,0.0,100.1,1,4.724,1,0,0.0,0,0.0,0.0,100.1,1,4.724,1,0,0.0,0,0.0,0.0,100.1,1,4.724,1,0,0.0,0,0.0,0.0,100.1,1
1181-2821-1,130,False,Line,3,3581-89516-1,Line,3.939,102.15,5592.5,1,6.489,13,0,0.0,0,0.0,0.0,100.1,1,4.91,1,0,0.0,0,0.0,0.0,100.1,1,4.91,1,0,0.0,0,0.0,0.0,100.1,1,4.91,1,0,0.0,0,0.0,0.0,100.1,1
1181-2821-1,145,False,Line,1,3581-89516-1,Line,1.714,101.39,4124.9,1,6.018,26,0,0.0,0,0.0,0.0,100.1,1,3.096,1,0,0.0,0,0.0,0.0,100.1,1,3.096,1,0,0.0,0,0.0,0.0,100.1,1,3.096,1,0,0.0,0,0.0,0.0,100.1,1
1181-2821-1,152,False,Line,3,3581-89516-1,Line,8.05,103.27,4161.2,1,13.381,25,0,0.0,0,0.0,0.0,100.1,1,7.577,1,0,0.0,0,0.0,0.0,100.1,1,7.577,1,0,0.0,0,0.0,0.0,100.1,1,7.577,1,0,0.0,0,0.0,0.0,100.1,1
1181-2821-1,159,False,Line,1,3581-89516-1,Line,0.534,100.43,5313.0,1,1.385,25,0,0.0,0,0.0,0.0,100.1,1,0.8,1,0,0.0,0,0.0,0.0,100.1,1,0.8,1,0,0.0,0,0.0,0.0,100.1,1,0.8,1,0,0.0,0,0.0,0.0,100.1,1
1181-2821-1,167,False,Line,1,3581-89516-1,Line,1.655,101.35,3161.9,1,4.772,26,0,0.0,0,0.0,0.0,100.1,1,2.981,1,0,0.0,0,0.0,0.0,100.1,1,2.981,1,0,0.0,0,0.0,0.0,100.1,1,2.981,1,0,0.0,0,0.0,0.0,100.1,1
1181-4961-1,0,False,Line,1,3581-89516-1,Line,0.412,100.33,5299.5,1,0.73,13,0,0.0,0,0.0,0.0,100.1,1,0.571,1,0,0.0,0,0.0,0.0,100.1,1,0.571,1,0,0.0,0,0.0,0.0,100.1,1,0.571,1,0,0.0,0,0.0,0.0,100.1,1
1181-4961-1,7,False,Line,1,3581-89516-1,Line,0.216,100.18,6073.6,1,0.245,16,0,0.0,0,0.0,0.0,100.1,1,0.184,1,0,0.0,0,0.0,0.0,100.1,1,0.184,1,0,0.0,0,0.0,0.0,100.1,1,0.184,1,0,0.0,0,0.0,0.0,100.1,1
1181-4961-1,21,False,Line,1,3581-89516-1,Line,0.447,100.36,4735.3,1,0.906,7,0,0.0,0,0.0,0.0,100.1,1,0.799,1,0,0.0,0,0.0,0.0,100.1,1,0.799,1,0,0.0,0,0.0,0.0,100.1,1,0.799,1,0,0.0,0,0.0,0.0,100.1,1
1181-4961-1,29,False,Line,1,3581-89516-1,Line,0.409,100.33,5968.4,1,0.937,10,0,0.0,0,0.0,0.0,100.1,1,0.706,1,0,0.0,0,0.0,0.0,100.1,1,0.706,1,0,0.0,0,0.0,0.0,100.1,1,0.706,1,0,0.0,0,0.0,0.0,100.1,1
1181-4961-1,50,False,Line,1,3581-89516-1,Line,0.492,100.4,5312.4,1,1.842,26,0,0.0,0,0.0,0.0,100.1,1,0.728,1,0,0.0,0,0.0,0.0,100.1,1,0.728,1,0,0.0,0,0.0,0.0,100.1,1,0.728,1,0,0.0,0,0.0,0.0,100.1,1
1181-4961-1,58,False,Line,1,3581-89516-1,Line,0.716,100.58,4583.8,1,2.891,26,0,0.0,0,0.0,0.0,100.1,1,1.171,1,0,0.0,0,0.0,0.0,100.1,1,1.171,1,0,0.0,0,0.0,0.0,100.1,1,1.171,1,0,0.0,0,0.0,0.0,100.1,1
1181-4961-1,65,False,Line,1,3581-89516-1,Line,0.328,100.27,5388.6,1,1.378,22,0,0.0,0,0.0,0.0,100.1,1,0.431,1,0,0.0,0,0.0,0.0,100.1,1,0.431,1,0,0.0,0,0.0,0.0,100.1,1,0.431,1,0,0.0,0,0.0,0.0,100.1,1
1181-4961-1,72,False,Line,1,3581-89516-1,Line,0.215,100.17,5745.9,1,0.563,19,0,0.0,0,0.0,0.0,100.1,1,0.227,1,0,0.0,0,0.0,0.0,100.1,1,0.227,1,0,0.0,0,0.0,0.0,100.1,1,0.227,1,0,0.0,0,0.0,0.0,100.1,1
1181-4961-1,79,False,Line,1,3581-89516-1,Line,0.514,100.42,2728.8,1,1.683,26,0,0.0,0,0.0,0.0,100.1,1,0.773,1,0,0.0,0,0.0,0.0,100.1,1,0.773,1,0,0.0,0,0.0,0.0,100.1,1,0.773,1,0,0.0,0,0.0,0.0,100.1,1
1181-4961-1,94,False,Line,1,3581-89516-1,Line,0.249,100.2,5470.0,1,0.522,26,0,0.0,0,0.0,0.0,100.1,1,0.249,1,0,0.0,0,0.0,0.0,100.1,1,0.249,1,0,0.0,0,0.0,0.0,100.1,1,0.249,1,0,0.0,0,0.0,0.0,100.1,1
1181-4961-1,108,False,Line,1,3581-89516-1,Line,0.472,100.38,7006.9,1,1.632,20,0,0.0,0,0.0,0.0,100.1,1,0.69,1,0,0.0,0,0.0,0.0,100.1,1,0.69,1,0,0.0,0,0.0,0.0,100.1,1,0.69,1,0,0.0,0,0.0,0.0,100.1,1
1181-4961-1,116,False,Line,1,3581-89516-1,Line,0.346,100.28,4604.0,1,0.646,7,0,0.0,0,0.0,0.0,100.1,1,0.551,1,0,0.0,0,0.0,0.0,100.1,1,0.551,1,0,0.0,0,0.0,0.0,100.1,1,0.551,1,0,0.0,0,0.0,0.0,100.1,1
1181-4961-1,123,False,Line,1,3581-89516-1,Line,0.432,100.35,5593.8,1,0.82,13,0,0.0,0,0.0,0.0,100.1,1,0.611,1,0,0.0,0,0.0,0.0,100.1,1,0.611,1,0,0.0,0,0.0,0.0,100.1,1,0.611,1,0,0.0,0,0.0,0.0,100.1,1
1181-4961-1,130,False,Line,1,3581-89516-1,Line,0.289,100.24,5592.5,1,0.437,13,0,0.0,0,0.0,0.0,100.1,1,0.328,1,0,0.0,0,0.0,0.0,100.1,1,0.328,1,0,0.0,0,0.0,0.0,100.1,1,0.328,1,0,0.0,0,0.0,0.0,100.1,1
1181-4961-1,137,False,Line,1,3581-89516-1,Line,0.149,100.12,5053.5,1,0.092,11,0,0.0,0,0.0,0.0,100.1,1,0.065,1,0,0.0,0,0.0,0.0,100.1,1,0.065,1,0,0.0,0,0.0,0.0,100.1,1,0.065,1,0,0.0,0,0.0,0.0,100.1,1
1181-4961-1,145,False,Line,1,3581-89516-1,Line,0.728,100.59,4124.9,1,2.326,26,0,0.0,0,0.0,0.0,100.1,1,1.195,1,0,0.0,0,0.0,0.0,100.1,1,1.195,1,0,0.0,0,0.0,0.0,100.1,1,1.195,1,0,0.0,0,0.0,0.0,100.1,1
1181-4961-1,152,False,Line,1,3581-89516-1,Line,0.899,100.73,4161.2,1,2.714,25,0,0.0,0,0.0,0.0,100.1,1,1.532,1,0,0.0,0,0.0,0.0,100.1,1,1.532,1,0,0.0,0,0.0,0.0,100.1,1,1.532,1,0,0.0,0,0.0,0.0,100.1,1
1181-4961-1,159,False,Line,1,3581-89516-1,Line,0.656,100.53,5313.0,1,1.83,25,0,0.0,0,0.0,0.0,100.1,1,1.054,1,0,0.0,0,0.0,0.0,100.1,1,1.054,1,0,0.0,0,0.0,0.0,100.1,1,1.054,1,0,0.0,0,0.0,0.0,100.1,1
1181-4961-1,167,False,Line,1,3581-89516-1,Line,0.623,100.51,3161.9,1,1.584,26,0,0.0,0,0.0,0.0,100.1,1,0.988,1,0,0.0,0,0.0,0.0,100.1,1,0.988,1,0,0.0,0,0.0,0.0,100.1,1,0.988,1,0,0.0,0,0.0,0.0,100.1,1
1181-4961-2,0,False,Line,1,3581-89516-1,Line,0.271,100.22,5299.5,1,0.375,13,0,0.0,0,0.0,0.0,100.1,1,0.293,1,0,0.0,0,0.0,0.0,100.1,1,0.293,1,0,0.0,0,0.0,0.0,100.1,1,0.293,1,0,0.0,0,0.0,0.0,100.1,1
1181-4961-2,7,False,Line,1,3581-89516-1,Line,0.142,100.12,6073.6,1,0.051,16,0,0.0,0,0.0,0.0,100.1,1,0.038,1,0,0.0,0,0.0,0.0,100.1,1,0.038,1,0,0.0,0,0.0,0.0,100.1,1,0.038,1,0,0.0,0,0.0,0.0,100.1,1
1181-4961-2,21,False,Line,1,3581-89516-1,Line,0.294,100.24,4735.3,1,0.479,7,0,0.0,0,0.0,0.0,100.1,1,0.423,1,0,0.0,0,0.0,0.0,100.1,1,0.423,1,0,0.0,0,0.0,0.0,100.1,1,0.423,1,0,0.0,0,0.0,0.0,100.1,1
1181-4961-2,29,False,Line,1,3581-89516-1,Line,0.269,100.22,5968.4,1,0.48,10,0,0.0,0,0.0,0.0,100.1,1,0.361,1,0,0.0,0,0.0,0.0,100.1,1,0.361,1,0,0.0,0,0.0,0.0,100.1,1,0.361,1,0,0.0,0,0.0,0.0,100.1,1
1181-4961-2,50,False,Line,1,3581-89516-1,Line,0.324,100.26,5312.4,1,1.004,26,0,0.0,0,0.0,0.0,100.1,1,0.396,1,0,0.0,0,0.0,0.0,100.1,1,0.396,1,0,0.0,0,0.0,0.0,100.1,1,0.396,1,0,0.0,0,0.0,0.0,100.1,1
1181-4961-2,58,False,Line,1,3581-89516-1,Line,0.471,100.38,4583.8,1,1.701,26,0,0.0,0,0.0,0.0,100.1,1,0.688,1,0,0.0,0,0.0,0.0,100.1,1,0.688,1,0,0.0,0,0.0,0.0,100.1,1,0.688,1,0,0.0,0,0.0,0.0,100.1,1
1181-4961-2,65,False,Line,1,3581-89516-1,Line,0.216,100.18,5388.6,1,0.626,22,0,0.0,0,0.0,0.0,100.1,1,0.195,1,0,0.0,0,0.0,0.0,100.1,1,0.195,1,0,0.0,0,0.0,0.0,100.1,1,0.195,1,0,0.0,0,0.0,0.0,100.1,1
1181-4961-2,72,False,Line,1,3581-89516-1,Line,0.142,100.12,5745.9,1,0.114,19,0,0.0,0,0.0,0.0,100.1,1,0.046,1,0,0.0,0,0.0,0.0,100.1,1,0.046,1,0,0.0,0,0.0,0.0,100.1,1,0.046,1,0,0.0,0,0.0,0.0,100.1,1
1181-4961-2,79,False,Line,1,3581-89516-1,Line,0.339,100.28,2728.8,1,0.928,26,0,0.0,0,0.0,0.0,100.1,1,0.426,1,0,0.0,0,0.0,0.0,100.1,1,0.426,1,0,0.0,0,0.0,0.0,100.1,1,0.426,1,0,0.0,0,0.0,0.0,100.1,1
1181-4961-2,94,False,Line,1,3581-89516-1,Line,0.164,100.13,5470.0,1,0.17,26,0,0.0,0,0.0,0.0,100.1,1,0.081,1,0,0.0,0,0.0,0.0,100.1,1,0.081,1,0,0.0,0,0.0,0.0,100.1,1,0.081,1,0,0.0,0,0.0,0.0,100.1,1
1181-4961-2,108,False,Line,1,3581-89516-1,Line,0.311,100.25,7006.9,1,0.879,20,0,0.0,0,0.0,0.0,100.1,1,0.372,1,0,0.0,0,0.0,0.0,100.1,1,0.372,1,0,0.0,0,0.0,0.0,100.1,1,0.372,1,0,0.0,0,0.0,0.0,100.1,1
1181-4961-2,116,False,Line,1,3581-89516-1,Line,0.228,100.19,4604.0,1,0.304,7,0,0.0,0,0.0,0.0,100.1,1,0.259,1,0,0.0,0,0.0,0.0,100.1,1,0.259,1,0,0.0,0,0.0,0.0,100.1,1,0.259,1,0,0.0,0,0.0,0.0,100.1,1
1181-4961-2,123,False,Line,1,3581-89516-1,Line,0.285,100.23,5593.8,1,0.429,13,0,0.0,0,0.0,0.0,100.1,1,0.319,1,0,0.0,0,0.0,0.0,100.1,1,0.319,1,0,0.0,0,0.0,0.0,100.1,1,0.319,1,0,0.0,0,0.0,0.0,100.1,1
1181-4961-2,130,False,Line,1,3581-89516-1,Line,0.19,100.15,5592.5,1,0.177,13,0,0.0,0,0.0,0.0,100.1,1,0.133,1,0,0.0,0,0.0,0.0,100.1,1,0.133,1,0,0.0,0,0.0,0.0,100.1,1,0.133,1,0,0.0,0,0.0,0.0,100.1,1
1181-4961-2,145,False,Line,1,3581-89516-1,Line,0.479,100.39,4124.9,1,1.371,26,0,0.0,0,0.0,0.0,100.1,1,0.704,1,0,0.0,0,0.0,0.0,100.1,1,0.704,1,0,0.0,0,0.0,0.0,100.1,1,0.704,1,0,0.0,0,0.0,0.0,100.1,1
1181-4961-2,152,False,Line,1,3581-89516-1,Line,0.592,100.48,4161.2,1,1.641,25,0,0.0,0,0.0,0.0,100.1,1,0.926,1,0,0.0,0,0.0,0.0,100.1,1,0.926,1,0,0.0,0,0.0,0.0,100.1,1,0.926,1,0,0.0,0,0.0,0.0,100.1,1
1181-4961-2,159,False,Line,1,3581-89516-1,Line,0.432,100.35,5313.0,1,1.061,25,0,0.0,0,0.0,0.0,100.1,1,0.611,1,0,0.0,0,0.0,0.0,100.1,1,0.611,1,0,0.0,0,0.0,0.0,100.1,1,0.611,1,0,0.0,0,0.0,0.0,100.1,1
1181-4961-2,167,False,Line,1,3581-89516-1,Line,0.41,100.33,3161.9,1,0.911,26,0,0.0,0,0.0,0.0,100.1,1,0.568,1,0,0.0,0,0.0,0.0,100.1,1,0.568,1,0,0.0,0,0.0,0.0,100.1,1,0.568,1,0,0.0,0,0.0,0.0,100.1,1
1201-2561-1,7,False,Line,1,2561-3781-1,Line,10.89,109.55,6073.6,0,0.0,0,0,0.0,0,10.89,0.0,109.55,0,0.0,0,0,0.0,0,10.89,0.0,109.55,0,0.0,0,0,0.0,0,10.89,0.0,109.55,1,2567.33,49,0,0.0,0,0.0,0.0,100.1,1
1201-2561-1,14,False,Line,1,2561-3781-1,Line,13.038,111.44,6309.0,0,0.0,0,0,0.0,0,13.038,0.0,111.44,0,0.0,0,0,0.0,0,13.038,0.0,111.44,0,0.0,0,0,0.0,0,13.038,0.0,111.44,1,3079.2,62,0,0.0,0,0.0,0.0,100.1,1
1201-2561-1,29,False,Line,1,2561-3781-1,Line,11.824,110.37,5968.4,0,0.0,0,0,0.0,0,11.824,0.0,110.37,0,0.0,0,0,0.0,0,11.824,0.0,110.37,0,0.0,0,0,0.0,0,11.824,0.0,110.37,1,2790.004,35,0,0.0,0,0.0,0.0,100.1,1
1201-2561-1,36,False,Line,1,2561-3781-1,Line,21.372,118.75,6805.4,0,0.0,0,0,0.0,0,21.372,0.0,118.75,0,0.0,0,0,0.0,0,21.372,0.0,118.75,0,0.0,0,0,0.0,0,21.372,0.0,118.75,1,5064.818,121,0,0.0,0,0.0,0.0,100.1,1
1201-2561-1,50,False,Line,1,2561-3781-1,Line,13.201,111.58,5312.4,0,0.0,0,0,0.0,0,13.201,0.0,111.58,0,0.0,0,0,0.0,0,13.201,0.0,111.58,0,0.0,0,0,0.0,0,13.201,0.0,111.58,1,3118.115,96,0,0.0,0,0.0,0.0,100.1,1
1201-2561-1,58,False,Line,1,2561-3781-1,Line,17.553,115.4,4583.8,0,0.0,0,0,0.0,0,17.553,0.0,115.4,0,0.0,0,0,0.0,0,17.553,0.0,115.4,0,0.0,0,0,0.0,0,17.553,0.0,115.4,1,4154.96,144,0,0.0,0,0.0,0.0,100.1,1
1201-2561-1,72,False,Line,1,2561-3781-1,Line,3.582,103.14,5745.9,0,0.0,0,0,0.0,0,3.582,0.0,103.14,0,0.0,0,0,0.0,0,3.582,0.0,103.14,0,0.0,0,0,0.0,0,3.582,0.0,103.14,1,826.333,8,0,0.0,0,0.0,0.0,100.1,1
1201-2561-1,79,False,Line,1,2561-3781-1,Line,29.308,125.71,2728.8,0,0.0,0,0,0.0,0,29.308,0.0,125.71,0,0.0,0,0,0.0,0,29.308,0.0,125.71,0,0.0,0,0,0.0,0,29.308,0.0,125.71,0,2728.827,157,0,0.0,0,17.74,0.0,115.66,0
1201-2561-1,87,False,Line,1,2561-3781-1,Line,31.795,127.89,1883.6,0,0.0,0,0,0.0,0,31.795,0.0,127.89,0,0.0,0,0,0.0,0,31.795,0.0,127.89,0,0.0,0,0,0.0,0,31.795,0.0,127.89,0,1883.564,157,0,0.0,0,23.776,0.0,120.96,0
1201-2561-1,94,False,Line,1,2561-3781-1,Line,6.58,105.77,5470.0,0,0.0,0,0,0.0,0,6.58,0.0,105.77,0,0.0,0,0,0.0,0,6.58,0.0,105.77,0,0.0,0,0,0.0,0,6.58,0.0,105.77,1,1540.61,37,0,0.0,0,0.0,0.0,100.1,1
1201-2561-1,101,False,Line,1,2561-3781-1,Line,15.046,113.2,5965.5,0,0.0,0,0,0.0,0,15.046,0.0,113.2,0,0.0,0,0,0.0,0,15.046,0.0,113.2,0,0.0,0,0,0.0,0,15.046,0.0,113.2,1,3557.564,84,0,0.0,0,0.0,0.0,100.1,1
1201-2561-1,108,False,Line,1,2561-3781-1,Line,24.756,121.72,7006.9,0,0.0,0,0,0.0,0,24.756,0.0,121.72,0,0.0,0,0,0.0,0,24.756,0.0,121.72,0,0.0,0,0,0.0,0,24.756,0.0,121.72,1,5871.049,116,0,0.0,0,0.0,0.0,100.1,1
1201-2561-1,123,False,Line,1,2561-3781-1,Line,6.511,105.71,5593.8,0,0.0,0,0,0.0,0,6.511,0.0,105.71,0,0.0,0,0,0.0,0,6.511,0.0,105.71,0,0.0,0,0,0.0,0,6.511,0.0,105.71,1,1524.195,32,0,0.0,0,0.0,0.0,100.1,1
1201-2561-1,130,False,Line,1,2561-3781-1,Line,8.495,107.45,5592.5,0,0.0,0,0,0.0,0,8.495,0.0,107.45,0,0.0,0,0,0.0,0,8.495,0.0,107.45,0,0.0,0,0,0.0,0,8.495,0.0,107.45,1,1996.696,38,0,0.0,0,0.0,0.0,100.1,1
1201-2561-1,152,False,Line,1,2561-3781-1,Line,5.155,104.52,4161.2,0,0.0,0,0,0.0,0,5.155,0.0,104.52,0,0.0,0,0,0.0,0,5.155,0.0,104.52,0,0.0,0,0,0.0,0,5.155,0.0,104.52,1,1200.975,35,0,0.0,0,0.0,0.0,100.1,1
1201-2561-1,159,False,Line,1,2561-3781-1,Line,3.112,102.73,5313.0,0,0.0,0,0,0.0,0,3.112,0.0,102.73,0,0.0,0,0,0.0,0,3.112,0.0,102.73,0,0.0,0,0,0.0,0,3.112,0.0,102.73,1,714.341,14,0,0.0,0,0.0,0.0,100.1,1
1201-3781-1,36,False,Line,1,2561-3781-1,Line,7.299,106.4,6805.4,0,0.0,0,0,0.0,0,7.299,0.0,106.4,0,0.0,0,0,0.0,0,7.299,0.0,106.4,0,0.0,0,0,0.0,0,7.299,0.0,106.4,1,2271.499,59,0,0.0,0,0.0,0.0,100.1,1
1201-3781-1,58,False,Line,1,2561-3781-1,Line,3.877,103.4,4583.8,0,0.0,0,0,0.0,0,3.877,0.0,103.4,0,0.0,0,0,0.0,0,3.877,0.0,103.4,0,0.0,0,0,0.0,0,3.877,0.0,103.4,1,1189.658,34,0,0.0,0,0.0,0.0,100.1,1
1201-3781-1,79,False,Line,1,2561-3781-1,Line,14.409,112.64,2728.8,0,0.0,0,0,0.0,0,14.409,0.0,112.64,0,0.0,0,0,0.0,0,14.409,0.0,112.64,0,0.0,0,0,0.0,0,14.409,0.0,112.64,0,2728.827,157,0,0.0,0,5.664,0.0,105.07,0
1201-3781-1,87,False,Line,1,2561-3781-1,Line,16.638,114.6,1883.6,0,0.0,0,0,0.0,0,16.638,0.0,114.6,0,0.0,0,0,0.0,0,16.638,0.0,114.6,0,0.0,0,0,0.0,0,16.638,0.0,114.6,0,1883.564,157,0,0.0,0,10.567,0.0,109.37,0
1201-3781-1,101,False,Line,1,2561-3781-1,Line,1.63,101.43,5965.5,0,0.0,0,0,0.0,0,1.63,0.0,101.43,0,0.0,0,0,0.0,0,1.63,0.0,101.43,0,0.0,0,0,0.0,0,1.63,0.0,101.43,1,479.341,15,0,0.0,0,0.0,0.0,100.1,1
1201-3781-1,108,False,Line,1,2561-3781-1,Line,10.331,109.06,7006.9,0,0.0,0,0,0.0,0,10.331,0.0,109.06,0,0.0,0,0,0.0,0,10.331,0.0,109.06,0,0.0,0,0,0.0,0,10.331,0.0,109.06,1,3230.127,49,0,0.0,0,0.0,0.0,100.1,1
1212-1602-1,101,False,Line,2,T3464-3462-34641-1-w2,Transformer,24.93,102.49,5965.5,1,86.242,47,0,0.0,0,0.0,0.0,100.1,1,59.135,2,0,0.0,0,0.0,0.0,100.1,1,59.135,2,0,0.0,0,0.0,0.0,100.1,1,59.135,1,0,0.0,0,0.0,0.0,100.1,1
1212-1602-1,108,False,Line,3,T3464-3462-34641-1-w2,Transformer,24.21,102.35,7006.9,1,81.677,49,1,0.372,0,0.0,100.3,100.3,1,55.692,2,1,0.29,0,0.0,100.24,100.24,1,90.427,4,0,0.0,0,0.0,0.0,100.1,1,56.08,2,0,0.0,0,0.0,0.0,100.1,1
1212-1602-1,159,False,Line,3,T3464-3462-34641-1-w2,Transformer,45.693,103.75,5313.0,1,129.305,49,1,0.584,0,0.0,100.48,100.48,1,90.097,2,1,0.47,0,0.0,100.38,100.38,1,214.087,8,0,0.0,0,0.0,0.0,100.1,1,90.904,2,0,0.0,0,0.0,0.0,100.1,1
1212-3332-1,36,False,Line,1,3082-3122-1,Line,12.585,101.99,6805.4,1,56.976,32,0,0.0,0,0.0,0.0,100.1,1,25.426,1,0,0.0,0,0.0,0.0,100.1,1,25.426,1,0,0.0,0,0.0,0.0,100.1,1,25.426,1,0,0.0,0,0.0,0.0,100.1,1
1212-3332-1,50,False,Line,2,1122-1742-1,Line,43.344,105.07,5312.4,1,117.424,40,1,0.851,0,0.0,100.69,100.69,1,47.535,2,1,0.532,0,0.0,100.43,100.43,0,34.848,2,0,0.0,0,36.709,0.0,104.27,1,48.317,3,0,0.0,0,0.0,0.0,100.1,1
1221-1901-1,50,False,Line,2,1122-1742-1,Line,3.312,100.32,5312.4,1,4.906,20,0,0.0,0,0.0,0.0,100.1,1,2.929,1,0,0.0,0,0.0,0.0,100.1,1,2.929,1,0,0.0,0,0.0,0.0,100.1,1,2.738,2,0,0.0,0,0.0,0.0,100.1,1
1251-2361-1,101,False,Line,2,T3464-3462-34641-1-w2,Transformer,12.553,101.26,5965.5,1,43.776,53,0,0.0,0,0.0,0.0,100.1,1,30.619,1,0,0.0,0,0.0,0.0,100.1,1,30.619,1,0,0.0,0,0.0,0.0,100.1,1,30.619,1,0,0.0,0,0.0,0.0,100.1,1
1251-2361-1,108,False,Line,2,T3464-3462-34641-1-w2,Transformer,15.597,101.56,7006.9,1,55.427,55,0,0.0,0,0.0,0.0,100.1,1,38.687,1,0,0.0,0,0.0,0.0,100.1,1,38.687,1,0,0.0,0,0.0,0.0,100.1,1,38.687,1,0,0.0,0,0.0,0.0,100.1,1
1251-2361-1,159,False,Line,3,T3464-3462-34641-1-w2,Transformer,18.377,101.73,5313.0,1,60.033,55,0,0.0,0,0.0,0.0,100.1,1,43.229,1,0,0.0,0,0.0,0.0,100.1,1,43.229,1,0,0.0,0,0.0,0.0,100.1,1,43.229,2,0,0.0,0,0.0,0.0,100.1,1
1251-52219-1,0,False,Line,1,3581-89516-1,Line,0.488,100.4,5299.5,1,0.925,13,0,0.0,0,0.0,0.0,100.1,1,0.723,1,0,0.0,0,0.0,0.0,100.1,1,0.723,1,0,0.0,0,0.0,0.0,100.1,1,0.723,1,0,0.0,0,0.0,0.0,100.1,1
1251-52219-1,7,False,Line,1,3581-89516-1,Line,0.309,100.25,6073.6,1,0.493,16,0,0.0,0,0.0,0.0,100.1,1,0.369,1,0,0.0,0,0.0,0.0,100.1,1,0.369,1,0,0.0,0,0.0,0.0,100.1,1,0.369,1,0,0.0,0,0.0,0.0,100.1,1
1251-52219-1,21,False,Line,1,3581-89516-1,Line,0.445,100.36,4735.3,1,0.902,7,0,0.0,0,0.0,0.0,100.1,1,0.796,1,0,0.0,0,0.0,0.0,100.1,1,0.796,1,0,0.0,0,0.0,0.0,100.1,1,0.796,1,0,0.0,0,0.0,0.0,100.1,1
1251-52219-1,29,False,Line,1,3581-89516-1,Line,0.524,100.43,5968.4,1,1.32,10,0,0.0,0,0.0,0.0,100.1,1,0.993,1,0,0.0,0,0.0,0.0,100.1,1,0.993,1,0,0.0,0,0.0,0.0,100.1,1,0.993,1,0,0.0,0,0.0,0.0,100.1,1
1251-52219-1,50,False,Line,2,3581-89516-1,Line,0.999,100.3,5312.4,0,1.769,59,0,0.0,0,0.549,0.0,100.11,1,0.738,2,0,0.0,0,0.0,0.0,100.1,0,0.0,0,0,0.0,0,0.999,0.0,100.3,1,0.737,2,0,0.0,0,0.0,0.0,100.1,1
1251-52219-1,58,False,Line,1,3581-89516-1,Line,0.42,100.34,4583.8,1,1.454,26,0,0.0,0,0.0,0.0,100.1,1,0.588,1,0,0.0,0,0.0,0.0,100.1,1,0.588,1,0,0.0,0,0.0,0.0,100.1,1,0.588,1,0,0.0,0,0.0,0.0,100.1,1
1251-52219-1,65,False,Line,1,3581-89516-1,Line,0.386,100.31,5388.6,1,1.78,22,0,0.0,0,0.0,0.0,100.1,1,0.555,1,0,0.0,0,0.0,0.0,100.1,1,0.555,1,0,0.0,0,0.0,0.0,100.1,1,0.555,1,0,0.0,0,0.0,0.0,100.1,1
1251-52219-1,72,False,Line,1,3581-89516-1,Line,0.244,100.2,5745.9,1,0.742,19,0,0.0,0,0.0,0.0,100.1,1,0.299,1,0,0.0,0,0.0,0.0,100.1,1,0.299,1,0,0.0,0,0.0,0.0,100.1,1,0.299,1,0,0.0,0,0.0,0.0,100.1,1
1251-52219-1,94,False,Line,1,3581-89516-1,Line,0.243,100.2,5470.0,1,0.497,26,0,0.0,0,0.0,0.0,100.1,1,0.237,1,0,0.0,0,0.0,0.0,100.1,1,0.237,1,0,0.0,0,0.0,0.0,100.1,1,0.237,1,0,0.0,0,0.0,0.0,100.1,1
1251-52219-1,108,False,Line,2,3691-4041-1,Line,0.701,100.23,7006.9,1,1.503,30,0,0.0,0,0.0,0.0,100.1,1,0.683,2,0,0.0,0,0.0,0.0,100.1,1,2.282,2,0,0.0,0,0.0,0.0,100.1,1,0.682,2,0,0.0,0,0.0,0.0,100.1,1
1251-52219-1,123,False,Line,1,3581-89516-1,Line,0.231,100.19,5593.8,1,0.287,13,0,0.0,0,0.0,0.0,100.1,1,0.214,1,0,0.0,0,0.0,0.0,100.1,1,0.214,1,0,0.0,0,0.0,0.0,100.1,1,0.214,1,0,0.0,0,0.0,0.0,100.1,1
1251-52219-1,130,False,Line,1,3581-89516-1,Line,0.418,100.34,5592.5,1,0.779,13,0,0.0,0,0.0,0.0,100.1,1,0.584,1,0,0.0,0,0.0,0.0,100.1,1,0.584,1,0,0.0,0,0.0,0.0,100.1,1,0.584,1,0,0.0,0,0.0,0.0,100.1,1
1251-52219-1,137,False,Line,1,3581-89516-1,Line,0.607,100.49,5053.5,1,1.693,11,0,0.0,0,0.0,0.0,100.1,1,1.197,1,0,0.0,0,0.0,0.0,100.1,1,1.197,1,0,0.0,0,0.0,0.0,100.1,1,1.197,1,0,0.0,0,0.0,0.0,100.1,1
1251-52219-1,145,False,Line,1,3581-89516-1,Line,0.376,100.31,4124.9,1,0.978,26,0,0.0,0,0.0,0.0,100.1,1,0.502,1,0,0.0,0,0.0,0.0,100.1,1,0.502,1,0,0.0,0,0.0,0.0,100.1,1,0.502,1,0,0.0,0,0.0,0.0,100.1,1
1251-52219-1,152,False,Line,1,3581-89516-1,Line,0.474,100.39,4161.2,1,1.233,25,0,0.0,0,0.0,0.0,100.1,1,0.695,1,0,0.0,0,0.0,0.0,100.1,1,0.695,1,0,0.0,0,0.0,0.0,100.1,1,0.695,1,0,0.0,0,0.0,0.0,100.1,1
1251-52219-1,159,False,Line,1,3581-89516-1,Line,0.446,100.36,5313.0,1,1.113,25,0,0.0,0,0.0,0.0,100.1,1,0.64,1,0,0.0,0,0.0,0.0,100.1,1,0.64,1,0,0.0,0,0.0,0.0,100.1,1,0.64,1,0,0.0,0,0.0,0.0,100.1,1
1251-52219-1,167,False,Line,1,3581-89516-1,Line,0.375,100.3,3161.9,1,0.8,26,0,0.0,0,0.0,0.0,100.1,1,0.498,1,0,0.0,0,0.0,0.0,100.1,1,0.498,1,0,0.0,0,0.0,0.0,100.1,1,0.498,1,0,0.0,0,0.0,0.0,100.1,1
1271-1491-1,108,False,Line,1,3691-4041-1,Line,0.193,100.1,7006.9,1,0.003,8,0,0.0,0,0.0,0.0,100.1,1,0.002,1,0,0.0,0,0.0,0.0,100.1,1,0.002,1,0,0.0,0,0.0,0.0,100.1,1,0.002,1,0,0.0,0,0.0,0.0,100.1,1
1271-2041-1,108,False,Line,1,3691-4041-1,Line,0.331,100.17,7006.9,1,0.302,8,0,0.0,0,0.0,0.0,100.1,1,0.251,1,0,0.0,0,0.0,0.0,100.1,1,0.251,1,0,0.0,0,0.0,0.0,100.1,1,0.251,1,0,0.0,0,0.0,0.0,100.1,1
1301-17411-1,50,False,Line,2,1122-1742-1,Line,74.139,114.43,5312.4,0,298.005,60,0,0.0,0,0.853,0.0,100.17,1,123.097,2,0,0.0,0,0.0,0.0,100.1,0,0.0,0,0,0.0,0,74.139,0.0,114.43,1,123.095,3,0,0.0,0,0.0,0.0,100.1,1
1301-17411-1,65,False,Line,2,1122-1742-1,Line,30.73,105.97,5388.6,0,117.427,56,0,0.0,0,0.69,0.0,100.13,1,50.464,2,0,0.0,0,0.0,0.0,100.1,0,0.0,0,0,0.0,0,30.73,0.0,105.97,1,50.462,2,0,0.0,0,0.0,0.0,100.1,1
1301-17411-1,101,False,Line,3,1122-1742-1,Line,30.546,104.96,5965.5,1,93.962,27,0,0.0,0,0.0,0.0,100.1,1,57.551,2,0,0.0,0,0.0,0.0,100.1,0,192.631,7,0,0.0,0,2.954,0.0,100.58,1,57.545,2,0,0.0,0,0.0,0.0,100.1,1
1301-17411-1,108,False,Line,3,1122-1742-1,Line,21.408,103.18,7006.9,1,64.758,32,1,0.55,0,0.0,100.45,100.45,1,40.495,2,1,0.444,0,0.0,100.36,100.36,0,55.358,3,0,0.0,0,15.673,0.0,103.06,1,41.31,3,0,0.0,0,0.0,0.0,100.1,1
1301-17411-1,159,False,Line,2,T3464-3462-34641-1-w2,Transformer,2.904,100.29,5313.0,1,7.145,55,0,0.0,0,0.0,0.0,100.1,1,5.121,1,0,0.0,0,0.0,0.0,100.1,1,5.121,1,0,0.0,0,0.0,0.0,100.1,1,5.121,1,0,0.0,0,0.0,0.0,100.1,1
1331-2041-1,0,False,Line,1,3581-89516-1,Line,0.455,100.37,5299.5,1,0.84,13,0,0.0,0,0.0,0.0,100.1,1,0.657,1,0,0.0,0,0.0,0.0,100.1,1,0.657,1,0,0.0,0,0.0,0.0,100.1,1,0.657,1,0,0.0,0,0.0,0.0,100.1,1
1331-2041-1,7,False,Line,1,3581-89516-1,Line,0.697,100.57,6073.6,1,1.516,16,0,0.0,0,0.0,0.0,100.1,1,1.135,1,0,0.0,0,0.0,0.0,100.1,1,1.135,1,0,0.0,0,0.0,0.0,100.1,1,1.135,1,0,0.0,0,0.0,0.0,100.1,1
1331-2041-1,21,False,Line,1,3581-89516-1,Line,0.464,100.38,4735.3,1,0.956,7,0,0.0,0,0.0,0.0,100.1,1,0.843,1,0,0.0,0,0.0,0.0,100.1,1,0.843,1,0,0.0,0,0.0,0.0,100.1,1,0.843,1,0,0.0,0,0.0,0.0,100.1,1
1331-2041-1,29,False,Line,1,3581-89516-1,Line,1.245,101.01,5968.4,1,3.688,10,0,0.0,0,0.0,0.0,100.1,1,2.775,1,0,0.0,0,0.0,0.0,100.1,1,2.775,1,0,0.0,0,0.0,0.0,100.1,1,2.775,1,0,0.0,0,0.0,0.0,100.1,1
1331-2041-1,50,False,Line,1,3581-89516-1,Line,0.351,100.28,5312.4,1,1.14,26,0,0.0,0,0.0,0.0,100.1,1,0.45,1,0,0.0,0,0.0,0.0,100.1,1,0.45,1,0,0.0,0,0.0,0.0,100.1,1,0.45,1,0,0.0,0,0.0,0.0,100.1,1
1331-2041-1,58,False,Line,1,3581-89516-1,Line,1.014,100.82,4583.8,1,4.358,26,0,0.0,0,0.0,0.0,100.1,1,1.763,1,0,0.0,0,0.0,0.0,100.1,1,1.763,1,0,0.0,0,0.0,0.0,100.1,1,1.763,1,0,0.0,0,0.0,0.0,100.1,1
1331-2041-1,65,False,Line,1,3581-89516-1,Line,0.817,100.66,5388.6,1,4.683,22,0,0.0,0,0.0,0.0,100.1,1,1.462,1,0,0.0,0,0.0,0.0,100.1,1,1.462,1,0,0.0,0,0.0,0.0,100.1,1,1.462,1,0,0.0,0,0.0,0.0,100.1,1
1331-2041-1,72,False,Line,1,3581-89516-1,Line,0.626,100.51,5745.9,1,3.083,19,0,0.0,0,0.0,0.0,100.1,1,1.244,1,0,0.0,0,0.0,0.0,100.1,1,1.244,1,0,0.0,0,0.0,0.0,100.1,1,1.244,1,0,0.0,0,0.0,0.0,100.1,1
1331-2041-1,79,False,Line,1,3581-89516-1,Line,0.589,100.48,2728.8,1,2.011,26,0,0.0,0,0.0,0.0,100.1,1,0.923,1,0,0.0,0,0.0,0.0,100.1,1,0.923,1,0,0.0,0,0.0,0.0,100.1,1,0.923,1,0,0.0,0,0.0,0.0,100.1,1
1331-2041-1,94,False,Line,1,3581-89516-1,Line,0.656,100.53,5470.0,1,2.211,26,0,0.0,0,0.0,0.0,100.1,1,1.055,1,0,0.0,0,0.0,0.0,100.1,1,1.055,1,0,0.0,0,0.0,0.0,100.1,1,1.055,1,0,0.0,0,0.0,0.0,100.1,1
1331-2041-1,101,False,Line,2,T3464-3462-34641-1-w2,Transformer,1.858,100.19,5965.5,1,3.3,53,0,0.0,0,0.0,0.0,100.1,1,2.309,1,0,0.0,0,0.0,0.0,100.1,1,2.309,1,0,0.0,0,0.0,0.0,100.1,1,2.309,1,0,0.0,0,0.0,0.0,100.1,1
1331-2041-1,108,False,Line,3,3581-89516-1,Line,4.099,100.87,7006.9,0,12.442,75,0,0.0,0,1.125,0.0,100.11,1,16.534,2,1,0.279,0,0.0,100.15,100.15,1,61.572,4,0,0.0,0,0.0,0.0,100.1,1,7.808,2,0,0.0,0,0.0,0.0,100.1,1
1331-2041-1,116,False,Line,1,3581-89516-1,Line,1.021,100.83,4604.0,1,2.607,7,0,0.0,0,0.0,0.0,100.1,1,2.222,1,0,0.0,0,0.0,0.0,100.1,1,2.222,1,0,0.0,0,0.0,0.0,100.1,1,2.222,1,0,0.0,0,0.0,0.0,100.1,1
1331-2041-1,123,False,Line,1,3581-89516-1,Line,0.916,100.74,5593.8,1,2.107,13,0,0.0,0,0.0,0.0,100.1,1,1.569,1,0,0.0,0,0.0,0.0,100.1,1,1.569,1,0,0.0,0,0.0,0.0,100.1,1,1.569,1,0,0.0,0,0.0,0.0,100.1,1
1331-2041-1,130,False,Line,1,3581-89516-1,Line,0.885,100.72,5592.5,1,2.009,13,0,0.0,0,0.0,0.0,100.1,1,1.508,1,0,0.0,0,0.0,0.0,100.1,1,1.508,1,0,0.0,0,0.0,0.0,100.1,1,1.508,1,0,0.0,0,0.0,0.0,100.1,1
1331-2041-1,137,False,Line,1,3581-89516-1,Line,1.322,101.07,5053.5,1,4.193,11,0,0.0,0,0.0,0.0,100.1,1,2.964,1,0,0.0,0,0.0,0.0,100.1,1,2.964,1,0,0.0,0,0.0,0.0,100.1,1,2.964,1,0,0.0,0,0.0,0.0,100.1,1
1331-2041-1,145,False,Line,1,3581-89516-1,Line,0.686,100.56,4124.9,1,2.17,26,0,0.0,0,0.0,0.0,100.1,1,1.114,1,0,0.0,0,0.0,0.0,100.1,1,1.114,1,0,0.0,0,0.0,0.0,100.1,1,1.114,1,0,0.0,0,0.0,0.0,100.1,1
1331-2041-1,152,False,Line,1,3581-89516-1,Line,0.997,100.81,4161.2,1,3.066,25,0,0.0,0,0.0,0.0,100.1,1,1.73,1,0,0.0,0,0.0,0.0,100.1,1,1.73,1,0,0.0,0,0.0,0.0,100.1,1,1.73,1,0,0.0,0,0.0,0.0,100.1,1
1331-2041-1,159,False,Line,3,3581-89516-1,Line,4.364,100.93,5313.0,0,11.997,80,0,0.0,0,1.184,0.0,100.12,1,25.019,2,0,0.0,0,0.0,0.0,100.1,1,73.131,2,0,0.0,0,0.0,0.0,100.1,1,8.508,2,0,0.0,0,0.0,0.0,100.1,1
1331-2041-1,167,False,Line,1,3581-89516-1,Line,0.736,100.6,3161.9,1,1.947,26,0,0.0,0,0.0,0.0,100.1,1,1.214,1,0,0.0,0,0.0,0.0,100.1,1,1.214,1,0,0.0,0,0.0,0.0,100.1,1,1.214,1,0,0.0,0,0.0,0.0,100.1,1
1331-4001-1,0,False,Line,1,3581-89516-1,Line,0.619,100.5,5299.5,1,1.257,13,0,0.0,0,0.0,0.0,100.1,1,0.982,1,0,0.0,0,0.0,0.0,100.1,1,0.982,1,0,0.0,0,0.0,0.0,100.1,1,0.982,1,0,0.0,0,0.0,0.0,100.1,1
1331-4001-1,7,False,Line,1,3581-89516-1,Line,0.886,100.72,6073.6,1,2.016,16,0,0.0,0,0.0,0.0,100.1,1,1.509,1,0,0.0,0,0.0,0.0,100.1,1,1.509,1,0,0.0,0,0.0,0.0,100.1,1,1.509,1,0,0.0,0,0.0,0.0,100.1,1
1331-4001-1,21,False,Line,1,3581-89516-1,Line,0.614,100.5,4735.3,1,1.377,7,0,0.0,0,0.0,0.0,100.1,1,1.214,1,0,0.0,0,0.0,0.0,100.1,1,1.214,1,0,0.0,0,0.0,0.0,100.1,1,1.214,1,0,0.0,0,0.0,0.0,100.1,1
1331-4001-1,29,False,Line,1,3581-89516-1,Line,1.435,101.17,5968.4,1,4.313,10,0,0.0,0,0.0,0.0,100.1,1,3.245,1,0,0.0,0,0.0,0.0,100.1,1,3.245,1,0,0.0,0,0.0,0.0,100.1,1,3.245,1,0,0.0,0,0.0,0.0,100.1,1
1331-4001-1,50,False,Line,1,3581-89516-1,Line,0.543,100.44,5312.4,1,2.105,26,1,0.639,0,0.0,100.1,100.1,1,0.831,1,0,0.0,0,0.0,0.0,100.1,1,0.831,1,0,0.0,0,0.0,0.0,100.1,1,0.831,1,0,0.0,0,0.0,0.0,100.1,1
1331-4001-1,58,False,Line,1,3581-89516-1,Line,1.18,100.96,4583.8,1,5.168,26,0,0.0,0,0.0,0.0,100.1,1,2.091,1,0,0.0,0,0.0,0.0,100.1,1,2.091,1,0,0.0,0,0.0,0.0,100.1,1,2.091,1,0,0.0,0,0.0,0.0,100.1,1
1331-4001-1,65,False,Line,1,3581-89516-1,Line,0.986,100.8,5388.6,1,5.826,22,0,0.0,0,0.0,0.0,100.1,1,1.819,1,0,0.0,0,0.0,0.0,100.1,1,1.819,1,0,0.0,0,0.0,0.0,100.1,1,1.819,1,0,0.0,0,0.0,0.0,100.1,1
1331-4001-1,72,False,Line,1,3581-89516-1,Line,0.804,100.65,5745.9,1,4.173,19,0,0.0,0,0.0,0.0,100.1,1,1.683,1,0,0.0,0,0.0,0.0,100.1,1,1.683,1,0,0.0,0,0.0,0.0,100.1,1,1.683,1,0,0.0,0,0.0,0.0,100.1,1
1331-4001-1,79,False,Line,1,3581-89516-1,Line,0.749,100.61,2728.8,1,2.698,26,0,0.0,0,0.0,0.0,100.1,1,1.238,1,0,0.0,0,0.0,0.0,100.1,1,1.238,1,0,0.0,0,0.0,0.0,100.1,1,1.238,1,0,0.0,0,0.0,0.0,100.1,1
1331-4001-1,94,False,Line,1,3581-89516-1,Line,0.838,100.68,5470.0,1,2.967,26,0,0.0,0,0.0,0.0,100.1,1,1.415,1,0,0.0,0,0.0,0.0,100.1,1,1.415,1,0,0.0,0,0.0,0.0,100.1,1,1.415,1,0,0.0,0,0.0,0.0,100.1,1
1331-4001-1,101,False,Line,2,T3464-3462-34641-1-w2,Transformer,2.409,100.24,5965.5,1,5.418,53,0,0.0,0,0.0,0.0,100.1,1,3.791,1,0,0.0,0,0.0,0.0,100.1,1,3.791,1,0,0.0,0,0.0,0.0,100.1,1,3.791,1,0,0.0,0,0.0,0.0,100.1,1
1331-4001-1,108,False,Line,3,3581-89516-1,Line,4.902,101.04,7006.9,0,15.756,75,0,0.0,0,1.152,0.0,100.12,1,18.124,2,1,0.26,0,0.0,100.14,100.14,1,65.153,4,0,0.0,0,0.0,0.0,100.1,1,9.925,2,0,0.0,0,0.0,0.0,100.1,1
1331-4001-1,116,False,Line,1,3581-89516-1,Line,1.166,100.95,4604.0,1,3.026,7,0,0.0,0,0.0,0.0,100.1,1,2.58,1,0,0.0,0,0.0,0.0,100.1,1,2.58,1,0,0.0,0,0.0,0.0,100.1,1,2.58,1,0,0.0,0,0.0,0.0,100.1,1
1331-4001-1,123,False,Line,1,3581-89516-1,Line,1.098,100.89,5593.8,1,2.591,13,0,0.0,0,0.0,0.0,100.1,1,1.929,1,0,0.0,0,0.0,0.0,100.1,1,1.929,1,0,0.0,0,0.0,0.0,100.1,1,1.929,1,0,0.0,0,0.0,0.0,100.1,1
1331-4001-1,130,False,Line,1,3581-89516-1,Line,1.071,100.87,5592.5,1,2.497,13,0,0.0,0,0.0,0.0,100.1,1,1.875,1,0,0.0,0,0.0,0.0,100.1,1,1.875,1,0,0.0,0,0.0,0.0,100.1,1,1.875,1,0,0.0,0,0.0,0.0,100.1,1
1331-4001-1,137,False,Line,1,3581-89516-1,Line,1.48,101.2,5053.5,1,4.747,11,0,0.0,0,0.0,0.0,100.1,1,3.356,1,0,0.0,0,0.0,0.0,100.1,1,3.356,1,0,0.0,0,0.0,0.0,100.1,1,3.356,1,0,0.0,0,0.0,0.0,100.1,1
1331-4001-1,145,False,Line,1,3581-89516-1,Line,0.858,100.7,4124.9,1,2.835,26,0,0.0,0,0.0,0.0,100.1,1,1.455,1,0,0.0,0,0.0,0.0,100.1,1,1.455,1,0,0.0,0,0.0,0.0,100.1,1,1.455,1,0,0.0,0,0.0,0.0,100.1,1
1331-4001-1,152,False,Line,1,3581-89516-1,Line,1.127,100.92,4161.2,1,3.52,25,0,0.0,0,0.0,0.0,100.1,1,1.986,1,0,0.0,0,0.0,0.0,100.1,1,1.986,1,0,0.0,0,0.0,0.0,100.1,1,1.986,1,0,0.0,0,0.0,0.0,100.1,1
1331-4001-1,159,False,Line,3,3581-89516-1,Line,5.041,101.07,5313.0,0,14.512,80,0,0.0,0,1.215,0.0,100.12,1,26.359,2,0,0.0,0,0.0,0.0,100.1,1,74.698,2,0,0.0,0,0.0,0.0,100.1,1,10.294,2,0,0.0,0,0.0,0.0,100.1,1
1331-4001-1,167,False,Line,1,3581-89516-1,Line,0.895,100.73,3161.9,1,2.45,26,0,0.0,0,0.0,0.0,100.1,1,1.528,1,0,0.0,0,0.0,0.0,100.1,1,1.528,1,0,0.0,0,0.0,0.0,100.1,1,1.528,1,0,0.0,0,0.0,0.0,100.1,1
1341-1701-1,0,False,Line,1,3581-89516-1,Line,0.794,100.65,5299.5,1,1.541,13,0,0.0,0,0.0,0.0,100.1,1,1.25,1,0,0.0,0,0.0,0.0,100.1,1,1.25,1,0,0.0,0,0.0,0.0,100.1,1,1.25,1,0,0.0,0,0.0,0.0,100.1,1
1341-1701-1,123,False,Line,3,3581-89516-1,Line,25.33,107.95,5593.8,1,22.316,13,0,0.0,0,0.0,0.0,100.1,1,17.992,1,0,0.0,0,0.0,0.0,100.1,1,17.992,1,0,0.0,0,0.0,0.0,100.1,1,17.992,1,0,0.0,0,0.0,0.0,100.1,1
1341-1701-1,130,False,Line,3,3581-89516-1,Line,24.965,107.85,5592.5,1,21.976,13,0,0.0,0,0.0,0.0,100.1,1,17.765,1,0,0.0,0,0.0,0.0,100.1,1,17.765,1,0,0.0,0,0.0,0.0,100.1,1,17.765,1,0,0.0,0,0.0,0.0,100.1,1
1341-1701-1,145,False,Line,3,3581-89516-1,Line,12.354,104.43,4124.9,1,17.89,26,0,0.0,0,0.0,0.0,100.1,1,9.931,1,0,0.0,0,0.0,0.0,100.1,1,9.931,1,0,0.0,0,0.0,0.0,100.1,1,9.931,2,0,0.0,0,0.0,0.0,100.1,1
1341-1701-1,152,False,Line,3,3581-89516-1,Line,20.758,106.71,4161.2,1,25.182,25,0,0.0,0,0.0,0.0,100.1,1,15.152,1,0,0.0,0,0.0,0.0,100.1,1,15.152,1,0,0.0,0,0.0,0.0,100.1,1,15.152,1,0,0.0,0,0.0,0.0,100.1,1
1351-4081-1,50,False,Line,2,3082-3122-1,Line,2.869,100.25,5312.4,1,4.705,19,1,0.136,0,0.0,100.11,100.11,1,2.789,1,1,0.125,0,0.0,100.1,100.1,0,2.539,1,0,0.0,0,0.721,0.0,100.11,1,2.469,3,0,0.0,0,0.0,0.0,100.1,1
1351-4081-1,108,False,Line,1,3581-89516-1,Line,0.13,100.11,7006.9,1,0.033,20,0,0.0,0,0.0,0.0,100.1,1,0.014,1,0,0.0,0,0.0,0.0,100.1,1,0.014,1,0,0.0,0,0.0,0.0,100.1,1,0.014,1,0,0.0,0,0.0,0.0,100.1,1
1351-4081-1,152,False,Line,1,3581-89516-1,Line,0.132,100.11,4161.2,1,0.031,25,0,0.0,0,0.0,0.0,100.1,1,0.017,1,0,0.0,0,0.0,0.0,100.1,1,0.017,1,0,0.0,0,0.0,0.0,100.1,1,0.017,1,0,0.0,0,0.0,0.0,100.1,1
1351-4081-1,159,False,Line,1,3581-89516-1,Line,0.146,100.12,5313.0,1,0.078,25,0,0.0,0,0.0,0.0,100.1,1,0.045,1,0,0.0,0,0.0,0.0,100.1,1,0.045,1,0,0.0,0,0.0,0.0,100.1,1,0.045,1,0,0.0,0,0.0,0.0,100.1,1
1351-4201-1,50,False,Line,2,3082-3122-1,Line,3.202,100.28,5312.4,1,5.602,19,1,0.155,0,0.0,100.13,100.13,1,3.322,1,1,0.142,0,0.0,100.12,100.12,0,30.8,2,0,0.0,0,0.732,0.0,100.12,1,2.976,3,0,0.0,0,0.0,0.0,100.1,1
1351-4201-1,108,False,Line,1,3581-89516-1,Line,0.142,100.12,7006.9,1,0.091,20,0,0.0,0,0.0,0.0,100.1,1,0.038,1,0,0.0,0,0.0,0.0,100.1,1,0.038,1,0,0.0,0,0.0,0.0,100.1,1,0.038,1,0,0.0,0,0.0,0.0,100.1,1
1351-4201-1,137,False,Line,1,3581-89516-1,Line,0.132,100.11,5053.5,1,0.032,11,0,0.0,0,0.0,0.0,100.1,1,0.022,1,0,0.0,0,0.0,0.0,100.1,1,0.022,1,0,0.0,0,0.0,0.0,100.1,1,0.022,1,0,0.0,0,0.0,0.0,100.1,1
1351-4201-1,152,False,Line,1,3581-89516-1,Line,0.143,100.12,4161.2,1,0.068,25,0,0.0,0,0.0,0.0,100.1,1,0.039,1,0,0.0,0,0.0,0.0,100.1,1,0.039,1,0,0.0,0,0.0,0.0,100.1,1,0.039,1,0,0.0,0,0.0,0.0,100.1,1
1351-4201-1,159,False,Line,1,3581-89516-1,Line,0.156,100.13,5313.0,1,0.114,25,0,0.0,0,0.0,0.0,100.1,1,0.066,1,0,0.0,0,0.0,0.0,100.1,1,0.066,1,0,0.0,0,0.0,0.0,100.1,1,0.066,1,0,0.0,0,0.0,0.0,100.1,1
1361-2001-1,0,False,Line,1,3581-89516-1,Line,0.209,100.17,5299.5,1,0.217,13,0,0.0,0,0.0,0.0,100.1,1,0.17,1,0,0.0,0,0.0,0.0,100.1,1,0.17,1,0,0.0,0,0.0,0.0,100.1,1,0.17,1,0,0.0,0,0.0,0.0,100.1,1
1361-2001-1,7,False,Line,1,3581-89516-1,Line,0.351,100.29,6073.6,1,0.603,16,0,0.0,0,0.0,0.0,100.1,1,0.452,1,0,0.0,0,0.0,0.0,100.1,1,0.452,1,0,0.0,0,0.0,0.0,100.1,1,0.452,1,0,0.0,0,0.0,0.0,100.1,1
1361-2001-1,21,False,Line,1,3581-89516-1,Line,0.295,100.24,4735.3,1,0.482,7,0,0.0,0,0.0,0.0,100.1,1,0.425,1,0,0.0,0,0.0,0.0,100.1,1,0.425,1,0,0.0,0,0.0,0.0,100.1,1,0.425,1,0,0.0,0,0.0,0.0,100.1,1
1361-2001-1,29,False,Line,1,3581-89516-1,Line,0.469,100.38,5968.4,1,1.138,10,0,0.0,0,0.0,0.0,100.1,1,0.856,1,0,0.0,0,0.0,0.0,100.1,1,0.856,1,0,0.0,0,0.0,0.0,100.1,1,0.856,1,0,0.0,0,0.0,0.0,100.1,1
1361-2001-1,50,False,Line,1,3581-89516-1,Line,0.237,100.19,5312.4,1,0.57,26,0,0.0,0,0.0,0.0,100.1,1,0.225,1,0,0.0,0,0.0,0.0,100.1,1,0.225,1,0,0.0,0,0.0,0.0,100.1,1,0.225,1,0,0.0,0,0.0,0.0,100.1,1
1361-2001-1,58,False,Line,1,3581-89516-1,Line,0.262,100.21,4583.8,1,0.679,26,0,0.0,0,0.0,0.0,100.1,1,0.274,1,0,0.0,0,0.0,0.0,100.1,1,0.274,1,0,0.0,0,0.0,0.0,100.1,1,0.274,1,0,0.0,0,0.0,0.0,100.1,1
1361-2001-1,65,False,Line,1,3581-89516-1,Line,0.129,100.1,5388.6,1,0.041,22,0,0.0,0,0.0,0.0,100.1,1,0.013,1,0,0.0,0,0.0,0.0,100.1,1,0.013,1,0,0.0,0,0.0,0.0,100.1,1,0.013,1,0,0.0,0,0.0,0.0,100.1,1
1361-2001-1,101,False,Line,2,T3464-3462-34641-1-w2,Transformer,8.332,100.83,5965.5,1,27.933,54,0,0.0,0,0.0,0.0,100.1,1,19.684,1,0,0.0,0,0.0,0.0,100.1,1,19.684,1,0,0.0,0,0.0,0.0,100.1,1,19.684,1,0,0.0,0,0.0,0.0,100.1,1
1361-2001-1,108,False,Line,4,T3464-3462-34641-1-w2,Transformer,6.918,100.64,7006.9,0,21.695,76,0,0.0,0,0.515,0.0,100.1,1,53.08,2,0,0.0,0,0.0,0.0,100.1,1,53.08,2,0,0.0,0,0.0,0.0,100.1,1,15.049,2,0,0.0,0,0.0,0.0,100.1,1
1361-2001-1,116,False,Line,1,3581-89516-1,Line,0.309,100.25,4604.0,1,0.539,7,0,0.0,0,0.0,0.0,100.1,1,0.46,1,0,0.0,0,0.0,0.0,100.1,1,0.46,1,0,0.0,0,0.0,0.0,100.1,1,0.46,1,0,0.0,0,0.0,0.0,100.1,1
1361-2001-1,123,False,Line,1,3581-89516-1,Line,0.488,100.4,5593.8,1,0.971,13,0,0.0,0,0.0,0.0,100.1,1,0.723,1,0,0.0,0,0.0,0.0,100.1,1,0.723,1,0,0.0,0,0.0,0.0,100.1,1,0.723,1,0,0.0,0,0.0,0.0,100.1,1
1361-2001-1,130,False,Line,1,3581-89516-1,Line,0.553,100.45,5592.5,1,1.133,13,0,0.0,0,0.0,0.0,100.1,1,0.85,1,0,0.0,0,0.0,0.0,100.1,1,0.85,1,0,0.0,0,0.0,0.0,100.1,1,0.85,1,0,0.0,0,0.0,0.0,100.1,1
1361-2001-1,137,False,Line,1,3581-89516-1,Line,0.452,100.37,5053.5,1,1.152,11,0,0.0,0,0.0,0.0,100.1,1,0.814,1,0,0.0,0,0.0,0.0,100.1,1,0.814,1,0,0.0,0,0.0,0.0,100.1,1,0.814,1,0,0.0,0,0.0,0.0,100.1,1
1361-2001-1,145,False,Line,1,3581-89516-1,Line,0.566,100.46,4124.9,1,1.709,26,0,0.0,0,0.0,0.0,100.1,1,0.876,1,0,0.0,0,0.0,0.0,100.1,1,0.876,1,0,0.0,0,0.0,0.0,100.1,1,0.876,1,0,0.0,0,0.0,0.0,100.1,1
1361-2001-1,152,False,Line,1,3581-89516-1,Line,0.458,100.37,4161.2,1,1.175,25,0,0.0,0,0.0,0.0,100.1,1,0.662,1,0,0.0,0,0.0,0.0,100.1,1,0.662,1,0,0.0,0,0.0,0.0,100.1,1,0.662,1,0,0.0,0,0.0,0.0,100.1,1
1361-2001-1,159,False,Line,3,T3464-3462-34641-1-w2,Transformer,12.933,101.25,5313.0,0,44.485,81,0,0.0,0,0.551,0.0,100.11,1,49.853,2,0,0.0,0,0.0,0.0,100.1,1,63.408,2,0,0.0,0,0.0,0.0,100.1,1,32.023,2,0,0.0,0,0.0,0.0,100.1,1
1361-2001-1,167,False,Line,1,3581-89516-1,Line,0.345,100.28,3161.9,1,0.704,26,0,0.0,0,0.0,0.0,100.1,1,0.439,1,0,0.0,0,0.0,0.0,100.1,1,0.439,1,0,0.0,0,0.0,0.0,100.1,1,0.439,1,0,0.0,0,0.0,0.0,100.1,1
1361-2161-1,0,False,Line,1,3581-89516-1,Line,0.281,100.23,5299.5,1,0.401,13,0,0.0,0,0.0,0.0,100.1,1,0.313,1,0,0.0,0,0.0,0.0,100.1,1,0.313,1,0,0.0,0,0.0,0.0,100.1,1,0.313,1,0,0.0,0,0.0,0.0,100.1,1
1361-2161-1,7,False,Line,1,3581-89516-1,Line,0.434,100.35,6073.6,1,0.823,16,0,0.0,0,0.0,0.0,100.1,1,0.616,1,0,0.0,0,0.0,0.0,100.1,1,0.616,1,0,0.0,0,0.0,0.0,100.1,1,0.616,1,0,0.0,0,0.0,0.0,100.1,1
1361-2161-1,21,False,Line,1,3581-89516-1,Line,0.361,100.29,4735.3,1,0.667,7,0,0.0,0,0.0,0.0,100.1,1,0.589,1,0,0.0,0,0.0,0.0,100.1,1,0.589,1,0,0.0,0,0.0,0.0,100.1,1,0.589,1,0,0.0,0,0.0,0.0,100.1,1
1361-2161-1,29,False,Line,1,3581-89516-1,Line,0.553,100.45,5968.4,1,1.413,10,0,0.0,0,0.0,0.0,100.1,1,1.063,1,0,0.0,0,0.0,0.0,100.1,1,1.063,1,0,0.0,0,0.0,0.0,100.1,1,1.063,1,0,0.0,0,0.0,0.0,100.1,1
1361-2161-1,50,False,Line,1,3581-89516-1,Line,0.321,100.26,5312.4,1,0.995,26,0,0.0,0,0.0,0.0,100.1,1,0.392,1,0,0.0,0,0.0,0.0,100.1,1,0.392,1,0,0.0,0,0.0,0.0,100.1,1,0.392,1,0,0.0,0,0.0,0.0,100.1,1
1361-2161-1,58,False,Line,1,3581-89516-1,Line,0.348,100.28,4583.8,1,1.1,26,0,0.0,0,0.0,0.0,100.1,1,0.444,1,0,0.0,0,0.0,0.0,100.1,1,0.444,1,0,0.0,0,0.0,0.0,100.1,1,0.444,1,0,0.0,0,0.0,0.0,100.1,1
1361-2161-1,65,False,Line,1,3581-89516-1,Line,0.204,100.17,5388.6,1,0.545,22,0,0.0,0,0.0,0.0,100.1,1,0.17,1,0,0.0,0,0.0,0.0,100.1,1,0.17,1,0,0.0,0,0.0,0.0,100.1,1,0.17,1,0,0.0,0,0.0,0.0,100.1,1
1361-2161-1,72,False,Line,1,3581-89516-1,Line,0.169,100.14,5745.9,1,0.282,19,0,0.0,0,0.0,0.0,100.1,1,0.114,1,0,0.0,0,0.0,0.0,100.1,1,0.114,1,0,0.0,0,0.0,0.0,100.1,1,0.114,1,0,0.0,0,0.0,0.0,100.1,1
1361-2161-1,79,False,Line,1,3581-89516-1,Line,0.165,100.13,2728.8,1,0.18,26,0,0.0,0,0.0,0.0,100.1,1,0.083,1,0,0.0,0,0.0,0.0,100.1,1,0.083,1,0,0.0,0,0.0,0.0,100.1,1,0.083,1,0,0.0,0,0.0,0.0,100.1,1
1361-2161-1,94,False,Line,1,3581-89516-1,Line,0.168,100.14,5470.0,1,0.188,26,0,0.0,0,0.0,0.0,100.1,1,0.09,1,0,0.0,0,0.0,0.0,100.1,1,0.09,1,0,0.0,0,0.0,0.0,100.1,1,0.09,1,0,0.0,0,0.0,0.0,100.1,1
1361-2161-1,101,False,Line,2,T3464-3462-34641-1-w2,Transformer,10.649,101.06,5965.5,1,36.732,54,0,0.0,0,0.0,0.0,100.1,1,25.89,1,0,0.0,0,0.0,0.0,100.1,1,25.89,1,0,0.0,0,0.0,0.0,100.1,1,25.89,1,0,0.0,0,0.0,0.0,100.1,1
1361-2161-1,108,False,Line,4,T3464-3462-34641-1-w2,Transformer,9.598,100.89,7006.9,0,31.81,76,0,0.0,0,0.525,0.0,100.11,1,59.736,2,0,0.0,0,0.0,0.0,100.1,1,59.736,2,0,0.0,0,0.0,0.0,100.1,1,22.102,3,0,0.0,0,0.0,0.0,100.1,1
1361-2161-1,116,False,Line,1,3581-89516-1,Line,0.372,100.3,4604.0,1,0.724,7,0,0.0,0,0.0,0.0,100.1,1,0.617,1,0,0.0,0,0.0,0.0,100.1,1,0.617,1,0,0.0,0,0.0,0.0,100.1,1,0.617,1,0,0.0,0,0.0,0.0,100.1,1
1361-2161-1,123,False,Line,1,3581-89516-1,Line,0.568,100.46,5593.8,1,1.184,13,0,0.0,0,0.0,0.0,100.1,1,0.881,1,0,0.0,0,0.0,0.0,100.1,1,0.881,1,0,0.0,0,0.0,0.0,100.1,1,0.881,1,0,0.0,0,0.0,0.0,100.1,1
1361-2161-1,130,False,Line,1,3581-89516-1,Line,0.634,100.52,5592.5,1,1.347,13,0,0.0,0,0.0,0.0,100.1,1,1.011,1,0,0.0,0,0.0,0.0,100.1,1,1.011,1,0,0.0,0,0.0,0.0,100.1,1,1.011,1,0,0.0,0,0.0,0.0,100.1,1
1361-2161-1,137,False,Line,1,3581-89516-1,Line,0.522,100.42,5053.5,1,1.395,11,0,0.0,0,0.0,0.0,100.1,1,0.986,1,0,0.0,0,0.0,0.0,100.1,1,0.986,1,0,0.0,0,0.0,0.0,100.1,1,0.986,1,0,0.0,0,0.0,0.0,100.1,1
1361-2161-1,145,False,Line,1,3581-89516-1,Line,0.642,100.52,4124.9,1,2.002,26,0,0.0,0,0.0,0.0,100.1,1,1.026,1,0,0.0,0,0.0,0.0,100.1,1,1.026,1,0,0.0,0,0.0,0.0,100.1,1,1.026,1,0,0.0,0,0.0,0.0,100.1,1
1361-2161-1,152,False,Line,1,3581-89516-1,Line,0.526,100.43,4161.2,1,1.415,25,0,0.0,0,0.0,0.0,100.1,1,0.798,1,0,0.0,0,0.0,0.0,100.1,1,0.798,1,0,0.0,0,0.0,0.0,100.1,1,0.798,1,0,0.0,0,0.0,0.0,100.1,1
1361-2161-1,159,False,Line,3,T3464-3462-34641-1-w2,Transformer,15.114,101.46,5313.0,0,52.655,81,0,0.0,0,0.562,0.0,100.11,1,55.469,2,0,0.0,0,0.0,0.0,100.1,1,77.195,3,0,0.0,0,0.0,0.0,100.1,1,37.91,2,0,0.0,0,0.0,0.0,100.1,1
1361-2161-1,167,False,Line,1,3581-89516-1,Line,0.414,100.34,3161.9,1,0.926,26,0,0.0,0,0.0,0.0,100.1,1,0.577,1,0,0.0,0,0.0,0.0,100.1,1,0.577,1,0,0.0,0,0.0,0.0,100.1,1,0.577,1,0,0.0,0,0.0,0.0,100.1,1
1392-3842-1,0,False,Line,1,3581-89516-1,Line,0.526,100.43,5299.5,1,1.022,13,0,0.0,0,0.0,0.0,100.1,1,0.798,1,0,0.0,0,0.0,0.0,100.1,1,0.798,1,0,0.0,0,0.0,0.0,100.1,1,0.798,1,0,0.0,0,0.0,0.0,100.1,1
1392-3842-1,7,False,Line,1,3581-89516-1,Line,1.101,100.9,6073.6,1,2.587,16,0,0.0,0,0.0,0.0,100.1,1,1.936,1,0,0.0,0,0.0,0.0,100.1,1,1.936,1,0,0.0,0,0.0,0.0,100.1,1,1.936,1,0,0.0,0,0.0,0.0,100.1,1
1392-3842-1,21,False,Line,1,3581-89516-1,Line,0.44,100.36,4735.3,1,0.89,7,0,0.0,0,0.0,0.0,100.1,1,0.785,1,0,0.0,0,0.0,0.0,100.1,1,0.785,1,0,0.0,0,0.0,0.0,100.1,1,0.785,1,0,0.0,0,0.0,0.0,100.1,1
1392-3842-1,29,False,Line,1,3581-89516-1,Line,1.745,101.42,5968.4,1,5.336,10,0,0.0,0,0.0,0.0,100.1,1,4.014,1,0,0.0,0,0.0,0.0,100.1,1,4.014,1,0,0.0,0,0.0,0.0,100.1,1,4.014,1,0,0.0,0,0.0,0.0,100.1,1
1392-3842-1,36,False,Line,1,3082-3122-1,Line,10.092,101.59,6805.4,1,37.853,22,0,0.0,0,0.0,0.0,100.1,1,20.28,1,0,0.0,0,0.0,0.0,100.1,1,20.28,1,0,0.0,0,0.0,0.0,100.1,1,20.28,1,0,0.0,0,0.0,0.0,100.1,1
1392-3842-1,50,False,Line,8,T3464-3462-34641-1-w2,Transformer,97.757,104.17,5312.4,0,265.018,96,0,0.0,0,1.446,0.0,100.18,1,199.079,6,0,0.0,0,0.0,0.0,100.1,0,14.315,2,0,0.0,0,95.744,0.0,104.06,1,185.608,8,0,0.0,0,0.0,0.0,100.1,1
1392-3842-1,58,False,Line,3,3581-89516-1,Line,5.282,102.52,4583.8,1,14.548,26,0,0.0,0,0.0,0.0,100.1,1,5.881,1,0,0.0,0,0.0,0.0,100.1,1,5.881,1,0,0.0,0,0.0,0.0,100.1,1,5.881,3,0,0.0,0,0.0,0.0,100.1,1
1392-3842-1,65,False,Line,3,3581-89516-1,Line,5.309,102.52,5388.6,1,20.16,22,0,0.0,0,0.0,0.0,100.1,1,6.285,1,0,0.0,0,0.0,0.0,100.1,1,6.285,1,0,0.0,0,0.0,0.0,100.1,1,6.285,1,0,0.0,0,0.0,0.0,100.1,1
1392-3842-1,72,False,Line,3,3581-89516-1,Line,3.531,102.04,5745.9,1,14.66,19,0,0.0,0,0.0,0.0,100.1,1,5.908,1,0,0.0,0,0.0,0.0,100.1,1,5.908,1,0,0.0,0,0.0,0.0,100.1,1,5.908,1,0,0.0,0,0.0,0.0,100.1,1
1392-3842-1,79,False,Line,3,3581-89516-1,Line,10.915,104.04,2728.8,1,20.927,26,0,0.0,0,0.0,0.0,100.1,1,9.598,1,0,0.0,0,0.0,0.0,100.1,1,9.598,1,0,0.0,0,0.0,0.0,100.1,1,9.598,2,0,0.0,0,0.0,0.0,100.1,1
1392-3842-1,94,False,Line,1,3581-89516-1,Line,2.041,101.66,5470.0,1,7.964,26,0,0.0,0,0.0,0.0,100.1,1,3.797,1,0,0.0,0,0.0,0.0,100.1,1,3.797,1,0,0.0,0,0.0,0.0,100.1,1,3.797,1,0,0.0,0,0.0,0.0,100.1,1
1392-3842-1,101,False,Line,3,T3464-3462-34641-1-w2,Transformer,96.587,107.39,5965.5,1,265.976,55,1,0.708,0,0.0,100.14,100.14,1,191.993,5,0,0.0,0,0.0,0.0,100.1,1,191.993,5,0,0.0,0,0.0,0.0,100.1,1,191.993,5,0,0.0,0,0.0,0.0,100.1,1
1392-3842-1,108,False,Line,7,T3464-3462-34641-1-w2,Transformer,104.708,107.16,7006.9,0,277.849,77,1,0.74,0,0.791,100.14,100.16,1,238.605,7,1,0.635,0,0.0,100.12,100.12,0,192.631,5,0,0.0,0,55.652,0.0,104.44,1,202.71,9,0,0.0,0,0.0,0.0,100.1,1
1392-3842-1,116,False,Line,1,3581-89516-1,Line,0.501,100.41,4604.0,1,1.096,7,0,0.0,0,0.0,0.0,100.1,1,0.934,1,0,0.0,0,0.0,0.0,100.1,1,0.934,1,0,0.0,0,0.0,0.0,100.1,1,0.934,1,0,0.0,0,0.0,0.0,100.1,1
1392-3842-1,123,False,Line,1,3581-89516-1,Line,1.399,101.14,5593.8,1,3.393,13,0,0.0,0,0.0,0.0,100.1,1,2.526,1,0,0.0,0,0.0,0.0,100.1,1,2.526,1,0,0.0,0,0.0,0.0,100.1,1,2.526,1,0,0.0,0,0.0,0.0,100.1,1
1392-3842-1,130,False,Line,1,3581-89516-1,Line,2.088,101.7,5592.5,1,5.183,13,0,0.0,0,0.0,0.0,100.1,1,3.89,1,0,0.0,0,0.0,0.0,100.1,1,3.89,1,0,0.0,0,0.0,0.0,100.1,1,3.89,1,0,0.0,0,0.0,0.0,100.1,1
1392-3842-1,137,False,Line,1,3581-89516-1,Line,1.845,101.5,5053.5,1,6.031,11,0,0.0,0,0.0,0.0,100.1,1,4.262,1,0,0.0,0,0.0,0.0,100.1,1,4.262,1,0,0.0,0,0.0,0.0,100.1,1,4.262,1,0,0.0,0,0.0,0.0,100.1,1
1392-3842-1,145,False,Line,6,T3464-3462-34641-1-w2,Transformer,62.333,104.35,4124.9,0,167.834,84,0,0.0,0,1.6,0.0,100.18,1,123.025,3,0,0.0,0,0.0,0.0,100.1,0,335.087,19,0,0.0,0,22.594,0.0,102.3,1,122.741,5,0,0.0,0,0.0,0.0,100.1,1
1392-3842-1,152,False,Line,3,3581-89516-1,Line,6.012,102.71,4161.2,1,11.286,25,0,0.0,0,0.0,0.0,100.1,1,6.363,1,0,0.0,0,0.0,0.0,100.1,1,6.363,1,0,0.0,0,0.0,0.0,100.1,1,6.363,1,0,0.0,0,0.0,0.0,100.1,1
1392-3842-1,159,False,Line,6,T3464-3462-34641-1-w2,Transformer,109.686,107.59,5313.0,0,282.73,82,0,0.0,0,1.496,0.0,100.19,1,218.066,6,0,0.0,0,0.0,0.0,100.1,0,449.946,21,0,0.0,0,55.111,0.0,104.46,1,209.56,6,0,0.0,0,0.0,0.0,100.1,1
1392-3842-1,167,False,Line,3,3581-89516-1,Line,3.591,102.06,3161.9,1,7.647,26,0,0.0,0,0.0,0.0,100.1,1,4.766,1,0,0.0,0,0.0,0.0,100.1,1,4.766,1,0,0.0,0,0.0,0.0,100.1,1,4.766,1,0,0.0,0,0.0,0.0,100.1,1
1392-4943-1,0,False,Line,1,3581-89516-1,Line,0.526,100.43,5299.5,1,1.022,13,0,0.0,0,0.0,0.0,100.1,1,0.798,1,0,0.0,0,0.0,0.0,100.1,1,0.798,1,0,0.0,0,0.0,0.0,100.1,1,0.798,1,0,0.0,0,0.0,0.0,100.1,1
1392-4943-1,7,False,Line,1,3581-89516-1,Line,1.101,100.9,6073.6,1,2.587,16,0,0.0,0,0.0,0.0,100.1,1,1.936,1,0,0.0,0,0.0,0.0,100.1,1,1.936,1,0,0.0,0,0.0,0.0,100.1,1,1.936,1,0,0.0,0,0.0,0.0,100.1,1
1392-4943-1,21,False,Line,1,3581-89516-1,Line,0.44,100.36,4735.3,1,0.89,7,0,0.0,0,0.0,0.0,100.1,1,0.785,1,0,0.0,0,0.0,0.0,100.1,1,0.785,1,0,0.0,0,0.0,0.0,100.1,1,0.785,1,0,0.0,0,0.0,0.0,100.1,1
1392-4943-1,29,False,Line,1,3581-89516-1,Line,1.745,101.42,5968.4,1,5.336,10,0,0.0,0,0.0,0.0,100.1,1,4.014,1,0,0.0,0,0.0,0.0,100.1,1,4.014,1,0,0.0,0,0.0,0.0,100.1,1,4.014,1,0,0.0,0,0.0,0.0,100.1,1
1392-4943-1,36,False,Line,1,3082-3122-1,Line,10.092,101.59,6805.4,1,37.833,22,0,0.0,0,0.0,0.0,100.1,1,20.274,1,0,0.0,0,0.0,0.0,100.1,1,20.274,1,0,0.0,0,0.0,0.0,100.1,1,20.274,1,0,0.0,0,0.0,0.0,100.1,1
1392-4943-1,50,False,Line,8,T3464-3462-34641-1-w2,Transformer,97.757,104.17,5312.4,0,264.562,96,0,0.0,0,1.436,0.0,100.18,1,198.833,6,0,0.0,0,0.0,0.0,100.1,0,14.315,2,0,0.0,0,95.731,0.0,104.06,1,185.321,8,0,0.0,0,0.0,0.0,100.1,1
1392-4943-1,58,False,Line,3,3581-89516-1,Line,5.282,102.52,4583.8,1,14.547,26,0,0.0,0,0.0,0.0,100.1,1,5.881,1,0,0.0,0,0.0,0.0,100.1,1,5.881,1,0,0.0,0,0.0,0.0,100.1,1,5.881,3,0,0.0,0,0.0,0.0,100.1,1
1392-4943-1,65,False,Line,3,3581-89516-1,Line,5.309,102.52,5388.6,1,20.158,22,0,0.0,0,0.0,0.0,100.1,1,6.284,1,0,0.0,0,0.0,0.0,100.1,1,6.284,1,0,0.0,0,0.0,0.0,100.1,1,6.284,1,0,0.0,0,0.0,0.0,100.1,1
1392-4943-1,72,False,Line,3,3581-89516-1,Line,3.531,102.04,5745.9,1,14.658,19,0,0.0,0,0.0,0.0,100.1,1,5.907,1,0,0.0,0,0.0,0.0,100.1,1,5.907,1,0,0.0,0,0.0,0.0,100.1,1,5.907,1,0,0.0,0,0.0,0.0,100.1,1
1392-4943-1,79,False,Line,1,3581-89516-1,Line,1.029,100.84,2728.8,1,3.908,26,0,0.0,0,0.0,0.0,100.1,1,1.793,1,0,0.0,0,0.0,0.0,100.1,1,1.793,1,0,0.0,0,0.0,0.0,100.1,1,1.793,1,0,0.0,0,0.0,0.0,100.1,1
1392-4943-1,94,False,Line,1,3581-89516-1,Line,2.041,101.66,5470.0,1,7.963,26,0,0.0,0,0.0,0.0,100.1,1,3.797,1,0,0.0,0,0.0,0.0,100.1,1,3.797,1,0,0.0,0,0.0,0.0,100.1,1,3.797,1,0,0.0,0,0.0,0.0,100.1,1
1392-4943-1,101,False,Line,3,T3464-3462-34641-1-w2,Transformer,96.587,107.39,5965.5,1,265.579,55,1,0.707,0,0.0,100.14,100.14,1,191.786,5,0,0.0,0,0.0,0.0,100.1,1,191.786,5,0,0.0,0,0.0,0.0,100.1,1,191.786,5,0,0.0,0,0.0,0.0,100.1,1
1392-4943-1,108,False,Line,7,T3464-3462-34641-1-w2,Transformer,104.708,107.16,7006.9,0,277.43,77,1,0.739,0,0.787,100.14,100.16,1,238.329,7,1,0.635,0,0.0,100.12,100.12,0,192.631,5,0,0.0,0,55.531,0.0,104.43,1,202.459,9,0,0.0,0,0.0,0.0,100.1,1
1392-4943-1,116,False,Line,1,3581-89516-1,Line,0.501,100.41,4604.0,1,1.096,7,0,0.0,0,0.0,0.0,100.1,1,0.934,1,0,0.0,0,0.0,0.0,100.1,1,0.934,1,0,0.0,0,0.0,0.0,100.1,1,0.934,1,0,0.0,0,0.0,0.0,100.1,1
1392-4943-1,123,False,Line,1,3581-89516-1,Line,1.399,101.14,5593.8,1,3.393,13,0,0.0,0,0.0,0.0,100.1,1,2.526,1,0,0.0,0,0.0,0.0,100.1,1,2.526,1,0,0.0,0,0.0,0.0,100.1,1,2.526,1,0,0.0,0,0.0,0.0,100.1,1
1392-4943-1,130,False,Line,1,3581-89516-1,Line,2.088,101.7,5592.5,1,5.182,13,0,0.0,0,0.0,0.0,100.1,1,3.89,1,0,0.0,0,0.0,0.0,100.1,1,3.89,1,0,0.0,0,0.0,0.0,100.1,1,3.89,1,0,0.0,0,0.0,0.0,100.1,1
1392-4943-1,137,False,Line,1,3581-89516-1,Line,1.845,101.5,5053.5,1,6.031,11,0,0.0,0,0.0,0.0,100.1,1,4.262,1,0,0.0,0,0.0,0.0,100.1,1,4.262,1,0,0.0,0,0.0,0.0,100.1,1,4.262,1,0,0.0,0,0.0,0.0,100.1,1
1392-4943-1,145,False,Line,6,T3464-3462-34641-1-w2,Transformer,62.333,104.35,4124.9,0,167.6,84,0,0.0,0,1.592,0.0,100.18,1,122.893,3,0,0.0,0,0.0,0.0,100.1,0,335.087,19,0,0.0,0,22.456,0.0,102.29,1,122.601,5,0,0.0,0,0.0,0.0,100.1,1
1392-4943-1,152,False,Line,3,3581-89516-1,Line,6.012,102.71,4161.2,1,11.285,25,0,0.0,0,0.0,0.0,100.1,1,6.363,1,0,0.0,0,0.0,0.0,100.1,1,6.363,1,0,0.0,0,0.0,0.0,100.1,1,6.363,1,0,0.0,0,0.0,0.0,100.1,1
1392-4943-1,159,False,Line,6,T3464-3462-34641-1-w2,Transformer,109.686,107.59,5313.0,0,282.314,82,0,0.0,0,1.488,0.0,100.19,1,217.814,6,0,0.0,0,0.0,0.0,100.1,0,449.946,21,0,0.0,0,54.837,0.0,104.44,1,209.305,6,0,0.0,0,0.0,0.0,100.1,1
1392-4943-1,167,False,Line,3,3581-89516-1,Line,3.591,102.06,3161.9,1,7.646,26,0,0.0,0,0.0,0.0,100.1,1,4.765,1,0,0.0,0,0.0,0.0,100.1,1,4.765,1,0,0.0,0,0.0,0.0,100.1,1,4.765,1,0,0.0,0,0.0,0.0,100.1,1
1401-1661-1,0,False,Line,1,3581-89516-1,Line,1.188,100.97,5299.5,1,2.673,13,0,0.0,0,0.0,0.0,100.1,1,2.095,1,0,0.0,0,0.0,0.0,100.1,1,2.095,1,0,0.0,0,0.0,0.0,100.1,1,2.095,1,0,0.0,0,0.0,0.0,100.1,1
1401-1661-1,21,False,Line,1,3581-89516-1,Line,1.594,101.3,4735.3,1,4.088,7,0,0.0,0,0.0,0.0,100.1,1,3.61,1,0,0.0,0,0.0,0.0,100.1,1,3.61,1,0,0.0,0,0.0,0.0,100.1,1,3.61,1,0,0.0,0,0.0,0.0,100.1,1
1401-1661-1,50,False,Line,1,3581-89516-1,Line,1.634,101.33,5312.4,1,7.094,26,0,0.0,0,0.0,0.0,100.1,1,2.974,1,0,0.0,0,0.0,0.0,100.1,1,2.974,1,0,0.0,0,0.0,0.0,100.1,1,2.974,2,0,0.0,0,0.0,0.0,100.1,1
1401-1661-1,58,False,Line,3,3581-89516-1,Line,12.396,104.44,4583.8,1,24.641,26,0,0.0,0,0.0,0.0,100.1,1,10.514,1,0,0.0,0,0.0,0.0,100.1,1,10.514,1,0,0.0,0,0.0,0.0,100.1,1,10.514,3,0,0.0,0,0.0,0.0,100.1,1
1401-1661-1,65,False,Line,3,3581-89516-1,Line,10.295,103.87,5388.6,1,28.401,22,0,0.0,0,0.0,0.0,100.1,1,9.726,1,0,0.0,0,0.0,0.0,100.1,1,9.726,1,0,0.0,0,0.0,0.0,100.1,1,9.726,1,0,0.0,0,0.0,0.0,100.1,1
1401-1661-1,72,False,Line,4,3581-89516-1,Line,15.261,104.58,5745.9,1,30.821,19,0,0.0,0,0.0,0.0,100.1,1,59.065,1,0,0.0,0,0.0,0.0,100.1,1,59.065,1,0,0.0,0,0.0,0.0,100.1,1,15.273,2,0,0.0,0,0.0,0.0,100.1,1
1401-1661-1,79,False,Line,3,3581-89516-1,Line,9.059,103.54,2728.8,1,17.266,26,0,0.0,0,0.0,0.0,100.1,1,8.325,1,0,0.0,0,0.0,0.0,100.1,1,8.325,1,0,0.0,0,0.0,0.0,100.1,1,8.325,2,0,0.0,0,0.0,0.0,100.1,1
1401-1661-1,94,False,Line,3,3581-89516-1,Line,10.221,103.85,5470.0,1,17.985,26,0,0.0,0,0.0,0.0,100.1,1,9.087,1,0,0.0,0,0.0,0.0,100.1,1,9.087,1,0,0.0,0,0.0,0.0,100.1,1,9.087,2,0,0.0,0,0.0,0.0,100.1,1
1401-1661-1,108,False,Line,4,3691-4041-1,Line,61.246,127.29,7006.9,1,52.548,4,0,0.0,0,0.0,0.0,100.1,1,69.155,3,0,0.0,0,0.0,0.0,100.1,1,52.548,1,0,0.0,0,0.0,0.0,100.1,1,52.548,2,0,0.0,0,0.0,0.0,100.1,1
1401-1661-1,116,False,Line,1,3581-89516-1,Line,1.703,101.38,4604.0,1,4.536,7,0,0.0,0,0.0,0.0,100.1,1,3.878,1,0,0.0,0,0.0,0.0,100.1,1,3.878,1,0,0.0,0,0.0,0.0,100.1,1,3.878,1,0,0.0,0,0.0,0.0,100.1,1
1401-1661-1,123,False,Line,1,3581-89516-1,Line,0.738,100.6,5593.8,1,1.619,13,0,0.0,0,0.0,0.0,100.1,1,1.21,1,0,0.0,0,0.0,0.0,100.1,1,1.21,1,0,0.0,0,0.0,0.0,100.1,1,1.21,1,0,0.0,0,0.0,0.0,100.1,1
1401-1661-1,130,False,Line,1,3581-89516-1,Line,0.277,100.23,5592.5,1,0.403,13,0,0.0,0,0.0,0.0,100.1,1,0.303,1,0,0.0,0,0.0,0.0,100.1,1,0.303,1,0,0.0,0,0.0,0.0,100.1,1,0.303,1,0,0.0,0,0.0,0.0,100.1,1
1401-1661-1,145,False,Line,3,3581-89516-1,Line,3.471,102.02,4124.9,1,8.8,26,0,0.0,0,0.0,0.0,100.1,1,4.659,1,0,0.0,0,0.0,0.0,100.1,1,4.659,1,0,0.0,0,0.0,0.0,100.1,1,4.659,1,0,0.0,0,0.0,0.0,100.1,1
1401-1661-1,152,False,Line,1,3581-89516-1,Line,1.981,101.61,4161.2,1,6.364,25,0,0.0,0,0.0,0.0,100.1,1,3.658,1,0,0.0,0,0.0,0.0,100.1,1,3.658,1,0,0.0,0,0.0,0.0,100.1,1,3.658,1,0,0.0,0,0.0,0.0,100.1,1
1401-1661-1,159,False,Line,1,3581-89516-1,Line,0.223,100.18,5313.0,1,0.338,25,0,0.0,0,0.0,0.0,100.1,1,0.197,1,0,0.0,0,0.0,0.0,100.1,1,0.197,1,0,0.0,0,0.0,0.0,100.1,1,0.197,1,0,0.0,0,0.0,0.0,100.1,1
1401-1661-1,167,False,Line,1,3581-89516-1,Line,1.491,101.21,3161.9,1,4.232,26,0,0.0,0,0.0,0.0,100.1,1,2.693,1,0,0.0,0,0.0,0.0,100.1,1,2.693,1,0,0.0,0,0.0,0.0,100.1,1,2.693,1,0,0.0,0,0.0,0.0,100.1,1
1401-3691-1,0,False,Line,1,3581-89516-1,Line,1.544,101.26,5299.5,1,3.563,13,0,0.0,0,0.0,0.0,100.1,1,2.794,1,0,0.0,0,0.0,0.0,100.1,1,2.794,1,0,0.0,0,0.0,0.0,100.1,1,2.794,1,0,0.0,0,0.0,0.0,100.1,1
1401-3691-1,7,False,Line,1,3581-89516-1,Line,0.374,100.3,6073.6,1,0.656,16,0,0.0,0,0.0,0.0,100.1,1,0.493,1,0,0.0,0,0.0,0.0,100.1,1,0.493,1,0,0.0,0,0.0,0.0,100.1,1,0.493,1,0,0.0,0,0.0,0.0,100.1,1
1401-3691-1,21,False,Line,1,3581-89516-1,Line,1.919,101.56,4735.3,1,4.985,7,0,0.0,0,0.0,0.0,100.1,1,4.404,1,0,0.0,0,0.0,0.0,100.1,1,4.404,1,0,0.0,0,0.0,0.0,100.1,1,4.404,1,0,0.0,0,0.0,0.0,100.1,1
1401-3691-1,50,False,Line,2,3082-3122-1,Line,1.435,100.13,5312.4,1,0.781,19,0,0.0,0,0.0,0.0,100.1,1,0.463,1,0,0.0,0,0.0,0.0,100.1,1,0.463,1,0,0.0,0,0.0,0.0,100.1,1,0.41,2,0,0.0,0,0.0,0.0,100.1,1
1401-3691-1,101,False,Line,2,T3464-3462-34641-1-w2,Transformer,9.652,100.97,5965.5,1,33.166,53,0,0.0,0,0.0,0.0,100.1,1,23.227,1,0,0.0,0,0.0,0.0,100.1,1,23.227,1,0,0.0,0,0.0,0.0,100.1,1,23.227,1,0,0.0,0,0.0,0.0,100.1,1
1401-3691-1,108,False,Line,2,T3464-3462-34641-1-w2,Transformer,13.32,101.33,7006.9,1,47.371,55,0,0.0,0,0.0,0.0,100.1,1,33.073,1,0,0.0,0,0.0,0.0,100.1,1,33.073,1,0,0.0,0,0.0,0.0,100.1,1,33.073,1,0,0.0,0,0.0,0.0,100.1,1
1401-3691-1,116,False,Line,1,3581-89516-1,Line,2.017,101.64,4604.0,1,5.429,7,0,0.0,0,0.0,0.0,100.1,1,4.642,1,0,0.0,0,0.0,0.0,100.1,1,4.642,1,0,0.0,0,0.0,0.0,100.1,1,4.642,1,0,0.0,0,0.0,0.0,100.1,1
1401-3691-1,123,False,Line,1,3581-89516-1,Line,1.132,100.92,5593.8,1,2.655,13,0,0.0,0,0.0,0.0,100.1,1,1.984,1,0,0.0,0,0.0,0.0,100.1,1,1.984,1,0,0.0,0,0.0,0.0,100.1,1,1.984,1,0,0.0,0,0.0,0.0,100.1,1
1401-3691-1,130,False,Line,1,3581-89516-1,Line,0.678,100.55,5592.5,1,1.449,13,0,0.0,0,0.0,0.0,100.1,1,1.092,1,0,0.0,0,0.0,0.0,100.1,1,1.092,1,0,0.0,0,0.0,0.0,100.1,1,1.092,1,0,0.0,0,0.0,0.0,100.1,1
1431-2651-1,50,False,Line,2,1122-1742-1,Line,5.221,100.57,5312.4,1,10.632,35,0,0.0,0,0.0,0.0,100.1,1,4.714,2,0,0.0,0,0.0,0.0,100.1,1,4.757,2,0,0.0,0,0.0,0.0,100.1,1,4.672,2,0,0.0,0,0.0,0.0,100.1,1
1431-3261-1,50,False,Line,2,1122-1742-1,Line,2.586,100.28,5312.4,1,4.039,33,0,0.0,0,0.0,0.0,100.1,1,1.693,1,0,0.0,0,0.0,0.0,100.1,1,1.693,1,0,0.0,0,0.0,0.0,100.1,1,1.693,1,0,0.0,0,0.0,0.0,100.1,1
1431-3261-1,108,False,Line,2,T3464-3462-34641-1-w2,Transformer,1.407,100.14,7006.9,1,1.567,55,0,0.0,0,0.0,0.0,100.1,1,1.097,1,0,0.0,0,0.0,0.0,100.1,1,1.097,1,0,0.0,0,0.0,0.0,100.1,1,1.097,1,0,0.0,0,0.0,0.0,100.1,1
1441-2225-1,101,False,Line,2,T3464-3462-34641-1-w2,Transformer,2.373,100.24,5965.5,1,5.258,53,0,0.0,0,0.0,0.0,100.1,1,3.689,1,0,0.0,0,0.0,0.0,100.1,1,3.689,1,0,0.0,0,0.0,0.0,100.1,1,3.689,1,0,0.0,0,0.0,0.0,100.1,1
1441-2225-1,108,False,Line,2,T3464-3462-34641-1-w2,Transformer,2.835,100.28,7006.9,1,7.056,55,0,0.0,0,0.0,0.0,100.1,1,4.932,1,0,0.0,0,0.0,0.0,100.1,1,4.932,1,0,0.0,0,0.0,0.0,100.1,1,4.932,1,0,0.0,0,0.0,0.0,100.1,1
1441-2225-1,159,False,Line,2,T3464-3462-34641-1-w2,Transformer,2.744,100.27,5313.0,1,6.532,55,0,0.0,0,0.0,0.0,100.1,1,4.687,1,0,0.0,0,0.0,0.0,100.1,1,4.687,1,0,0.0,0,0.0,0.0,100.1,1,4.687,1,0,0.0,0,0.0,0.0,100.1,1
1441-47210-1,108,False,Line,2,T3464-3462-34641-1-w2,Transformer,1.138,100.11,7006.9,1,0.529,55,0,0.0,0,0.0,0.0,100.1,1,0.37,1,0,0.0,0,0.0,0.0,100.1,1,0.37,1,0,0.0,0,0.0,0.0,100.1,1,0.37,1,0,0.0,0,0.0,0.0,100.1,1
1441-47210-1,159,False,Line,2,T3464-3462-34641-1-w2,Transformer,1.2,100.12,5313.0,1,0.75,55,0,0.0,0,0.0,0.0,100.1,1,0.538,1,0,0.0,0,0.0,0.0,100.1,1,0.538,1,0,0.0,0,0.0,0.0,100.1,1,0.538,1,0,0.0,0,0.0,0.0,100.1,1
1472-2562-1,0,False,Line,2,2563-4242-1,Line,264.107,126.1,5299.5,1,466.435,5,4,16.798,0,0.0,104.22,104.22,1,221.699,1,4,6.268,0,0.0,102.11,102.11,0,12.094,1,0,0.0,0,248.542,0.0,124.69,1,228.379,3,0,0.0,0,0.0,0.0,100.1,1
1472-2562-1,7,False,Line,2,2563-4242-1,Line,277.471,127.32,6073.6,1,488.578,6,3,14.896,0,0.0,104.42,104.42,1,232.095,1,3,5.378,0,0.0,102.21,102.21,0,12.132,1,0,0.0,0,261.859,0.0,125.9,1,237.516,2,0,0.0,0,0.0,0.0,100.1,1
1472-2562-1,21,False,Line,2,2563-4242-1,Line,293.065,128.75,4735.3,1,513.827,5,3,15.878,0,0.0,104.65,104.65,1,244.224,1,3,5.872,0,0.0,102.32,102.32,0,12.115,1,0,0.0,0,277.474,0.0,127.33,1,251.376,2,0,0.0,0,0.0,0.0,100.1,1
1472-2562-1,29,False,Line,2,2563-4242-1,Line,308.12,130.12,5968.4,1,544.618,6,4,20.23,0,0.0,104.97,104.97,1,255.935,1,4,7.86,0,0.0,102.43,102.43,0,12.149,1,0,0.0,0,292.485,0.0,128.7,1,265.213,3,0,0.0,0,0.0,0.0,100.1,1
1474-5464-1,50,False,Line,2,3082-3122-1,Line,4.586,100.55,5312.4,1,13.785,20,0,0.0,0,0.0,0.0,100.1,1,8.183,1,0,0.0,0,0.0,0.0,100.1,1,8.183,1,0,0.0,0,0.0,0.0,100.1,1,6.572,2,0,0.0,0,0.0,0.0,100.1,1
1474-5464-1,108,False,Line,1,3691-4041-1,Line,0.211,100.11,7006.9,1,0.042,8,0,0.0,0,0.0,0.0,100.1,1,0.035,1,0,0.0,0,0.0,0.0,100.1,1,0.035,1,0,0.0,0,0.0,0.0,100.1,1,0.035,1,0,0.0,0,0.0,0.0,100.1,1
1481-2001-1,108,False,Line,2,T3464-3462-34641-1-w2,Transformer,1.577,100.16,7006.9,1,2.221,55,0,0.0,0,0.0,0.0,100.1,1,1.551,1,0,0.0,0,0.0,0.0,100.1,1,1.551,1,0,0.0,0,0.0,0.0,100.1,1,1.551,1,0,0.0,0,0.0,0.0,100.1,1
1481-2001-1,159,False,Line,2,T3464-3462-34641-1-w2,Transformer,1.986,100.2,5313.0,1,3.701,55,0,0.0,0,0.0,0.0,100.1,1,2.652,1,0,0.0,0,0.0,0.0,100.1,1,2.652,1,0,0.0,0,0.0,0.0,100.1,1,2.652,1,0,0.0,0,0.0,0.0,100.1,1
1481-3401-1,159,False,Line,2,T3464-3462-34641-1-w2,Transformer,1.047,100.1,5313.0,1,0.178,55,0,0.0,0,0.0,0.0,100.1,1,0.128,1,0,0.0,0,0.0,0.0,100.1,1,0.128,1,0,0.0,0,0.0,0.0,100.1,1,0.128,1,0,0.0,0,0.0,0.0,100.1,1
1491-2181-1,108,False,Line,1,3691-4041-1,Line,0.193,100.1,7006.9,1,0.003,8,0,0.0,0,0.0,0.0,100.1,1,0.002,1,0,0.0,0,0.0,0.0,100.1,1,0.002,1,0,0.0,0,0.0,0.0,100.1,1,0.002,1,0,0.0,0,0.0,0.0,100.1,1
1522-2042-1,0,False,Line,1,3581-89516-1,Line,0.185,100.15,5299.5,1,0.158,13,0,0.0,0,0.0,0.0,100.1,1,0.123,1,0,0.0,0,0.0,0.0,100.1,1,0.123,1,0,0.0,0,0.0,0.0,100.1,1,0.123,1,0,0.0,0,0.0,0.0,100.1,1
1522-2042-1,7,False,Line,1,3581-89516-1,Line,0.15,100.12,6073.6,1,0.072,16,0,0.0,0,0.0,0.0,100.1,1,0.054,1,0,0.0,0,0.0,0.0,100.1,1,0.054,1,0,0.0,0,0.0,0.0,100.1,1,0.054,1,0,0.0,0,0.0,0.0,100.1,1
1522-2042-1,21,False,Line,1,3581-89516-1,Line,0.221,100.18,4735.3,1,0.274,7,0,0.0,0,0.0,0.0,100.1,1,0.242,1,0,0.0,0,0.0,0.0,100.1,1,0.242,1,0,0.0,0,0.0,0.0,100.1,1,0.242,1,0,0.0,0,0.0,0.0,100.1,1
1522-2042-1,29,False,Line,1,3581-89516-1,Line,0.16,100.13,5968.4,1,0.121,10,0,0.0,0,0.0,0.0,100.1,1,0.091,1,0,0.0,0,0.0,0.0,100.1,1,0.091,1,0,0.0,0,0.0,0.0,100.1,1,0.091,1,0,0.0,0,0.0,0.0,100.1,1
1522-2042-1,116,False,Line,1,3581-89516-1,Line,0.156,100.13,4604.0,1,0.096,7,0,0.0,0,0.0,0.0,100.1,1,0.082,1,0,0.0,0,0.0,0.0,100.1,1,0.082,1,0,0.0,0,0.0,0.0,100.1,1,0.082,1,0,0.0,0,0.0,0.0,100.1,1
1522-5462-1,50,False,Line,2,3082-3122-1,Line,2.356,100.29,5312.4,1,5.756,19,0,0.0,0,0.0,0.0,100.1,1,3.414,1,0,0.0,0,0.0,0.0,100.1,1,3.414,1,0,0.0,0,0.0,0.0,100.1,1,2.648,2,0,0.0,0,0.0,0.0,100.1,1
1541-4321-1,108,False,Line,2,T3464-3462-34641-1-w2,Transformer,2.018,100.2,7006.9,1,3.92,55,0,0.0,0,0.0,0.0,100.1,1,2.738,1,0,0.0,0,0.0,0.0,100.1,1,2.738,1,0,0.0,0,0.0,0.0,100.1,1,2.738,1,0,0.0,0,0.0,0.0,100.1,1
1541-5291-1,108,False,Line,2,T3464-3462-34641-1-w2,Transformer,2.504,100.25,7006.9,1,5.791,55,0,0.0,0,0.0,0.0,100.1,1,4.045,1,0,0.0,0,0.0,0.0,100.1,1,4.045,1,0,0.0,0,0.0,0.0,100.1,1,4.045,1,0,0.0,0,0.0,0.0,100.1,1
1581-4491-1,36,False,Line,1,2561-3781-1,Line,2.24,101.96,6805.4,0,0.0,0,0,0.0,0,2.24,0.0,101.96,0,0.0,0,0,0.0,0,2.24,0.0,101.96,0,0.0,0,0,0.0,0,2.24,0.0,101.96,1,631.37,20,0,0.0,0,0.0,0.0,100.1,1
1581-4491-1,79,False,Line,1,2561-3781-1,Line,9.054,107.94,2728.8,0,0.0,0,0,0.0,0,9.054,0.0,107.94,0,0.0,0,0,0.0,0,9.054,0.0,107.94,0,0.0,0,0,0.0,0,9.054,0.0,107.94,1,2654.89,157,0,0.0,0,0.0,0.0,100.1,1
1581-4491-1,87,False,Line,1,2561-3781-1,Line,11.19,109.82,1883.6,0,0.0,0,0,0.0,0,11.19,0.0,109.82,0,0.0,0,0,0.0,0,11.19,0.0,109.82,0,0.0,0,0,0.0,0,11.19,0.0,109.82,0,1883.564,157,0,0.0,0,4.734,0.0,104.25,0
1581-4491-1,108,False,Line,1,2561-3781-1,Line,5.146,104.51,7006.9,0,0.0,0,0,0.0,0,5.146,0.0,104.51,0,0.0,0,0,0.0,0,5.146,0.0,104.51,0,0.0,0,0,0.0,0,5.146,0.0,104.51,1,1494.264,16,0,0.0,0,0.0,0.0,100.1,1
1581-5521-1,87,False,Line,1,2561-3781-1,Line,1.029,100.9,1883.6,0,0.0,0,0,0.0,0,1.029,0.0,100.9,0,0.0,0,0,0.0,0,1.029,0.0,100.9,0,0.0,0,0,0.0,0,1.029,0.0,100.9,1,374.351,50,0,0.0,0,0.0,0.0,100.1,1
1591-3381-1,0,False,Line,1,3581-89516-1,Line,0.188,100.15,5299.5,1,0.166,13,0,0.0,0,0.0,0.0,100.1,1,0.129,1,0,0.0,0,0.0,0.0,100.1,1,0.129,1,0,0.0,0,0.0,0.0,100.1,1,0.129,1,0,0.0,0,0.0,0.0,100.1,1
1591-3381-1,7,False,Line,1,3581-89516-1,Line,0.227,100.18,6073.6,1,0.275,16,0,0.0,0,0.0,0.0,100.1,1,0.206,1,0,0.0,0,0.0,0.0,100.1,1,0.206,1,0,0.0,0,0.0,0.0,100.1,1,0.206,1,0,0.0,0,0.0,0.0,100.1,1
1591-3381-1,21,False,Line,1,3581-89516-1,Line,0.222,100.18,4735.3,1,0.276,7,0,0.0,0,0.0,0.0,100.1,1,0.244,1,0,0.0,0,0.0,0.0,100.1,1,0.244,1,0,0.0,0,0.0,0.0,100.1,1,0.244,1,0,0.0,0,0.0,0.0,100.1,1
1591-3381-1,29,False,Line,1,3581-89516-1,Line,0.511,100.42,5968.4,1,1.274,10,0,0.0,0,0.0,0.0,100.1,1,0.959,1,0,0.0,0,0.0,0.0,100.1,1,0.959,1,0,0.0,0,0.0,0.0,100.1,1,0.959,1,0,0.0,0,0.0,0.0,100.1,1
1591-3381-1,50,False,Line,1,3581-89516-1,Line,0.303,100.25,5312.4,1,0.901,26,0,0.0,0,0.0,0.0,100.1,1,0.356,1,0,0.0,0,0.0,0.0,100.1,1,0.356,1,0,0.0,0,0.0,0.0,100.1,1,0.356,1,0,0.0,0,0.0,0.0,100.1,1
1591-3381-1,58,False,Line,1,3581-89516-1,Line,0.28,100.23,4583.8,1,0.767,26,0,0.0,0,0.0,0.0,100.1,1,0.311,1,0,0.0,0,0.0,0.0,100.1,1,0.311,1,0,0.0,0,0.0,0.0,100.1,1,0.311,1,0,0.0,0,0.0,0.0,100.1,1
1591-3381-1,65,False,Line,1,3581-89516-1,Line,0.542,100.44,5388.6,1,2.819,22,0,0.0,0,0.0,0.0,100.1,1,0.883,1,0,0.0,0,0.0,0.0,100.1,1,0.883,1,0,0.0,0,0.0,0.0,100.1,1,0.883,1,0,0.0,0,0.0,0.0,100.1,1
1591-3381-1,72,False,Line,1,3581-89516-1,Line,0.454,100.37,5745.9,1,2.02,19,0,0.0,0,0.0,0.0,100.1,1,0.817,1,0,0.0,0,0.0,0.0,100.1,1,0.817,1,0,0.0,0,0.0,0.0,100.1,1,0.817,1,0,0.0,0,0.0,0.0,100.1,1
1591-3381-1,123,False,Line,1,3581-89516-1,Line,0.726,100.59,5593.8,1,1.601,13,0,0.0,0,0.0,0.0,100.1,1,1.193,1,0,0.0,0,0.0,0.0,100.1,1,1.193,1,0,0.0,0,0.0,0.0,100.1,1,1.193,1,0,0.0,0,0.0,0.0,100.1,1
1591-3381-1,130,False,Line,1,3581-89516-1,Line,0.747,100.61,5592.5,1,1.642,13,0,0.0,0,0.0,0.0,100.1,1,1.234,1,0,0.0,0,0.0,0.0,100.1,1,1.234,1,0,0.0,0,0.0,0.0,100.1,1,1.234,1,0,0.0,0,0.0,0.0,100.1,1
1591-3381-1,145,False,Line,1,3581-89516-1,Line,0.875,100.71,4124.9,1,2.895,26,0,0.0,0,0.0,0.0,100.1,1,1.487,1,0,0.0,0,0.0,0.0,100.1,1,1.487,1,0,0.0,0,0.0,0.0,100.1,1,1.487,1,0,0.0,0,0.0,0.0,100.1,1
1591-3381-1,152,False,Line,1,3581-89516-1,Line,0.597,100.49,4161.2,1,1.659,25,0,0.0,0,0.0,0.0,100.1,1,0.937,1,0,0.0,0,0.0,0.0,100.1,1,0.937,1,0,0.0,0,0.0,0.0,100.1,1,0.937,1,0,0.0,0,0.0,0.0,100.1,1
1591-3381-1,159,False,Line,1,3581-89516-1,Line,0.16,100.13,5313.0,1,0.126,25,0,0.0,0,0.0,0.0,100.1,1,0.072,1,0,0.0,0,0.0,0.0,100.1,1,0.072,1,0,0.0,0,0.0,0.0,100.1,1,0.072,1,0,0.0,0,0.0,0.0,100.1,1
1591-4001-1,0,False,Line,1,3581-89516-1,Line,0.188,100.15,5299.5,1,0.166,13,0,0.0,0,0.0,0.0,100.1,1,0.129,1,0,0.0,0,0.0,0.0,100.1,1,0.129,1,0,0.0,0,0.0,0.0,100.1,1,0.129,1,0,0.0,0,0.0,0.0,100.1,1
1591-4001-1,21,False,Line,1,3581-89516-1,Line,0.222,100.18,4735.3,1,0.276,7,0,0.0,0,0.0,0.0,100.1,1,0.244,1,0,0.0,0,0.0,0.0,100.1,1,0.244,1,0,0.0,0,0.0,0.0,100.1,1,0.244,1,0,0.0,0,0.0,0.0,100.1,1
1591-4001-1,29,False,Line,1,3581-89516-1,Line,0.196,100.16,5968.4,1,0.24,10,0,0.0,0,0.0,0.0,100.1,1,0.181,1,0,0.0,0,0.0,0.0,100.1,1,0.181,1,0,0.0,0,0.0,0.0,100.1,1,0.181,1,0,0.0,0,0.0,0.0,100.1,1
1591-4001-1,50,False,Line,1,3581-89516-1,Line,0.303,100.25,5312.4,1,0.9,26,0,0.0,0,0.0,0.0,100.1,1,0.356,1,0,0.0,0,0.0,0.0,100.1,1,0.356,1,0,0.0,0,0.0,0.0,100.1,1,0.356,1,0,0.0,0,0.0,0.0,100.1,1
1591-4001-1,58,False,Line,1,3581-89516-1,Line,0.228,100.19,4583.8,1,0.511,26,0,0.0,0,0.0,0.0,100.1,1,0.207,1,0,0.0,0,0.0,0.0,100.1,1,0.207,1,0,0.0,0,0.0,0.0,100.1,1,0.207,1,0,0.0,0,0.0,0.0,100.1,1
1591-4001-1,65,False,Line,1,3581-89516-1,Line,0.542,100.44,5388.6,1,2.819,22,0,0.0,0,0.0,0.0,100.1,1,0.883,1,0,0.0,0,0.0,0.0,100.1,1,0.883,1,0,0.0,0,0.0,0.0,100.1,1,0.883,1,0,0.0,0,0.0,0.0,100.1,1
1591-4001-1,72,False,Line,1,3581-89516-1,Line,0.454,100.37,5745.9,1,2.02,19,0,0.0,0,0.0,0.0,100.1,1,0.817,1,0,0.0,0,0.0,0.0,100.1,1,0.817,1,0,0.0,0,0.0,0.0,100.1,1,0.817,1,0,0.0,0,0.0,0.0,100.1,1
1591-4001-1,130,False,Line,1,3581-89516-1,Line,0.233,100.19,5592.5,1,0.291,13,0,0.0,0,0.0,0.0,100.1,1,0.218,1,0,0.0,0,0.0,0.0,100.1,1,0.218,1,0,0.0,0,0.0,0.0,100.1,1,0.218,1,0,0.0,0,0.0,0.0,100.1,1
1591-4001-1,145,False,Line,1,3581-89516-1,Line,0.875,100.71,4124.9,1,2.894,26,0,0.0,0,0.0,0.0,100.1,1,1.487,1,0,0.0,0,0.0,0.0,100.1,1,1.487,1,0,0.0,0,0.0,0.0,100.1,1,1.487,1,0,0.0,0,0.0,0.0,100.1,1
1591-4001-1,152,False,Line,1,3581-89516-1,Line,0.486,100.39,4161.2,1,1.27,25,0,0.0,0,0.0,0.0,100.1,1,0.717,1,0,0.0,0,0.0,0.0,100.1,1,0.717,1,0,0.0,0,0.0,0.0,100.1,1,0.717,1,0,0.0,0,0.0,0.0,100.1,1
1591-4001-1,159,False,Line,1,3581-89516-1,Line,0.16,100.13,5313.0,1,0.126,25,0,0.0,0,0.0,0.0,100.1,1,0.072,1,0,0.0,0,0.0,0.0,100.1,1,0.072,1,0,0.0,0,0.0,0.0,100.1,1,0.072,1,0,0.0,0,0.0,0.0,100.1,1
1601-1611-1,50,False,Line,2,1122-1742-1,Line,4.908,100.57,5312.4,1,10.551,33,0,0.0,0,0.0,0.0,100.1,1,4.405,1,0,0.0,0,0.0,0.0,100.1,1,4.405,1,0,0.0,0,0.0,0.0,100.1,1,4.405,1,0,0.0,0,0.0,0.0,100.1,1
1602-3202-1,101,False,Line,2,T3464-3462-34641-1-w2,Transformer,14.926,101.49,5965.5,1,52.281,53,0,0.0,0,0.0,0.0,100.1,1,36.32,1,0,0.0,0,0.0,0.0,100.1,1,36.32,1,0,0.0,0,0.0,0.0,100.1,1,36.32,1,0,0.0,0,0.0,0.0,100.1,1
1602-3202-1,108,False,Line,2,T3464-3462-34641-1-w2,Transformer,13.257,101.33,7006.9,1,46.195,55,1,0.22,0,0.0,100.18,100.18,1,31.968,1,1,0.182,0,0.0,100.15,100.15,1,42.4,2,0,0.0,0,0.0,0.0,100.1,1,32.107,2,0,0.0,0,0.0,0.0,100.1,1
1602-3202-1,159,False,Line,2,T3464-3462-34641-1-w2,Transformer,19.448,101.94,5313.0,1,67.646,55,1,0.323,0,0.0,100.26,100.26,1,48.113,1,1,0.273,0,0.0,100.22,100.22,1,74.858,2,0,0.0,0,0.0,0.0,100.1,1,48.47,3,0,0.0,0,0.0,0.0,100.1,1
1611-3301-1,50,False,Line,2,1122-1742-1,Line,4.908,100.57,5312.4,1,10.555,33,0,0.0,0,0.0,0.0,100.1,1,4.406,1,0,0.0,0,0.0,0.0,100.1,1,4.406,1,0,0.0,0,0.0,0.0,100.1,1,4.406,1,0,0.0,0,0.0,0.0,100.1,1
1621-3061-1,101,False,Line,2,T3464-3462-34641-1-w2,Transformer,2.68,100.27,5965.5,1,6.439,53,0,0.0,0,0.0,0.0,100.1,1,4.511,1,0,0.0,0,0.0,0.0,100.1,1,4.511,1,0,0.0,0,0.0,0.0,100.1,1,4.511,1,0,0.0,0,0.0,0.0,100.1,1
1621-3061-1,108,False,Line,2,T3464-3462-34641-1-w2,Transformer,3.369,100.34,7006.9,1,9.108,55,0,0.0,0,0.0,0.0,100.1,1,6.361,1,0,0.0,0,0.0,0.0,100.1,1,6.361,1,0,0.0,0,0.0,0.0,100.1,1,6.361,1,0,0.0,0,0.0,0.0,100.1,1
1621-3061-1,159,False,Line,2,T3464-3462-34641-1-w2,Transformer,3.327,100.33,5313.0,1,8.717,55,0,0.0,0,0.0,0.0,100.1,1,6.248,1,0,0.0,0,0.0,0.0,100.1,1,6.248,1,0,0.0,0,0.0,0.0,100.1,1,6.248,1,0,0.0,0,0.0,0.0,100.1,1
1621-3221-1,101,False,Line,2,T3464-3462-34641-1-w2,Transformer,2.214,100.22,5965.5,1,4.653,53,0,0.0,0,0.0,0.0,100.1,1,3.26,1,0,0.0,0,0.0,0.0,100.1,1,3.26,1,0,0.0,0,0.0,0.0,100.1,1,3.26,1,0,0.0,0,0.0,0.0,100.1,1
1621-3221-1,108,False,Line,2,T3464-3462-34641-1-w2,Transformer,2.827,100.28,7006.9,1,7.028,55,0,0.0,0,0.0,0.0,100.1,1,4.908,1,0,0.0,0,0.0,0.0,100.1,1,4.908,1,0,0.0,0,0.0,0.0,100.1,1,4.908,1,0,0.0,0,0.0,0.0,100.1,1
1621-3221-1,159,False,Line,2,T3464-3462-34641-1-w2,Transformer,2.87,100.29,5313.0,1,7.007,55,0,0.0,0,0.0,0.0,100.1,1,5.022,1,0,0.0,0,0.0,0.0,100.1,1,5.022,1,0,0.0,0,0.0,0.0,100.1,1,5.022,1,0,0.0,0,0.0,0.0,100.1,1
1631-5041-1,108,False,Line,1,3691-4041-1,Line,0.274,100.14,7006.9,1,0.179,8,0,0.0,0,0.0,0.0,100.1,1,0.149,1,0,0.0,0,0.0,0.0,100.1,1,0.149,1,0,0.0,0,0.0,0.0,100.1,1,0.149,1,0,0.0,0,0.0,0.0,100.1,1
1631-5041-1,123,False,Line,1,3581-89516-1,Line,0.601,100.49,5593.8,1,1.243,13,0,0.0,0,0.0,0.0,100.1,1,0.932,1,0,0.0,0,0.0,0.0,100.1,1,0.932,1,0,0.0,0,0.0,0.0,100.1,1,0.932,1,0,0.0,0,0.0,0.0,100.1,1
1631-5041-1,130,False,Line,1,3581-89516-1,Line,0.717,100.58,5592.5,1,1.532,13,0,0.0,0,0.0,0.0,100.1,1,1.157,1,0,0.0,0,0.0,0.0,100.1,1,1.157,1,0,0.0,0,0.0,0.0,100.1,1,1.157,1,0,0.0,0,0.0,0.0,100.1,1
1631-10619-1,58,False,Line,3,3581-89516-1,Line,8.288,103.33,4583.8,1,18.575,26,0,0.0,0,0.0,0.0,100.1,1,7.749,1,0,0.0,0,0.0,0.0,100.1,1,7.749,1,0,0.0,0,0.0,0.0,100.1,1,7.749,3,0,0.0,0,0.0,0.0,100.1,1
1631-10619-1,65,False,Line,1,3581-89516-1,Line,1.891,101.54,5388.6,1,11.202,22,0,0.0,0,0.0,0.0,100.1,1,3.666,1,0,0.0,0,0.0,0.0,100.1,1,3.666,1,0,0.0,0,0.0,0.0,100.1,1,3.666,1,0,0.0,0,0.0,0.0,100.1,1
1631-10619-1,72,False,Line,1,3581-89516-1,Line,1.734,101.41,5745.9,1,9.34,19,0,0.0,0,0.0,0.0,100.1,1,3.898,1,0,0.0,0,0.0,0.0,100.1,1,3.898,1,0,0.0,0,0.0,0.0,100.1,1,3.898,1,0,0.0,0,0.0,0.0,100.1,1
1631-10619-1,79,False,Line,1,3581-89516-1,Line,1.717,101.4,2728.8,1,6.629,26,0,0.0,0,0.0,0.0,100.1,1,3.109,1,0,0.0,0,0.0,0.0,100.1,1,3.109,1,0,0.0,0,0.0,0.0,100.1,1,3.109,1,0,0.0,0,0.0,0.0,100.1,1
1631-10619-1,108,False,Line,1,3691-4041-1,Line,0.274,100.14,7006.9,1,0.179,8,0,0.0,0,0.0,0.0,100.1,1,0.148,1,0,0.0,0,0.0,0.0,100.1,1,0.148,1,0,0.0,0,0.0,0.0,100.1,1,0.148,1,0,0.0,0,0.0,0.0,100.1,1
1631-10619-1,123,False,Line,1,3581-89516-1,Line,0.601,100.49,5593.8,1,1.245,13,0,0.0,0,0.0,0.0,100.1,1,0.933,1,0,0.0,0,0.0,0.0,100.1,1,0.933,1,0,0.0,0,0.0,0.0,100.1,1,0.933,1,0,0.0,0,0.0,0.0,100.1,1
1631-10619-1,130,False,Line,1,3581-89516-1,Line,0.717,100.58,5592.5,1,1.533,13,0,0.0,0,0.0,0.0,100.1,1,1.158,1,0,0.0,0,0.0,0.0,100.1,1,1.158,1,0,0.0,0,0.0,0.0,100.1,1,1.158,1,0,0.0,0,0.0,0.0,100.1,1
1631-10619-1,145,False,Line,3,3581-89516-1,Line,4.471,102.3,4124.9,1,10.019,26,0,0.0,0,0.0,0.0,100.1,1,5.267,1,0,0.0,0,0.0,0.0,100.1,1,5.267,1,0,0.0,0,0.0,0.0,100.1,1,5.267,1,0,0.0,0,0.0,0.0,100.1,1
1631-10619-1,152,False,Line,3,3581-89516-1,Line,10.326,103.88,4161.2,1,15.66,25,0,0.0,0,0.0,0.0,100.1,1,9.073,1,0,0.0,0,0.0,0.0,100.1,1,9.073,1,0,0.0,0,0.0,0.0,100.1,1,9.073,1,0,0.0,0,0.0,0.0,100.1,1
1631-10619-1,159,False,Line,3,3581-89516-1,Line,3.509,102.03,5313.0,1,7.845,25,0,0.0,0,0.0,0.0,100.1,1,4.642,1,0,0.0,0,0.0,0.0,100.1,1,4.642,1,0,0.0,0,0.0,0.0,100.1,1,4.642,1,0,0.0,0,0.0,0.0,100.1,1
1631-10619-1,167,False,Line,1,3581-89516-1,Line,1.783,101.45,3161.9,1,5.115,26,0,0.0,0,0.0,0.0,100.1,1,3.238,1,0,0.0,0,0.0,0.0,100.1,1,3.238,1,0,0.0,0,0.0,0.0,100.1,1,3.238,1,0,0.0,0,0.0,0.0,100.1,1
1641-1821-1,50,False,Line,2,3082-3122-1,Line,1.433,100.14,5312.4,1,1.234,19,0,0.0,0,0.0,0.0,100.1,1,0.731,1,0,0.0,0,0.0,0.0,100.1,1,0.731,1,0,0.0,0,0.0,0.0,100.1,1,0.578,2,0,0.0,0,0.0,0.0,100.1,1
1641-1821-1,101,False,Line,2,T3464-3462-34641-1-w2,Transformer,3.25,100.32,5965.5,1,8.603,53,0,0.0,0,0.0,0.0,100.1,1,6.027,1,0,0.0,0,0.0,0.0,100.1,1,6.027,1,0,0.0,0,0.0,0.0,100.1,1,6.027,1,0,0.0,0,0.0,0.0,100.1,1
1641-1821-1,108,False,Line,2,T3464-3462-34641-1-w2,Transformer,3.549,100.35,7006.9,1,9.778,55,0,0.0,0,0.0,0.0,100.1,1,6.829,1,0,0.0,0,0.0,0.0,100.1,1,6.829,1,0,0.0,0,0.0,0.0,100.1,1,6.829,1,0,0.0,0,0.0,0.0,100.1,1
1641-1821-1,116,False,Line,1,3581-89516-1,Line,0.299,100.24,4604.0,1,0.509,7,0,0.0,0,0.0,0.0,100.1,1,0.435,1,0,0.0,0,0.0,0.0,100.1,1,0.435,1,0,0.0,0,0.0,0.0,100.1,1,0.435,1,0,0.0,0,0.0,0.0,100.1,1
1641-1821-1,159,False,Line,2,T3464-3462-34641-1-w2,Transformer,5.024,100.5,5313.0,1,15.038,55,0,0.0,0,0.0,0.0,100.1,1,10.78,1,0,0.0,0,0.0,0.0,100.1,1,10.78,1,0,0.0,0,0.0,0.0,100.1,1,10.78,1,0,0.0,0,0.0,0.0,100.1,1
1641-2361-1,50,False,Line,2,1122-1742-1,Line,4.215,100.45,5312.4,1,8.214,34,0,0.0,0,0.0,0.0,100.1,1,3.655,2,0,0.0,0,0.0,0.0,100.1,1,3.709,2,0,0.0,0,0.0,0.0,100.1,1,3.604,2,0,0.0,0,0.0,0.0,100.1,1
1641-2361-1,101,False,Line,2,T3464-3462-34641-1-w2,Transformer,8.235,100.82,5965.5,1,27.15,54,0,0.0,0,0.0,0.0,100.1,1,19.287,1,0,0.0,0,0.0,0.0,100.1,1,19.287,1,0,0.0,0,0.0,0.0,100.1,1,19.287,1,0,0.0,0,0.0,0.0,100.1,1
1641-2361-1,108,False,Line,2,T3464-3462-34641-1-w2,Transformer,9.145,100.91,7006.9,1,30.656,56,0,0.0,0,0.0,0.0,100.1,1,21.714,1,0,0.0,0,0.0,0.0,100.1,1,21.714,1,0,0.0,0,0.0,0.0,100.1,1,21.714,1,0,0.0,0,0.0,0.0,100.1,1
1641-2361-1,159,False,Line,2,T3464-3462-34641-1-w2,Transformer,11.675,101.17,5313.0,1,39.023,56,0,0.0,0,0.0,0.0,100.1,1,28.459,1,0,0.0,0,0.0,0.0,100.1,1,28.459,1,0,0.0,0,0.0,0.0,100.1,1,28.459,1,0,0.0,0,0.0,0.0,100.1,1
1641-4951-1,0,False,Line,1,2781-4951-1,Line,11.365,110.72,5299.5,1,11.35,4,0,0.0,0,0.0,0.0,100.1,1,11.35,1,0,0.0,0,0.0,0.0,100.1,1,11.35,1,0,0.0,0,0.0,0.0,100.1,1,11.35,1,0,0.0,0,0.0,0.0,100.1,1
1641-4951-1,7,False,Line,1,2781-4951-1,Line,4.551,104.29,6073.6,1,4.481,5,0,0.0,0,0.0,0.0,100.1,1,4.481,1,0,0.0,0,0.0,0.0,100.1,1,4.481,1,0,0.0,0,0.0,0.0,100.1,1,4.481,1,0,0.0,0,0.0,0.0,100.1,1
1641-4951-1,29,False,Line,1,2781-4951-1,Line,35.435,133.43,5968.4,1,35.614,5,0,0.0,0,0.0,0.0,100.1,1,35.614,1,0,0.0,0,0.0,0.0,100.1,1,35.614,1,0,0.0,0,0.0,0.0,100.1,1,35.614,1,0,0.0,0,0.0,0.0,100.1,1
1641-4951-1,65,False,Line,1,2781-4951-1,Line,20.752,119.58,5388.6,1,20.813,5,0,0.0,0,0.0,0.0,100.1,1,20.813,1,0,0.0,0,0.0,0.0,100.1,1,20.813,1,0,0.0,0,0.0,0.0,100.1,1,20.813,1,0,0.0,0,0.0,0.0,100.1,1
1641-4951-1,72,False,Line,1,2781-4951-1,Line,0.349,100.33,5745.9,1,0.245,5,0,0.0,0,0.0,0.0,100.1,1,0.245,1,0,0.0,0,0.0,0.0,100.1,1,0.245,1,0,0.0,0,0.0,0.0,100.1,1,0.245,1,0,0.0,0,0.0,0.0,100.1,1
1641-4951-1,101,False,Line,1,2781-4951-1,Line,14.044,113.25,5965.5,1,14.05,5,0,0.0,0,0.0,0.0,100.1,1,14.05,1,0,0.0,0,0.0,0.0,100.1,1,14.05,1,0,0.0,0,0.0,0.0,100.1,1,14.05,1,0,0.0,0,0.0,0.0,100.1,1
1641-4951-1,108,False,Line,1,2781-4951-1,Line,2.998,102.83,7006.9,1,2.915,5,0,0.0,0,0.0,0.0,100.1,1,2.915,1,0,0.0,0,0.0,0.0,100.1,1,2.915,1,0,0.0,0,0.0,0.0,100.1,1,2.915,1,0,0.0,0,0.0,0.0,100.1,1
1641-4951-1,123,False,Line,1,2781-4951-1,Line,13.24,112.49,5593.8,1,13.24,5,0,0.0,0,0.0,0.0,100.1,1,13.24,1,0,0.0,0,0.0,0.0,100.1,1,13.24,1,0,0.0,0,0.0,0.0,100.1,1,13.24,1,0,0.0,0,0.0,0.0,100.1,1
1641-4951-1,130,False,Line,1,2781-4951-1,Line,16.015,115.11,5592.5,1,16.037,5,0,0.0,0,0.0,0.0,100.1,1,16.037,1,0,0.0,0,0.0,0.0,100.1,1,16.037,1,0,0.0,0,0.0,0.0,100.1,1,16.037,1,0,0.0,0,0.0,0.0,100.1,1
1641-4951-1,137,False,Line,1,2781-4951-1,Line,39.573,137.33,5053.5,1,39.785,4,0,0.0,0,0.0,0.0,100.1,1,39.785,2,0,0.0,0,0.0,0.0,100.1,1,39.785,2,0,0.0,0,0.0,0.0,100.1,1,39.785,2,0,0.0,0,0.0,0.0,100.1,1
1641-4951-1,159,False,Line,1,2781-4951-1,Line,13.072,112.33,5313.0,1,13.071,5,0,0.0,0,0.0,0.0,100.1,1,13.071,1,0,0.0,0,0.0,0.0,100.1,1,13.071,1,0,0.0,0,0.0,0.0,100.1,1,13.071,1,0,0.0,0,0.0,0.0,100.1,1
1641-16411-1,108,False,Line,1,3691-4041-1,Line,0.928,100.48,7006.9,1,2.961,14,0,0.0,0,0.0,0.0,100.1,1,1.326,1,0,0.0,0,0.0,0.0,100.1,1,1.326,1,0,0.0,0,0.0,0.0,100.1,1,1.326,1,0,0.0,0,0.0,0.0,100.1,1
1641-22811-1,58,False,Line,1,3581-89516-1,Line,0.893,100.73,4583.8,1,3.729,26,0,0.0,0,0.0,0.0,100.1,1,1.523,1,0,0.0,0,0.0,0.0,100.1,1,1.523,1,0,0.0,0,0.0,0.0,100.1,1,1.523,1,0,0.0,0,0.0,0.0,100.1,1
1641-22811-1,65,False,Line,1,3581-89516-1,Line,0.979,100.8,5388.6,1,5.68,22,0,0.0,0,0.0,0.0,100.1,1,1.804,1,0,0.0,0,0.0,0.0,100.1,1,1.804,1,0,0.0,0,0.0,0.0,100.1,1,1.804,1,0,0.0,0,0.0,0.0,100.1,1
1641-22811-1,72,False,Line,1,3581-89516-1,Line,0.821,100.67,5745.9,1,4.208,19,0,0.0,0,0.0,0.0,100.1,1,1.724,1,0,0.0,0,0.0,0.0,100.1,1,1.724,1,0,0.0,0,0.0,0.0,100.1,1,1.724,1,0,0.0,0,0.0,0.0,100.1,1
1641-22811-1,108,False,Line,2,3691-4041-1,Line,6.295,103.0,7006.9,1,10.011,8,0,0.0,0,0.0,0.0,100.1,1,8.844,1,0,0.0,0,0.0,0.0,100.1,1,8.844,1,0,0.0,0,0.0,0.0,100.1,1,8.844,1,0,0.0,0,0.0,0.0,100.1,1
1641-22811-1,116,False,Line,1,3581-89516-1,Line,0.243,100.2,4604.0,1,0.348,7,0,0.0,0,0.0,0.0,100.1,1,0.297,1,0,0.0,0,0.0,0.0,100.1,1,0.297,1,0,0.0,0,0.0,0.0,100.1,1,0.297,1,0,0.0,0,0.0,0.0,100.1,1
1641-22811-1,152,False,Line,1,3581-89516-1,Line,0.133,100.11,4161.2,1,0.034,25,0,0.0,0,0.0,0.0,100.1,1,0.019,1,0,0.0,0,0.0,0.0,100.1,1,0.019,1,0,0.0,0,0.0,0.0,100.1,1,0.019,1,0,0.0,0,0.0,0.0,100.1,1
1641-22811-1,159,False,Line,2,T3464-3462-34641-1-w2,Transformer,1.446,100.14,5313.0,1,1.671,55,0,0.0,0,0.0,0.0,100.1,1,1.197,1,0,0.0,0,0.0,0.0,100.1,1,1.197,1,0,0.0,0,0.0,0.0,100.1,1,1.197,1,0,0.0,0,0.0,0.0,100.1,1
1641-50019-1,7,False,Line,1,3581-89516-1,Line,0.312,100.25,6073.6,1,0.5,16,0,0.0,0,0.0,0.0,100.1,1,0.375,1,0,0.0,0,0.0,0.0,100.1,1,0.375,1,0,0.0,0,0.0,0.0,100.1,1,0.375,1,0,0.0,0,0.0,0.0,100.1,1
1641-50019-1,29,False,Line,1,3581-89516-1,Line,0.175,100.14,5968.4,1,0.171,10,0,0.0,0,0.0,0.0,100.1,1,0.128,1,0,0.0,0,0.0,0.0,100.1,1,0.128,1,0,0.0,0,0.0,0.0,100.1,1,0.128,1,0,0.0,0,0.0,0.0,100.1,1
1641-50019-1,58,False,Line,1,3581-89516-1,Line,0.342,100.28,4583.8,1,1.07,26,0,0.0,0,0.0,0.0,100.1,1,0.433,1,0,0.0,0,0.0,0.0,100.1,1,0.433,1,0,0.0,0,0.0,0.0,100.1,1,0.433,1,0,0.0,0,0.0,0.0,100.1,1
1641-50019-1,65,False,Line,1,3581-89516-1,Line,0.335,100.27,5388.6,1,1.429,22,0,0.0,0,0.0,0.0,100.1,1,0.446,1,0,0.0,0,0.0,0.0,100.1,1,0.446,1,0,0.0,0,0.0,0.0,100.1,1,0.446,1,0,0.0,0,0.0,0.0,100.1,1
1641-50019-1,72,False,Line,1,3581-89516-1,Line,0.373,100.3,5745.9,1,1.535,19,0,0.0,0,0.0,0.0,100.1,1,0.619,1,0,0.0,0,0.0,0.0,100.1,1,0.619,1,0,0.0,0,0.0,0.0,100.1,1,0.619,1,0,0.0,0,0.0,0.0,100.1,1
1641-50019-1,108,False,Line,2,3691-4041-1,Line,1.116,100.47,7006.9,1,2.838,30,0,0.0,0,0.0,0.0,100.1,1,1.312,2,0,0.0,0,0.0,0.0,100.1,1,1.581,2,0,0.0,0,0.0,0.0,100.1,1,1.312,2,0,0.0,0,0.0,0.0,100.1,1
1641-50019-1,123,False,Line,1,3581-89516-1,Line,0.241,100.2,5593.8,1,0.315,13,0,0.0,0,0.0,0.0,100.1,1,0.234,1,0,0.0,0,0.0,0.0,100.1,1,0.234,1,0,0.0,0,0.0,0.0,100.1,1,0.234,1,0,0.0,0,0.0,0.0,100.1,1
1641-50019-1,130,False,Line,1,3581-89516-1,Line,0.402,100.33,5592.5,1,0.736,13,0,0.0,0,0.0,0.0,100.1,1,0.552,1,0,0.0,0,0.0,0.0,100.1,1,0.552,1,0,0.0,0,0.0,0.0,100.1,1,0.552,1,0,0.0,0,0.0,0.0,100.1,1
1641-50019-1,159,False,Line,1,3581-89516-1,Line,0.214,100.17,5313.0,1,0.312,25,0,0.0,0,0.0,0.0,100.1,1,0.18,1,0,0.0,0,0.0,0.0,100.1,1,0.18,1,0,0.0,0,0.0,0.0,100.1,1,0.18,1,0,0.0,0,0.0,0.0,100.1,1
1641-50019-1,167,False,Line,1,3581-89516-1,Line,0.351,100.29,3161.9,1,0.724,26,0,0.0,0,0.0,0.0,100.1,1,0.452,1,0,0.0,0,0.0,0.0,100.1,1,0.452,1,0,0.0,0,0.0,0.0,100.1,1,0.452,1,0,0.0,0,0.0,0.0,100.1,1
1642-2522-1,50,False,Line,4,3082-3122-1,Line,18.268,101.09,5312.4,1,47.324,69,0,0.0,0,0.0,0.0,100.1,1,35.37,2,0,0.0,0,0.0,0.0,100.1,1,44.574,2,0,0.0,0,0.0,0.0,100.1,1,33.174,3,0,0.0,0,0.0,0.0,100.1,1
1642-2522-1,101,False,Line,3,T3464-3462-34641-1-w2,Transformer,44.405,103.82,5965.5,1,139.227,54,0,0.0,0,0.0,0.0,100.1,1,97.495,2,0,0.0,0,0.0,0.0,100.1,1,97.495,2,0,0.0,0,0.0,0.0,100.1,1,97.495,3,0,0.0,0,0.0,0.0,100.1,1
1642-2522-1,108,False,Line,4,3691-4041-1,Line,73.385,113.38,7006.9,1,223.659,70,1,0.596,0,0.0,100.12,100.12,1,144.242,5,0,0.0,0,0.0,0.0,100.1,0,192.631,7,0,0.0,0,2.367,0.0,101.23,1,143.902,5,0,0.0,0,0.0,0.0,100.1,1
1642-2522-1,159,False,Line,3,T3464-3462-34641-1-w2,Transformer,32.301,102.78,5313.0,1,97.571,56,0,0.0,0,0.0,0.0,100.1,1,70.084,1,0,0.0,0,0.0,0.0,100.1,1,70.084,1,0,0.0,0,0.0,0.0,100.1,1,70.084,3,0,0.0,0,0.0,0.0,100.1,1
1642-4522-1,0,False,Line,1,3581-89516-1,Line,0.491,100.4,5299.5,1,0.929,13,0,0.0,0,0.0,0.0,100.1,1,0.727,1,0,0.0,0,0.0,0.0,100.1,1,0.727,1,0,0.0,0,0.0,0.0,100.1,1,0.727,1,0,0.0,0,0.0,0.0,100.1,1
1642-4522-1,50,False,Line,5,T3464-3462-34641-1-w2,Transformer,66.317,104.59,5312.4,1,151.304,56,0,0.0,0,0.0,0.0,100.1,1,673.237,5,3,7.215,0,0.0,102.59,102.59,1,134.78,3,0,0.0,0,0.0,0.0,100.1,1,114.079,5,0,0.0,0,0.0,0.0,100.1,1
1642-4522-1,101,False,Line,3,T3464-3462-34641-1-w2,Transformer,77.689,106.04,5965.5,1,201.412,53,1,0.536,0,0.0,100.1,100.1,1,139.914,3,0,0.0,0,0.0,0.0,100.1,1,139.914,3,0,0.0,0,0.0,0.0,100.1,1,139.914,3,0,0.0,0,0.0,0.0,100.1,1
1642-4522-1,108,False,Line,3,T3464-3462-34641-1-w2,Transformer,90.653,106.73,7006.9,1,225.473,55,1,0.6,0,0.0,100.12,100.12,1,157.611,5,0,0.0,0,0.0,0.0,100.1,1,157.611,5,0,0.0,0,0.0,0.0,100.1,1,157.611,5,0,0.0,0,0.0,0.0,100.1,1
1642-4522-1,116,False,Line,1,3581-89516-1,Line,0.524,100.43,4604.0,1,1.156,7,0,0.0,0,0.0,0.0,100.1,1,0.987,1,0,0.0,0,0.0,0.0,100.1,1,0.987,1,0,0.0,0,0.0,0.0,100.1,1,0.987,1,0,0.0,0,0.0,0.0,100.1,1
1642-4522-1,137,False,Line,1,3581-89516-1,Line,0.661,100.54,5053.5,1,1.87,11,0,0.0,0,0.0,0.0,100.1,1,1.325,1,0,0.0,0,0.0,0.0,100.1,1,1.325,1,0,0.0,0,0.0,0.0,100.1,1,1.325,1,0,0.0,0,0.0,0.0,100.1,1
1642-4522-1,145,False,Line,2,T3464-3462-34641-1-w2,Transformer,7.775,100.78,4124.9,1,22.221,56,0,0.0,0,0.0,0.0,100.1,1,15.957,1,0,0.0,0,0.0,0.0,100.1,1,15.957,1,0,0.0,0,0.0,0.0,100.1,1,15.957,1,0,0.0,0,0.0,0.0,100.1,1
1642-4522-1,159,False,Line,3,T3464-3462-34641-1-w2,Transformer,78.511,105.86,5313.0,1,190.641,55,0,0.0,0,0.0,0.0,100.1,1,135.558,3,0,0.0,0,0.0,0.0,100.1,1,135.558,3,0,0.0,0,0.0,0.0,100.1,1,135.558,3,0,0.0,0,0.0,0.0,100.1,1
1642-5172-1,29,False,Line,1,3581-89516-1,Line,0.7,100.57,5968.4,1,1.883,10,0,0.0,0,0.0,0.0,100.1,1,1.421,1,0,0.0,0,0.0,0.0,100.1,1,1.421,1,0,0.0,0,0.0,0.0,100.1,1,1.421,1,0,0.0,0,0.0,0.0,100.1,1
1642-5172-1,50,False,Line,1,3581-89516-1,Line,0.845,100.69,5312.4,1,3.567,26,1,0.542,0,0.0,100.11,100.11,1,1.426,1,0,0.0,0,0.0,0.0,100.1,1,1.426,1,0,0.0,0,0.0,0.0,100.1,1,1.426,1,0,0.0,0,0.0,0.0,100.1,1
1642-5172-1,58,False,Line,3,3581-89516-1,Line,3.252,101.97,4583.8,1,11.063,26,0,0.0,0,0.0,0.0,100.1,1,4.53,1,0,0.0,0,0.0,0.0,100.1,1,4.53,1,0,0.0,0,0.0,0.0,100.1,1,4.53,2,0,0.0,0,0.0,0.0,100.1,1
1642-5172-1,65,False,Line,3,3581-89516-1,Line,4.482,102.3,5388.6,1,17.859,22,0,0.0,0,0.0,0.0,100.1,1,5.685,1,0,0.0,0,0.0,0.0,100.1,1,5.685,1,0,0.0,0,0.0,0.0,100.1,1,5.685,1,0,0.0,0,0.0,0.0,100.1,1
1642-5172-1,72,False,Line,1,3581-89516-1,Line,1.736,101.41,5745.9,1,9.696,19,0,0.0,0,0.0,0.0,100.1,1,3.975,1,0,0.0,0,0.0,0.0,100.1,1,3.975,1,0,0.0,0,0.0,0.0,100.1,1,3.975,1,0,0.0,0,0.0,0.0,100.1,1
1642-5172-1,101,False,Line,2,T3464-3462-34641-1-w2,Transformer,21.982,102.2,5965.5,1,84.153,63,0,0.0,0,0.0,0.0,100.1,1,56.165,1,0,0.0,0,0.0,0.0,100.1,1,56.165,1,0,0.0,0,0.0,0.0,100.1,1,56.165,2,0,0.0,0,0.0,0.0,100.1,1
1642-5172-1,108,False,Line,4,T3464-3462-34641-1-w2,Transformer,22.213,101.87,7006.9,1,79.579,85,0,0.0,0,0.0,0.0,100.1,1,80.453,2,0,0.0,0,0.0,0.0,100.1,1,80.453,2,0,0.0,0,0.0,0.0,100.1,1,53.7,4,0,0.0,0,0.0,0.0,100.1,1
1642-5172-1,130,False,Line,1,3581-89516-1,Line,1.171,100.95,5592.5,1,2.752,13,0,0.0,0,0.0,0.0,100.1,1,2.07,1,0,0.0,0,0.0,0.0,100.1,1,2.07,1,0,0.0,0,0.0,0.0,100.1,1,2.07,1,0,0.0,0,0.0,0.0,100.1,1
1642-5172-1,137,False,Line,1,3581-89516-1,Line,0.876,100.71,5053.5,1,2.616,11,0,0.0,0,0.0,0.0,100.1,1,1.856,1,0,0.0,0,0.0,0.0,100.1,1,1.856,1,0,0.0,0,0.0,0.0,100.1,1,1.856,1,0,0.0,0,0.0,0.0,100.1,1
1642-5172-1,145,False,Line,3,3581-89516-1,Line,2.821,101.85,4124.9,1,8.213,26,0,0.0,0,0.0,0.0,100.1,1,4.246,1,0,0.0,0,0.0,0.0,100.1,1,4.246,1,0,0.0,0,0.0,0.0,100.1,1,4.246,1,0,0.0,0,0.0,0.0,100.1,1
1642-5172-1,152,False,Line,1,3581-89516-1,Line,2.103,101.71,4161.2,1,6.892,25,0,0.0,0,0.0,0.0,100.1,1,3.91,1,0,0.0,0,0.0,0.0,100.1,1,3.91,1,0,0.0,0,0.0,0.0,100.1,1,3.91,1,0,0.0,0,0.0,0.0,100.1,1
1642-5172-1,159,False,Line,6,T3464-3462-34641-1-w2,Transformer,28.362,102.32,5313.0,0,94.443,90,0,0.0,0,0.626,0.0,100.13,1,78.03,2,0,0.0,0,0.0,0.0,100.1,1,127.26,4,0,0.0,0,0.0,0.0,100.1,1,65.371,3,0,0.0,0,0.0,0.0,100.1,1
1642-5172-1,167,False,Line,1,3581-89516-1,Line,0.59,100.48,3161.9,1,1.471,26,0,0.0,0,0.0,0.0,100.1,1,0.921,1,0,0.0,0,0.0,0.0,100.1,1,0.921,1,0,0.0,0,0.0,0.0,100.1,1,0.921,1,0,0.0,0,0.0,0.0,100.1,1
1661-1821-1,50,False,Line,1,3581-89516-1,Line,0.55,100.45,5312.4,1,2.114,26,0,0.0,0,0.0,0.0,100.1,1,0.844,1,0,0.0,0,0.0,0.0,100.1,1,0.844,1,0,0.0,0,0.0,0.0,100.1,1,0.844,1,0,0.0,0,0.0,0.0,100.1,1
1661-1821-1,58,False,Line,1,3581-89516-1,Line,1.393,101.13,4583.8,1,6.146,26,0,0.0,0,0.0,0.0,100.1,1,2.511,1,0,0.0,0,0.0,0.0,100.1,1,2.511,1,0,0.0,0,0.0,0.0,100.1,1,2.511,2,0,0.0,0,0.0,0.0,100.1,1
1661-1821-1,65,False,Line,1,3581-89516-1,Line,1.502,101.22,5388.6,1,9.141,22,0,0.0,0,0.0,0.0,100.1,1,2.904,1,0,0.0,0,0.0,0.0,100.1,1,2.904,1,0,0.0,0,0.0,0.0,100.1,1,2.904,1,0,0.0,0,0.0,0.0,100.1,1
1661-1821-1,72,False,Line,1,3581-89516-1,Line,1.39,101.13,5745.9,1,7.633,19,0,0.0,0,0.0,0.0,100.1,1,3.129,1,0,0.0,0,0.0,0.0,100.1,1,3.129,1,0,0.0,0,0.0,0.0,100.1,1,3.129,1,0,0.0,0,0.0,0.0,100.1,1
1661-1821-1,79,False,Line,1,3581-89516-1,Line,0.149,100.12,2728.8,1,0.112,26,0,0.0,0,0.0,0.0,100.1,1,0.052,1,0,0.0,0,0.0,0.0,100.1,1,0.052,1,0,0.0,0,0.0,0.0,100.1,1,0.052,1,0,0.0,0,0.0,0.0,100.1,1
1661-1821-1,94,False,Line,1,3581-89516-1,Line,0.671,100.55,5470.0,1,2.244,26,0,0.0,0,0.0,0.0,100.1,1,1.083,1,0,0.0,0,0.0,0.0,100.1,1,1.083,1,0,0.0,0,0.0,0.0,100.1,1,1.083,1,0,0.0,0,0.0,0.0,100.1,1
1661-1821-1,108,False,Line,2,3691-4041-1,Line,18.091,108.78,7006.9,1,28.596,7,0,0.0,0,0.0,0.0,100.1,1,25.386,1,0,0.0,0,0.0,0.0,100.1,1,25.386,1,0,0.0,0,0.0,0.0,100.1,1,25.386,1,0,0.0,0,0.0,0.0,100.1,1
1661-1821-1,145,False,Line,1,3581-89516-1,Line,0.546,100.44,4124.9,1,1.621,26,0,0.0,0,0.0,0.0,100.1,1,0.837,1,0,0.0,0,0.0,0.0,100.1,1,0.837,1,0,0.0,0,0.0,0.0,100.1,1,0.837,1,0,0.0,0,0.0,0.0,100.1,1
1661-1821-1,152,False,Line,1,3581-89516-1,Line,0.433,100.35,4161.2,1,1.082,25,0,0.0,0,0.0,0.0,100.1,1,0.612,1,0,0.0,0,0.0,0.0,100.1,1,0.612,1,0,0.0,0,0.0,0.0,100.1,1,0.612,1,0,0.0,0,0.0,0.0,100.1,1
1661-2281-1,58,False,Line,1,3581-89516-1,Line,0.667,100.54,4583.8,1,2.632,26,0,0.0,0,0.0,0.0,100.1,1,1.076,1,0,0.0,0,0.0,0.0,100.1,1,1.076,1,0,0.0,0,0.0,0.0,100.1,1,1.076,1,0,0.0,0,0.0,0.0,100.1,1
1661-2281-1,65,False,Line,1,3581-89516-1,Line,0.548,100.45,5388.6,1,2.818,22,0,0.0,0,0.0,0.0,100.1,1,0.895,1,0,0.0,0,0.0,0.0,100.1,1,0.895,1,0,0.0,0,0.0,0.0,100.1,1,0.895,1,0,0.0,0,0.0,0.0,100.1,1
1661-2281-1,72,False,Line,1,3581-89516-1,Line,0.678,100.55,5745.9,1,3.345,19,0,0.0,0,0.0,0.0,100.1,1,1.371,1,0,0.0,0,0.0,0.0,100.1,1,1.371,1,0,0.0,0,0.0,0.0,100.1,1,1.371,1,0,0.0,0,0.0,0.0,100.1,1
1661-2281-1,79,False,Line,1,3581-89516-1,Line,0.361,100.29,2728.8,1,1.015,26,0,0.0,0,0.0,0.0,100.1,1,0.47,1,0,0.0,0,0.0,0.0,100.1,1,0.47,1,0,0.0,0,0.0,0.0,100.1,1,0.47,1,0,0.0,0,0.0,0.0,100.1,1
1661-2281-1,94,False,Line,1,3581-89516-1,Line,0.466,100.38,5470.0,1,1.406,26,0,0.0,0,0.0,0.0,100.1,1,0.678,1,0,0.0,0,0.0,0.0,100.1,1,0.678,1,0,0.0,0,0.0,0.0,100.1,1,0.678,1,0,0.0,0,0.0,0.0,100.1,1
1661-2281-1,108,False,Line,2,3691-4041-1,Line,3.502,101.67,7006.9,1,5.21,6,0,0.0,0,0.0,0.0,100.1,1,4.773,1,0,0.0,0,0.0,0.0,100.1,1,4.773,1,0,0.0,0,0.0,0.0,100.1,1,4.773,1,0,0.0,0,0.0,0.0,100.1,1
1681-3881-1,101,False,Line,2,T3464-3462-34641-1-w2,Transformer,2.488,100.25,5965.5,1,5.702,53,0,0.0,0,0.0,0.0,100.1,1,3.996,1,0,0.0,0,0.0,0.0,100.1,1,3.996,1,0,0.0,0,0.0,0.0,100.1,1,3.996,1,0,0.0,0,0.0,0.0,100.1,1
1681-3881-1,108,False,Line,2,T3464-3462-34641-1-w2,Transformer,3.159,100.32,7006.9,1,8.296,55,0,0.0,0,0.0,0.0,100.1,1,5.795,1,0,0.0,0,0.0,0.0,100.1,1,5.795,1,0,0.0,0,0.0,0.0,100.1,1,5.795,1,0,0.0,0,0.0,0.0,100.1,1
1681-3881-1,159,False,Line,2,T3464-3462-34641-1-w2,Transformer,3.096,100.31,5313.0,1,7.851,55,0,0.0,0,0.0,0.0,100.1,1,5.628,1,0,0.0,0,0.0,0.0,100.1,1,5.628,1,0,0.0,0,0.0,0.0,100.1,1,5.628,1,0,0.0,0,0.0,0.0,100.1,1
1681-32210-1,101,False,Line,2,T3464-3462-34641-1-w2,Transformer,2.488,100.25,5965.5,1,5.703,53,0,0.0,0,0.0,0.0,100.1,1,3.996,1,0,0.0,0,0.0,0.0,100.1,1,3.996,1,0,0.0,0,0.0,0.0,100.1,1,3.996,1,0,0.0,0,0.0,0.0,100.1,1
1681-32210-1,108,False,Line,2,T3464-3462-34641-1-w2,Transformer,3.159,100.32,7006.9,1,8.298,55,0,0.0,0,0.0,0.0,100.1,1,5.796,1,0,0.0,0,0.0,0.0,100.1,1,5.796,1,0,0.0,0,0.0,0.0,100.1,1,5.796,1,0,0.0,0,0.0,0.0,100.1,1
1681-32210-1,159,False,Line,2,T3464-3462-34641-1-w2,Transformer,3.096,100.31,5313.0,1,7.853,55,0,0.0,0,0.0,0.0,100.1,1,5.629,1,0,0.0,0,0.0,0.0,100.1,1,5.629,1,0,0.0,0,0.0,0.0,100.1,1,5.629,1,0,0.0,0,0.0,0.0,100.1,1
1701-1981-1,0,False,Line,1,3581-89516-1,Line,1.387,101.13,5299.5,1,2.694,12,0,0.0,0,0.0,0.0,100.1,1,2.26,1,0,0.0,0,0.0,0.0,100.1,1,2.26,1,0,0.0,0,0.0,0.0,100.1,1,2.26,1,0,0.0,0,0.0,0.0,100.1,1
1701-1981-1,7,False,Line,3,3581-89516-1,Line,5.279,102.51,6073.6,1,6.609,15,0,0.0,0,0.0,0.0,100.1,1,5.311,1,0,0.0,0,0.0,0.0,100.1,1,5.311,1,0,0.0,0,0.0,0.0,100.1,1,5.311,1,0,0.0,0,0.0,0.0,100.1,1
1701-1981-1,21,False,Line,3,3581-89516-1,Line,12.284,104.41,4735.3,1,12.091,6,0,0.0,0,0.0,0.0,100.1,1,11.206,1,0,0.0,0,0.0,0.0,100.1,1,11.206,1,0,0.0,0,0.0,0.0,100.1,1,11.206,1,0,0.0,0,0.0,0.0,100.1,1
1701-1981-1,29,False,Line,3,3581-89516-1,Line,20.814,106.72,5968.4,1,21.681,9,1,0.128,0,0.0,100.12,100.12,1,17.212,2,0,0.0,0,0.0,0.0,100.1,1,17.212,2,0,0.0,0,0.0,0.0,100.1,1,17.212,1,0,0.0,0,0.0,0.0,100.1,1
1701-1981-1,50,False,Line,3,3581-89516-1,Line,24.058,107.6,5312.4,1,38.512,25,2,2.652,0,0.0,100.24,100.24,1,16.638,4,2,1.484,0,0.0,100.14,100.14,0,11.175,2,0,0.0,0,5.369,0.0,102.52,1,17.059,6,0,0.0,0,0.0,0.0,100.1,1
1701-1981-1,58,False,Line,3,3581-89516-1,Line,37.787,111.32,4583.8,1,56.616,25,0,0.0,0,0.0,0.0,100.1,1,24.686,1,0,0.0,0,0.0,0.0,100.1,1,24.686,1,0,0.0,0,0.0,0.0,100.1,1,24.686,3,0,0.0,0,0.0,0.0,100.1,1
1701-1981-1,65,False,Line,3,3581-89516-1,Line,15.636,105.32,5388.6,1,35.542,21,0,0.0,0,0.0,0.0,100.1,1,12.051,1,0,0.0,0,0.0,0.0,100.1,1,12.051,1,0,0.0,0,0.0,0.0,100.1,1,12.051,1,0,0.0,0,0.0,0.0,100.1,1
1701-1981-1,72,False,Line,3,3581-89516-1,Line,13.897,104.85,5745.9,1,29.341,18,0,0.0,0,0.0,0.0,100.1,1,12.342,2,0,0.0,0,0.0,0.0,100.1,1,12.342,2,0,0.0,0,0.0,0.0,100.1,1,12.342,1,0,0.0,0,0.0,0.0,100.1,1
1701-1981-1,79,False,Line,3,3581-89516-1,Line,33.985,110.29,2728.8,1,45.804,25,0,0.0,0,0.0,0.0,100.1,1,22.42,3,0,0.0,0,0.0,0.0,100.1,1,22.42,3,0,0.0,0,0.0,0.0,100.1,1,22.42,3,0,0.0,0,0.0,0.0,100.1,1
1701-1981-1,94,False,Line,3,3581-89516-1,Line,17.197,105.74,5470.0,1,24.845,25,0,0.0,0,0.0,0.0,100.1,1,12.414,1,0,0.0,0,0.0,0.0,100.1,1,12.414,1,0,0.0,0,0.0,0.0,100.1,1,12.414,2,0,0.0,0,0.0,0.0,100.1,1
1701-1981-1,108,False,Line,3,3581-89516-1,Line,15.678,105.33,7006.9,1,25.468,19,2,1.245,0,0.0,100.13,100.13,1,11.509,1,2,1.39,0,0.0,100.14,100.14,1,50.349,2,0,0.0,0,0.0,0.0,100.1,1,12.613,3,0,0.0,0,0.0,0.0,100.1,1
1701-1981-1,116,False,Line,3,3581-89516-1,Line,16.183,105.47,4604.0,1,15.555,6,0,0.0,0,0.0,0.0,100.1,1,13.952,1,0,0.0,0,0.0,0.0,100.1,1,13.952,1,0,0.0,0,0.0,0.0,100.1,1,13.952,1,0,0.0,0,0.0,0.0,100.1,1
1701-1981-1,123,False,Line,3,3581-89516-1,Line,14.93,105.13,5593.8,1,13.726,12,0,0.0,0,0.0,0.0,100.1,1,11.063,1,0,0.0,0,0.0,0.0,100.1,1,11.063,1,0,0.0,0,0.0,0.0,100.1,1,11.063,1,0,0.0,0,0.0,0.0,100.1,1
1701-1981-1,130,False,Line,3,3581-89516-1,Line,14.164,104.92,5592.5,1,13.105,12,0,0.0,0,0.0,0.0,100.1,1,10.606,1,0,0.0,0,0.0,0.0,100.1,1,10.606,1,0,0.0,0,0.0,0.0,100.1,1,10.606,1,0,0.0,0,0.0,0.0,100.1,1
1701-1981-1,137,False,Line,3,3581-89516-1,Line,14.656,105.06,5053.5,1,17.177,10,0,0.0,0,0.0,0.0,100.1,1,12.876,1,0,0.0,0,0.0,0.0,100.1,1,12.876,1,0,0.0,0,0.0,0.0,100.1,1,12.876,1,0,0.0,0,0.0,0.0,100.1,1
1701-1981-1,145,False,Line,3,3581-89516-1,Line,35.454,110.69,4124.9,1,42.258,25,0,0.0,0,0.0,0.0,100.1,1,23.296,2,0,0.0,0,0.0,0.0,100.1,1,23.296,2,0,0.0,0,0.0,0.0,100.1,1,23.296,3,0,0.0,0,0.0,0.0,100.1,1
1701-1981-1,152,False,Line,3,3581-89516-1,Line,45.228,113.34,4161.2,1,48.042,24,0,0.0,0,0.0,0.0,100.1,1,29.122,2,0,0.0,0,0.0,0.0,100.1,1,29.122,2,0,0.0,0,0.0,0.0,100.1,1,29.122,2,0,0.0,0,0.0,0.0,100.1,1
1701-1981-1,159,False,Line,5,3581-89516-1,Line,37.822,111.02,5313.0,0,46.729,79,0,0.0,0,0.167,0.0,100.14,1,29.256,3,0,0.0,0,0.0,0.0,100.1,0,98.658,12,0,0.0,0,25.016,0.0,107.72,1,29.254,3,0,0.0,0,0.0,0.0,100.1,1
1701-1981-1,167,False,Line,3,3581-89516-1,Line,36.176,110.89,3161.9,1,36.209,25,0,0.0,0,0.0,0.0,100.1,1,23.726,1,0,0.0,0,0.0,0.0,100.1,1,23.726,1,0,0.0,0,0.0,0.0,100.1,1,23.726,2,0,0.0,0,0.0,0.0,100.1,1
1701-5041-1,21,False,Line,3,3581-89516-1,Line,2.803,101.84,4735.3,1,5.356,7,0,0.0,0,0.0,0.0,100.1,1,4.807,1,0,0.0,0,0.0,0.0,100.1,1,4.807,1,0,0.0,0,0.0,0.0,100.1,1,4.807,1,0,0.0,0,0.0,0.0,100.1,1
1701-5041-1,101,False,Line,2,T3464-3462-34641-1-w2,Transformer,2.127,100.21,5965.5,1,4.329,53,0,0.0,0,0.0,0.0,100.1,1,3.03,1,0,0.0,0,0.0,0.0,100.1,1,3.03,1,0,0.0,0,0.0,0.0,100.1,1,3.03,1,0,0.0,0,0.0,0.0,100.1,1
1701-5041-1,108,False,Line,2,T3464-3462-34641-1-w2,Transformer,2.291,100.23,7006.9,1,4.97,55,0,0.0,0,0.0,0.0,100.1,1,3.468,1,0,0.0,0,0.0,0.0,100.1,1,3.468,1,0,0.0,0,0.0,0.0,100.1,1,3.468,1,0,0.0,0,0.0,0.0,100.1,1
1701-5041-1,116,False,Line,1,3581-89516-1,Line,0.779,100.63,4604.0,1,1.697,7,0,0.0,0,0.0,0.0,100.1,1,1.47,1,0,0.0,0,0.0,0.0,100.1,1,1.47,1,0,0.0,0,0.0,0.0,100.1,1,1.47,1,0,0.0,0,0.0,0.0,100.1,1
1701-5041-1,123,False,Line,3,3581-89516-1,Line,9.376,103.62,5593.8,1,10.392,13,0,0.0,0,0.0,0.0,100.1,1,8.022,1,0,0.0,0,0.0,0.0,100.1,1,8.022,1,0,0.0,0,0.0,0.0,100.1,1,8.022,1,0,0.0,0,0.0,0.0,100.1,1
1701-5041-1,130,False,Line,3,3581-89516-1,Line,10.781,104.01,5592.5,1,11.449,13,0,0.0,0,0.0,0.0,100.1,1,8.888,1,0,0.0,0,0.0,0.0,100.1,1,8.888,1,0,0.0,0,0.0,0.0,100.1,1,8.888,1,0,0.0,0,0.0,0.0,100.1,1
1701-5041-1,152,False,Line,3,3581-89516-1,Line,4.81,102.39,4161.2,1,8.709,21,0,0.0,0,0.0,0.0,100.1,1,5.206,1,0,0.0,0,0.0,0.0,100.1,1,5.206,1,0,0.0,0,0.0,0.0,100.1,1,5.206,1,0,0.0,0,0.0,0.0,100.1,1
1701-5041-1,167,False,Line,1,3581-89516-1,Line,1.384,101.13,3161.9,1,3.382,22,0,0.0,0,0.0,0.0,100.1,1,2.333,1,0,0.0,0,0.0,0.0,100.1,1,2.333,1,0,0.0,0,0.0,0.0,100.1,1,2.333,1,0,0.0,0,0.0,0.0,100.1,1
1701-17010-1,21,False,Line,1,3581-89516-1,Line,0.33,100.27,4735.3,1,0.578,7,0,0.0,0,0.0,0.0,100.1,1,0.515,1,0,0.0,0,0.0,0.0,100.1,1,0.515,1,0,0.0,0,0.0,0.0,100.1,1,0.515,1,0,0.0,0,0.0,0.0,100.1,1
1701-17010-1,29,False,Line,1,3581-89516-1,Line,0.574,100.47,5968.4,1,1.477,10,0,0.0,0,0.0,0.0,100.1,1,1.123,1,0,0.0,0,0.0,0.0,100.1,1,1.123,1,0,0.0,0,0.0,0.0,100.1,1,1.123,1,0,0.0,0,0.0,0.0,100.1,1
1701-17010-1,50,False,Line,1,3581-89516-1,Line,0.398,100.32,5312.4,1,1.377,26,0,0.0,0,0.0,0.0,100.1,1,0.545,1,0,0.0,0,0.0,0.0,100.1,1,0.545,1,0,0.0,0,0.0,0.0,100.1,1,0.545,1,0,0.0,0,0.0,0.0,100.1,1
1701-17010-1,58,False,Line,1,3581-89516-1,Line,0.219,100.18,4583.8,1,0.469,26,0,0.0,0,0.0,0.0,100.1,1,0.19,1,0,0.0,0,0.0,0.0,100.1,1,0.19,1,0,0.0,0,0.0,0.0,100.1,1,0.19,1,0,0.0,0,0.0,0.0,100.1,1
1701-17010-1,65,False,Line,1,3581-89516-1,Line,0.49,100.4,5388.6,1,2.469,22,0,0.0,0,0.0,0.0,100.1,1,0.773,1,0,0.0,0,0.0,0.0,100.1,1,0.773,1,0,0.0,0,0.0,0.0,100.1,1,0.773,1,0,0.0,0,0.0,0.0,100.1,1
1701-17010-1,72,False,Line,1,3581-89516-1,Line,0.383,100.31,5745.9,1,1.592,19,0,0.0,0,0.0,0.0,100.1,1,0.647,1,0,0.0,0,0.0,0.0,100.1,1,0.647,1,0,0.0,0,0.0,0.0,100.1,1,0.647,1,0,0.0,0,0.0,0.0,100.1,1
1701-17010-1,79,False,Line,1,3581-89516-1,Line,0.239,100.19,2728.8,1,0.501,26,0,0.0,0,0.0,0.0,100.1,1,0.23,1,0,0.0,0,0.0,0.0,100.1,1,0.23,1,0,0.0,0,0.0,0.0,100.1,1,0.23,1,0,0.0,0,0.0,0.0,100.1,1
1701-17010-1,94,False,Line,1,3581-89516-1,Line,0.143,100.12,5470.0,1,0.085,26,0,0.0,0,0.0,0.0,100.1,1,0.04,1,0,0.0,0,0.0,0.0,100.1,1,0.04,1,0,0.0,0,0.0,0.0,100.1,1,0.04,1,0,0.0,0,0.0,0.0,100.1,1
1701-17010-1,108,False,Line,1,3581-89516-1,Line,0.243,100.2,7006.9,1,0.561,20,0,0.0,0,0.0,0.0,100.1,1,0.237,1,0,0.0,0,0.0,0.0,100.1,1,0.237,1,0,0.0,0,0.0,0.0,100.1,1,0.237,1,0,0.0,0,0.0,0.0,100.1,1
1701-17010-1,116,False,Line,1,3581-89516-1,Line,0.462,100.38,4604.0,1,0.978,7,0,0.0,0,0.0,0.0,100.1,1,0.843,1,0,0.0,0,0.0,0.0,100.1,1,0.843,1,0,0.0,0,0.0,0.0,100.1,1,0.843,1,0,0.0,0,0.0,0.0,100.1,1
1701-17010-1,137,False,Line,1,3581-89516-1,Line,0.567,100.46,5053.5,1,1.544,11,0,0.0,0,0.0,0.0,100.1,1,1.104,1,0,0.0,0,0.0,0.0,100.1,1,1.104,1,0,0.0,0,0.0,0.0,100.1,1,1.104,1,0,0.0,0,0.0,0.0,100.1,1
1701-17010-1,159,False,Line,1,3581-89516-1,Line,0.167,100.14,5313.0,1,0.151,25,0,0.0,0,0.0,0.0,100.1,1,0.087,1,0,0.0,0,0.0,0.0,100.1,1,0.087,1,0,0.0,0,0.0,0.0,100.1,1,0.087,1,0,0.0,0,0.0,0.0,100.1,1
1701-17010-1,167,False,Line,1,3581-89516-1,Line,0.186,100.15,3161.9,1,0.198,26,0,0.0,0,0.0,0.0,100.1,1,0.124,1,0,0.0,0,0.0,0.0,100.1,1,0.124,1,0,0.0,0,0.0,0.0,100.1,1,0.124,1,0,0.0,0,0.0,0.0,100.1,1
1701-28712-2,21,False,Line,1,3581-89516-1,Line,0.176,100.14,4735.3,1,0.138,7,0,0.0,0,0.0,0.0,100.1,1,0.127,1,0,0.0,0,0.0,0.0,100.1,1,0.127,1,0,0.0,0,0.0,0.0,100.1,1,0.127,1,0,0.0,0,0.0,0.0,100.1,1
1701-28712-2,167,False,Line,1,3581-89516-1,Line,0.301,100.24,3161.9,1,0.537,26,0,0.0,0,0.0,0.0,100.1,1,0.333,1,0,0.0,0,0.0,0.0,100.1,1,0.333,1,0,0.0,0,0.0,0.0,100.1,1,0.333,1,0,0.0,0,0.0,0.0,100.1,1
1721-2161-1,0,False,Line,1,3581-89516-1,Line,0.465,100.38,5299.5,1,0.866,13,0,0.0,0,0.0,0.0,100.1,1,0.677,1,0,0.0,0,0.0,0.0,100.1,1,0.677,1,0,0.0,0,0.0,0.0,100.1,1,0.677,1,0,0.0,0,0.0,0.0,100.1,1
1721-2161-1,7,False,Line,1,3581-89516-1,Line,0.646,100.52,6073.6,1,1.381,16,0,0.0,0,0.0,0.0,100.1,1,1.034,1,0,0.0,0,0.0,0.0,100.1,1,1.034,1,0,0.0,0,0.0,0.0,100.1,1,1.034,1,0,0.0,0,0.0,0.0,100.1,1
1721-2161-1,21,False,Line,1,3581-89516-1,Line,0.529,100.43,4735.3,1,1.138,7,0,0.0,0,0.0,0.0,100.1,1,1.004,1,0,0.0,0,0.0,0.0,100.1,1,1.004,1,0,0.0,0,0.0,0.0,100.1,1,1.004,1,0,0.0,0,0.0,0.0,100.1,1
1721-2161-1,29,False,Line,1,3581-89516-1,Line,0.765,100.62,5968.4,1,2.113,10,0,0.0,0,0.0,0.0,100.1,1,1.589,1,0,0.0,0,0.0,0.0,100.1,1,1.589,1,0,0.0,0,0.0,0.0,100.1,1,1.589,1,0,0.0,0,0.0,0.0,100.1,1
1721-2161-1,50,False,Line,1,3581-89516-1,Line,0.536,100.44,5312.4,1,2.075,26,0,0.0,0,0.0,0.0,100.1,1,0.818,1,0,0.0,0,0.0,0.0,100.1,1,0.818,1,0,0.0,0,0.0,0.0,100.1,1,0.818,1,0,0.0,0,0.0,0.0,100.1,1
1721-2161-1,58,False,Line,1,3581-89516-1,Line,0.567,100.46,4583.8,1,2.175,26,0,0.0,0,0.0,0.0,100.1,1,0.879,1,0,0.0,0,0.0,0.0,100.1,1,0.879,1,0,0.0,0,0.0,0.0,100.1,1,0.879,1,0,0.0,0,0.0,0.0,100.1,1
1721-2161-1,65,False,Line,1,3581-89516-1,Line,0.393,100.32,5388.6,1,1.827,22,0,0.0,0,0.0,0.0,100.1,1,0.569,1,0,0.0,0,0.0,0.0,100.1,1,0.569,1,0,0.0,0,0.0,0.0,100.1,1,0.569,1,0,0.0,0,0.0,0.0,100.1,1
1721-2161-1,72,False,Line,1,3581-89516-1,Line,0.368,100.3,5745.9,1,1.504,19,0,0.0,0,0.0,0.0,100.1,1,0.606,1,0,0.0,0,0.0,0.0,100.1,1,0.606,1,0,0.0,0,0.0,0.0,100.1,1,0.606,1,0,0.0,0,0.0,0.0,100.1,1
1721-2161-1,79,False,Line,1,3581-89516-1,Line,0.401,100.33,2728.8,1,1.198,26,0,0.0,0,0.0,0.0,100.1,1,0.549,1,0,0.0,0,0.0,0.0,100.1,1,0.549,1,0,0.0,0,0.0,0.0,100.1,1,0.549,1,0,0.0,0,0.0,0.0,100.1,1
1721-2161-1,94,False,Line,1,3581-89516-1,Line,0.372,100.3,5470.0,1,1.035,26,0,0.0,0,0.0,0.0,100.1,1,0.493,1,0,0.0,0,0.0,0.0,100.1,1,0.493,1,0,0.0,0,0.0,0.0,100.1,1,0.493,1,0,0.0,0,0.0,0.0,100.1,1
1721-2161-1,101,False,Line,2,T3464-3462-34641-1-w2,Transformer,16.394,101.64,5965.5,1,58.469,54,0,0.0,0,0.0,0.0,100.1,1,41.238,1,0,0.0,0,0.0,0.0,100.1,1,41.238,1,0,0.0,0,0.0,0.0,100.1,1,41.238,2,0,0.0,0,0.0,0.0,100.1,1
1721-2161-1,108,False,Line,4,T3464-3462-34641-1-w2,Transformer,16.417,101.53,7006.9,0,57.456,76,0,0.0,0,0.549,0.0,100.11,1,76.621,2,0,0.0,0,0.0,0.0,100.1,1,76.621,2,0,0.0,0,0.0,0.0,100.1,1,40.08,3,0,0.0,0,0.0,0.0,100.1,1
1721-2161-1,116,False,Line,1,3581-89516-1,Line,0.534,100.43,4604.0,1,1.194,7,0,0.0,0,0.0,0.0,100.1,1,1.017,1,0,0.0,0,0.0,0.0,100.1,1,1.017,1,0,0.0,0,0.0,0.0,100.1,1,1.017,1,0,0.0,0,0.0,0.0,100.1,1
1721-2161-1,123,False,Line,1,3581-89516-1,Line,0.772,100.63,5593.8,1,1.726,13,0,0.0,0,0.0,0.0,100.1,1,1.285,1,0,0.0,0,0.0,0.0,100.1,1,1.285,1,0,0.0,0,0.0,0.0,100.1,1,1.285,1,0,0.0,0,0.0,0.0,100.1,1
1721-2161-1,130,False,Line,1,3581-89516-1,Line,0.841,100.68,5592.5,1,1.893,13,0,0.0,0,0.0,0.0,100.1,1,1.421,1,0,0.0,0,0.0,0.0,100.1,1,1.421,1,0,0.0,0,0.0,0.0,100.1,1,1.421,1,0,0.0,0,0.0,0.0,100.1,1
1721-2161-1,137,False,Line,1,3581-89516-1,Line,0.698,100.57,5053.5,1,2.015,11,0,0.0,0,0.0,0.0,100.1,1,1.424,1,0,0.0,0,0.0,0.0,100.1,1,1.424,1,0,0.0,0,0.0,0.0,100.1,1,1.424,1,0,0.0,0,0.0,0.0,100.1,1
1721-2161-1,145,False,Line,1,3581-89516-1,Line,0.835,100.68,4124.9,1,2.746,26,0,0.0,0,0.0,0.0,100.1,1,1.408,1,0,0.0,0,0.0,0.0,100.1,1,1.408,1,0,0.0,0,0.0,0.0,100.1,1,1.408,1,0,0.0,0,0.0,0.0,100.1,1
1721-2161-1,152,False,Line,1,3581-89516-1,Line,0.702,100.57,4161.2,1,2.033,25,0,0.0,0,0.0,0.0,100.1,1,1.146,1,0,0.0,0,0.0,0.0,100.1,1,1.146,1,0,0.0,0,0.0,0.0,100.1,1,1.146,1,0,0.0,0,0.0,0.0,100.1,1
1721-2161-1,159,False,Line,3,T3464-3462-34641-1-w2,Transformer,20.661,101.99,5313.0,0,73.362,81,0,0.0,0,0.588,0.0,100.12,1,69.712,2,0,0.0,0,0.0,0.0,100.1,1,122.186,6,0,0.0,0,0.0,0.0,100.1,1,52.844,3,0,0.0,0,0.0,0.0,100.1,1
1721-2161-1,167,False,Line,1,3581-89516-1,Line,0.592,100.48,3161.9,1,1.489,26,0,0.0,0,0.0,0.0,100.1,1,0.928,1,0,0.0,0,0.0,0.0,100.1,1,0.928,1,0,0.0,0,0.0,0.0,100.1,1,0.928,1,0,0.0,0,0.0,0.0,100.1,1
1721-2391-1,7,False,Line,1,3581-89516-1,Line,0.51,100.41,6073.6,1,1.024,16,0,0.0,0,0.0,0.0,100.1,1,0.766,1,0,0.0,0,0.0,0.0,100.1,1,0.766,1,0,0.0,0,0.0,0.0,100.1,1,0.766,1,0,0.0,0,0.0,0.0,100.1,1
1721-2391-1,21,False,Line,1,3581-89516-1,Line,0.839,100.68,4735.3,1,2.008,7,0,0.0,0,0.0,0.0,100.1,1,1.771,1,0,0.0,0,0.0,0.0,100.1,1,1.771,1,0,0.0,0,0.0,0.0,100.1,1,1.771,1,0,0.0,0,0.0,0.0,100.1,1
1721-2391-1,29,False,Line,1,3581-89516-1,Line,1.147,100.93,5968.4,1,3.366,10,0,0.0,0,0.0,0.0,100.1,1,2.532,1,0,0.0,0,0.0,0.0,100.1,1,2.532,1,0,0.0,0,0.0,0.0,100.1,1,2.532,1,0,0.0,0,0.0,0.0,100.1,1
1721-2391-1,50,False,Line,1,3581-89516-1,Line,0.542,100.44,5312.4,1,2.101,26,0,0.0,0,0.0,0.0,100.1,1,0.829,1,0,0.0,0,0.0,0.0,100.1,1,0.829,1,0,0.0,0,0.0,0.0,100.1,1,0.829,1,0,0.0,0,0.0,0.0,100.1,1
1721-2391-1,58,False,Line,1,3581-89516-1,Line,0.348,100.28,4583.8,1,1.101,26,0,0.0,0,0.0,0.0,100.1,1,0.445,1,0,0.0,0,0.0,0.0,100.1,1,0.445,1,0,0.0,0,0.0,0.0,100.1,1,0.445,1,0,0.0,0,0.0,0.0,100.1,1
1721-2391-1,72,False,Line,1,3581-89516-1,Line,0.136,100.11,5745.9,1,0.081,19,0,0.0,0,0.0,0.0,100.1,1,0.033,1,0,0.0,0,0.0,0.0,100.1,1,0.033,1,0,0.0,0,0.0,0.0,100.1,1,0.033,1,0,0.0,0,0.0,0.0,100.1,1
1721-2391-1,79,False,Line,1,3581-89516-1,Line,0.422,100.34,2728.8,1,1.288,26,0,0.0,0,0.0,0.0,100.1,1,0.591,1,0,0.0,0,0.0,0.0,100.1,1,0.591,1,0,0.0,0,0.0,0.0,100.1,1,0.591,1,0,0.0,0,0.0,0.0,100.1,1
1721-2391-1,94,False,Line,1,3581-89516-1,Line,0.371,100.3,5470.0,1,1.029,26,0,0.0,0,0.0,0.0,100.1,1,0.49,1,0,0.0,0,0.0,0.0,100.1,1,0.49,1,0,0.0,0,0.0,0.0,100.1,1,0.49,1,0,0.0,0,0.0,0.0,100.1,1
1721-2391-1,108,False,Line,2,3581-89516-1,Line,0.913,100.52,7006.9,1,2.4,20,0,0.0,0,0.0,0.0,100.1,1,8.92,1,0,0.0,0,0.0,0.0,100.1,1,8.92,1,0,0.0,0,0.0,0.0,100.1,1,1.214,2,0,0.0,0,0.0,0.0,100.1,1
1721-2391-1,116,False,Line,1,3581-89516-1,Line,1.117,100.91,4604.0,1,2.886,7,0,0.0,0,0.0,0.0,100.1,1,2.46,1,0,0.0,0,0.0,0.0,100.1,1,2.46,1,0,0.0,0,0.0,0.0,100.1,1,2.46,1,0,0.0,0,0.0,0.0,100.1,1
1721-2391-1,123,False,Line,1,3581-89516-1,Line,1.239,101.01,5593.8,1,2.965,13,0,0.0,0,0.0,0.0,100.1,1,2.208,1,0,0.0,0,0.0,0.0,100.1,1,2.208,1,0,0.0,0,0.0,0.0,100.1,1,2.208,1,0,0.0,0,0.0,0.0,100.1,1
1721-2391-1,130,False,Line,1,3581-89516-1,Line,1.049,100.85,5592.5,1,2.442,13,0,0.0,0,0.0,0.0,100.1,1,1.833,1,0,0.0,0,0.0,0.0,100.1,1,1.833,1,0,0.0,0,0.0,0.0,100.1,1,1.833,1,0,0.0,0,0.0,0.0,100.1,1
1721-2391-1,137,False,Line,1,3581-89516-1,Line,1.126,100.92,5053.5,1,3.509,11,0,0.0,0,0.0,0.0,100.1,1,2.48,1,0,0.0,0,0.0,0.0,100.1,1,2.48,1,0,0.0,0,0.0,0.0,100.1,1,2.48,1,0,0.0,0,0.0,0.0,100.1,1
1721-2391-1,145,False,Line,1,3581-89516-1,Line,0.647,100.53,4124.9,1,2.023,26,0,0.0,0,0.0,0.0,100.1,1,1.037,1,0,0.0,0,0.0,0.0,100.1,1,1.037,1,0,0.0,0,0.0,0.0,100.1,1,1.037,1,0,0.0,0,0.0,0.0,100.1,1
1721-2391-1,152,False,Line,1,3581-89516-1,Line,0.716,100.58,4161.2,1,2.082,25,0,0.0,0,0.0,0.0,100.1,1,1.174,1,0,0.0,0,0.0,0.0,100.1,1,1.174,1,0,0.0,0,0.0,0.0,100.1,1,1.174,1,0,0.0,0,0.0,0.0,100.1,1
1721-2391-1,159,False,Line,1,3581-89516-1,Line,0.366,100.3,5313.0,1,0.838,25,0,0.0,0,0.0,0.0,100.1,1,0.482,1,0,0.0,0,0.0,0.0,100.1,1,0.482,1,0,0.0,0,0.0,0.0,100.1,1,0.482,1,0,0.0,0,0.0,0.0,100.1,1
1721-5381-1,0,False,Line,1,3581-89516-1,Line,0.139,100.11,5299.5,1,0.041,13,0,0.0,0,0.0,0.0,100.1,1,0.032,1,0,0.0,0,0.0,0.0,100.1,1,0.032,1,0,0.0,0,0.0,0.0,100.1,1,0.032,1,0,0.0,0,0.0,0.0,100.1,1
1721-5381-1,7,False,Line,1,3581-89516-1,Line,0.134,100.11,6073.6,1,0.029,16,0,0.0,0,0.0,0.0,100.1,1,0.022,1,0,0.0,0,0.0,0.0,100.1,1,0.022,1,0,0.0,0,0.0,0.0,100.1,1,0.022,1,0,0.0,0,0.0,0.0,100.1,1
1721-5381-1,101,False,Line,2,T3464-3462-34641-1-w2,Transformer,7.023,100.7,5965.5,1,22.156,50,0,0.0,0,0.0,0.0,100.1,1,16.116,1,0,0.0,0,0.0,0.0,100.1,1,16.116,1,0,0.0,0,0.0,0.0,100.1,1,16.116,1,0,0.0,0,0.0,0.0,100.1,1
1721-5381-1,108,False,Line,2,T3464-3462-34641-1-w2,Transformer,5.557,100.56,7006.9,1,16.729,51,1,0.132,0,0.0,100.11,100.11,1,12.192,1,0,0.0,0,0.0,0.0,100.1,1,12.192,1,0,0.0,0,0.0,0.0,100.1,1,12.192,1,0,0.0,0,0.0,0.0,100.1,1
1721-5381-1,159,False,Line,2,T3464-3462-34641-1-w2,Transformer,11.609,101.16,5313.0,1,38.363,51,1,0.29,0,0.0,100.24,100.24,1,28.387,1,1,0.264,0,0.0,100.21,100.21,1,50.399,2,0,0.0,0,0.0,0.0,100.1,1,28.724,2,0,0.0,0,0.0,0.0,100.1,1
1721-5381-1,167,False,Line,1,3581-89516-1,Line,0.126,100.1,3161.9,1,0.008,26,0,0.0,0,0.0,0.0,100.1,1,0.005,1,0,0.0,0,0.0,0.0,100.1,1,0.005,1,0,0.0,0,0.0,0.0,100.1,1,0.005,1,0,0.0,0,0.0,0.0,100.1,1
1721-14619-1,101,False,Line,2,T3464-3462-34641-1-w2,Transformer,2.708,100.27,5965.5,1,6.34,50,0,0.0,0,0.0,0.0,100.1,1,4.586,1,0,0.0,0,0.0,0.0,100.1,1,4.586,1,0,0.0,0,0.0,0.0,100.1,1,4.586,1,0,0.0,0,0.0,0.0,100.1,1
1721-14619-1,108,False,Line,2,T3464-3462-34641-1-w2,Transformer,2.711,100.27,7006.9,1,6.375,52,0,0.0,0,0.0,0.0,100.1,1,4.592,1,0,0.0,0,0.0,0.0,100.1,1,4.592,1,0,0.0,0,0.0,0.0,100.1,1,4.592,1,0,0.0,0,0.0,0.0,100.1,1
1721-14619-1,159,False,Line,2,T3464-3462-34641-1-w2,Transformer,3.547,100.35,5313.0,1,9.351,52,0,0.0,0,0.0,0.0,100.1,1,6.838,1,0,0.0,0,0.0,0.0,100.1,1,6.838,1,0,0.0,0,0.0,0.0,100.1,1,6.838,1,0,0.0,0,0.0,0.0,100.1,1
1742-2202-1,36,False,Line,1,3082-3122-1,Line,67.825,110.7,6805.4,1,168.549,13,0,0.0,0,0.0,0.0,100.1,1,107.1,1,0,0.0,0,0.0,0.0,100.1,1,107.1,1,0,0.0,0,0.0,0.0,100.1,1,107.1,1,0,0.0,0,0.0,0.0,100.1,1
1742-2202-1,108,False,Line,2,T3464-3462-34641-1-w2,Transformer,1.016,100.1,7006.9,1,0.062,55,0,0.0,0,0.0,0.0,100.1,1,0.044,1,0,0.0,0,0.0,0.0,100.1,1,0.044,1,0,0.0,0,0.0,0.0,100.1,1,0.043,1,0,0.0,0,0.0,0.0,100.1,1
1742-3122-1,36,False,Line,1,T1742-17431-1,Transformer,72.3,120.66,6805.4,1,268.967,15,0,0.0,0,0.0,0.0,100.1,1,172.424,1,0,0.0,0,0.0,0.0,100.1,1,172.424,1,0,0.0,0,0.0,0.0,100.1,1,172.424,1,0,0.0,0,0.0,0.0,100.1,1
1742-3122-1,50,False,Line,1,3581-89516-1,Line,0.134,100.11,5312.4,1,0.053,26,0,0.0,0,0.0,0.0,100.1,1,0.021,1,0,0.0,0,0.0,0.0,100.1,1,0.021,1,0,0.0,0,0.0,0.0,100.1,1,0.021,1,0,0.0,0,0.0,0.0,100.1,1
1742-3122-1,65,False,Line,1,3581-89516-1,Line,0.163,100.13,5388.6,1,0.273,22,0,0.0,0,0.0,0.0,100.1,1,0.085,1,0,0.0,0,0.0,0.0,100.1,1,0.085,1,0,0.0,0,0.0,0.0,100.1,1,0.085,1,0,0.0,0,0.0,0.0,100.1,1
1742-3122-1,72,False,Line,2,T1742-17431-1,Transformer,0.827,100.19,5745.9,0,1.509,35,0,0.0,0,0.359,0.0,100.1,1,0.883,2,0,0.0,0,0.0,0.0,100.1,0,0.0,0,0,0.0,0,0.827,0.0,100.19,1,0.882,2,0,0.0,0,0.0,0.0,100.1,1
1742-3122-1,94,False,Line,1,3581-89516-1,Line,0.17,100.14,5470.0,1,0.194,26,0,0.0,0,0.0,0.0,100.1,1,0.092,1,0,0.0,0,0.0,0.0,100.1,1,0.092,1,0,0.0,0,0.0,0.0,100.1,1,0.092,1,0,0.0,0,0.0,0.0,100.1,1
1742-3122-1,101,False,Line,3,T1742-17431-1,Transformer,23.549,105.37,5965.5,1,87.603,62,0,0.0,0,0.0,0.0,100.1,1,131.209,2,0,0.0,0,0.0,0.0,100.1,1,131.209,2,0,0.0,0,0.0,0.0,100.1,1,65.091,2,0,0.0,0,0.0,0.0,100.1,1
1742-3122-1,108,False,Line,5,T1742-17431-1,Transformer,55.501,113.98,7006.9,0,238.945,86,0,0.0,0,0.648,0.0,100.13,1,200.43,3,1,0.534,0,0.0,100.1,100.1,0,49.48,1,0,0.0,0,48.78,0.0,113.89,1,162.593,5,0,0.0,0,0.0,0.0,100.1,1
1742-3122-1,159,False,Line,2,T3464-3462-34641-1-w2,Transformer,2.426,100.24,5313.0,1,5.351,55,0,0.0,0,0.0,0.0,100.1,1,3.835,1,0,0.0,0,0.0,0.0,100.1,1,3.835,1,0,0.0,0,0.0,0.0,100.1,1,3.835,1,0,0.0,0,0.0,0.0,100.1,1
1742-17420-1,0,False,Line,1,1742-17420-2,Line,167.281,129.35,5299.5,1,166.934,1,3,3.228,0,0.0,101.45,101.45,1,166.934,1,3,3.228,0,0.0,101.45,101.45,0,11.49,1,0,0.0,0,155.807,0.0,127.33,1,171.315,3,0,0.0,0,0.0,0.0,100.1,1
1742-17420-1,7,False,Line,1,1742-17420-2,Line,168.785,129.61,6073.6,1,168.439,1,2,2.279,0,0.0,101.47,101.47,1,168.439,1,2,2.279,0,0.0,101.47,101.47,0,11.49,1,0,0.0,0,157.31,0.0,127.6,1,171.768,2,0,0.0,0,0.0,0.0,100.1,1
1742-17420-1,21,False,Line,1,1742-17420-2,Line,169.311,129.7,4735.3,1,168.966,1,2,2.292,0,0.0,101.47,101.47,1,168.966,1,2,2.292,0,0.0,101.47,101.47,0,11.49,1,0,0.0,0,157.836,0.0,127.69,1,173.141,2,0,0.0,0,0.0,0.0,100.1,1
1742-17420-1,29,False,Line,1,1742-17420-2,Line,171.597,130.1,5968.4,1,171.255,1,3,3.363,0,0.0,101.49,101.49,1,171.255,1,3,3.363,0,0.0,101.49,101.49,0,11.49,1,0,0.0,0,160.122,0.0,128.09,1,176.605,3,0,0.0,0,0.0,0.0,100.1,1
1742-17420-1,116,False,Line,1,1742-17420-2,Line,171.598,130.1,4604.0,1,171.256,1,2,2.351,0,0.0,101.49,101.49,1,171.256,1,2,2.351,0,0.0,101.49,101.49,0,11.49,1,0,0.0,0,160.123,0.0,128.09,1,175.492,2,0,0.0,0,0.0,0.0,100.1,1
1742-17420-2,0,False,Line,1,1742-17420-1,Line,167.281,129.35,5299.5,1,166.934,1,3,3.228,0,0.0,101.45,101.45,1,166.934,1,3,3.228,0,0.0,101.45,101.45,0,11.49,1,0,0.0,0,155.807,0.0,127.33,1,171.315,3,0,0.0,0,0.0,0.0,100.1,1
1742-17420-2,7,False,Line,1,1742-17420-1,Line,168.785,129.61,6073.6,1,168.439,1,2,2.279,0,0.0,101.47,101.47,1,168.439,1,2,2.279,0,0.0,101.47,101.47,0,11.49,1,0,0.0,0,157.31,0.0,127.6,1,171.768,2,0,0.0,0,0.0,0.0,100.1,1
1742-17420-2,21,False,Line,1,1742-17420-1,Line,169.311,129.7,4735.3,1,168.966,1,2,2.292,0,0.0,101.47,101.47,1,168.966,1,2,2.292,0,0.0,101.47,101.47,0,11.49,1,0,0.0,0,157.836,0.0,127.69,1,173.141,2,0,0.0,0,0.0,0.0,100.1,1
1742-17420-2,29,False,Line,1,1742-17420-1,Line,171.597,130.1,5968.4,1,171.255,1,3,3.363,0,0.0,101.49,101.49,1,171.255,1,3,3.363,0,0.0,101.49,101.49,0,11.49,1,0,0.0,0,160.122,0.0,128.09,1,176.605,3,0,0.0,0,0.0,0.0,100.1,1
1742-17420-2,116,False,Line,1,1742-17420-1,Line,171.598,130.1,4604.0,1,171.256,1,2,2.351,0,0.0,101.49,101.49,1,171.256,1,2,2.351,0,0.0,101.49,101.49,0,11.49,1,0,0.0,0,160.123,0.0,128.09,1,175.492,2,0,0.0,0,0.0,0.0,100.1,1
1791-4201-1,50,False,Line,2,3082-3122-1,Line,7.738,100.71,5312.4,1,18.525,20,1,0.248,0,0.0,100.2,100.2,1,10.998,1,1,0.205,0,0.0,100.17,100.17,0,33.137,3,0,0.0,0,3.739,0.0,100.47,1,9.807,3,0,0.0,0,0.0,0.0,100.1,1
1791-4201-1,108,False,Line,1,3691-4041-1,Line,0.259,100.14,7006.9,1,0.147,8,0,0.0,0,0.0,0.0,100.1,1,0.122,1,0,0.0,0,0.0,0.0,100.1,1,0.122,1,0,0.0,0,0.0,0.0,100.1,1,0.122,1,0,0.0,0,0.0,0.0,100.1,1
1791-4481-1,50,False,Line,2,3082-3122-1,Line,7.738,100.71,5312.4,1,18.518,20,1,0.248,0,0.0,100.2,100.2,1,10.996,1,1,0.205,0,0.0,100.17,100.17,0,33.148,3,0,0.0,0,3.734,0.0,100.46,1,9.805,3,0,0.0,0,0.0,0.0,100.1,1
1791-4481-1,108,False,Line,1,3691-4041-1,Line,0.259,100.14,7006.9,1,0.147,8,0,0.0,0,0.0,0.0,100.1,1,0.122,1,0,0.0,0,0.0,0.0,100.1,1,0.122,1,0,0.0,0,0.0,0.0,100.1,1,0.122,1,0,0.0,0,0.0,0.0,100.1,1
1821-35011-1,21,False,Line,1,3581-89516-1,Line,0.237,100.19,4735.3,1,0.319,7,0,0.0,0,0.0,0.0,100.1,1,0.281,1,0,0.0,0,0.0,0.0,100.1,1,0.281,1,0,0.0,0,0.0,0.0,100.1,1,0.281,1,0,0.0,0,0.0,0.0,100.1,1
1821-35011-1,50,False,Line,1,3082-3122-1,Line,0.91,100.14,5312.4,1,1.332,19,0,0.0,0,0.0,0.0,100.1,1,0.585,1,1,0.536,0,0.0,100.1,100.1,1,0.662,2,0,0.0,0,0.0,0.0,100.1,1,0.594,2,0,0.0,0,0.0,0.0,100.1,1
1821-35011-1,101,False,Line,2,T3464-3462-34641-1-w2,Transformer,5.027,100.5,5965.5,1,15.447,53,0,0.0,0,0.0,0.0,100.1,1,10.809,1,0,0.0,0,0.0,0.0,100.1,1,10.809,1,0,0.0,0,0.0,0.0,100.1,1,10.809,1,0,0.0,0,0.0,0.0,100.1,1
1821-35011-1,108,False,Line,3,3691-4041-1,Line,16.549,105.77,7006.9,1,51.751,69,0,0.0,0,0.0,0.0,100.1,1,30.854,2,0,0.0,0,0.0,0.0,100.1,1,30.854,2,0,0.0,0,0.0,0.0,100.1,1,30.693,2,0,0.0,0,0.0,0.0,100.1,1
1821-35011-1,116,False,Line,1,3581-89516-1,Line,0.321,100.26,4604.0,1,0.574,7,0,0.0,0,0.0,0.0,100.1,1,0.489,1,0,0.0,0,0.0,0.0,100.1,1,0.489,1,0,0.0,0,0.0,0.0,100.1,1,0.489,1,0,0.0,0,0.0,0.0,100.1,1
1821-35011-1,159,False,Line,2,T3464-3462-34641-1-w2,Transformer,3.486,100.35,5313.0,1,9.318,55,0,0.0,0,0.0,0.0,100.1,1,6.673,1,0,0.0,0,0.0,0.0,100.1,1,6.673,1,0,0.0,0,0.0,0.0,100.1,1,6.673,1,0,0.0,0,0.0,0.0,100.1,1
1841-2351-1,50,False,Line,1,1122-1742-1,Line,3.2,100.62,5312.4,1,11.86,33,0,0.0,0,0.0,0.0,100.1,1,4.909,1,0,0.0,0,0.0,0.0,100.1,1,4.909,1,0,0.0,0,0.0,0.0,100.1,1,4.909,1,0,0.0,0,0.0,0.0,100.1,1
1841-5291-1,108,False,Line,2,T3464-3462-34641-1-w2,Transformer,2.504,100.25,7006.9,1,5.789,55,0,0.0,0,0.0,0.0,100.1,1,4.044,1,0,0.0,0,0.0,0.0,100.1,1,4.044,1,0,0.0,0,0.0,0.0,100.1,1,4.044,1,0,0.0,0,0.0,0.0,100.1,1
1841-5501-1,50,False,Line,2,1122-1742-1,Line,8.141,100.94,5312.4,1,15.91,26,0,0.0,0,0.0,0.0,100.1,1,7.674,1,0,0.0,0,0.0,0.0,100.1,1,7.674,1,0,0.0,0,0.0,0.0,100.1,1,7.674,1,0,0.0,0,0.0,0.0,100.1,1
1861-2521-1,29,False,Line,1,1861-2521-2,Line,3.893,103.22,5968.4,1,33.949,12,1,0.201,0,0.0,100.19,100.19,1,22.002,2,1,0.13,0,0.0,100.12,100.12,0,17.923,2,0,0.0,0,0.82,0.0,100.68,1,22.023,3,0,0.0,0,0.0,0.0,100.1,1
1861-2521-1,101,False,Line,1,1861-2521-2,Line,15.222,112.58,5965.5,1,163.199,18,0,0.0,0,0.0,0.0,100.1,1,134.611,11,0,0.0,0,0.0,0.0,100.1,1,134.611,11,0,0.0,0,0.0,0.0,100.1,1,134.611,9,0,0.0,0,0.0,0.0,100.1,1
1861-2521-1,108,False,Line,1,1861-2521-2,Line,21.611,117.86,7006.9,1,230.527,18,1,0.614,0,0.0,100.12,100.12,1,193.199,11,1,0.515,0,0.0,100.1,100.1,0,192.631,5,0,0.0,0,2.062,0.0,101.7,1,193.201,10,0,0.0,0,0.0,0.0,100.1,1
1861-2521-2,29,False,Line,1,1861-2521-1,Line,3.642,103.01,5968.4,1,31.761,12,1,0.188,0,0.0,100.18,100.18,1,20.583,2,1,0.122,0,0.0,100.11,100.11,0,17.923,2,0,0.0,0,0.576,0.0,100.48,1,20.597,3,0,0.0,0,0.0,0.0,100.1,1
1861-2521-2,101,False,Line,1,1861-2521-1,Line,14.949,112.35,5965.5,1,160.572,18,0,0.0,0,0.0,0.0,100.1,1,132.201,11,0,0.0,0,0.0,0.0,100.1,1,132.201,11,0,0.0,0,0.0,0.0,100.1,1,132.201,9,0,0.0,0,0.0,0.0,100.1,1
1861-2521-2,108,False,Line,1,1861-2521-1,Line,21.325,117.62,7006.9,1,227.919,18,1,0.607,0,0.0,100.12,100.12,1,190.789,11,0,0.0,0,0.0,0.0,100.1,0,192.631,5,0,0.0,0,1.814,0.0,101.5,1,190.789,9,0,0.0,0,0.0,0.0,100.1,1
1861-10619-1,58,False,Line,3,3581-89516-1,Line,9.73,103.72,4583.8,1,20.692,26,0,0.0,0,0.0,0.0,100.1,1,8.69,1,0,0.0,0,0.0,0.0,100.1,1,8.69,1,0,0.0,0,0.0,0.0,100.1,1,8.69,3,0,0.0,0,0.0,0.0,100.1,1
1861-10619-1,65,False,Line,3,3581-89516-1,Line,3.079,101.92,5388.6,1,14.048,22,0,0.0,0,0.0,0.0,100.1,1,4.641,1,0,0.0,0,0.0,0.0,100.1,1,4.641,1,0,0.0,0,0.0,0.0,100.1,1,4.641,1,0,0.0,0,0.0,0.0,100.1,1
1861-10619-1,72,False,Line,3,3581-89516-1,Line,2.428,101.74,5745.9,1,11.623,19,0,0.0,0,0.0,0.0,100.1,1,4.892,1,0,0.0,0,0.0,0.0,100.1,1,4.892,1,0,0.0,0,0.0,0.0,100.1,1,4.892,1,0,0.0,0,0.0,0.0,100.1,1
1861-10619-1,79,False,Line,1,3581-89516-1,Line,1.531,101.24,2728.8,1,5.839,26,0,0.0,0,0.0,0.0,100.1,1,2.748,1,0,0.0,0,0.0,0.0,100.1,1,2.748,1,0,0.0,0,0.0,0.0,100.1,1,2.748,1,0,0.0,0,0.0,0.0,100.1,1
1861-10619-1,108,False,Line,1,3691-4041-1,Line,0.298,100.16,7006.9,1,0.231,8,0,0.0,0,0.0,0.0,100.1,1,0.192,1,0,0.0,0,0.0,0.0,100.1,1,0.192,1,0,0.0,0,0.0,0.0,100.1,1,0.192,1,0,0.0,0,0.0,0.0,100.1,1
1861-10619-1,123,False,Line,1,3581-89516-1,Line,0.603,100.49,5593.8,1,1.246,13,0,0.0,0,0.0,0.0,100.1,1,0.937,1,0,0.0,0,0.0,0.0,100.1,1,0.937,1,0,0.0,0,0.0,0.0,100.1,1,0.937,1,0,0.0,0,0.0,0.0,100.1,1
1861-10619-1,130,False,Line,1,3581-89516-1,Line,0.931,100.76,5592.5,1,2.078,13,0,0.0,0,0.0,0.0,100.1,1,1.576,1,0,0.0,0,0.0,0.0,100.1,1,1.576,1,0,0.0,0,0.0,0.0,100.1,1,1.576,1,0,0.0,0,0.0,0.0,100.1,1
1861-10619-1,145,False,Line,3,3581-89516-1,Line,4.435,102.29,4124.9,1,9.95,26,0,0.0,0,0.0,0.0,100.1,1,5.246,1,0,0.0,0,0.0,0.0,100.1,1,5.246,1,0,0.0,0,0.0,0.0,100.1,1,5.246,1,0,0.0,0,0.0,0.0,100.1,1
1861-10619-1,152,False,Line,3,3581-89516-1,Line,10.392,103.9,4161.2,1,15.699,25,0,0.0,0,0.0,0.0,100.1,1,9.121,1,0,0.0,0,0.0,0.0,100.1,1,9.121,1,0,0.0,0,0.0,0.0,100.1,1,9.121,1,0,0.0,0,0.0,0.0,100.1,1
1861-10619-1,159,False,Line,3,3581-89516-1,Line,3.664,102.08,5313.0,1,7.988,25,0,0.0,0,0.0,0.0,100.1,1,4.745,1,0,0.0,0,0.0,0.0,100.1,1,4.745,1,0,0.0,0,0.0,0.0,100.1,1,4.745,1,0,0.0,0,0.0,0.0,100.1,1
1861-10619-1,167,False,Line,1,3581-89516-1,Line,1.505,101.22,3161.9,1,4.255,26,0,0.0,0,0.0,0.0,100.1,1,2.696,1,0,0.0,0,0.0,0.0,100.1,1,2.696,1,0,0.0,0,0.0,0.0,100.1,1,2.696,1,0,0.0,0,0.0,0.0,100.1,1
1881-3281-1,50,False,Line,2,1122-1742-1,Line,4.097,100.45,5312.4,1,7.736,33,0,0.0,0,0.0,0.0,100.1,1,3.327,1,0,0.0,0,0.0,0.0,100.1,1,3.327,1,0,0.0,0,0.0,0.0,100.1,1,3.327,1,0,0.0,0,0.0,0.0,100.1,1
1881-4021-1,0,False,Line,1,3581-89516-1,Line,0.16,100.13,5299.5,1,0.093,13,0,0.0,0,0.0,0.0,100.1,1,0.073,1,0,0.0,0,0.0,0.0,100.1,1,0.073,1,0,0.0,0,0.0,0.0,100.1,1,0.073,1,0,0.0,0,0.0,0.0,100.1,1
1881-4021-1,7,False,Line,1,3581-89516-1,Line,0.157,100.13,6073.6,1,0.089,16,0,0.0,0,0.0,0.0,100.1,1,0.066,1,0,0.0,0,0.0,0.0,100.1,1,0.066,1,0,0.0,0,0.0,0.0,100.1,1,0.066,1,0,0.0,0,0.0,0.0,100.1,1
1881-4021-1,29,False,Line,1,3581-89516-1,Line,0.186,100.15,5968.4,1,0.207,10,0,0.0,0,0.0,0.0,100.1,1,0.156,1,0,0.0,0,0.0,0.0,100.1,1,0.156,1,0,0.0,0,0.0,0.0,100.1,1,0.156,1,0,0.0,0,0.0,0.0,100.1,1
1881-4021-1,50,False,Line,1,1122-1742-1,Line,0.53,100.1,5312.4,1,0.071,31,0,0.0,0,0.0,0.0,100.1,1,0.031,1,0,0.0,0,0.0,0.0,100.1,1,0.031,1,0,0.0,0,0.0,0.0,100.1,1,0.031,1,0,0.0,0,0.0,0.0,100.1,1
1881-4021-1,123,False,Line,1,3581-89516-1,Line,0.172,100.14,5593.8,1,0.131,13,0,0.0,0,0.0,0.0,100.1,1,0.098,1,0,0.0,0,0.0,0.0,100.1,1,0.098,1,0,0.0,0,0.0,0.0,100.1,1,0.098,1,0,0.0,0,0.0,0.0,100.1,1
1881-4021-1,130,False,Line,1,3581-89516-1,Line,0.135,100.11,5592.5,1,0.031,13,0,0.0,0,0.0,0.0,100.1,1,0.023,1,0,0.0,0,0.0,0.0,100.1,1,0.023,1,0,0.0,0,0.0,0.0,100.1,1,0.023,1,0,0.0,0,0.0,0.0,100.1,1
1881-4021-1,137,False,Line,1,3581-89516-1,Line,0.161,100.13,5053.5,1,0.135,11,0,0.0,0,0.0,0.0,100.1,1,0.095,1,0,0.0,0,0.0,0.0,100.1,1,0.095,1,0,0.0,0,0.0,0.0,100.1,1,0.095,1,0,0.0,0,0.0,0.0,100.1,1
1931-4371-1,101,False,Line,2,T3464-3462-34641-1-w2,Transformer,2.581,100.26,5965.5,1,6.08,53,0,0.0,0,0.0,0.0,100.1,1,4.253,1,0,0.0,0,0.0,0.0,100.1,1,4.253,1,0,0.0,0,0.0,0.0,100.1,1,4.253,1,0,0.0,0,0.0,0.0,100.1,1
1931-4371-1,108,False,Line,2,T3464-3462-34641-1-w2,Transformer,3.346,100.33,7006.9,1,9.047,55,0,0.0,0,0.0,0.0,100.1,1,6.31,1,0,0.0,0,0.0,0.0,100.1,1,6.31,1,0,0.0,0,0.0,0.0,100.1,1,6.31,1,0,0.0,0,0.0,0.0,100.1,1
1931-4981-1,101,False,Line,2,T3464-3462-34641-1-w2,Transformer,2.581,100.26,5965.5,1,6.081,53,0,0.0,0,0.0,0.0,100.1,1,4.254,1,0,0.0,0,0.0,0.0,100.1,1,4.254,1,0,0.0,0,0.0,0.0,100.1,1,4.254,1,0,0.0,0,0.0,0.0,100.1,1
1931-4981-1,108,False,Line,2,T3464-3462-34641-1-w2,Transformer,3.346,100.33,7006.9,1,9.048,55,0,0.0,0,0.0,0.0,100.1,1,6.31,1,0,0.0,0,0.0,0.0,100.1,1,6.31,1,0,0.0,0,0.0,0.0,100.1,1,6.31,1,0,0.0,0,0.0,0.0,100.1,1
1931-4981-1,159,False,Line,2,T3464-3462-34641-1-w2,Transformer,1.058,100.11,5313.0,1,0.218,55,0,0.0,0,0.0,0.0,100.1,1,0.156,1,0,0.0,0,0.0,0.0,100.1,1,0.156,1,0,0.0,0,0.0,0.0,100.1,1,0.156,1,0,0.0,0,0.0,0.0,100.1,1
1941-2401-1,0,False,Line,1,3581-89516-1,Line,0.311,100.25,5299.5,1,0.475,13,0,0.0,0,0.0,0.0,100.1,1,0.371,1,0,0.0,0,0.0,0.0,100.1,1,0.371,1,0,0.0,0,0.0,0.0,100.1,1,0.371,1,0,0.0,0,0.0,0.0,100.1,1
1941-2401-1,7,False,Line,1,3581-89516-1,Line,0.348,100.28,6073.6,1,0.595,16,0,0.0,0,0.0,0.0,100.1,1,0.445,1,0,0.0,0,0.0,0.0,100.1,1,0.445,1,0,0.0,0,0.0,0.0,100.1,1,0.445,1,0,0.0,0,0.0,0.0,100.1,1
1941-2401-1,21,False,Line,1,3581-89516-1,Line,0.28,100.23,4735.3,1,0.442,7,0,0.0,0,0.0,0.0,100.1,1,0.389,1,0,0.0,0,0.0,0.0,100.1,1,0.389,1,0,0.0,0,0.0,0.0,100.1,1,0.389,1,0,0.0,0,0.0,0.0,100.1,1
1941-2401-1,29,False,Line,1,3581-89516-1,Line,0.489,100.4,5968.4,1,1.205,10,0,0.0,0,0.0,0.0,100.1,1,0.906,1,0,0.0,0,0.0,0.0,100.1,1,0.906,1,0,0.0,0,0.0,0.0,100.1,1,0.906,1,0,0.0,0,0.0,0.0,100.1,1
1941-2401-1,50,False,Line,1,3082-3122-1,Line,0.638,100.1,5312.4,1,0.021,19,0,0.0,0,0.0,0.0,100.1,1,0.009,1,0,0.0,0,0.0,0.0,100.1,1,0.009,1,0,0.0,0,0.0,0.0,100.1,1,0.009,1,0,0.0,0,0.0,0.0,100.1,1
1941-2401-1,116,False,Line,1,3581-89516-1,Line,0.463,100.38,4604.0,1,0.988,7,0,0.0,0,0.0,0.0,100.1,1,0.842,1,0,0.0,0,0.0,0.0,100.1,1,0.842,1,0,0.0,0,0.0,0.0,100.1,1,0.842,1,0,0.0,0,0.0,0.0,100.1,1
1941-2401-1,123,False,Line,1,3581-89516-1,Line,0.417,100.34,5593.8,1,0.781,13,0,0.0,0,0.0,0.0,100.1,1,0.582,1,0,0.0,0,0.0,0.0,100.1,1,0.582,1,0,0.0,0,0.0,0.0,100.1,1,0.582,1,0,0.0,0,0.0,0.0,100.1,1
1941-2401-1,130,False,Line,1,3581-89516-1,Line,0.333,100.27,5592.5,1,0.555,13,0,0.0,0,0.0,0.0,100.1,1,0.416,1,0,0.0,0,0.0,0.0,100.1,1,0.416,1,0,0.0,0,0.0,0.0,100.1,1,0.416,1,0,0.0,0,0.0,0.0,100.1,1
1941-2401-1,137,False,Line,1,3581-89516-1,Line,0.364,100.3,5053.5,1,0.844,11,0,0.0,0,0.0,0.0,100.1,1,0.596,1,0,0.0,0,0.0,0.0,100.1,1,0.596,1,0,0.0,0,0.0,0.0,100.1,1,0.596,1,0,0.0,0,0.0,0.0,100.1,1
1941-2401-1,152,False,Line,1,3581-89516-1,Line,0.213,100.17,4161.2,1,0.315,25,0,0.0,0,0.0,0.0,100.1,1,0.178,1,0,0.0,0,0.0,0.0,100.1,1,0.178,1,0,0.0,0,0.0,0.0,100.1,1,0.178,1,0,0.0,0,0.0,0.0,100.1,1
1941-2401-1,159,False,Line,1,3581-89516-1,Line,0.234,100.19,5313.0,1,0.382,25,0,0.0,0,0.0,0.0,100.1,1,0.22,1,0,0.0,0,0.0,0.0,100.1,1,0.22,1,0,0.0,0,0.0,0.0,100.1,1,0.22,1,0,0.0,0,0.0,0.0,100.1,1
1941-2401-1,167,False,Line,1,3581-89516-1,Line,0.26,100.21,3161.9,1,0.434,26,0,0.0,0,0.0,0.0,100.1,1,0.271,1,0,0.0,0,0.0,0.0,100.1,1,0.271,1,0,0.0,0,0.0,0.0,100.1,1,0.271,1,0,0.0,0,0.0,0.0,100.1,1
1941-4201-1,0,False,Line,1,3581-89516-1,Line,0.138,100.11,5299.5,1,0.039,13,0,0.0,0,0.0,0.0,100.1,1,0.03,1,0,0.0,0,0.0,0.0,100.1,1,0.03,1,0,0.0,0,0.0,0.0,100.1,1,0.03,1,0,0.0,0,0.0,0.0,100.1,1
1941-4201-1,7,False,Line,1,3581-89516-1,Line,0.169,100.14,6073.6,1,0.121,16,0,0.0,0,0.0,0.0,100.1,1,0.091,1,0,0.0,0,0.0,0.0,100.1,1,0.091,1,0,0.0,0,0.0,0.0,100.1,1,0.091,1,0,0.0,0,0.0,0.0,100.1,1
1941-4201-1,21,False,Line,1,3581-89516-1,Line,0.124,100.1,4735.3,1,0.003,7,0,0.0,0,0.0,0.0,100.1,1,0.002,1,0,0.0,0,0.0,0.0,100.1,1,0.002,1,0,0.0,0,0.0,0.0,100.1,1,0.002,1,0,0.0,0,0.0,0.0,100.1,1
1941-4201-1,29,False,Line,1,3581-89516-1,Line,0.232,100.19,5968.4,1,0.36,10,0,0.0,0,0.0,0.0,100.1,1,0.271,1,0,0.0,0,0.0,0.0,100.1,1,0.271,1,0,0.0,0,0.0,0.0,100.1,1,0.271,1,0,0.0,0,0.0,0.0,100.1,1
1941-4201-1,50,False,Line,3,3082-3122-1,Line,1.717,100.14,5312.4,0,1.528,45,0,0.0,0,0.639,0.0,100.1,1,0.875,3,0,0.0,0,0.0,0.0,100.1,0,14.681,1,0,0.0,0,0.14,0.0,100.11,1,0.747,3,0,0.0,0,0.0,0.0,100.1,1
1941-4201-1,58,False,Line,1,3581-89516-1,Line,0.194,100.16,4583.8,1,0.348,26,0,0.0,0,0.0,0.0,100.1,1,0.141,1,0,0.0,0,0.0,0.0,100.1,1,0.141,1,0,0.0,0,0.0,0.0,100.1,1,0.141,1,0,0.0,0,0.0,0.0,100.1,1
1941-4201-1,65,False,Line,1,3581-89516-1,Line,0.174,100.14,5388.6,1,0.348,22,0,0.0,0,0.0,0.0,100.1,1,0.108,1,0,0.0,0,0.0,0.0,100.1,1,0.108,1,0,0.0,0,0.0,0.0,100.1,1,0.108,1,0,0.0,0,0.0,0.0,100.1,1
1941-4201-1,72,False,Line,1,3581-89516-1,Line,0.159,100.13,5745.9,1,0.22,19,0,0.0,0,0.0,0.0,100.1,1,0.088,1,0,0.0,0,0.0,0.0,100.1,1,0.088,1,0,0.0,0,0.0,0.0,100.1,1,0.088,1,0,0.0,0,0.0,0.0,100.1,1
1941-4201-1,79,False,Line,1,3581-89516-1,Line,0.188,100.15,2728.8,1,0.279,26,0,0.0,0,0.0,0.0,100.1,1,0.128,1,0,0.0,0,0.0,0.0,100.1,1,0.128,1,0,0.0,0,0.0,0.0,100.1,1,0.128,1,0,0.0,0,0.0,0.0,100.1,1
1941-4201-1,94,False,Line,1,3581-89516-1,Line,0.231,100.19,5470.0,1,0.448,26,0,0.0,0,0.0,0.0,100.1,1,0.213,1,0,0.0,0,0.0,0.0,100.1,1,0.213,1,0,0.0,0,0.0,0.0,100.1,1,0.213,1,0,0.0,0,0.0,0.0,100.1,1
1941-4201-1,108,False,Line,3,3581-89516-1,Line,1.314,100.25,7006.9,0,0.888,75,0,0.0,2,1.026,0.0,100.1,1,11.107,2,1,0.42,0,0.0,100.22,100.22,1,3.21,3,0,0.0,0,0.0,0.0,100.1,1,0.462,2,0,0.0,0,0.0,0.0,100.1,1
1941-4201-1,116,False,Line,1,3581-89516-1,Line,0.304,100.25,4604.0,1,0.524,7,0,0.0,0,0.0,0.0,100.1,1,0.447,1,0,0.0,0,0.0,0.0,100.1,1,0.447,1,0,0.0,0,0.0,0.0,100.1,1,0.447,1,0,0.0,0,0.0,0.0,100.1,1
1941-4201-1,123,False,Line,1,3581-89516-1,Line,0.195,100.16,5593.8,1,0.19,13,0,0.0,0,0.0,0.0,100.1,1,0.142,1,0,0.0,0,0.0,0.0,100.1,1,0.142,1,0,0.0,0,0.0,0.0,100.1,1,0.142,1,0,0.0,0,0.0,0.0,100.1,1
1941-4201-1,130,False,Line,1,3581-89516-1,Line,0.18,100.15,5592.5,1,0.151,13,0,0.0,0,0.0,0.0,100.1,1,0.114,1,0,0.0,0,0.0,0.0,100.1,1,0.114,1,0,0.0,0,0.0,0.0,100.1,1,0.114,1,0,0.0,0,0.0,0.0,100.1,1
1941-4201-1,137,False,Line,1,3581-89516-1,Line,0.379,100.31,5053.5,1,0.897,11,0,0.0,0,0.0,0.0,100.1,1,0.634,1,0,0.0,0,0.0,0.0,100.1,1,0.634,1,0,0.0,0,0.0,0.0,100.1,1,0.634,1,0,0.0,0,0.0,0.0,100.1,1
1941-4201-1,145,False,Line,1,3581-89516-1,Line,0.168,100.14,4124.9,1,0.172,26,0,0.0,0,0.0,0.0,100.1,1,0.088,1,0,0.0,0,0.0,0.0,100.1,1,0.088,1,0,0.0,0,0.0,0.0,100.1,1,0.088,1,0,0.0,0,0.0,0.0,100.1,1
1941-4201-1,152,False,Line,1,3581-89516-1,Line,0.277,100.23,4161.2,1,0.542,25,0,0.0,0,0.0,0.0,100.1,1,0.306,1,0,0.0,0,0.0,0.0,100.1,1,0.306,1,0,0.0,0,0.0,0.0,100.1,1,0.306,1,0,0.0,0,0.0,0.0,100.1,1
1941-4201-1,159,False,Line,3,3581-89516-1,Line,1.433,100.27,5313.0,0,1.106,80,0,0.0,0,1.039,0.0,100.1,1,19.314,2,0,0.0,0,0.0,0.0,100.1,1,4.162,2,0,0.0,0,0.0,0.0,100.1,1,0.777,2,0,0.0,0,0.0,0.0,100.1,1
1941-4201-1,167,False,Line,1,3581-89516-1,Line,0.213,100.17,3161.9,1,0.285,26,0,0.0,0,0.0,0.0,100.1,1,0.178,1,0,0.0,0,0.0,0.0,100.1,1,0.178,1,0,0.0,0,0.0,0.0,100.1,1,0.178,1,0,0.0,0,0.0,0.0,100.1,1
1941-4391-1,50,False,Line,2,3082-3122-1,Line,4.773,100.43,5312.4,1,10.23,19,0,0.0,0,0.0,0.0,100.1,1,6.072,1,0,0.0,0,0.0,0.0,100.1,1,6.072,1,0,0.0,0,0.0,0.0,100.1,1,5.321,2,0,0.0,0,0.0,0.0,100.1,1
1981-2821-1,0,False,Line,3,3581-89516-1,Line,3.84,102.12,5299.5,1,6.049,12,0,0.0,0,0.0,0.0,100.1,1,4.844,1,0,0.0,0,0.0,0.0,100.1,1,4.844,1,0,0.0,0,0.0,0.0,100.1,1,4.844,1,0,0.0,0,0.0,0.0,100.1,1
1981-2821-1,7,False,Line,1,3581-89516-1,Line,0.627,100.51,6073.6,1,1.286,15,0,0.0,0,0.0,0.0,100.1,1,0.98,1,0,0.0,0,0.0,0.0,100.1,1,0.98,1,0,0.0,0,0.0,0.0,100.1,1,0.98,1,0,0.0,0,0.0,0.0,100.1,1
1981-2821-1,21,False,Line,3,3581-89516-1,Line,4.135,102.2,4735.3,1,6.933,6,0,0.0,0,0.0,0.0,100.1,1,6.255,1,0,0.0,0,0.0,0.0,100.1,1,6.255,1,0,0.0,0,0.0,0.0,100.1,1,6.255,1,0,0.0,0,0.0,0.0,100.1,1
1981-2821-1,58,False,Line,3,3581-89516-1,Line,6.155,102.75,4583.8,1,15.651,25,0,0.0,0,0.0,0.0,100.1,1,6.345,1,0,0.0,0,0.0,0.0,100.1,1,6.345,1,0,0.0,0,0.0,0.0,100.1,1,6.345,3,0,0.0,0,0.0,0.0,100.1,1
1981-2821-1,79,False,Line,3,3581-89516-1,Line,3.02,101.9,2728.8,1,9.37,25,0,0.0,0,0.0,0.0,100.1,1,4.312,1,0,0.0,0,0.0,0.0,100.1,1,4.312,1,0,0.0,0,0.0,0.0,100.1,1,4.312,1,0,0.0,0,0.0,0.0,100.1,1
1981-2821-1,116,False,Line,1,3581-89516-1,Line,1.427,101.16,4604.0,1,3.617,6,0,0.0,0,0.0,0.0,100.1,1,3.152,1,0,0.0,0,0.0,0.0,100.1,1,3.152,1,0,0.0,0,0.0,0.0,100.1,1,3.152,1,0,0.0,0,0.0,0.0,100.1,1
1981-2821-1,123,False,Line,3,3581-89516-1,Line,9.74,103.72,5593.8,1,11.425,12,0,0.0,0,0.0,0.0,100.1,1,8.67,1,0,0.0,0,0.0,0.0,100.1,1,8.67,1,0,0.0,0,0.0,0.0,100.1,1,8.67,1,0,0.0,0,0.0,0.0,100.1,1
1981-2821-1,130,False,Line,3,3581-89516-1,Line,10.176,103.84,5592.5,1,11.711,12,0,0.0,0,0.0,0.0,100.1,1,8.952,1,0,0.0,0,0.0,0.0,100.1,1,8.952,1,0,0.0,0,0.0,0.0,100.1,1,8.952,1,0,0.0,0,0.0,0.0,100.1,1
1981-2821-1,145,False,Line,3,3581-89516-1,Line,7.731,103.18,4124.9,1,14.282,25,0,0.0,0,0.0,0.0,100.1,1,7.367,1,0,0.0,0,0.0,0.0,100.1,1,7.367,1,0,0.0,0,0.0,0.0,100.1,1,7.367,2,0,0.0,0,0.0,0.0,100.1,1
1981-2821-1,152,False,Line,3,3581-89516-1,Line,14.785,105.09,4161.2,1,21.015,24,0,0.0,0,0.0,0.0,100.1,1,11.94,2,0,0.0,0,0.0,0.0,100.1,1,11.94,2,0,0.0,0,0.0,0.0,100.1,1,11.94,1,0,0.0,0,0.0,0.0,100.1,1
1981-2821-1,159,False,Line,3,3581-89516-1,Line,4.164,102.21,5313.0,1,8.703,24,0,0.0,0,0.0,0.0,100.1,1,5.054,1,0,0.0,0,0.0,0.0,100.1,1,5.054,1,0,0.0,0,0.0,0.0,100.1,1,5.054,1,0,0.0,0,0.0,0.0,100.1,1
1981-2821-1,167,False,Line,3,3581-89516-1,Line,7.234,103.04,3161.9,1,11.248,25,0,0.0,0,0.0,0.0,100.1,1,7.045,1,0,0.0,0,0.0,0.0,100.1,1,7.045,1,0,0.0,0,0.0,0.0,100.1,1,7.045,1,0,0.0,0,0.0,0.0,100.1,1
1981-79016-1,7,False,Line,1,3581-89516-1,Line,0.128,100.1,6073.6,1,0.013,17,0,0.0,0,0.0,0.0,100.1,1,0.01,1,0,0.0,0,0.0,0.0,100.1,1,0.01,1,0,0.0,0,0.0,0.0,100.1,1,0.01,1,0,0.0,0,0.0,0.0,100.1,1
1981-79016-1,29,False,Line,3,3581-89516-1,Line,35.784,110.78,5968.4,1,40.394,10,1,0.239,0,0.0,100.23,100.23,1,31.175,2,1,0.184,0,0.0,100.17,100.17,0,17.923,2,0,0.0,0,13.219,0.0,104.64,1,31.268,3,0,0.0,0,0.0,0.0,100.1,1
1981-79016-1,50,False,Line,3,3581-89516-1,Line,29.07,108.96,5312.4,1,50.941,27,2,3.304,0,0.0,100.32,100.32,1,21.611,5,2,1.697,0,0.0,100.17,100.17,0,10.837,2,0,0.0,0,12.405,0.0,104.43,1,22.308,6,0,0.0,0,0.0,0.0,100.1,1
1981-79016-1,65,False,Line,3,3581-89516-1,Line,30.458,109.34,5388.6,1,70.22,23,0,0.0,0,0.0,0.0,100.1,1,24.808,3,0,0.0,0,0.0,0.0,100.1,1,24.808,3,0,0.0,0,0.0,0.0,100.1,1,24.808,2,0,0.0,0,0.0,0.0,100.1,1
1981-79016-1,72,False,Line,3,3581-89516-1,Line,24.826,107.81,5745.9,1,54.027,20,0,0.0,0,0.0,0.0,100.1,1,22.508,2,0,0.0,0,0.0,0.0,100.1,1,22.508,2,0,0.0,0,0.0,0.0,100.1,1,22.508,2,0,0.0,0,0.0,0.0,100.1,1
1981-79016-1,79,False,Line,1,3581-89516-1,Line,1.269,101.03,2728.8,1,4.712,27,0,0.0,0,0.0,0.0,100.1,1,2.227,1,0,0.0,0,0.0,0.0,100.1,1,2.227,1,0,0.0,0,0.0,0.0,100.1,1,2.227,1,0,0.0,0,0.0,0.0,100.1,1
1981-79016-1,94,False,Line,3,3581-89516-1,Line,10.085,103.82,5470.0,1,18.344,27,0,0.0,0,0.0,0.0,100.1,1,8.889,1,0,0.0,0,0.0,0.0,100.1,1,8.889,1,0,0.0,0,0.0,0.0,100.1,1,8.889,2,0,0.0,0,0.0,0.0,100.1,1
1981-79016-1,101,False,Line,1,3581-89516-1,Line,0.187,100.15,5965.5,1,0.278,25,0,0.0,0,0.0,0.0,100.1,1,0.124,1,0,0.0,0,0.0,0.0,100.1,1,0.124,1,0,0.0,0,0.0,0.0,100.1,1,0.124,1,0,0.0,0,0.0,0.0,100.1,1
1981-79016-1,108,False,Line,5,3581-89516-1,Line,21.636,106.6,7006.9,0,40.532,76,0,0.0,0,0.14,0.0,100.11,1,19.532,2,0,0.0,0,0.0,0.0,100.1,1,116.643,2,0,0.0,0,0.0,0.0,100.1,1,19.53,3,0,0.0,0,0.0,0.0,100.1,1
1981-79016-1,137,False,Line,3,3581-89516-1,Line,32.257,109.83,5053.5,1,41.994,12,1,0.248,0,0.0,100.23,100.23,1,28.386,2,1,0.168,0,0.0,100.16,100.16,0,17.923,1,0,0.0,0,9.692,0.0,103.68,1,28.459,3,0,0.0,0,0.0,0.0,100.1,1
1981-79016-1,159,False,Line,1,3581-89516-1,Line,0.645,100.52,5313.0,1,1.745,26,0,0.0,0,0.0,0.0,100.1,1,1.015,1,0,0.0,0,0.0,0.0,100.1,1,1.015,1,0,0.0,0,0.0,0.0,100.1,1,1.015,1,0,0.0,0,0.0,0.0,100.1,1
2001-4791-1,50,False,Line,1,3581-89516-1,Line,0.123,100.1,5312.4,1,0.0,21,0,0.0,0,0.0,0.0,100.1,1,0.001,1,0,0.0,0,0.0,0.0,100.1,1,0.001,1,0,0.0,0,0.0,0.0,100.1,1,0.0,1,0,0.0,0,0.0,0.0,100.1,1
2001-4791-1,101,False,Line,2,T3464-3462-34641-1-w2,Transformer,14.706,101.47,5965.5,1,51.679,53,0,0.0,0,0.0,0.0,100.1,1,36.734,1,0,0.0,0,0.0,0.0,100.1,1,36.734,1,0,0.0,0,0.0,0.0,100.1,1,36.734,1,0,0.0,0,0.0,0.0,100.1,1
2001-4791-1,108,False,Line,3,T3464-3462-34641-1-w2,Transformer,10.952,101.08,7006.9,0,38.01,75,0,0.0,0,0.514,0.0,100.1,1,37.423,2,1,0.377,0,0.0,100.2,100.2,1,50.86,2,0,0.0,0,0.0,0.0,100.1,1,26.695,2,0,0.0,0,0.0,0.0,100.1,1
2001-4791-1,145,False,Line,1,3581-89516-1,Line,0.179,100.15,4124.9,1,0.216,26,0,0.0,0,0.0,0.0,100.1,1,0.111,1,0,0.0,0,0.0,0.0,100.1,1,0.111,1,0,0.0,0,0.0,0.0,100.1,1,0.111,1,0,0.0,0,0.0,0.0,100.1,1
2001-4791-1,152,False,Line,1,3581-89516-1,Line,0.154,100.13,4161.2,1,0.109,25,0,0.0,0,0.0,0.0,100.1,1,0.061,1,0,0.0,0,0.0,0.0,100.1,1,0.061,1,0,0.0,0,0.0,0.0,100.1,1,0.061,1,0,0.0,0,0.0,0.0,100.1,1
2001-4791-1,159,False,Line,3,T3464-3462-34641-1-w2,Transformer,15.728,101.55,5313.0,0,54.778,80,0,0.0,0,0.531,0.0,100.11,1,58.049,2,0,0.0,0,0.0,0.0,100.1,1,80.6,2,0,0.0,0,0.0,0.0,100.1,1,39.653,2,0,0.0,0,0.0,0.0,100.1,1
2001-4791-1,167,False,Line,1,3581-89516-1,Line,0.149,100.12,3161.9,1,0.083,26,0,0.0,0,0.0,0.0,100.1,1,0.052,1,0,0.0,0,0.0,0.0,100.1,1,0.052,1,0,0.0,0,0.0,0.0,100.1,1,0.052,1,0,0.0,0,0.0,0.0,100.1,1
2001-5441-1,101,False,Line,2,T3464-3462-34641-1-w2,Transformer,2.953,100.3,5965.5,1,7.476,53,0,0.0,0,0.0,0.0,100.1,1,5.248,1,0,0.0,0,0.0,0.0,100.1,1,5.248,1,0,0.0,0,0.0,0.0,100.1,1,5.248,1,0,0.0,0,0.0,0.0,100.1,1
2001-5441-1,108,False,Line,2,T3464-3462-34641-1-w2,Transformer,3.263,100.33,7006.9,1,8.689,55,0,0.0,0,0.0,0.0,100.1,1,6.082,1,0,0.0,0,0.0,0.0,100.1,1,6.082,1,0,0.0,0,0.0,0.0,100.1,1,6.082,1,0,0.0,0,0.0,0.0,100.1,1
2001-5441-1,159,False,Line,2,T3464-3462-34641-1-w2,Transformer,4.416,100.44,5313.0,1,12.783,55,1,0.147,0,0.0,100.12,100.12,1,9.18,1,1,0.138,0,0.0,100.11,100.11,1,11.731,2,0,0.0,0,0.0,0.0,100.1,1,9.217,2,0,0.0,0,0.0,0.0,100.1,1
2002-2742-1,0,False,Line,1,3581-89516-1,Line,0.392,100.32,5299.5,1,0.682,13,0,0.0,0,0.0,0.0,100.1,1,0.533,1,0,0.0,0,0.0,0.0,100.1,1,0.533,1,0,0.0,0,0.0,0.0,100.1,1,0.533,1,0,0.0,0,0.0,0.0,100.1,1
2002-2742-1,7,False,Line,1,3581-89516-1,Line,0.559,100.45,6073.6,1,1.152,16,0,0.0,0,0.0,0.0,100.1,1,0.862,1,0,0.0,0,0.0,0.0,100.1,1,0.862,1,0,0.0,0,0.0,0.0,100.1,1,0.862,1,0,0.0,0,0.0,0.0,100.1,1
2002-2742-1,21,False,Line,1,3581-89516-1,Line,0.371,100.3,4735.3,1,0.697,7,0,0.0,0,0.0,0.0,100.1,1,0.615,1,0,0.0,0,0.0,0.0,100.1,1,0.615,1,0,0.0,0,0.0,0.0,100.1,1,0.615,1,0,0.0,0,0.0,0.0,100.1,1
2002-2742-1,29,False,Line,1,3581-89516-1,Line,0.557,100.45,5968.4,1,1.428,10,0,0.0,0,0.0,0.0,100.1,1,1.074,1,0,0.0,0,0.0,0.0,100.1,1,1.074,1,0,0.0,0,0.0,0.0,100.1,1,1.074,1,0,0.0,0,0.0,0.0,100.1,1
2002-2742-1,50,False,Line,3,T3464-3462-34641-1-w2,Transformer,13.383,101.27,5312.4,0,45.751,83,0,0.0,0,1.08,0.0,100.11,1,33.547,2,0,0.0,0,0.0,0.0,100.1,1,64.217,3,0,0.0,0,0.0,0.0,100.1,1,32.617,2,0,0.0,0,0.0,0.0,100.1,1
2002-2742-1,58,False,Line,1,3581-89516-1,Line,0.67,100.54,4583.8,1,2.681,26,0,0.0,0,0.0,0.0,100.1,1,1.083,1,0,0.0,0,0.0,0.0,100.1,1,1.083,1,0,0.0,0,0.0,0.0,100.1,1,1.083,1,0,0.0,0,0.0,0.0,100.1,1
2002-2742-1,65,False,Line,1,3581-89516-1,Line,0.561,100.46,5388.6,1,2.966,22,0,0.0,0,0.0,0.0,100.1,1,0.923,1,0,0.0,0,0.0,0.0,100.1,1,0.923,1,0,0.0,0,0.0,0.0,100.1,1,0.923,1,0,0.0,0,0.0,0.0,100.1,1
2002-2742-1,72,False,Line,1,3581-89516-1,Line,0.491,100.4,5745.9,1,2.26,19,0,0.0,0,0.0,0.0,100.1,1,0.91,1,0,0.0,0,0.0,0.0,100.1,1,0.91,1,0,0.0,0,0.0,0.0,100.1,1,0.91,1,0,0.0,0,0.0,0.0,100.1,1
2002-2742-1,79,False,Line,1,3581-89516-1,Line,0.552,100.45,2728.8,1,1.853,26,0,0.0,0,0.0,0.0,100.1,1,0.849,1,0,0.0,0,0.0,0.0,100.1,1,0.849,1,0,0.0,0,0.0,0.0,100.1,1,0.849,1,0,0.0,0,0.0,0.0,100.1,1
2002-2742-1,94,False,Line,1,3581-89516-1,Line,0.403,100.33,5470.0,1,1.163,26,0,0.0,0,0.0,0.0,100.1,1,0.554,1,0,0.0,0,0.0,0.0,100.1,1,0.554,1,0,0.0,0,0.0,0.0,100.1,1,0.554,1,0,0.0,0,0.0,0.0,100.1,1
2002-2742-1,101,False,Line,4,2001-5441-1,Line,97.466,108.45,5965.5,1,239.341,54,1,0.637,0,0.0,100.12,100.12,1,241.532,8,1,0.643,0,0.0,100.13,100.13,0,192.631,6,0,0.0,0,10.072,0.0,105.01,1,202.897,10,0,0.0,0,0.0,0.0,100.1,1
2002-2742-1,108,False,Line,5,T3464-3462-34641-1-w2,Transformer,55.84,104.37,7006.9,0,160.548,76,0,0.0,0,0.6,0.0,100.12,1,151.378,5,0,0.0,0,0.0,0.0,100.1,1,151.378,5,0,0.0,0,0.0,0.0,100.1,1,115.683,6,0,0.0,0,0.0,0.0,100.1,1
2002-2742-1,116,False,Line,1,3581-89516-1,Line,0.326,100.27,4604.0,1,0.589,7,0,0.0,0,0.0,0.0,100.1,1,0.502,1,0,0.0,0,0.0,0.0,100.1,1,0.502,1,0,0.0,0,0.0,0.0,100.1,1,0.502,1,0,0.0,0,0.0,0.0,100.1,1
2002-2742-1,123,False,Line,1,3581-89516-1,Line,0.534,100.43,5593.8,1,1.092,13,0,0.0,0,0.0,0.0,100.1,1,0.813,1,0,0.0,0,0.0,0.0,100.1,1,0.813,1,0,0.0,0,0.0,0.0,100.1,1,0.813,1,0,0.0,0,0.0,0.0,100.1,1
2002-2742-1,130,False,Line,1,3581-89516-1,Line,0.813,100.66,5592.5,1,1.819,13,0,0.0,0,0.0,0.0,100.1,1,1.365,1,0,0.0,0,0.0,0.0,100.1,1,1.365,1,0,0.0,0,0.0,0.0,100.1,1,1.365,1,0,0.0,0,0.0,0.0,100.1,1
2002-2742-1,137,False,Line,1,3581-89516-1,Line,0.537,100.44,5053.5,1,1.451,11,0,0.0,0,0.0,0.0,100.1,1,1.025,1,0,0.0,0,0.0,0.0,100.1,1,1.025,1,0,0.0,0,0.0,0.0,100.1,1,1.025,1,0,0.0,0,0.0,0.0,100.1,1
2002-2742-1,145,False,Line,5,2001-5441-1,Line,92.801,129.16,4124.9,0,658.989,63,1,0.755,0,0.339,100.6,100.6,1,577.498,15,0,0.0,0,0.0,0.0,100.1,0,269.124,10,0,0.0,0,57.376,0.0,126.85,1,497.967,16,0,0.0,0,0.0,0.0,100.1,1
2002-2742-1,152,False,Line,2,2001-5441-1,Line,3.015,101.04,4161.2,0,24.44,62,0,0.0,0,0.232,0.0,100.12,1,20.673,4,0,0.0,0,0.0,0.0,100.1,0,24.477,1,0,0.0,0,0.911,0.0,100.74,1,10.702,4,0,0.0,0,0.0,0.0,100.1,1
2002-2742-1,159,False,Line,5,2001-5441-1,Line,149.074,125.88,5313.0,0,587.574,62,1,0.47,0,0.33,100.38,100.38,1,612.77,15,0,0.0,0,0.0,0.0,100.1,0,421.018,15,0,0.0,0,83.832,0.0,122.61,1,423.656,10,0,0.0,0,0.0,0.0,100.1,1
2002-2742-1,167,False,Line,2,2001-5441-1,Line,10.276,104.64,3161.9,0,107.107,63,0,0.0,0,0.243,0.0,100.12,1,82.514,10,0,0.0,0,0.0,0.0,100.1,0,3.749,1,0,0.0,0,9.984,0.0,104.49,1,56.393,10,0,0.0,0,0.0,0.0,100.1,1
2002-3203-1,0,False,Line,1,3581-89516-1,Line,0.596,100.48,5299.5,1,1.198,13,0,0.0,0,0.0,0.0,100.1,1,0.936,1,0,0.0,0,0.0,0.0,100.1,1,0.936,1,0,0.0,0,0.0,0.0,100.1,1,0.936,1,0,0.0,0,0.0,0.0,100.1,1
2002-3203-1,7,False,Line,1,3581-89516-1,Line,0.851,100.69,6073.6,1,1.926,16,0,0.0,0,0.0,0.0,100.1,1,1.441,1,0,0.0,0,0.0,0.0,100.1,1,1.441,1,0,0.0,0,0.0,0.0,100.1,1,1.441,1,0,0.0,0,0.0,0.0,100.1,1
2002-3203-1,21,False,Line,1,3581-89516-1,Line,0.525,100.43,4735.3,1,1.127,7,0,0.0,0,0.0,0.0,100.1,1,0.994,1,0,0.0,0,0.0,0.0,100.1,1,0.994,1,0,0.0,0,0.0,0.0,100.1,1,0.994,1,0,0.0,0,0.0,0.0,100.1,1
2002-3203-1,29,False,Line,1,3581-89516-1,Line,0.799,100.65,5968.4,1,2.222,10,0,0.0,0,0.0,0.0,100.1,1,1.671,1,0,0.0,0,0.0,0.0,100.1,1,1.671,1,0,0.0,0,0.0,0.0,100.1,1,1.671,1,0,0.0,0,0.0,0.0,100.1,1
2002-3203-1,50,False,Line,4,T3464-3462-34641-1-w2,Transformer,60.15,104.74,5312.4,0,168.385,82,0,0.0,0,0.656,0.0,100.13,1,124.862,4,0,0.0,0,0.0,0.0,100.1,0,341.019,10,0,0.0,0,13.883,0.0,101.43,1,124.118,5,0,0.0,0,0.0,0.0,100.1,1
2002-3203-1,58,False,Line,1,3581-89516-1,Line,1.024,100.83,4583.8,1,4.413,26,0,0.0,0,0.0,0.0,100.1,1,1.783,1,0,0.0,0,0.0,0.0,100.1,1,1.783,1,0,0.0,0,0.0,0.0,100.1,1,1.783,1,0,0.0,0,0.0,0.0,100.1,1
2002-3203-1,65,False,Line,1,3581-89516-1,Line,0.892,100.73,5388.6,1,5.207,22,0,0.0,0,0.0,0.0,100.1,1,1.621,1,0,0.0,0,0.0,0.0,100.1,1,1.621,1,0,0.0,0,0.0,0.0,100.1,1,1.621,1,0,0.0,0,0.0,0.0,100.1,1
2002-3203-1,72,False,Line,1,3581-89516-1,Line,0.818,100.67,5745.9,1,4.274,19,0,0.0,0,0.0,0.0,100.1,1,1.72,1,0,0.0,0,0.0,0.0,100.1,1,1.72,1,0,0.0,0,0.0,0.0,100.1,1,1.72,1,0,0.0,0,0.0,0.0,100.1,1
2002-3203-1,79,False,Line,1,3581-89516-1,Line,0.886,100.72,2728.8,1,3.293,26,0,0.0,0,0.0,0.0,100.1,1,1.509,1,0,0.0,0,0.0,0.0,100.1,1,1.509,1,0,0.0,0,0.0,0.0,100.1,1,1.509,1,0,0.0,0,0.0,0.0,100.1,1
2002-3203-1,94,False,Line,1,3581-89516-1,Line,0.701,100.57,5470.0,1,2.4,26,0,0.0,0,0.0,0.0,100.1,1,1.144,1,0,0.0,0,0.0,0.0,100.1,1,1.144,1,0,0.0,0,0.0,0.0,100.1,1,1.144,1,0,0.0,0,0.0,0.0,100.1,1
2002-3203-1,101,False,Line,3,T3464-3462-34641-1-w2,Transformer,138.75,110.28,5965.5,1,351.858,53,1,0.937,0,0.0,100.18,100.18,1,268.735,6,1,0.716,0,0.0,100.14,100.14,0,192.631,5,0,0.0,0,29.17,0.0,102.85,1,268.99,7,0,0.0,0,0.0,0.0,100.1,1
2002-3203-1,108,False,Line,5,T3464-3462-34641-1-w2,Transformer,112.377,108.14,7006.9,0,289.46,75,1,0.771,0,0.672,100.15,100.15,1,252.86,6,1,0.673,0,0.0,100.13,100.13,0,192.631,6,0,0.0,0,22.327,0.0,102.26,1,219.681,8,0,0.0,0,0.0,0.0,100.1,1
2002-3203-1,116,False,Line,1,3581-89516-1,Line,0.457,100.37,4604.0,1,0.97,7,0,0.0,0,0.0,0.0,100.1,1,0.827,1,0,0.0,0,0.0,0.0,100.1,1,0.827,1,0,0.0,0,0.0,0.0,100.1,1,0.827,1,0,0.0,0,0.0,0.0,100.1,1
2002-3203-1,123,False,Line,1,3581-89516-1,Line,0.765,100.62,5593.8,1,1.706,13,0,0.0,0,0.0,0.0,100.1,1,1.27,1,0,0.0,0,0.0,0.0,100.1,1,1.27,1,0,0.0,0,0.0,0.0,100.1,1,1.27,1,0,0.0,0,0.0,0.0,100.1,1
2002-3203-1,130,False,Line,1,3581-89516-1,Line,1.134,100.92,5592.5,1,2.666,13,0,0.0,0,0.0,0.0,100.1,1,2.001,1,0,0.0,0,0.0,0.0,100.1,1,2.001,1,0,0.0,0,0.0,0.0,100.1,1,2.001,1,0,0.0,0,0.0,0.0,100.1,1
2002-3203-1,137,False,Line,1,3581-89516-1,Line,0.692,100.56,5053.5,1,1.993,11,0,0.0,0,0.0,0.0,100.1,1,1.408,1,0,0.0,0,0.0,0.0,100.1,1,1.408,1,0,0.0,0,0.0,0.0,100.1,1,1.408,1,0,0.0,0,0.0,0.0,100.1,1
2002-3203-1,145,False,Line,5,T3464-3462-34641-1-w2,Transformer,112.517,107.43,4124.9,0,258.003,82,0,0.0,0,0.747,0.0,100.15,1,237.619,9,0,0.0,0,0.0,0.0,100.1,0,361.871,17,0,0.0,0,56.648,0.0,104.55,1,216.944,9,0,0.0,0,0.0,0.0,100.1,1
2002-3203-1,152,False,Line,1,3581-89516-1,Line,1.2,100.98,4161.2,1,3.781,25,0,0.0,0,0.0,0.0,100.1,1,2.131,1,0,0.0,0,0.0,0.0,100.1,1,2.131,1,0,0.0,0,0.0,0.0,100.1,1,2.131,1,0,0.0,0,0.0,0.0,100.1,1
2002-3203-1,159,False,Line,4,T3464-3462-34641-1-w2,Transformer,166.204,111.78,5313.0,0,408.219,80,0,0.0,0,0.823,0.0,100.16,1,320.399,6,0,0.0,0,0.0,0.0,100.1,0,437.266,13,0,0.0,0,103.717,0.0,107.79,1,320.397,6,0,0.0,0,0.0,0.0,100.1,1
2002-3203-1,167,False,Line,1,3581-89516-1,Line,1.367,101.11,3161.9,1,3.951,26,0,0.0,0,0.0,0.0,100.1,1,2.462,1,0,0.0,0,0.0,0.0,100.1,1,2.462,1,0,0.0,0,0.0,0.0,100.1,1,2.462,1,0,0.0,0,0.0,0.0,100.1,1
2052-5462-2,21,False,Line,1,3581-89516-1,Line,0.154,100.13,4735.3,1,0.087,7,0,0.0,0,0.0,0.0,100.1,1,0.077,1,0,0.0,0,0.0,0.0,100.1,1,0.077,1,0,0.0,0,0.0,0.0,100.1,1,0.077,1,0,0.0,0,0.0,0.0,100.1,1
2052-5462-2,50,False,Line,1,3082-3122-1,Line,1.169,100.18,5312.4,1,2.581,19,0,0.0,0,0.0,0.0,100.1,1,1.135,1,0,0.0,0,0.0,0.0,100.1,1,1.135,1,0,0.0,0,0.0,0.0,100.1,1,1.135,1,0,0.0,0,0.0,0.0,100.1,1
2101-4061-1,50,False,Line,1,3581-89516-1,Line,0.133,100.11,5312.4,1,0.049,26,0,0.0,0,0.0,0.0,100.1,1,0.02,1,0,0.0,0,0.0,0.0,100.1,1,0.02,1,0,0.0,0,0.0,0.0,100.1,1,0.02,1,0,0.0,0,0.0,0.0,100.1,1
2101-4061-1,79,False,Line,1,3581-89516-1,Line,0.137,100.11,2728.8,1,0.06,26,0,0.0,0,0.0,0.0,100.1,1,0.027,1,0,0.0,0,0.0,0.0,100.1,1,0.027,1,0,0.0,0,0.0,0.0,100.1,1,0.027,1,0,0.0,0,0.0,0.0,100.1,1
2101-4061-1,108,False,Line,1,3581-89516-1,Line,0.126,100.1,7006.9,1,0.014,20,0,0.0,0,0.0,0.0,100.1,1,0.006,1,0,0.0,0,0.0,0.0,100.1,1,0.006,1,0,0.0,0,0.0,0.0,100.1,1,0.006,1,0,0.0,0,0.0,0.0,100.1,1
2121-21210-1,0,False,Line,1,3581-89516-1,Line,0.225,100.18,5299.5,1,0.259,13,0,0.0,0,0.0,0.0,100.1,1,0.203,1,0,0.0,0,0.0,0.0,100.1,1,0.203,1,0,0.0,0,0.0,0.0,100.1,1,0.203,1,0,0.0,0,0.0,0.0,100.1,1
2121-21210-1,7,False,Line,1,3581-89516-1,Line,0.216,100.18,6073.6,1,0.245,16,0,0.0,0,0.0,0.0,100.1,1,0.183,1,0,0.0,0,0.0,0.0,100.1,1,0.183,1,0,0.0,0,0.0,0.0,100.1,1,0.183,1,0,0.0,0,0.0,0.0,100.1,1
2121-21210-1,21,False,Line,1,3581-89516-1,Line,0.206,100.17,4735.3,1,0.234,7,0,0.0,0,0.0,0.0,100.1,1,0.206,1,0,0.0,0,0.0,0.0,100.1,1,0.206,1,0,0.0,0,0.0,0.0,100.1,1,0.206,1,0,0.0,0,0.0,0.0,100.1,1
2121-21210-1,29,False,Line,1,3581-89516-1,Line,0.292,100.24,5968.4,1,0.555,10,0,0.0,0,0.0,0.0,100.1,1,0.418,1,0,0.0,0,0.0,0.0,100.1,1,0.418,1,0,0.0,0,0.0,0.0,100.1,1,0.418,1,0,0.0,0,0.0,0.0,100.1,1
2121-21210-1,116,False,Line,1,3581-89516-1,Line,0.136,100.11,4604.0,1,0.037,7,0,0.0,0,0.0,0.0,100.1,1,0.032,1,0,0.0,0,0.0,0.0,100.1,1,0.032,1,0,0.0,0,0.0,0.0,100.1,1,0.032,1,0,0.0,0,0.0,0.0,100.1,1
2121-21210-1,123,False,Line,1,3581-89516-1,Line,0.221,100.18,5593.8,1,0.26,13,0,0.0,0,0.0,0.0,100.1,1,0.194,1,0,0.0,0,0.0,0.0,100.1,1,0.194,1,0,0.0,0,0.0,0.0,100.1,1,0.194,1,0,0.0,0,0.0,0.0,100.1,1
2121-21210-1,130,False,Line,1,3581-89516-1,Line,0.214,100.17,5592.5,1,0.24,13,0,0.0,0,0.0,0.0,100.1,1,0.18,1,0,0.0,0,0.0,0.0,100.1,1,0.18,1,0,0.0,0,0.0,0.0,100.1,1,0.18,1,0,0.0,0,0.0,0.0,100.1,1
2121-21210-1,137,False,Line,1,3581-89516-1,Line,0.231,100.19,5053.5,1,0.38,11,0,0.0,0,0.0,0.0,100.1,1,0.268,1,0,0.0,0,0.0,0.0,100.1,1,0.268,1,0,0.0,0,0.0,0.0,100.1,1,0.268,1,0,0.0,0,0.0,0.0,100.1,1
2141-4791-1,50,False,Line,1,3581-89516-1,Line,0.123,100.1,5312.4,1,0.0,21,0,0.0,0,0.0,0.0,100.1,1,0.001,1,0,0.0,0,0.0,0.0,100.1,1,0.001,1,0,0.0,0,0.0,0.0,100.1,1,0.0,1,0,0.0,0,0.0,0.0,100.1,1
2141-4791-1,101,False,Line,2,T3464-3462-34641-1-w2,Transformer,12.605,101.26,5965.5,1,43.719,53,0,0.0,0,0.0,0.0,100.1,1,31.083,1,0,0.0,0,0.0,0.0,100.1,1,31.083,1,0,0.0,0,0.0,0.0,100.1,1,31.083,1,0,0.0,0,0.0,0.0,100.1,1
2141-4791-1,108,False,Line,3,T3464-3462-34641-1-w2,Transformer,10.952,101.08,7006.9,0,37.977,75,0,0.0,0,0.514,0.0,100.1,1,37.4,2,1,0.377,0,0.0,100.2,100.2,1,50.799,2,0,0.0,0,0.0,0.0,100.1,1,26.679,2,0,0.0,0,0.0,0.0,100.1,1
2141-4791-1,145,False,Line,1,3581-89516-1,Line,0.179,100.15,4124.9,1,0.216,26,0,0.0,0,0.0,0.0,100.1,1,0.111,1,0,0.0,0,0.0,0.0,100.1,1,0.111,1,0,0.0,0,0.0,0.0,100.1,1,0.111,1,0,0.0,0,0.0,0.0,100.1,1
2141-4791-1,159,False,Line,3,T3464-3462-34641-1-w2,Transformer,15.728,101.55,5313.0,0,54.732,80,0,0.0,0,0.531,0.0,100.11,1,58.014,2,0,0.0,0,0.0,0.0,100.1,1,80.458,2,0,0.0,0,0.0,0.0,100.1,1,39.628,2,0,0.0,0,0.0,0.0,100.1,1
2141-4791-1,167,False,Line,1,3581-89516-1,Line,0.149,100.12,3161.9,1,0.083,26,0,0.0,0,0.0,0.0,100.1,1,0.052,1,0,0.0,0,0.0,0.0,100.1,1,0.052,1,0,0.0,0,0.0,0.0,100.1,1,0.052,1,0,0.0,0,0.0,0.0,100.1,1
2141-6931-1,0,False,Line,1,3581-89516-1,Line,0.145,100.12,5299.5,1,0.055,13,0,0.0,0,0.0,0.0,100.1,1,0.043,1,0,0.0,0,0.0,0.0,100.1,1,0.043,1,0,0.0,0,0.0,0.0,100.1,1,0.043,1,0,0.0,0,0.0,0.0,100.1,1
2141-6931-1,7,False,Line,1,3581-89516-1,Line,0.136,100.11,6073.6,1,0.035,16,0,0.0,0,0.0,0.0,100.1,1,0.026,1,0,0.0,0,0.0,0.0,100.1,1,0.026,1,0,0.0,0,0.0,0.0,100.1,1,0.026,1,0,0.0,0,0.0,0.0,100.1,1
2141-6931-1,21,False,Line,1,3581-89516-1,Line,0.129,100.11,4735.3,1,0.018,7,0,0.0,0,0.0,0.0,100.1,1,0.016,1,0,0.0,0,0.0,0.0,100.1,1,0.016,1,0,0.0,0,0.0,0.0,100.1,1,0.016,1,0,0.0,0,0.0,0.0,100.1,1
2141-6931-1,29,False,Line,1,3581-89516-1,Line,0.126,100.1,5968.4,1,0.009,10,0,0.0,0,0.0,0.0,100.1,1,0.007,1,0,0.0,0,0.0,0.0,100.1,1,0.007,1,0,0.0,0,0.0,0.0,100.1,1,0.007,1,0,0.0,0,0.0,0.0,100.1,1
2141-6931-1,50,False,Line,1,3581-89516-1,Line,0.203,100.17,5312.4,1,0.404,26,0,0.0,0,0.0,0.0,100.1,1,0.159,1,0,0.0,0,0.0,0.0,100.1,1,0.159,1,0,0.0,0,0.0,0.0,100.1,1,0.159,1,0,0.0,0,0.0,0.0,100.1,1
2141-6931-1,58,False,Line,1,3581-89516-1,Line,0.203,100.17,4583.8,1,0.392,26,0,0.0,0,0.0,0.0,100.1,1,0.158,1,0,0.0,0,0.0,0.0,100.1,1,0.158,1,0,0.0,0,0.0,0.0,100.1,1,0.158,1,0,0.0,0,0.0,0.0,100.1,1
2141-6931-1,65,False,Line,1,3581-89516-1,Line,0.182,100.15,5388.6,1,0.402,22,0,0.0,0,0.0,0.0,100.1,1,0.125,1,0,0.0,0,0.0,0.0,100.1,1,0.125,1,0,0.0,0,0.0,0.0,100.1,1,0.125,1,0,0.0,0,0.0,0.0,100.1,1
2141-6931-1,72,False,Line,1,3581-89516-1,Line,0.165,100.13,5745.9,1,0.26,19,0,0.0,0,0.0,0.0,100.1,1,0.105,1,0,0.0,0,0.0,0.0,100.1,1,0.105,1,0,0.0,0,0.0,0.0,100.1,1,0.105,1,0,0.0,0,0.0,0.0,100.1,1
2141-6931-1,79,False,Line,1,3581-89516-1,Line,0.141,100.11,2728.8,1,0.077,26,0,0.0,0,0.0,0.0,100.1,1,0.035,1,0,0.0,0,0.0,0.0,100.1,1,0.035,1,0,0.0,0,0.0,0.0,100.1,1,0.035,1,0,0.0,0,0.0,0.0,100.1,1
2141-6931-1,94,False,Line,1,3581-89516-1,Line,0.144,100.12,5470.0,1,0.087,26,0,0.0,0,0.0,0.0,100.1,1,0.042,1,0,0.0,0,0.0,0.0,100.1,1,0.042,1,0,0.0,0,0.0,0.0,100.1,1,0.042,1,0,0.0,0,0.0,0.0,100.1,1
2141-6931-1,101,False,Line,2,T3464-3462-34641-1-w2,Transformer,18.574,101.86,5965.5,1,66.111,52,0,0.0,0,0.0,0.0,100.1,1,47.042,1,0,0.0,0,0.0,0.0,100.1,1,47.042,1,0,0.0,0,0.0,0.0,100.1,1,47.042,2,0,0.0,0,0.0,0.0,100.1,1
2141-6931-1,108,False,Line,4,T3464-3462-34641-1-w2,Transformer,18.261,101.77,7006.9,0,64.998,74,0,0.0,0,0.529,0.0,100.11,1,83.399,3,0,0.0,0,0.0,0.0,100.1,1,83.399,3,0,0.0,0,0.0,0.0,100.1,1,45.628,3,0,0.0,0,0.0,0.0,100.1,1
2141-6931-1,130,False,Line,1,3581-89516-1,Line,0.174,100.14,5592.5,1,0.135,13,0,0.0,0,0.0,0.0,100.1,1,0.101,1,0,0.0,0,0.0,0.0,100.1,1,0.101,1,0,0.0,0,0.0,0.0,100.1,1,0.101,1,0,0.0,0,0.0,0.0,100.1,1
2141-6931-1,137,False,Line,1,3581-89516-1,Line,0.15,100.12,5053.5,1,0.096,11,0,0.0,0,0.0,0.0,100.1,1,0.068,1,0,0.0,0,0.0,0.0,100.1,1,0.068,1,0,0.0,0,0.0,0.0,100.1,1,0.068,1,0,0.0,0,0.0,0.0,100.1,1
2141-6931-1,145,False,Line,1,3581-89516-1,Line,0.252,100.21,4124.9,1,0.499,26,0,0.0,0,0.0,0.0,100.1,1,0.256,1,0,0.0,0,0.0,0.0,100.1,1,0.256,1,0,0.0,0,0.0,0.0,100.1,1,0.256,1,0,0.0,0,0.0,0.0,100.1,1
2141-6931-1,152,False,Line,1,3581-89516-1,Line,0.171,100.14,4161.2,1,0.17,25,0,0.0,0,0.0,0.0,100.1,1,0.096,1,0,0.0,0,0.0,0.0,100.1,1,0.096,1,0,0.0,0,0.0,0.0,100.1,1,0.096,1,0,0.0,0,0.0,0.0,100.1,1
2141-6931-1,159,False,Line,4,T3464-3462-34641-1-w2,Transformer,22.929,102.17,5313.0,0,77.928,79,0,0.0,0,0.548,0.0,100.11,1,74.427,2,0,0.0,0,0.0,0.0,100.1,1,156.115,5,0,0.0,0,0.0,0.0,100.1,1,56.453,3,0,0.0,0,0.0,0.0,100.1,1
2141-6931-1,167,False,Line,1,3581-89516-1,Line,0.218,100.18,3161.9,1,0.303,26,0,0.0,0,0.0,0.0,100.1,1,0.189,1,0,0.0,0,0.0,0.0,100.1,1,0.189,1,0,0.0,0,0.0,0.0,100.1,1,0.189,1,0,0.0,0,0.0,0.0,100.1,1
2202-3342-1,36,False,Line,1,3082-3122-1,Line,14.461,102.28,6805.4,1,52.984,22,0,0.0,0,0.0,0.0,100.1,1,29.572,1,0,0.0,0,0.0,0.0,100.1,1,29.572,1,0,0.0,0,0.0,0.0,100.1,1,29.572,1,0,0.0,0,0.0,0.0,100.1,1
2202-3342-1,50,False,Line,5,1122-1742-1,Line,93.742,112.06,5312.4,0,262.283,63,0,0.0,0,0.963,0.0,100.19,1,603.476,5,0,0.0,0,0.0,0.0,100.1,0,88.392,2,0,0.0,0,84.874,0.0,111.68,1,140.852,5,0,0.0,0,0.0,0.0,100.1,1
2202-3342-1,58,False,Line,1,3581-89516-1,Line,0.437,100.35,4583.8,1,1.537,26,0,0.0,0,0.0,0.0,100.1,1,0.621,1,0,0.0,0,0.0,0.0,100.1,1,0.621,1,0,0.0,0,0.0,0.0,100.1,1,0.621,1,0,0.0,0,0.0,0.0,100.1,1
2202-3342-1,65,False,Line,2,1122-1742-1,Line,19.85,103.72,5388.6,0,78.837,59,0,0.0,0,0.796,0.0,100.16,1,35.17,2,0,0.0,0,0.0,0.0,100.1,0,0.0,0,0,0.0,0,19.85,0.0,103.72,1,35.168,2,0,0.0,0,0.0,0.0,100.1,1
2202-3342-1,72,False,Line,1,3581-89516-1,Line,0.572,100.47,5745.9,1,2.762,19,0,0.0,0,0.0,0.0,100.1,1,1.111,1,0,0.0,0,0.0,0.0,100.1,1,1.111,1,0,0.0,0,0.0,0.0,100.1,1,1.111,1,0,0.0,0,0.0,0.0,100.1,1
2202-3342-1,94,False,Line,1,3581-89516-1,Line,0.435,100.35,5470.0,1,1.295,26,0,0.0,0,0.0,0.0,100.1,1,0.617,1,0,0.0,0,0.0,0.0,100.1,1,0.617,1,0,0.0,0,0.0,0.0,100.1,1,0.617,1,0,0.0,0,0.0,0.0,100.1,1
2202-3342-1,101,False,Line,2,T3464-3462-34641-1-w2,Transformer,23.762,102.38,5965.5,1,86.263,54,0,0.0,0,0.0,0.0,100.1,1,61.278,1,0,0.0,0,0.0,0.0,100.1,1,61.278,1,0,0.0,0,0.0,0.0,100.1,1,61.278,2,0,0.0,0,0.0,0.0,100.1,1
2202-3342-1,108,False,Line,6,T3464-3462-34641-1-w2,Transformer,55.028,103.34,7006.9,0,165.511,87,0,0.0,0,0.773,0.0,100.15,1,715.873,8,1,0.571,0,0.0,100.46,100.46,0,120.054,3,0,0.0,0,28.403,0.0,102.39,1,118.98,6,0,0.0,0,0.0,0.0,100.1,1
2202-3342-1,145,False,Line,1,3581-89516-1,Line,0.212,100.17,4124.9,1,0.345,26,0,0.0,0,0.0,0.0,100.1,1,0.177,1,0,0.0,0,0.0,0.0,100.1,1,0.177,1,0,0.0,0,0.0,0.0,100.1,1,0.177,1,0,0.0,0,0.0,0.0,100.1,1
2202-3342-1,152,False,Line,1,3581-89516-1,Line,0.356,100.29,4161.2,1,0.82,25,0,0.0,0,0.0,0.0,100.1,1,0.462,1,0,0.0,0,0.0,0.0,100.1,1,0.462,1,0,0.0,0,0.0,0.0,100.1,1,0.462,1,0,0.0,0,0.0,0.0,100.1,1
2202-3342-1,159,False,Line,3,T3464-3462-34641-1-w2,Transformer,15.127,101.48,5313.0,0,52.584,81,0,0.0,0,0.551,0.0,100.11,1,56.308,2,0,0.0,0,0.0,0.0,100.1,1,77.414,3,0,0.0,0,0.0,0.0,100.1,1,38.144,2,0,0.0,0,0.0,0.0,100.1,1
2202-3842-1,36,False,Line,1,3082-3122-1,Line,10.953,101.73,6805.4,1,40.065,20,0,0.0,0,0.0,0.0,100.1,1,21.861,1,0,0.0,0,0.0,0.0,100.1,1,21.861,1,0,0.0,0,0.0,0.0,100.1,1,21.861,1,0,0.0,0,0.0,0.0,100.1,1
2202-3842-1,50,False,Line,2,3082-3122-1,Line,21.996,103.16,5312.4,1,91.479,21,1,0.69,0,0.0,100.56,100.56,1,54.835,1,1,0.482,0,0.0,100.39,100.39,0,17.791,1,0,0.0,0,13.72,0.0,102.16,1,43.977,3,0,0.0,0,0.0,0.0,100.1,1
2202-3852-2,36,False,Line,1,3082-3122-1,Line,17.86,102.82,6805.4,1,67.701,22,0,0.0,0,0.0,0.0,100.1,1,36.731,1,0,0.0,0,0.0,0.0,100.1,1,36.731,1,0,0.0,0,0.0,0.0,100.1,1,36.731,1,0,0.0,0,0.0,0.0,100.1,1
2202-3852-2,50,False,Line,2,3082-3122-1,Line,37.205,105.2,5312.4,1,155.054,23,1,1.289,0,0.0,101.05,101.05,1,92.089,1,1,0.945,0,0.0,100.77,100.77,0,7.277,1,0,0.0,0,30.403,0.0,104.8,1,78.956,3,0,0.0,0,0.0,0.0,100.1,1
2202-3852-2,108,False,Line,1,3691-4041-1,Line,0.448,100.23,7006.9,1,0.559,8,0,0.0,0,0.0,0.0,100.1,1,0.463,1,0,0.0,0,0.0,0.0,100.1,1,0.463,1,0,0.0,0,0.0,0.0,100.1,1,0.463,1,0,0.0,0,0.0,0.0,100.1,1
2202-5202-1,36,False,Line,1,3082-3122-1,Line,25.747,104.06,6805.4,1,98.456,19,0,0.0,0,0.0,0.0,100.1,1,53.313,1,0,0.0,0,0.0,0.0,100.1,1,53.313,1,0,0.0,0,0.0,0.0,100.1,1,53.313,1,0,0.0,0,0.0,0.0,100.1,1
2202-5202-1,50,False,Line,2,3082-3122-1,Line,39.341,105.5,5312.4,1,163.989,20,1,1.381,0,0.0,101.12,101.12,1,97.737,1,1,1.002,0,0.0,100.82,100.82,0,36.398,2,0,0.0,0,31.803,0.0,105.02,1,84.296,4,0,0.0,0,0.0,0.0,100.1,1
2202-5202-1,108,False,Line,1,3691-4041-1,Line,0.499,100.26,7006.9,1,0.669,8,0,0.0,0,0.0,0.0,100.1,1,0.555,1,0,0.0,0,0.0,0.0,100.1,1,0.555,1,0,0.0,0,0.0,0.0,100.1,1,0.555,1,0,0.0,0,0.0,0.0,100.1,1
2204-5464-1,0,False,Line,1,3581-89516-1,Line,0.464,100.38,5299.5,1,0.865,13,0,0.0,0,0.0,0.0,100.1,1,0.675,1,0,0.0,0,0.0,0.0,100.1,1,0.675,1,0,0.0,0,0.0,0.0,100.1,1,0.675,1,0,0.0,0,0.0,0.0,100.1,1
2204-5464-1,7,False,Line,1,3581-89516-1,Line,1.907,101.55,6073.6,1,4.728,16,0,0.0,0,0.0,0.0,100.1,1,3.537,1,0,0.0,0,0.0,0.0,100.1,1,3.537,1,0,0.0,0,0.0,0.0,100.1,1,3.537,1,0,0.0,0,0.0,0.0,100.1,1
2204-5464-1,21,False,Line,1,3581-89516-1,Line,0.544,100.44,4735.3,1,1.185,7,0,0.0,0,0.0,0.0,100.1,1,1.045,1,0,0.0,0,0.0,0.0,100.1,1,1.045,1,0,0.0,0,0.0,0.0,100.1,1,1.045,1,0,0.0,0,0.0,0.0,100.1,1
2204-5464-1,29,False,Line,3,3581-89516-1,Line,3.164,101.94,5968.4,1,7.469,10,0,0.0,0,0.0,0.0,100.1,1,5.616,1,0,0.0,0,0.0,0.0,100.1,1,5.616,1,0,0.0,0,0.0,0.0,100.1,1,5.616,1,0,0.0,0,0.0,0.0,100.1,1
2204-5464-1,36,False,Line,1,3082-3122-1,Line,42.569,106.71,6805.4,1,179.87,28,0,0.0,0,0.0,0.0,100.1,1,87.801,1,0,0.0,0,0.0,0.0,100.1,1,87.801,1,0,0.0,0,0.0,0.0,100.1,1,87.801,1,0,0.0,0,0.0,0.0,100.1,1
2204-5464-1,50,False,Line,5,3082-3122-1,Line,70.96,108.04,5312.4,0,300.714,56,0,0.0,0,1.903,0.0,100.3,1,155.894,4,0,0.0,0,0.0,0.0,100.1,0,0.0,0,0,0.0,0,70.96,0.0,108.04,1,139.013,5,0,0.0,0,0.0,0.0,100.1,1
2204-5464-1,58,False,Line,3,3581-89516-1,Line,6.666,102.89,4583.8,1,16.866,26,0,0.0,0,0.0,0.0,100.1,1,6.806,1,0,0.0,0,0.0,0.0,100.1,1,6.806,1,0,0.0,0,0.0,0.0,100.1,1,6.806,3,0,0.0,0,0.0,0.0,100.1,1
2204-5464-1,65,False,Line,3,3581-89516-1,Line,9.096,103.55,5388.6,1,28.831,22,0,0.0,0,0.0,0.0,100.1,1,8.962,1,0,0.0,0,0.0,0.0,100.1,1,8.962,1,0,0.0,0,0.0,0.0,100.1,1,8.962,1,0,0.0,0,0.0,0.0,100.1,1
2204-5464-1,72,False,Line,3,3581-89516-1,Line,7.869,103.22,5745.9,1,23.637,19,0,0.0,0,0.0,0.0,100.1,1,9.504,2,0,0.0,0,0.0,0.0,100.1,1,9.504,2,0,0.0,0,0.0,0.0,100.1,1,9.504,1,0,0.0,0,0.0,0.0,100.1,1
2204-5464-1,79,False,Line,3,3581-89516-1,Line,3.336,101.99,2728.8,1,10.054,26,0,0.0,0,0.0,0.0,100.1,1,4.605,1,0,0.0,0,0.0,0.0,100.1,1,4.605,1,0,0.0,0,0.0,0.0,100.1,1,4.605,1,0,0.0,0,0.0,0.0,100.1,1
2204-5464-1,94,False,Line,3,3581-89516-1,Line,5.704,102.63,5470.0,1,12.957,26,0,0.0,0,0.0,0.0,100.1,1,6.17,1,0,0.0,0,0.0,0.0,100.1,1,6.17,1,0,0.0,0,0.0,0.0,100.1,1,6.17,1,0,0.0,0,0.0,0.0,100.1,1
2204-5464-1,101,False,Line,2,4664-43844-1,Line,7.628,100.38,5965.5,1,17.054,85,0,0.0,0,0.0,0.0,100.1,1,12.563,1,0,0.0,0,0.0,0.0,100.1,1,12.563,1,0,0.0,0,0.0,0.0,100.1,1,12.563,1,0,0.0,0,0.0,0.0,100.1,1
2204-5464-1,108,False,Line,7,3581-89516-1,Line,77.9,104.35,7006.9,0,221.278,107,0,0.0,0,1.61,0.0,100.25,1,472.396,5,1,1.258,0,0.0,100.25,100.25,0,0.0,0,0,0.0,0,77.9,0.0,104.35,1,156.467,5,0,0.0,0,0.0,0.0,100.1,1
2204-5464-1,116,False,Line,1,3581-89516-1,Line,0.937,100.76,4604.0,1,2.369,7,0,0.0,0,0.0,0.0,100.1,1,2.019,1,0,0.0,0,0.0,0.0,100.1,1,2.019,1,0,0.0,0,0.0,0.0,100.1,1,2.019,1,0,0.0,0,0.0,0.0,100.1,1
2204-5464-1,123,False,Line,1,3581-89516-1,Line,0.951,100.77,5593.8,1,2.206,13,0,0.0,0,0.0,0.0,100.1,1,1.641,1,0,0.0,0,0.0,0.0,100.1,1,1.641,1,0,0.0,0,0.0,0.0,100.1,1,1.641,1,0,0.0,0,0.0,0.0,100.1,1
2204-5464-1,130,False,Line,1,3581-89516-1,Line,1.366,101.11,5592.5,1,3.285,13,0,0.0,0,0.0,0.0,100.1,1,2.465,1,0,0.0,0,0.0,0.0,100.1,1,2.465,1,0,0.0,0,0.0,0.0,100.1,1,2.465,1,0,0.0,0,0.0,0.0,100.1,1
2204-5464-1,137,False,Line,1,3581-89516-1,Line,2.011,101.63,5053.5,1,6.627,11,0,0.0,0,0.0,0.0,100.1,1,4.68,1,0,0.0,0,0.0,0.0,100.1,1,4.68,1,0,0.0,0,0.0,0.0,100.1,1,4.68,1,0,0.0,0,0.0,0.0,100.1,1
2204-5464-1,145,False,Line,3,3581-89516-1,Line,5.262,102.51,4124.9,1,11.474,26,0,0.0,0,0.0,0.0,100.1,1,5.878,1,0,0.0,0,0.0,0.0,100.1,1,5.878,1,0,0.0,0,0.0,0.0,100.1,1,5.878,1,0,0.0,0,0.0,0.0,100.1,1
2204-5464-1,152,False,Line,3,3581-89516-1,Line,4.218,102.23,4161.2,1,9.209,25,0,0.0,0,0.0,0.0,100.1,1,5.188,1,0,0.0,0,0.0,0.0,100.1,1,5.188,1,0,0.0,0,0.0,0.0,100.1,1,5.188,1,0,0.0,0,0.0,0.0,100.1,1
2204-5464-1,159,False,Line,3,3581-89516-1,Line,8.064,103.27,5313.0,1,13.452,25,0,0.0,0,0.0,0.0,100.1,1,7.73,1,0,0.0,0,0.0,0.0,100.1,1,7.73,1,0,0.0,0,0.0,0.0,100.1,1,7.73,1,0,0.0,0,0.0,0.0,100.1,1
2204-5464-1,167,False,Line,3,3581-89516-1,Line,5.9,102.68,3161.9,1,10.115,26,0,0.0,0,0.0,0.0,100.1,1,6.299,1,0,0.0,0,0.0,0.0,100.1,1,6.299,1,0,0.0,0,0.0,0.0,100.1,1,6.299,1,0,0.0,0,0.0,0.0,100.1,1
2204-22044-1,0,False,Line,1,3581-89516-1,Line,1.41,101.15,5299.5,1,3.267,13,0,0.0,0,0.0,0.0,100.1,1,2.552,1,0,0.0,0,0.0,0.0,100.1,1,2.552,1,0,0.0,0,0.0,0.0,100.1,1,2.552,1,0,0.0,0,0.0,0.0,100.1,1
2204-22044-1,7,False,Line,3,3581-89516-1,Line,8.772,103.46,6073.6,1,10.949,16,0,0.0,0,0.0,0.0,100.1,1,8.194,1,0,0.0,0,0.0,0.0,100.1,1,8.194,1,0,0.0,0,0.0,0.0,100.1,1,8.194,1,0,0.0,0,0.0,0.0,100.1,1
2204-22044-1,21,False,Line,1,3581-89516-1,Line,1.012,100.82,4735.3,1,2.498,7,0,0.0,0,0.0,0.0,100.1,1,2.202,1,0,0.0,0,0.0,0.0,100.1,1,2.202,1,0,0.0,0,0.0,0.0,100.1,1,2.202,1,0,0.0,0,0.0,0.0,100.1,1
2204-22044-1,29,False,Line,3,3581-89516-1,Line,9.538,103.67,5968.4,1,14.464,10,0,0.0,0,0.0,0.0,100.1,1,10.878,1,0,0.0,0,0.0,0.0,100.1,1,10.878,1,0,0.0,0,0.0,0.0,100.1,1,10.878,1,0,0.0,0,0.0,0.0,100.1,1
2204-22044-1,36,False,Line,3,4664-43844-1,Line,55.588,102.7,6805.4,1,114.297,88,0,0.0,0,0.0,0.0,100.1,1,78.559,2,0,0.0,0,0.0,0.0,100.1,1,80.849,2,0,0.0,0,0.0,0.0,100.1,1,78.549,2,0,0.0,0,0.0,0.0,100.1,1
2204-22044-1,50,False,Line,7,4664-43844-1,Line,574.94,124.85,5312.4,0,1145.966,116,0,0.0,0,1.752,0.0,100.34,1,1479.049,26,0,0.0,0,0.0,0.0,100.1,0,0.0,0,0,0.0,0,574.94,0.0,124.85,1,873.87,20,0,0.0,0,0.0,0.0,100.1,1
2204-22044-1,58,False,Line,5,4664-43844-1,Line,236.861,110.97,4583.8,1,507.212,107,0,0.0,0,0.0,0.0,100.1,1,363.355,5,0,0.0,0,0.0,0.0,100.1,1,563.253,20,0,0.0,0,0.0,0.0,100.1,1,340.87,6,0,0.0,0,0.0,0.0,100.1,1
2204-22044-1,65,False,Line,6,4664-43844-1,Line,388.134,118.23,5388.6,1,841.865,103,0,0.0,0,0.0,0.0,100.1,1,593.776,17,0,0.0,0,0.0,0.0,100.1,0,0.0,0,0,0.0,0,388.134,0.0,118.23,1,579.663,16,0,0.0,0,0.0,0.0,100.1,1
2204-22044-1,72,False,Line,5,4664-43844-1,Line,145.934,106.46,5745.9,1,310.888,100,1,0.828,0,0.0,100.16,100.16,1,219.073,3,1,0.583,0,0.0,100.11,100.11,0,192.631,6,0,0.0,0,38.654,0.0,103.52,1,209.068,3,0,0.0,0,0.0,0.0,100.1,1
2204-22044-1,79,False,Line,3,3581-89516-1,Line,10.733,103.99,2728.8,1,20.7,26,0,0.0,0,0.0,0.0,100.1,1,9.49,1,0,0.0,0,0.0,0.0,100.1,1,9.49,1,0,0.0,0,0.0,0.0,100.1,1,9.49,2,0,0.0,0,0.0,0.0,100.1,1
2204-22044-1,94,False,Line,3,3581-89516-1,Line,12.337,104.43,5470.0,1,22.134,26,0,0.0,0,0.0,0.0,100.1,1,10.549,1,0,0.0,0,0.0,0.0,100.1,1,10.549,1,0,0.0,0,0.0,0.0,100.1,1,10.549,2,0,0.0,0,0.0,0.0,100.1,1
2204-22044-1,101,False,Line,4,4664-43844-1,Line,636.222,131.71,5965.5,1,1372.767,85,1,3.656,0,0.0,100.71,100.71,1,1019.868,22,2,4.913,0,0.0,101.76,101.76,0,192.631,3,0,0.0,0,537.15,0.0,126.95,1,1028.337,23,0,0.0,0,0.0,0.0,100.1,1
2204-22044-1,108,False,Line,7,4664-43844-1,Line,670.059,131.86,7006.9,1,1410.606,99,1,3.757,0,0.0,100.73,100.73,1,1072.283,22,1,2.856,0,0.0,100.56,100.56,0,0.0,0,0,0.0,0,670.059,0.0,131.86,1,1045.173,21,0,0.0,0,0.0,0.0,100.1,1
2204-22044-1,116,False,Line,1,3581-89516-1,Line,0.942,100.77,4604.0,1,2.382,7,0,0.0,0,0.0,0.0,100.1,1,2.03,1,0,0.0,0,0.0,0.0,100.1,1,2.03,1,0,0.0,0,0.0,0.0,100.1,1,2.03,1,0,0.0,0,0.0,0.0,100.1,1
2204-22044-1,123,False,Line,3,3581-89516-1,Line,6.981,102.98,5593.8,1,9.419,13,0,0.0,0,0.0,0.0,100.1,1,7.011,1,0,0.0,0,0.0,0.0,100.1,1,7.011,1,0,0.0,0,0.0,0.0,100.1,1,7.011,1,0,0.0,0,0.0,0.0,100.1,1
2204-22044-1,130,False,Line,3,3581-89516-1,Line,11.727,104.26,5592.5,1,13.52,13,0,0.0,0,0.0,0.0,100.1,1,10.146,1,0,0.0,0,0.0,0.0,100.1,1,10.146,1,0,0.0,0,0.0,0.0,100.1,1,10.146,1,0,0.0,0,0.0,0.0,100.1,1
2204-22044-1,137,False,Line,3,3581-89516-1,Line,8.417,103.36,5053.5,1,14.087,11,0,0.0,0,0.0,0.0,100.1,1,9.952,1,0,0.0,0,0.0,0.0,100.1,1,9.952,1,0,0.0,0,0.0,0.0,100.1,1,9.952,1,0,0.0,0,0.0,0.0,100.1,1
2204-22044-1,145,False,Line,5,4664-43844-1,Line,493.219,123.64,4124.9,0,1012.683,107,0,0.0,0,1.514,0.0,100.15,1,756.203,16,0,0.0,0,0.0,0.0,100.1,0,689.928,42,0,0.0,0,264.949,0.0,113.52,1,742.648,16,0,0.0,0,0.0,0.0,100.1,1
2204-22044-1,152,False,Line,5,4664-43844-1,Line,268.863,112.51,4161.2,0,550.824,106,0,0.0,0,1.582,0.0,100.16,1,397.367,3,0,0.0,0,0.0,0.0,100.1,0,664.309,40,0,0.0,0,59.714,0.0,103.22,1,388.303,5,0,0.0,0,0.0,0.0,100.1,1
2204-22044-1,159,False,Line,5,4664-43844-1,Line,650.659,131.43,5313.0,0,1347.804,105,0,0.0,0,2.252,0.0,100.23,1,1017.203,19,0,0.0,0,0.0,0.0,100.1,0,880.148,39,0,0.0,0,307.663,0.0,115.72,1,1016.792,18,0,0.0,0,0.0,0.0,100.1,1
2204-22044-1,167,False,Line,5,3581-89516-1,Line,96.542,105.72,3161.9,0,175.985,107,0,0.0,0,1.57,0.0,100.16,1,135.297,2,0,0.0,0,0.0,0.0,100.1,1,201.324,18,0,0.0,0,0.0,0.0,100.1,1,132.084,3,0,0.0,0,0.0,0.0,100.1,1
2221-2225-1,108,False,Line,2,T3464-3462-34641-1-w2,Transformer,1.218,100.12,7006.9,1,0.838,55,0,0.0,0,0.0,0.0,100.1,1,0.585,1,0,0.0,0,0.0,0.0,100.1,1,0.585,1,0,0.0,0,0.0,0.0,100.1,1,0.585,1,0,0.0,0,0.0,0.0,100.1,1
2221-2225-1,159,False,Line,2,T3464-3462-34641-1-w2,Transformer,1.106,100.11,5313.0,1,0.399,55,0,0.0,0,0.0,0.0,100.1,1,0.286,1,0,0.0,0,0.0,0.0,100.1,1,0.286,1,0,0.0,0,0.0,0.0,100.1,1,0.286,1,0,0.0,0,0.0,0.0,100.1,1
2261-22612-1,0,False,Line,1,3581-89516-1,Line,0.78,100.63,5299.5,1,1.664,13,0,0.0,0,0.0,0.0,100.1,1,1.3,1,0,0.0,0,0.0,0.0,100.1,1,1.3,1,0,0.0,0,0.0,0.0,100.1,1,1.3,1,0,0.0,0,0.0,0.0,100.1,1
2261-22612-1,7,False,Line,1,3581-89516-1,Line,0.954,100.78,6073.6,1,2.197,16,0,0.0,0,0.0,0.0,100.1,1,1.645,1,0,0.0,0,0.0,0.0,100.1,1,1.645,1,0,0.0,0,0.0,0.0,100.1,1,1.645,1,0,0.0,0,0.0,0.0,100.1,1
2261-22612-1,21,False,Line,1,3581-89516-1,Line,0.794,100.65,4735.3,1,1.88,7,0,0.0,0,0.0,0.0,100.1,1,1.658,1,0,0.0,0,0.0,0.0,100.1,1,1.658,1,0,0.0,0,0.0,0.0,100.1,1,1.658,1,0,0.0,0,0.0,0.0,100.1,1
2261-22612-1,29,False,Line,1,3581-89516-1,Line,1.005,100.82,5968.4,1,2.899,10,0,0.0,0,0.0,0.0,100.1,1,2.181,1,0,0.0,0,0.0,0.0,100.1,1,2.181,1,0,0.0,0,0.0,0.0,100.1,1,2.181,1,0,0.0,0,0.0,0.0,100.1,1
2261-22612-1,58,False,Line,1,3581-89516-1,Line,1.004,100.82,4583.8,1,4.308,26,0,0.0,0,0.0,0.0,100.1,1,1.742,1,0,0.0,0,0.0,0.0,100.1,1,1.742,1,0,0.0,0,0.0,0.0,100.1,1,1.742,1,0,0.0,0,0.0,0.0,100.1,1
2261-22612-1,65,False,Line,1,3581-89516-1,Line,0.229,100.19,5388.6,1,0.715,22,0,0.0,0,0.0,0.0,100.1,1,0.223,1,0,0.0,0,0.0,0.0,100.1,1,0.223,1,0,0.0,0,0.0,0.0,100.1,1,0.223,1,0,0.0,0,0.0,0.0,100.1,1
2261-22612-1,72,False,Line,1,3581-89516-1,Line,0.213,100.17,5745.9,1,0.553,19,0,0.0,0,0.0,0.0,100.1,1,0.223,1,0,0.0,0,0.0,0.0,100.1,1,0.223,1,0,0.0,0,0.0,0.0,100.1,1,0.223,1,0,0.0,0,0.0,0.0,100.1,1
2261-22612-1,79,False,Line,1,3581-89516-1,Line,0.904,100.73,2728.8,1,3.367,26,0,0.0,0,0.0,0.0,100.1,1,1.545,1,0,0.0,0,0.0,0.0,100.1,1,1.545,1,0,0.0,0,0.0,0.0,100.1,1,1.545,1,0,0.0,0,0.0,0.0,100.1,1
2261-22612-1,94,False,Line,1,3581-89516-1,Line,0.339,100.28,5470.0,1,0.896,26,0,0.0,0,0.0,0.0,100.1,1,0.427,1,0,0.0,0,0.0,0.0,100.1,1,0.427,1,0,0.0,0,0.0,0.0,100.1,1,0.427,1,0,0.0,0,0.0,0.0,100.1,1
2261-22612-1,108,False,Line,1,3581-89516-1,Line,0.44,100.36,7006.9,1,1.485,20,0,0.0,0,0.0,0.0,100.1,1,0.627,1,0,0.0,0,0.0,0.0,100.1,1,0.627,1,0,0.0,0,0.0,0.0,100.1,1,0.627,1,0,0.0,0,0.0,0.0,100.1,1
2261-22612-1,116,False,Line,1,3581-89516-1,Line,0.909,100.74,4604.0,1,2.278,7,0,0.0,0,0.0,0.0,100.1,1,1.942,1,0,0.0,0,0.0,0.0,100.1,1,1.942,1,0,0.0,0,0.0,0.0,100.1,1,1.942,1,0,0.0,0,0.0,0.0,100.1,1
2261-22612-1,123,False,Line,1,3581-89516-1,Line,0.802,100.65,5593.8,1,1.803,13,0,0.0,0,0.0,0.0,100.1,1,1.343,1,0,0.0,0,0.0,0.0,100.1,1,1.343,1,0,0.0,0,0.0,0.0,100.1,1,1.343,1,0,0.0,0,0.0,0.0,100.1,1
2261-22612-1,130,False,Line,1,3581-89516-1,Line,0.739,100.6,5592.5,1,1.623,13,0,0.0,0,0.0,0.0,100.1,1,1.219,1,0,0.0,0,0.0,0.0,100.1,1,1.219,1,0,0.0,0,0.0,0.0,100.1,1,1.219,1,0,0.0,0,0.0,0.0,100.1,1
2261-22612-1,137,False,Line,1,3581-89516-1,Line,0.859,100.7,5053.5,1,2.574,11,0,0.0,0,0.0,0.0,100.1,1,1.82,1,0,0.0,0,0.0,0.0,100.1,1,1.82,1,0,0.0,0,0.0,0.0,100.1,1,1.82,1,0,0.0,0,0.0,0.0,100.1,1
2261-22612-1,145,False,Line,1,3581-89516-1,Line,0.219,100.18,4124.9,1,0.372,26,0,0.0,0,0.0,0.0,100.1,1,0.191,1,0,0.0,0,0.0,0.0,100.1,1,0.191,1,0,0.0,0,0.0,0.0,100.1,1,0.191,1,0,0.0,0,0.0,0.0,100.1,1
2261-22612-1,159,False,Line,1,3581-89516-1,Line,0.312,100.25,5313.0,1,0.65,25,0,0.0,0,0.0,0.0,100.1,1,0.374,1,0,0.0,0,0.0,0.0,100.1,1,0.374,1,0,0.0,0,0.0,0.0,100.1,1,0.374,1,0,0.0,0,0.0,0.0,100.1,1
2261-22612-1,167,False,Line,1,3581-89516-1,Line,0.76,100.62,3161.9,1,2.022,26,0,0.0,0,0.0,0.0,100.1,1,1.261,1,0,0.0,0,0.0,0.0,100.1,1,1.261,1,0,0.0,0,0.0,0.0,100.1,1,1.261,1,0,0.0,0,0.0,0.0,100.1,1
2281-22811-1,21,False,Line,1,3581-89516-1,Line,0.776,100.63,4735.3,1,1.827,7,0,0.0,0,0.0,0.0,100.1,1,1.612,1,0,0.0,0,0.0,0.0,100.1,1,1.612,1,0,0.0,0,0.0,0.0,100.1,1,1.612,1,0,0.0,0,0.0,0.0,100.1,1
2281-22811-1,29,False,Line,1,3581-89516-1,Line,0.129,100.11,5968.4,1,0.021,10,0,0.0,0,0.0,0.0,100.1,1,0.016,1,0,0.0,0,0.0,0.0,100.1,1,0.016,1,0,0.0,0,0.0,0.0,100.1,1,0.016,1,0,0.0,0,0.0,0.0,100.1,1
2281-22811-1,50,False,Line,1,3581-89516-1,Line,0.873,100.71,5312.4,1,3.715,26,0,0.0,0,0.0,0.0,100.1,1,1.483,1,0,0.0,0,0.0,0.0,100.1,1,1.483,1,0,0.0,0,0.0,0.0,100.1,1,1.483,1,0,0.0,0,0.0,0.0,100.1,1
2281-22811-1,58,False,Line,1,3581-89516-1,Line,1.896,101.54,4583.8,1,8.582,26,0,0.0,0,0.0,0.0,100.1,1,3.506,1,0,0.0,0,0.0,0.0,100.1,1,3.506,1,0,0.0,0,0.0,0.0,100.1,1,3.506,2,0,0.0,0,0.0,0.0,100.1,1
2281-22811-1,65,False,Line,1,3581-89516-1,Line,1.825,101.48,5388.6,1,11.283,22,0,0.0,0,0.0,0.0,100.1,1,3.583,1,0,0.0,0,0.0,0.0,100.1,1,3.583,1,0,0.0,0,0.0,0.0,100.1,1,3.583,1,0,0.0,0,0.0,0.0,100.1,1
2281-22811-1,72,False,Line,1,3581-89516-1,Line,1.706,101.39,5745.9,1,9.542,19,0,0.0,0,0.0,0.0,100.1,1,3.91,1,0,0.0,0,0.0,0.0,100.1,1,3.91,1,0,0.0,0,0.0,0.0,100.1,1,3.91,1,0,0.0,0,0.0,0.0,100.1,1
2281-22811-1,79,False,Line,1,3581-89516-1,Line,0.74,100.6,2728.8,1,2.632,26,0,0.0,0,0.0,0.0,100.1,1,1.219,1,0,0.0,0,0.0,0.0,100.1,1,1.219,1,0,0.0,0,0.0,0.0,100.1,1,1.219,1,0,0.0,0,0.0,0.0,100.1,1
2281-22811-1,94,False,Line,1,3581-89516-1,Line,1.018,100.83,5470.0,1,3.667,26,0,0.0,0,0.0,0.0,100.1,1,1.768,1,0,0.0,0,0.0,0.0,100.1,1,1.768,1,0,0.0,0,0.0,0.0,100.1,1,1.768,1,0,0.0,0,0.0,0.0,100.1,1
2281-22811-1,108,False,Line,2,3691-4041-1,Line,18.418,108.77,7006.9,1,29.874,7,0,0.0,0,0.0,0.0,100.1,1,26.442,2,0,0.0,0,0.0,0.0,100.1,1,26.442,2,0,0.0,0,0.0,0.0,100.1,1,26.442,1,0,0.0,0,0.0,0.0,100.1,1
2281-22811-1,116,False,Line,1,3581-89516-1,Line,0.927,100.75,4604.0,1,2.328,7,0,0.0,0,0.0,0.0,100.1,1,1.985,1,0,0.0,0,0.0,0.0,100.1,1,1.985,1,0,0.0,0,0.0,0.0,100.1,1,1.985,1,0,0.0,0,0.0,0.0,100.1,1
2281-22811-1,123,False,Line,1,3581-89516-1,Line,0.201,100.16,5593.8,1,0.208,13,0,0.0,0,0.0,0.0,100.1,1,0.155,1,0,0.0,0,0.0,0.0,100.1,1,0.155,1,0,0.0,0,0.0,0.0,100.1,1,0.155,1,0,0.0,0,0.0,0.0,100.1,1
2281-22811-1,130,False,Line,1,3581-89516-1,Line,0.151,100.12,5592.5,1,0.072,13,0,0.0,0,0.0,0.0,100.1,1,0.054,1,0,0.0,0,0.0,0.0,100.1,1,0.054,1,0,0.0,0,0.0,0.0,100.1,1,0.054,1,0,0.0,0,0.0,0.0,100.1,1
2281-22811-1,137,False,Line,1,3581-89516-1,Line,0.265,100.22,5053.5,1,0.496,11,0,0.0,0,0.0,0.0,100.1,1,0.352,1,0,0.0,0,0.0,0.0,100.1,1,0.352,1,0,0.0,0,0.0,0.0,100.1,1,0.352,1,0,0.0,0,0.0,0.0,100.1,1
2281-22811-1,145,False,Line,1,3581-89516-1,Line,0.874,100.71,4124.9,1,2.877,26,0,0.0,0,0.0,0.0,100.1,1,1.485,1,0,0.0,0,0.0,0.0,100.1,1,1.485,1,0,0.0,0,0.0,0.0,100.1,1,1.485,1,0,0.0,0,0.0,0.0,100.1,1
2281-22811-1,152,False,Line,1,3581-89516-1,Line,1.021,100.83,4161.2,1,3.138,25,0,0.0,0,0.0,0.0,100.1,1,1.776,1,0,0.0,0,0.0,0.0,100.1,1,1.776,1,0,0.0,0,0.0,0.0,100.1,1,1.776,1,0,0.0,0,0.0,0.0,100.1,1
2321-3581-1,29,False,Line,1,3581-28019-1,Line,3.41,102.82,5968.4,1,12.588,4,0,0.0,0,0.0,0.0,100.1,1,10.749,1,0,0.0,0,0.0,0.0,100.1,1,10.749,1,0,0.0,0,0.0,0.0,100.1,1,10.749,1,0,0.0,0,0.0,0.0,100.1,1
2321-3581-1,159,False,Line,2,T3464-3462-34641-1-w2,Transformer,1.169,100.12,5313.0,1,0.633,55,0,0.0,0,0.0,0.0,100.1,1,0.453,1,0,0.0,0,0.0,0.0,100.1,1,0.453,1,0,0.0,0,0.0,0.0,100.1,1,0.453,1,0,0.0,0,0.0,0.0,100.1,1
2321-28710-1,29,False,Line,1,3581-28019-1,Line,3.41,102.82,5968.4,1,12.512,4,0,0.0,0,0.0,0.0,100.1,1,10.693,1,0,0.0,0,0.0,0.0,100.1,1,10.693,1,0,0.0,0,0.0,0.0,100.1,1,10.693,1,0,0.0,0,0.0,0.0,100.1,1
2351-3641-1,50,False,Line,1,1122-1742-1,Line,3.2,100.62,5312.4,1,11.855,33,0,0.0,0,0.0,0.0,100.1,1,4.908,1,0,0.0,0,0.0,0.0,100.1,1,4.908,1,0,0.0,0,0.0,0.0,100.1,1,4.908,1,0,0.0,0,0.0,0.0,100.1,1
2361-21210-1,0,False,Line,1,3581-89516-1,Line,0.225,100.18,5299.5,1,0.259,13,0,0.0,0,0.0,0.0,100.1,1,0.203,1,0,0.0,0,0.0,0.0,100.1,1,0.203,1,0,0.0,0,0.0,0.0,100.1,1,0.203,1,0,0.0,0,0.0,0.0,100.1,1
2361-21210-1,7,False,Line,1,3581-89516-1,Line,0.202,100.16,6073.6,1,0.21,16,0,0.0,0,0.0,0.0,100.1,1,0.157,1,0,0.0,0,0.0,0.0,100.1,1,0.157,1,0,0.0,0,0.0,0.0,100.1,1,0.157,1,0,0.0,0,0.0,0.0,100.1,1
2361-21210-1,21,False,Line,1,3581-89516-1,Line,0.206,100.17,4735.3,1,0.234,7,0,0.0,0,0.0,0.0,100.1,1,0.206,1,0,0.0,0,0.0,0.0,100.1,1,0.206,1,0,0.0,0,0.0,0.0,100.1,1,0.206,1,0,0.0,0,0.0,0.0,100.1,1
2361-21210-1,29,False,Line,1,3581-89516-1,Line,0.19,100.15,5968.4,1,0.222,10,0,0.0,0,0.0,0.0,100.1,1,0.167,1,0,0.0,0,0.0,0.0,100.1,1,0.167,1,0,0.0,0,0.0,0.0,100.1,1,0.167,1,0,0.0,0,0.0,0.0,100.1,1
2361-21210-1,116,False,Line,1,3581-89516-1,Line,0.136,100.11,4604.0,1,0.037,7,0,0.0,0,0.0,0.0,100.1,1,0.032,1,0,0.0,0,0.0,0.0,100.1,1,0.032,1,0,0.0,0,0.0,0.0,100.1,1,0.032,1,0,0.0,0,0.0,0.0,100.1,1
2361-21210-1,123,False,Line,1,3581-89516-1,Line,0.167,100.14,5593.8,1,0.116,13,0,0.0,0,0.0,0.0,100.1,1,0.087,1,0,0.0,0,0.0,0.0,100.1,1,0.087,1,0,0.0,0,0.0,0.0,100.1,1,0.087,1,0,0.0,0,0.0,0.0,100.1,1
2361-21210-1,130,False,Line,1,3581-89516-1,Line,0.143,100.12,5592.5,1,0.052,13,0,0.0,0,0.0,0.0,100.1,1,0.039,1,0,0.0,0,0.0,0.0,100.1,1,0.039,1,0,0.0,0,0.0,0.0,100.1,1,0.039,1,0,0.0,0,0.0,0.0,100.1,1
2361-21210-1,137,False,Line,1,3581-89516-1,Line,0.231,100.19,5053.5,1,0.38,11,0,0.0,0,0.0,0.0,100.1,1,0.268,1,0,0.0,0,0.0,0.0,100.1,1,0.268,1,0,0.0,0,0.0,0.0,100.1,1,0.268,1,0,0.0,0,0.0,0.0,100.1,1
2391-5301-1,7,False,Line,1,3581-89516-1,Line,0.51,100.41,6073.6,1,1.023,16,0,0.0,0,0.0,0.0,100.1,1,0.766,1,0,0.0,0,0.0,0.0,100.1,1,0.766,1,0,0.0,0,0.0,0.0,100.1,1,0.766,1,0,0.0,0,0.0,0.0,100.1,1
2391-5301-1,21,False,Line,1,3581-89516-1,Line,0.839,100.68,4735.3,1,2.008,7,0,0.0,0,0.0,0.0,100.1,1,1.771,1,0,0.0,0,0.0,0.0,100.1,1,1.771,1,0,0.0,0,0.0,0.0,100.1,1,1.771,1,0,0.0,0,0.0,0.0,100.1,1
2391-5301-1,29,False,Line,1,3581-89516-1,Line,1.147,100.93,5968.4,1,3.366,10,0,0.0,0,0.0,0.0,100.1,1,2.532,1,0,0.0,0,0.0,0.0,100.1,1,2.532,1,0,0.0,0,0.0,0.0,100.1,1,2.532,1,0,0.0,0,0.0,0.0,100.1,1
2391-5301-1,50,False,Line,1,3581-89516-1,Line,0.275,100.22,5312.4,1,0.764,26,0,0.0,0,0.0,0.0,100.1,1,0.301,1,0,0.0,0,0.0,0.0,100.1,1,0.301,1,0,0.0,0,0.0,0.0,100.1,1,0.301,1,0,0.0,0,0.0,0.0,100.1,1
2391-5301-1,58,False,Line,1,3581-89516-1,Line,0.208,100.17,4583.8,1,0.416,26,0,0.0,0,0.0,0.0,100.1,1,0.168,1,0,0.0,0,0.0,0.0,100.1,1,0.168,1,0,0.0,0,0.0,0.0,100.1,1,0.168,1,0,0.0,0,0.0,0.0,100.1,1
2391-5301-1,79,False,Line,1,3581-89516-1,Line,0.338,100.27,2728.8,1,0.928,26,0,0.0,0,0.0,0.0,100.1,1,0.425,1,0,0.0,0,0.0,0.0,100.1,1,0.425,1,0,0.0,0,0.0,0.0,100.1,1,0.425,1,0,0.0,0,0.0,0.0,100.1,1
2391-5301-1,94,False,Line,1,3581-89516-1,Line,0.229,100.19,5470.0,1,0.44,26,0,0.0,0,0.0,0.0,100.1,1,0.21,1,0,0.0,0,0.0,0.0,100.1,1,0.21,1,0,0.0,0,0.0,0.0,100.1,1,0.21,1,0,0.0,0,0.0,0.0,100.1,1
2391-5301-1,108,False,Line,1,3581-89516-1,Line,0.328,100.27,7006.9,1,0.96,20,0,0.0,0,0.0,0.0,100.1,1,0.405,1,0,0.0,0,0.0,0.0,100.1,1,0.405,1,0,0.0,0,0.0,0.0,100.1,1,0.405,1,0,0.0,0,0.0,0.0,100.1,1
2391-5301-1,116,False,Line,1,3581-89516-1,Line,1.117,100.91,4604.0,1,2.886,7,0,0.0,0,0.0,0.0,100.1,1,2.46,1,0,0.0,0,0.0,0.0,100.1,1,2.46,1,0,0.0,0,0.0,0.0,100.1,1,2.46,1,0,0.0,0,0.0,0.0,100.1,1
2391-5301-1,123,False,Line,1,3581-89516-1,Line,1.239,101.01,5593.8,1,2.965,13,0,0.0,0,0.0,0.0,100.1,1,2.207,1,0,0.0,0,0.0,0.0,100.1,1,2.207,1,0,0.0,0,0.0,0.0,100.1,1,2.207,1,0,0.0,0,0.0,0.0,100.1,1
2391-5301-1,130,False,Line,1,3581-89516-1,Line,1.049,100.85,5592.5,1,2.442,13,0,0.0,0,0.0,0.0,100.1,1,1.833,1,0,0.0,0,0.0,0.0,100.1,1,1.833,1,0,0.0,0,0.0,0.0,100.1,1,1.833,1,0,0.0,0,0.0,0.0,100.1,1
2391-5301-1,137,False,Line,1,3581-89516-1,Line,1.126,100.92,5053.5,1,3.509,11,0,0.0,0,0.0,0.0,100.1,1,2.48,1,0,0.0,0,0.0,0.0,100.1,1,2.48,1,0,0.0,0,0.0,0.0,100.1,1,2.48,1,0,0.0,0,0.0,0.0,100.1,1
2391-5301-1,145,False,Line,1,3581-89516-1,Line,0.438,100.36,4124.9,1,1.217,26,0,0.0,0,0.0,0.0,100.1,1,0.624,1,0,0.0,0,0.0,0.0,100.1,1,0.624,1,0,0.0,0,0.0,0.0,100.1,1,0.624,1,0,0.0,0,0.0,0.0,100.1,1
2391-5301-1,152,False,Line,1,3581-89516-1,Line,0.544,100.44,4161.2,1,1.477,25,0,0.0,0,0.0,0.0,100.1,1,0.833,1,0,0.0,0,0.0,0.0,100.1,1,0.833,1,0,0.0,0,0.0,0.0,100.1,1,0.833,1,0,0.0,0,0.0,0.0,100.1,1
2391-5301-1,159,False,Line,1,3581-89516-1,Line,0.133,100.11,5313.0,1,0.034,25,0,0.0,0,0.0,0.0,100.1,1,0.019,1,0,0.0,0,0.0,0.0,100.1,1,0.019,1,0,0.0,0,0.0,0.0,100.1,1,0.019,1,0,0.0,0,0.0,0.0,100.1,1
2401-5321-1,50,False,Line,2,3082-3122-1,Line,2.555,100.23,5312.4,1,4.004,19,0,0.0,0,0.0,0.0,100.1,1,2.374,1,0,0.0,0,0.0,0.0,100.1,1,2.374,1,0,0.0,0,0.0,0.0,100.1,1,2.076,2,0,0.0,0,0.0,0.0,100.1,1
2401-5321-1,108,False,Line,1,3691-4041-1,Line,0.23,100.12,7006.9,1,0.083,8,0,0.0,0,0.0,0.0,100.1,1,0.069,1,0,0.0,0,0.0,0.0,100.1,1,0.069,1,0,0.0,0,0.0,0.0,100.1,1,0.069,1,0,0.0,0,0.0,0.0,100.1,1
2441-4501-1,108,False,Line,1,3691-4041-1,Line,0.813,100.42,7006.9,1,1.354,8,0,0.0,0,0.0,0.0,100.1,1,1.123,1,0,0.0,0,0.0,0.0,100.1,1,1.123,1,0,0.0,0,0.0,0.0,100.1,1,1.123,1,0,0.0,0,0.0,0.0,100.1,1
2521-4981-1,58,False,Line,1,3581-89516-1,Line,1.478,101.2,4583.8,1,6.469,26,0,0.0,0,0.0,0.0,100.1,1,2.656,1,0,0.0,0,0.0,0.0,100.1,1,2.656,1,0,0.0,0,0.0,0.0,100.1,1,2.656,2,0,0.0,0,0.0,0.0,100.1,1
2521-4981-1,108,False,Line,1,3691-4041-1,Line,0.564,100.29,7006.9,1,0.81,8,0,0.0,0,0.0,0.0,100.1,1,0.672,1,0,0.0,0,0.0,0.0,100.1,1,0.672,1,0,0.0,0,0.0,0.0,100.1,1,0.672,1,0,0.0,0,0.0,0.0,100.1,1
2521-4981-1,145,False,Line,1,3581-89516-1,Line,0.698,100.57,4124.9,1,2.176,26,0,0.0,0,0.0,0.0,100.1,1,1.128,1,0,0.0,0,0.0,0.0,100.1,1,1.128,1,0,0.0,0,0.0,0.0,100.1,1,1.128,1,0,0.0,0,0.0,0.0,100.1,1
2521-4981-1,152,False,Line,1,3581-89516-1,Line,1.43,101.16,4161.2,1,4.497,25,0,0.0,0,0.0,0.0,100.1,1,2.561,1,0,0.0,0,0.0,0.0,100.1,1,2.561,1,0,0.0,0,0.0,0.0,100.1,1,2.561,1,0,0.0,0,0.0,0.0,100.1,1
2521-4981-1,159,False,Line,1,3581-89516-1,Line,0.185,100.15,5313.0,1,0.21,25,0,0.0,0,0.0,0.0,100.1,1,0.122,1,0,0.0,0,0.0,0.0,100.1,1,0.122,1,0,0.0,0,0.0,0.0,100.1,1,0.122,1,0,0.0,0,0.0,0.0,100.1,1
2521-4981-1,167,False,Line,1,3581-89516-1,Line,0.427,100.35,3161.9,1,0.949,26,0,0.0,0,0.0,0.0,100.1,1,0.595,1,0,0.0,0,0.0,0.0,100.1,1,0.595,1,0,0.0,0,0.0,0.0,100.1,1,0.595,1,0,0.0,0,0.0,0.0,100.1,1
2521-5341-1,29,False,Line,1,3581-89516-1,Line,0.363,100.3,5968.4,1,0.788,10,0,0.0,0,0.0,0.0,100.1,1,0.595,1,0,0.0,0,0.0,0.0,100.1,1,0.595,1,0,0.0,0,0.0,0.0,100.1,1,0.595,1,0,0.0,0,0.0,0.0,100.1,1
2521-5341-1,50,False,Line,1,3581-89516-1,Line,1.276,101.04,5312.4,1,5.707,26,0,0.0,0,0.0,0.0,100.1,1,2.282,1,0,0.0,0,0.0,0.0,100.1,1,2.282,1,0,0.0,0,0.0,0.0,100.1,1,2.282,2,0,0.0,0,0.0,0.0,100.1,1
2521-5341-1,58,False,Line,1,3581-89516-1,Line,1.771,101.44,4583.8,1,7.971,26,0,0.0,0,0.0,0.0,100.1,1,3.261,1,0,0.0,0,0.0,0.0,100.1,1,3.261,1,0,0.0,0,0.0,0.0,100.1,1,3.261,2,0,0.0,0,0.0,0.0,100.1,1
2521-5341-1,65,False,Line,1,3581-89516-1,Line,2.04,101.66,5388.6,1,12.707,22,0,0.0,0,0.0,0.0,100.1,1,4.043,1,0,0.0,0,0.0,0.0,100.1,1,4.043,1,0,0.0,0,0.0,0.0,100.1,1,4.043,1,0,0.0,0,0.0,0.0,100.1,1
2521-5341-1,72,False,Line,1,3581-89516-1,Line,1.864,101.52,5745.9,1,10.496,19,0,0.0,0,0.0,0.0,100.1,1,4.306,1,0,0.0,0,0.0,0.0,100.1,1,4.306,1,0,0.0,0,0.0,0.0,100.1,1,4.306,1,0,0.0,0,0.0,0.0,100.1,1
2521-5341-1,79,False,Line,1,3581-89516-1,Line,0.74,100.6,2728.8,1,2.638,26,0,0.0,0,0.0,0.0,100.1,1,1.222,1,0,0.0,0,0.0,0.0,100.1,1,1.222,1,0,0.0,0,0.0,0.0,100.1,1,1.222,1,0,0.0,0,0.0,0.0,100.1,1
2521-5341-1,94,False,Line,1,3581-89516-1,Line,1.056,100.86,5470.0,1,3.828,26,0,0.0,0,0.0,0.0,100.1,1,1.845,1,0,0.0,0,0.0,0.0,100.1,1,1.845,1,0,0.0,0,0.0,0.0,100.1,1,1.845,1,0,0.0,0,0.0,0.0,100.1,1
2521-5341-1,101,False,Line,2,T3464-3462-34641-1-w2,Transformer,1.818,100.18,5965.5,1,3.149,53,0,0.0,0,0.0,0.0,100.1,1,2.202,1,0,0.0,0,0.0,0.0,100.1,1,2.202,1,0,0.0,0,0.0,0.0,100.1,1,2.202,1,0,0.0,0,0.0,0.0,100.1,1
2521-5341-1,108,False,Line,3,3581-89516-1,Line,4.493,101.37,7006.9,0,14.911,75,0,0.0,0,0.16,0.0,100.13,1,8.685,3,0,0.0,0,0.0,0.0,100.1,1,67.338,4,0,0.0,0,0.0,0.0,100.1,1,8.683,2,0,0.0,0,0.0,0.0,100.1,1
2521-5341-1,137,False,Line,1,3581-89516-1,Line,0.408,100.33,5053.5,1,0.993,11,0,0.0,0,0.0,0.0,100.1,1,0.704,1,0,0.0,0,0.0,0.0,100.1,1,0.704,1,0,0.0,0,0.0,0.0,100.1,1,0.704,1,0,0.0,0,0.0,0.0,100.1,1
2521-5341-1,145,False,Line,1,3581-89516-1,Line,0.991,100.81,4124.9,1,3.327,26,0,0.0,0,0.0,0.0,100.1,1,1.717,1,0,0.0,0,0.0,0.0,100.1,1,1.717,1,0,0.0,0,0.0,0.0,100.1,1,1.717,1,0,0.0,0,0.0,0.0,100.1,1
2521-5341-1,152,False,Line,1,3581-89516-1,Line,0.723,100.59,4161.2,1,2.099,25,0,0.0,0,0.0,0.0,100.1,1,1.187,1,0,0.0,0,0.0,0.0,100.1,1,1.187,1,0,0.0,0,0.0,0.0,100.1,1,1.187,1,0,0.0,0,0.0,0.0,100.1,1
2521-5341-1,159,False,Line,1,3581-89516-1,Line,0.49,100.4,5313.0,1,1.258,25,0,0.0,0,0.0,0.0,100.1,1,0.725,1,0,0.0,0,0.0,0.0,100.1,1,0.725,1,0,0.0,0,0.0,0.0,100.1,1,0.725,1,0,0.0,0,0.0,0.0,100.1,1
2521-5341-1,167,False,Line,1,3581-89516-1,Line,0.451,100.37,3161.9,1,1.038,26,0,0.0,0,0.0,0.0,100.1,1,0.649,1,0,0.0,0,0.0,0.0,100.1,1,0.649,1,0,0.0,0,0.0,0.0,100.1,1,0.649,1,0,0.0,0,0.0,0.0,100.1,1
2521-66094-1,50,False,Line,1,1122-1742-1,Line,0.555,100.11,5312.4,1,0.187,33,0,0.0,0,0.0,0.0,100.1,1,0.078,1,0,0.0,0,0.0,0.0,100.1,1,0.078,1,0,0.0,0,0.0,0.0,100.1,1,0.078,1,0,0.0,0,0.0,0.0,100.1,1
2521-66094-1,58,False,Line,1,3581-89516-1,Line,1.857,101.51,4583.8,1,8.105,26,0,0.0,0,0.0,0.0,100.1,1,3.386,1,0,0.0,0,0.0,0.0,100.1,1,3.386,1,0,0.0,0,0.0,0.0,100.1,1,3.386,2,0,0.0,0,0.0,0.0,100.1,1
2521-66094-1,101,False,Line,2,T3464-3462-34641-1-w2,Transformer,1.999,100.2,5965.5,1,3.827,53,0,0.0,0,0.0,0.0,100.1,1,2.682,1,0,0.0,0,0.0,0.0,100.1,1,2.682,1,0,0.0,0,0.0,0.0,100.1,1,2.682,1,0,0.0,0,0.0,0.0,100.1,1
2521-66094-1,108,False,Line,3,3691-4041-1,Line,10.9,104.28,7006.9,1,34.607,69,0,0.0,0,0.0,0.0,100.1,1,19.37,2,0,0.0,0,0.0,0.0,100.1,1,69.585,2,0,0.0,0,0.0,0.0,100.1,1,19.302,2,0,0.0,0,0.0,0.0,100.1,1
2521-66094-1,152,False,Line,1,3581-89516-1,Line,0.455,100.37,4161.2,1,1.127,25,0,0.0,0,0.0,0.0,100.1,1,0.647,1,0,0.0,0,0.0,0.0,100.1,1,0.647,1,0,0.0,0,0.0,0.0,100.1,1,0.647,1,0,0.0,0,0.0,0.0,100.1,1
2521-66094-1,159,False,Line,2,T3464-3462-34641-1-w2,Transformer,1.445,100.14,5313.0,1,1.666,55,0,0.0,0,0.0,0.0,100.1,1,1.195,1,0,0.0,0,0.0,0.0,100.1,1,1.195,1,0,0.0,0,0.0,0.0,100.1,1,1.195,1,0,0.0,0,0.0,0.0,100.1,1
2522-3522-1,0,False,Line,1,3581-89516-1,Line,1.043,100.85,5299.5,1,2.553,14,0,0.0,0,0.0,0.0,100.1,1,1.799,1,0,0.0,0,0.0,0.0,100.1,1,1.799,1,0,0.0,0,0.0,0.0,100.1,1,1.799,1,0,0.0,0,0.0,0.0,100.1,1
2522-3522-1,7,False,Line,3,3581-89516-1,Line,9.072,103.54,6073.6,1,11.579,17,0,0.0,0,0.0,0.0,100.1,1,8.282,1,0,0.0,0,0.0,0.0,100.1,1,8.282,1,0,0.0,0,0.0,0.0,100.1,1,8.282,1,0,0.0,0,0.0,0.0,100.1,1
2522-3522-1,21,False,Line,1,3581-89516-1,Line,1.734,101.41,4735.3,1,5.023,8,0,0.0,0,0.0,0.0,100.1,1,3.903,1,0,0.0,0,0.0,0.0,100.1,1,3.903,1,0,0.0,0,0.0,0.0,100.1,1,3.903,1,0,0.0,0,0.0,0.0,100.1,1
2522-3522-1,29,False,Line,3,3581-89516-1,Line,22.201,107.1,5968.4,1,31.702,11,1,0.187,0,0.0,100.18,100.18,1,20.865,2,1,0.123,0,0.0,100.12,100.12,0,17.923,2,0,0.0,0,1.337,0.0,101.09,1,20.885,3,0,0.0,0,0.0,0.0,100.1,1
2522-3522-1,50,False,Line,5,3581-89516-1,Line,45.474,111.6,5312.4,0,92.991,46,0,0.0,0,0.339,0.0,100.28,1,40.766,7,0,0.0,0,0.0,0.0,100.1,0,0.0,0,0,0.0,0,45.474,0.0,111.6,1,39.433,7,0,0.0,0,0.0,0.0,100.1,1
2522-3522-1,58,False,Line,3,3581-89516-1,Line,39.406,111.76,4583.8,1,66.648,27,0,0.0,0,0.0,0.0,100.1,1,28.058,1,0,0.0,0,0.0,0.0,100.1,1,28.058,1,0,0.0,0,0.0,0.0,100.1,1,28.058,3,0,0.0,0,0.0,0.0,100.1,1
2522-3522-1,65,False,Line,3,3581-89516-1,Line,48.523,114.23,5388.6,1,107.669,23,0,0.0,0,0.0,0.0,100.1,1,40.355,4,0,0.0,0,0.0,0.0,100.1,1,40.355,4,0,0.0,0,0.0,0.0,100.1,1,40.355,4,0,0.0,0,0.0,0.0,100.1,1
2522-3522-1,72,False,Line,3,3581-89516-1,Line,41.539,112.34,5745.9,1,86.404,20,0,0.0,0,0.0,0.0,100.1,1,37.271,3,0,0.0,0,0.0,0.0,100.1,1,37.271,3,0,0.0,0,0.0,0.0,100.1,1,37.271,3,0,0.0,0,0.0,0.0,100.1,1
2522-3522-1,79,False,Line,3,3581-89516-1,Line,21.175,106.82,2728.8,1,34.487,27,0,0.0,0,0.0,0.0,100.1,1,16.172,2,0,0.0,0,0.0,0.0,100.1,1,16.172,2,0,0.0,0,0.0,0.0,100.1,1,16.172,2,0,0.0,0,0.0,0.0,100.1,1
2522-3522-1,94,False,Line,3,3581-89516-1,Line,19.53,106.38,5470.0,1,31.366,27,0,0.0,0,0.0,0.0,100.1,1,15.1,1,0,0.0,0,0.0,0.0,100.1,1,15.1,1,0,0.0,0,0.0,0.0,100.1,1,15.1,2,0,0.0,0,0.0,0.0,100.1,1
2522-3522-1,101,False,Line,5,3581-89516-1,Line,28.578,104.15,5965.5,0,84.956,78,0,0.0,0,1.222,0.0,100.13,1,56.279,3,0,0.0,0,0.0,0.0,100.1,1,167.543,8,0,0.0,0,0.0,0.0,100.1,1,55.535,4,0,0.0,0,0.0,0.0,100.1,1
2522-3522-1,108,False,Line,5,3581-89516-1,Line,58.736,111.86,7006.9,0,137.694,76,0,0.0,0,0.36,0.0,100.29,1,87.604,5,0,0.0,0,0.0,0.0,100.1,0,192.631,7,0,0.0,0,13.918,0.0,101.38,1,82.224,5,0,0.0,0,0.0,0.0,100.1,1
2522-3522-1,116,False,Line,1,3581-89516-1,Line,0.566,100.46,4604.0,1,1.378,8,0,0.0,0,0.0,0.0,100.1,1,1.074,1,0,0.0,0,0.0,0.0,100.1,1,1.074,1,0,0.0,0,0.0,0.0,100.1,1,1.074,1,0,0.0,0,0.0,0.0,100.1,1
2522-3522-1,123,False,Line,3,3581-89516-1,Line,9.642,103.7,5593.8,1,11.911,14,0,0.0,0,0.0,0.0,100.1,1,8.653,1,0,0.0,0,0.0,0.0,100.1,1,8.653,1,0,0.0,0,0.0,0.0,100.1,1,8.653,1,0,0.0,0,0.0,0.0,100.1,1
2522-3522-1,130,False,Line,3,3581-89516-1,Line,15.527,105.29,5592.5,1,17.111,14,0,0.0,0,0.0,0.0,100.1,1,12.49,1,0,0.0,0,0.0,0.0,100.1,1,12.49,1,0,0.0,0,0.0,0.0,100.1,1,12.49,1,0,0.0,0,0.0,0.0,100.1,1
2522-3522-1,137,False,Line,3,3581-89516-1,Line,21.357,106.87,5053.5,1,32.07,12,1,0.19,0,0.0,100.18,100.18,1,20.184,1,1,0.119,0,0.0,100.11,100.11,0,17.923,1,0,0.0,0,1.056,0.0,100.86,1,20.199,2,0,0.0,0,0.0,0.0,100.1,1
2522-3522-1,145,False,Line,3,3581-89516-1,Line,37.893,111.35,4124.9,1,52.047,27,0,0.0,0,0.0,0.0,100.1,1,27.072,3,0,0.0,0,0.0,0.0,100.1,1,27.072,3,0,0.0,0,0.0,0.0,100.1,1,27.072,3,0,0.0,0,0.0,0.0,100.1,1
2522-3522-1,152,False,Line,3,3581-89516-1,Line,33.919,110.28,4161.2,1,43.116,26,0,0.0,0,0.0,0.0,100.1,1,24.481,2,0,0.0,0,0.0,0.0,100.1,1,24.481,2,0,0.0,0,0.0,0.0,100.1,1,24.481,1,0,0.0,0,0.0,0.0,100.1,1
2522-3522-1,159,False,Line,5,3581-89516-1,Line,57.519,111.63,5313.0,0,120.702,81,0,0.0,0,0.359,0.0,100.29,1,87.135,4,0,0.0,0,0.0,0.0,100.1,1,492.373,26,0,0.0,0,0.0,0.0,100.1,1,80.604,5,0,0.0,0,0.0,0.0,100.1,1
2522-3522-1,167,False,Line,3,3581-89516-1,Line,22.079,107.07,3161.9,1,27.115,27,0,0.0,0,0.0,0.0,100.1,1,16.762,1,0,0.0,0,0.0,0.0,100.1,1,16.762,1,0,0.0,0,0.0,0.0,100.1,1,16.762,2,0,0.0,0,0.0,0.0,100.1,1
2522-5042-1,58,False,Line,3,3581-89516-1,Line,9.976,103.79,4583.8,1,19.82,26,0,0.0,0,0.0,0.0,100.1,1,8.623,1,0,0.0,0,0.0,0.0,100.1,1,8.623,1,0,0.0,0,0.0,0.0,100.1,1,8.623,3,0,0.0,0,0.0,0.0,100.1,1
2522-5042-1,108,False,Line,3,3691-4041-1,Line,5.851,102.3,7006.9,1,17.281,14,0,0.0,0,0.0,0.0,100.1,1,8.84,2,0,0.0,0,0.0,0.0,100.1,1,8.84,2,0,0.0,0,0.0,0.0,100.1,1,8.823,2,0,0.0,0,0.0,0.0,100.1,1
2522-5042-1,145,False,Line,1,3581-89516-1,Line,1.507,101.23,4124.9,1,4.872,26,0,0.0,0,0.0,0.0,100.1,1,2.632,1,0,0.0,0,0.0,0.0,100.1,1,2.632,1,0,0.0,0,0.0,0.0,100.1,1,2.632,1,0,0.0,0,0.0,0.0,100.1,1
2522-5042-1,152,False,Line,3,3581-89516-1,Line,11.568,104.22,4161.2,1,16.274,25,0,0.0,0,0.0,0.0,100.1,1,9.631,1,0,0.0,0,0.0,0.0,100.1,1,9.631,1,0,0.0,0,0.0,0.0,100.1,1,9.631,1,0,0.0,0,0.0,0.0,100.1,1
2561-4491-1,7,False,Line,1,2561-3781-1,Line,2.583,102.27,6073.6,0,0.0,0,0,0.0,0,2.583,0.0,102.27,0,0.0,0,0,0.0,0,2.583,0.0,102.27,0,0.0,0,0,0.0,0,2.583,0.0,102.27,1,575.363,4,0,0.0,0,0.0,0.0,100.1,1
2561-4491-1,14,False,Line,1,2561-3781-1,Line,4.588,104.02,6309.0,0,0.0,0,0,0.0,0,4.588,0.0,104.02,0,0.0,0,0,0.0,0,4.588,0.0,104.02,0,0.0,0,0,0.0,0,4.588,0.0,104.02,1,1042.788,27,0,0.0,0,0.0,0.0,100.1,1
2561-4491-1,29,False,Line,1,2561-3781-1,Line,3.455,103.03,5968.4,0,0.0,0,0,0.0,0,3.455,0.0,103.03,0,0.0,0,0,0.0,0,3.455,0.0,103.03,0,0.0,0,0,0.0,0,3.455,0.0,103.03,1,778.703,14,0,0.0,0,0.0,0.0,100.1,1
2561-4491-1,36,False,Line,1,2561-3781-1,Line,12.368,110.85,6805.4,0,0.0,0,0,0.0,0,12.368,0.0,110.85,0,0.0,0,0,0.0,0,12.368,0.0,110.85,0,0.0,0,0,0.0,0,12.368,0.0,110.85,1,2855.999,75,0,0.0,0,0.0,0.0,100.1,1
2561-4491-1,50,False,Line,1,2561-3781-1,Line,4.741,104.16,5312.4,0,0.0,0,0,0.0,0,4.741,0.0,104.16,0,0.0,0,0,0.0,0,4.741,0.0,104.16,0,0.0,0,0,0.0,0,4.741,0.0,104.16,1,1078.325,31,0,0.0,0,0.0,0.0,100.1,1
2561-4491-1,58,False,Line,1,2561-3781-1,Line,8.803,107.72,4583.8,0,0.0,0,0,0.0,0,8.803,0.0,107.72,0,0.0,0,0,0.0,0,8.803,0.0,107.72,0,0.0,0,0,0.0,0,8.803,0.0,107.72,1,2025.142,65,0,0.0,0,0.0,0.0,100.1,1
2561-4491-1,79,False,Line,1,2561-3781-1,Line,19.775,117.35,2728.8,0,0.0,0,0,0.0,0,19.775,0.0,117.35,0,0.0,0,0,0.0,0,19.775,0.0,117.35,0,0.0,0,0,0.0,0,19.775,0.0,117.35,0,2728.827,157,0,0.0,0,7.953,0.0,107.08,0
2561-4491-1,87,False,Line,1,2561-3781-1,Line,22.098,119.38,1883.6,0,0.0,0,0,0.0,0,22.098,0.0,119.38,0,0.0,0,0,0.0,0,22.098,0.0,119.38,0,0.0,0,0,0.0,0,22.098,0.0,119.38,0,1883.564,157,0,0.0,0,13.902,0.0,112.3,0
2561-4491-1,101,False,Line,1,2561-3781-1,Line,6.462,105.67,5965.5,0,0.0,0,0,0.0,0,6.462,0.0,105.67,0,0.0,0,0,0.0,0,6.462,0.0,105.67,0,0.0,0,0,0.0,0,6.462,0.0,105.67,1,1479.617,44,0,0.0,0,0.0,0.0,100.1,1
2561-4491-1,108,False,Line,1,2561-3781-1,Line,15.527,113.62,7006.9,0,0.0,0,0,0.0,0,15.527,0.0,113.62,0,0.0,0,0,0.0,0,15.527,0.0,113.62,0,0.0,0,0,0.0,0,15.527,0.0,113.62,1,3592.226,55,0,0.0,0,0.0,0.0,100.1,1
2561-4491-1,130,False,Line,1,2561-3781-1,Line,0.347,100.3,5592.5,0,0.0,0,0,0.0,0,0.347,0.0,100.3,0,0.0,0,0,0.0,0,0.347,0.0,100.3,0,0.0,0,0,0.0,0,0.347,0.0,100.3,1,54.277,2,0,0.0,0,0.0,0.0,100.1,1
2562-4012-1,50,False,Line,1,3082-3122-1,Line,0.662,100.1,5312.4,1,0.137,19,0,0.0,0,0.0,0.0,100.1,1,0.06,1,0,0.0,0,0.0,0.0,100.1,1,0.06,1,0,0.0,0,0.0,0.0,100.1,1,0.06,1,0,0.0,0,0.0,0.0,100.1,1
2563-4242-1,0,False,Line,1,1472-2562-1,Line,234.286,151.27,5299.5,1,763.892,5,4,30.205,0,0.0,107.67,107.67,1,352.836,1,4,12.568,0,0.0,103.42,103.42,0,7.555,1,0,0.0,0,229.279,0.0,150.17,1,363.826,3,0,0.0,0,0.0,0.0,100.1,1
2563-4242-1,7,False,Line,1,1472-2562-1,Line,241.704,152.89,6073.6,1,788.573,6,3,26.64,0,0.0,107.97,107.97,1,364.03,1,3,10.937,0,0.0,103.52,103.52,0,7.559,1,0,0.0,0,236.695,0.0,151.79,1,372.814,2,0,0.0,0,0.0,0.0,100.1,1
2563-4242-1,14,False,Line,1,1472-2562-1,Line,75.341,116.49,6309.0,1,306.662,9,0,0.0,0,0.0,0.0,100.1,1,112.996,1,0,0.0,0,0.0,0.0,100.1,1,112.996,1,0,0.0,0,0.0,0.0,100.1,1,112.996,1,0,0.0,0,0.0,0.0,100.1,1
2563-4242-1,21,False,Line,1,1472-2562-1,Line,248.298,154.33,4735.3,1,809.668,5,3,27.463,0,0.0,108.23,108.23,1,373.979,1,3,11.345,0,0.0,103.62,103.62,0,7.475,1,0,0.0,0,243.344,0.0,153.25,1,385.27,2,0,0.0,0,0.0,0.0,100.1,1
2563-4242-1,29,False,Line,1,1472-2562-1,Line,256.36,156.1,5968.4,1,845.658,6,4,33.763,0,0.0,108.64,108.64,1,386.145,1,4,14.125,0,0.0,103.74,103.74,0,7.467,1,0,0.0,0,251.412,0.0,155.01,1,400.537,3,0,0.0,0,0.0,0.0,100.1,1
2563-4242-1,36,False,Line,1,1472-2562-1,Line,49.626,110.86,6805.4,1,214.464,12,0,0.0,0,0.0,0.0,100.1,1,74.193,1,0,0.0,0,0.0,0.0,100.1,1,74.193,1,0,0.0,0,0.0,0.0,100.1,1,74.193,1,0,0.0,0,0.0,0.0,100.1,1
2563-4242-1,116,False,Line,1,1472-2562-1,Line,66.569,114.57,4604.0,1,247.281,5,3,5.589,0,0.0,102.24,102.24,1,99.76,1,1,1.2,0,0.0,100.98,100.98,0,8.54,1,0,0.0,0,60.91,0.0,113.33,1,102.571,2,0,0.0,0,0.0,0.0,100.1,1
2563-4242-1,123,False,Line,1,1472-2562-1,Line,5.084,101.11,5593.8,1,15.117,5,1,0.191,0,0.0,100.15,100.15,1,6.983,1,0,0.0,0,0.0,0.0,100.1,1,6.983,1,0,0.0,0,0.0,0.0,100.1,1,6.983,1,0,0.0,0,0.0,0.0,100.1,1
2601-4041-1,58,False,Line,3,3581-89516-1,Line,3.048,101.91,4583.8,1,8.766,20,0,0.0,0,0.0,0.0,100.1,1,4.372,1,0,0.0,0,0.0,0.0,100.1,1,4.372,1,0,0.0,0,0.0,0.0,100.1,1,4.372,2,0,0.0,0,0.0,0.0,100.1,1
2601-4041-1,101,False,Line,2,T3464-3462-34641-1-w2,Transformer,1.434,100.14,5965.5,1,1.669,53,0,0.0,0,0.0,0.0,100.1,1,1.168,1,0,0.0,0,0.0,0.0,100.1,1,1.168,1,0,0.0,0,0.0,0.0,100.1,1,1.168,1,0,0.0,0,0.0,0.0,100.1,1
2601-4041-1,108,False,Line,2,T3464-3462-34641-1-w2,Transformer,3.103,100.31,7006.9,1,8.107,55,0,0.0,0,0.0,0.0,100.1,1,5.655,1,0,0.0,0,0.0,0.0,100.1,1,5.655,1,0,0.0,0,0.0,0.0,100.1,1,5.655,1,0,0.0,0,0.0,0.0,100.1,1
2601-4041-1,152,False,Line,1,3581-89516-1,Line,0.59,100.48,4161.2,1,1.502,19,0,0.0,0,0.0,0.0,100.1,1,0.918,1,0,0.0,0,0.0,0.0,100.1,1,0.918,1,0,0.0,0,0.0,0.0,100.1,1,0.918,1,0,0.0,0,0.0,0.0,100.1,1
2601-4371-1,101,False,Line,2,T3464-3462-34641-1-w2,Transformer,2.581,100.26,5965.5,1,6.078,53,0,0.0,0,0.0,0.0,100.1,1,4.253,1,0,0.0,0,0.0,0.0,100.1,1,4.253,1,0,0.0,0,0.0,0.0,100.1,1,4.253,1,0,0.0,0,0.0,0.0,100.1,1
2601-4371-1,108,False,Line,2,T3464-3462-34641-1-w2,Transformer,3.346,100.33,7006.9,1,9.045,55,0,0.0,0,0.0,0.0,100.1,1,6.309,1,0,0.0,0,0.0,0.0,100.1,1,6.309,1,0,0.0,0,0.0,0.0,100.1,1,6.309,1,0,0.0,0,0.0,0.0,100.1,1
2651-3551-1,50,False,Line,2,1122-1742-1,Line,14.175,101.54,5312.4,1,35.278,36,1,0.217,0,0.0,100.18,100.18,1,15.727,2,0,0.0,0,0.0,0.0,100.1,0,15.982,2,0,0.0,0,0.644,0.0,100.1,1,15.448,2,0,0.0,0,0.0,0.0,100.1,1
2651-3551-1,101,False,Line,2,T3464-3462-34641-1-w2,Transformer,1.662,100.17,5965.5,1,2.541,53,0,0.0,0,0.0,0.0,100.1,1,1.783,1,0,0.0,0,0.0,0.0,100.1,1,1.783,1,0,0.0,0,0.0,0.0,100.1,1,1.783,1,0,0.0,0,0.0,0.0,100.1,1
2651-3551-1,108,False,Line,2,T3464-3462-34641-1-w2,Transformer,3.146,100.31,7006.9,1,8.262,55,0,0.0,0,0.0,0.0,100.1,1,5.779,1,0,0.0,0,0.0,0.0,100.1,1,5.779,1,0,0.0,0,0.0,0.0,100.1,1,5.779,1,0,0.0,0,0.0,0.0,100.1,1
2741-3441-1,36,False,Line,1,3082-3122-1,Line,3.892,100.61,6805.4,1,12.458,19,0,0.0,0,0.0,0.0,100.1,1,6.902,1,0,0.0,0,0.0,0.0,100.1,1,6.902,1,0,0.0,0,0.0,0.0,100.1,1,6.902,1,0,0.0,0,0.0,0.0,100.1,1
2741-3441-1,50,False,Line,2,1122-1742-1,Line,26.757,103.18,5312.4,1,66.303,32,1,0.519,0,0.0,100.42,100.42,1,28.593,1,1,0.341,0,0.0,100.28,100.28,0,36.497,3,0,0.0,0,19.516,0.0,102.31,1,29.054,2,0,0.0,0,0.0,0.0,100.1,1
2741-3441-1,101,False,Line,2,T3464-3462-34641-1-w2,Transformer,8.64,100.86,5965.5,1,29.114,53,0,0.0,0,0.0,0.0,100.1,1,20.532,1,0,0.0,0,0.0,0.0,100.1,1,20.532,1,0,0.0,0,0.0,0.0,100.1,1,20.532,1,0,0.0,0,0.0,0.0,100.1,1
2741-3441-1,108,False,Line,2,T3464-3462-34641-1-w2,Transformer,11.783,101.18,7006.9,1,41.216,55,1,0.263,0,0.0,100.21,100.21,1,28.979,1,1,0.232,0,0.0,100.19,100.19,1,46.932,2,0,0.0,0,0.0,0.0,100.1,1,29.241,2,0,0.0,0,0.0,0.0,100.1,1
2741-3441-1,159,False,Line,2,T3464-3462-34641-1-w2,Transformer,4.626,100.46,5313.0,1,13.512,55,0,0.0,0,0.0,0.0,100.1,1,9.744,1,0,0.0,0,0.0,0.0,100.1,1,9.744,1,0,0.0,0,0.0,0.0,100.1,1,9.744,1,0,0.0,0,0.0,0.0,100.1,1
2741-5441-1,159,False,Line,2,T3464-3462-34641-1-w2,Transformer,1.781,100.18,5313.0,1,2.928,55,0,0.0,0,0.0,0.0,100.1,1,2.1,1,0,0.0,0,0.0,0.0,100.1,1,2.1,1,0,0.0,0,0.0,0.0,100.1,1,2.1,1,0,0.0,0,0.0,0.0,100.1,1
2741-5441-2,159,False,Line,2,T3464-3462-34641-1-w2,Transformer,1.507,100.15,5313.0,1,1.899,55,0,0.0,0,0.0,0.0,100.1,1,1.362,1,0,0.0,0,0.0,0.0,100.1,1,1.362,1,0,0.0,0,0.0,0.0,100.1,1,1.362,1,0,0.0,0,0.0,0.0,100.1,1
2741-5451-1,159,False,Line,2,T3464-3462-34641-1-w2,Transformer,2.954,100.3,5313.0,1,7.308,55,0,0.0,0,0.0,0.0,100.1,1,5.246,1,0,0.0,0,0.0,0.0,100.1,1,5.246,1,0,0.0,0,0.0,0.0,100.1,1,5.246,1,0,0.0,0,0.0,0.0,100.1,1
2742-3342-1,36,False,Line,2,3082-3122-1,Line,43.582,105.08,6805.4,1,129.512,27,0,0.0,0,0.0,0.0,100.1,1,86.69,1,0,0.0,0,0.0,0.0,100.1,1,86.69,1,0,0.0,0,0.0,0.0,100.1,1,73.475,2,0,0.0,0,0.0,0.0,100.1,1
2742-3342-1,50,False,Line,5,1122-1742-1,Line,147.336,116.53,5312.4,0,364.564,65,0,0.0,0,1.048,0.0,100.2,1,629.279,6,0,0.0,0,0.0,0.0,100.1,0,88.392,2,0,0.0,0,129.577,0.0,116.13,1,216.789,7,0,0.0,0,0.0,0.0,100.1,1
2742-3342-1,58,False,Line,1,3581-89516-1,Line,0.421,100.34,4583.8,1,1.459,26,0,0.0,0,0.0,0.0,100.1,1,0.589,1,0,0.0,0,0.0,0.0,100.1,1,0.589,1,0,0.0,0,0.0,0.0,100.1,1,0.589,1,0,0.0,0,0.0,0.0,100.1,1
2742-3342-1,65,False,Line,2,1122-1742-1,Line,39.411,107.55,5388.6,0,160.689,61,0,0.0,0,0.89,0.0,100.17,1,69.122,2,0,0.0,0,0.0,0.0,100.1,0,0.0,0,0,0.0,0,39.411,0.0,107.55,1,69.12,2,0,0.0,0,0.0,0.0,100.1,1
2742-3342-1,72,False,Line,1,3581-89516-1,Line,0.564,100.46,5745.9,1,2.71,19,0,0.0,0,0.0,0.0,100.1,1,1.091,1,0,0.0,0,0.0,0.0,100.1,1,1.091,1,0,0.0,0,0.0,0.0,100.1,1,1.091,1,0,0.0,0,0.0,0.0,100.1,1
2742-3342-1,79,False,Line,1,3581-89516-1,Line,0.141,100.11,2728.8,1,0.078,26,0,0.0,0,0.0,0.0,100.1,1,0.036,1,0,0.0,0,0.0,0.0,100.1,1,0.036,1,0,0.0,0,0.0,0.0,100.1,1,0.036,1,0,0.0,0,0.0,0.0,100.1,1
2742-3342-1,94,False,Line,1,3581-89516-1,Line,0.451,100.37,5470.0,1,1.361,26,0,0.0,0,0.0,0.0,100.1,1,0.648,1,0,0.0,0,0.0,0.0,100.1,1,0.648,1,0,0.0,0,0.0,0.0,100.1,1,0.648,1,0,0.0,0,0.0,0.0,100.1,1
2742-3342-1,101,False,Line,4,T3464-3462-34641-1-w2,Transformer,46.109,103.16,5965.5,1,142.172,61,0,0.0,0,0.0,0.0,100.1,1,104.613,2,0,0.0,0,0.0,0.0,100.1,1,109.548,2,0,0.0,0,0.0,0.0,100.1,1,104.604,4,0,0.0,0,0.0,0.0,100.1,1
2742-3342-1,108,False,Line,7,1122-1742-1,Line,105.194,107.59,7006.9,0,265.122,85,0,0.0,0,0.675,0.0,100.14,1,745.858,8,1,0.767,0,0.0,100.61,100.61,0,81.18,2,0,0.0,0,81.783,0.0,107.19,1,203.669,7,0,0.0,0,0.0,0.0,100.1,1
2742-3342-1,145,False,Line,1,3581-89516-1,Line,0.229,100.19,4124.9,1,0.41,26,0,0.0,0,0.0,0.0,100.1,1,0.21,1,0,0.0,0,0.0,0.0,100.1,1,0.21,1,0,0.0,0,0.0,0.0,100.1,1,0.21,1,0,0.0,0,0.0,0.0,100.1,1
2742-3342-1,152,False,Line,1,3581-89516-1,Line,0.26,100.21,4161.2,1,0.48,25,0,0.0,0,0.0,0.0,100.1,1,0.271,1,0,0.0,0,0.0,0.0,100.1,1,0.271,1,0,0.0,0,0.0,0.0,100.1,1,0.271,1,0,0.0,0,0.0,0.0,100.1,1
2742-3342-1,159,False,Line,3,T3464-3462-34641-1-w2,Transformer,20.454,102.01,5313.0,0,71.944,81,0,0.0,0,0.554,0.0,100.11,1,70.588,2,0,0.0,0,0.0,0.0,100.1,1,128.559,5,0,0.0,0,0.0,0.0,100.1,1,52.53,3,0,0.0,0,0.0,0.0,100.1,1
2742-3642-1,36,False,Line,1,3082-3122-1,Line,2.095,100.33,6805.4,1,4.2,11,0,0.0,0,0.0,0.0,100.1,1,2.925,1,0,0.0,0,0.0,0.0,100.1,1,2.925,1,0,0.0,0,0.0,0.0,100.1,1,2.925,1,0,0.0,0,0.0,0.0,100.1,1
2742-3642-1,58,False,Line,1,3581-89516-1,Line,0.254,100.21,4583.8,1,0.641,26,0,0.0,0,0.0,0.0,100.1,1,0.259,1,0,0.0,0,0.0,0.0,100.1,1,0.259,1,0,0.0,0,0.0,0.0,100.1,1,0.259,1,0,0.0,0,0.0,0.0,100.1,1
2742-3642-1,108,False,Line,2,T3464-3462-34641-1-w2,Transformer,5.086,100.51,7006.9,1,15.432,56,1,0.181,0,0.0,100.15,100.15,1,10.9,1,1,0.172,0,0.0,100.14,100.14,1,18.861,2,0,0.0,0,0.0,0.0,100.1,1,11.016,2,0,0.0,0,0.0,0.0,100.1,1
2742-3642-1,145,False,Line,1,3581-89516-1,Line,0.235,100.19,4124.9,1,0.432,26,0,0.0,0,0.0,0.0,100.1,1,0.222,1,0,0.0,0,0.0,0.0,100.1,1,0.222,1,0,0.0,0,0.0,0.0,100.1,1,0.222,1,0,0.0,0,0.0,0.0,100.1,1
2742-3642-1,159,False,Line,3,T3464-3462-34641-1-w2,Transformer,8.719,100.85,5313.0,0,28.351,81,0,0.0,0,0.518,0.0,100.1,1,39.16,2,0,0.0,0,0.0,0.0,100.1,1,38.972,2,0,0.0,0,0.0,0.0,100.1,1,20.512,2,0,0.0,0,0.0,0.0,100.1,1
2742-3642-1,167,False,Line,1,3581-89516-1,Line,0.187,100.15,3161.9,1,0.202,26,0,0.0,0,0.0,0.0,100.1,1,0.126,1,0,0.0,0,0.0,0.0,100.1,1,0.126,1,0,0.0,0,0.0,0.0,100.1,1,0.126,1,0,0.0,0,0.0,0.0,100.1,1
2781-4951-1,0,False,Line,1,1641-4951-1,Line,12.365,111.78,5299.5,1,12.359,4,0,0.0,0,0.0,0.0,100.1,1,12.359,1,0,0.0,0,0.0,0.0,100.1,1,12.359,1,0,0.0,0,0.0,0.0,100.1,1,12.359,1,0,0.0,0,0.0,0.0,100.1,1
2781-4951-1,7,False,Line,1,1641-4951-1,Line,5.551,105.29,6073.6,1,5.49,5,0,0.0,0,0.0,0.0,100.1,1,5.49,1,0,0.0,0,0.0,0.0,100.1,1,5.49,1,0,0.0,0,0.0,0.0,100.1,1,5.49,1,0,0.0,0,0.0,0.0,100.1,1
2781-4951-1,29,False,Line,1,1641-4951-1,Line,36.435,134.7,5968.4,1,36.623,5,0,0.0,0,0.0,0.0,100.1,1,36.623,1,0,0.0,0,0.0,0.0,100.1,1,36.623,1,0,0.0,0,0.0,0.0,100.1,1,36.623,1,0,0.0,0,0.0,0.0,100.1,1
2781-4951-1,65,False,Line,1,1641-4951-1,Line,21.752,120.72,5388.6,1,21.822,5,0,0.0,0,0.0,0.0,100.1,1,21.822,1,0,0.0,0,0.0,0.0,100.1,1,21.822,1,0,0.0,0,0.0,0.0,100.1,1,21.822,1,0,0.0,0,0.0,0.0,100.1,1
2781-4951-1,72,False,Line,1,1641-4951-1,Line,1.349,101.29,5745.9,1,1.254,5,0,0.0,0,0.0,0.0,100.1,1,1.254,1,0,0.0,0,0.0,0.0,100.1,1,1.254,1,0,0.0,0,0.0,0.0,100.1,1,1.254,1,0,0.0,0,0.0,0.0,100.1,1
2781-4951-1,101,False,Line,1,1641-4951-1,Line,15.044,114.33,5965.5,1,15.059,5,0,0.0,0,0.0,0.0,100.1,1,15.059,1,0,0.0,0,0.0,0.0,100.1,1,15.059,1,0,0.0,0,0.0,0.0,100.1,1,15.059,1,0,0.0,0,0.0,0.0,100.1,1
2781-4951-1,108,False,Line,1,1641-4951-1,Line,3.998,103.81,7006.9,1,3.925,5,0,0.0,0,0.0,0.0,100.1,1,3.925,1,0,0.0,0,0.0,0.0,100.1,1,3.925,1,0,0.0,0,0.0,0.0,100.1,1,3.925,1,0,0.0,0,0.0,0.0,100.1,1
2781-4951-1,123,False,Line,1,1641-4951-1,Line,14.24,113.56,5593.8,1,14.249,5,0,0.0,0,0.0,0.0,100.1,1,14.249,1,0,0.0,0,0.0,0.0,100.1,1,14.249,1,0,0.0,0,0.0,0.0,100.1,1,14.249,1,0,0.0,0,0.0,0.0,100.1,1
2781-4951-1,130,False,Line,1,1641-4951-1,Line,17.015,116.2,5592.5,1,17.046,5,0,0.0,0,0.0,0.0,100.1,1,17.046,1,0,0.0,0,0.0,0.0,100.1,1,17.046,1,0,0.0,0,0.0,0.0,100.1,1,17.046,1,0,0.0,0,0.0,0.0,100.1,1
2781-4951-1,137,False,Line,1,1641-4951-1,Line,40.573,138.64,5053.5,1,40.794,4,0,0.0,0,0.0,0.0,100.1,1,40.794,2,0,0.0,0,0.0,0.0,100.1,1,40.794,2,0,0.0,0,0.0,0.0,100.1,1,40.794,2,0,0.0,0,0.0,0.0,100.1,1
2781-4951-1,159,False,Line,1,1641-4951-1,Line,14.072,113.4,5313.0,1,14.08,5,0,0.0,0,0.0,0.0,100.1,1,14.08,1,0,0.0,0,0.0,0.0,100.1,1,14.08,1,0,0.0,0,0.0,0.0,100.1,1,14.08,1,0,0.0,0,0.0,0.0,100.1,1
2842-3522-1,29,False,Line,1,3581-89516-1,Line,0.25,100.2,5968.4,1,0.42,10,0,0.0,0,0.0,0.0,100.1,1,0.316,1,0,0.0,0,0.0,0.0,100.1,1,0.316,1,0,0.0,0,0.0,0.0,100.1,1,0.316,1,0,0.0,0,0.0,0.0,100.1,1
2842-3522-1,50,False,Line,1,3581-89516-1,Line,0.471,100.38,5312.4,1,1.757,26,0,0.0,0,0.0,0.0,100.1,1,0.691,1,0,0.0,0,0.0,0.0,100.1,1,0.691,1,0,0.0,0,0.0,0.0,100.1,1,0.691,1,0,0.0,0,0.0,0.0,100.1,1
2842-3522-1,108,False,Line,2,3581-89516-1,Line,0.726,100.35,7006.9,1,1.453,20,0,0.0,0,0.0,0.0,100.1,1,5.432,1,0,0.0,0,0.0,0.0,100.1,1,5.432,1,0,0.0,0,0.0,0.0,100.1,1,0.815,2,0,0.0,0,0.0,0.0,100.1,1
2842-3852-1,7,False,Line,1,3581-89516-1,Line,0.256,100.21,6073.6,1,0.352,16,0,0.0,0,0.0,0.0,100.1,1,0.264,1,0,0.0,0,0.0,0.0,100.1,1,0.264,1,0,0.0,0,0.0,0.0,100.1,1,0.264,1,0,0.0,0,0.0,0.0,100.1,1
2842-3852-1,21,False,Line,1,3581-89516-1,Line,0.163,100.13,4735.3,1,0.113,7,0,0.0,0,0.0,0.0,100.1,1,0.099,1,0,0.0,0,0.0,0.0,100.1,1,0.099,1,0,0.0,0,0.0,0.0,100.1,1,0.099,1,0,0.0,0,0.0,0.0,100.1,1
2842-3852-1,29,False,Line,1,3581-89516-1,Line,0.654,100.53,5968.4,1,1.751,10,0,0.0,0,0.0,0.0,100.1,1,1.316,1,0,0.0,0,0.0,0.0,100.1,1,1.316,1,0,0.0,0,0.0,0.0,100.1,1,1.316,1,0,0.0,0,0.0,0.0,100.1,1
2842-3852-1,50,False,Line,1,3581-89516-1,Line,0.744,100.61,5312.4,1,3.128,26,0,0.0,0,0.0,0.0,100.1,1,1.231,1,0,0.0,0,0.0,0.0,100.1,1,1.231,1,0,0.0,0,0.0,0.0,100.1,1,1.231,1,0,0.0,0,0.0,0.0,100.1,1
2842-3852-1,65,False,Line,1,3581-89516-1,Line,0.385,100.31,5388.6,1,1.777,22,0,0.0,0,0.0,0.0,100.1,1,0.552,1,0,0.0,0,0.0,0.0,100.1,1,0.552,1,0,0.0,0,0.0,0.0,100.1,1,0.552,1,0,0.0,0,0.0,0.0,100.1,1
2842-3852-1,72,False,Line,1,3581-89516-1,Line,0.445,100.36,5745.9,1,1.987,19,0,0.0,0,0.0,0.0,100.1,1,0.799,1,0,0.0,0,0.0,0.0,100.1,1,0.799,1,0,0.0,0,0.0,0.0,100.1,1,0.799,1,0,0.0,0,0.0,0.0,100.1,1
2842-3852-1,94,False,Line,1,3581-89516-1,Line,0.401,100.33,5470.0,1,1.158,26,0,0.0,0,0.0,0.0,100.1,1,0.551,1,0,0.0,0,0.0,0.0,100.1,1,0.551,1,0,0.0,0,0.0,0.0,100.1,1,0.551,1,0,0.0,0,0.0,0.0,100.1,1
2842-3852-1,108,False,Line,2,3691-4041-1,Line,2.853,101.0,7006.9,1,6.689,24,0,0.0,0,0.0,0.0,100.1,1,4.473,2,0,0.0,0,0.0,0.0,100.1,1,14.197,2,0,0.0,0,0.0,0.0,100.1,1,4.461,2,0,0.0,0,0.0,0.0,100.1,1
2842-3852-1,137,False,Line,1,3581-89516-1,Line,0.199,100.16,5053.5,1,0.268,11,0,0.0,0,0.0,0.0,100.1,1,0.19,1,0,0.0,0,0.0,0.0,100.1,1,0.19,1,0,0.0,0,0.0,0.0,100.1,1,0.19,1,0,0.0,0,0.0,0.0,100.1,1
2870-2871-1,7,False,Line,1,2321-3581-1,Line,4.151,103.37,6073.6,1,13.494,7,0,0.0,0,0.0,0.0,100.1,1,7.48,2,0,0.0,0,0.0,0.0,100.1,1,8.823,2,0,0.0,0,0.0,0.0,100.1,1,7.48,2,0,0.0,0,0.0,0.0,100.1,1
2870-2871-1,14,False,Line,1,2321-3581-1,Line,10.776,108.76,6309.0,1,29.571,5,0,0.0,0,0.0,0.0,100.1,1,17.471,1,0,0.0,0,0.0,0.0,100.1,1,17.471,1,0,0.0,0,0.0,0.0,100.1,1,17.471,1,0,0.0,0,0.0,0.0,100.1,1
2870-2871-1,21,False,Line,2,2321-3581-1,Line,63.227,125.7,4735.3,1,105.798,3,0,0.0,0,0.0,0.0,100.1,1,97.944,1,0,0.0,0,0.0,0.0,100.1,1,97.944,1,0,0.0,0,0.0,0.0,100.1,1,97.944,1,0,0.0,0,0.0,0.0,100.1,1
2870-2871-1,29,False,Line,2,2321-3581-1,Line,88.751,136.08,5968.4,1,174.975,6,1,1.035,0,0.0,100.98,100.98,1,137.723,2,1,0.815,0,0.0,100.77,100.77,0,17.923,1,0,0.0,0,77.179,0.0,131.39,1,138.555,3,0,0.0,0,0.0,0.0,100.1,1
2870-2871-1,36,False,Line,1,2321-3581-1,Line,10.906,108.87,6805.4,1,54.659,12,0,0.0,0,0.0,0.0,100.1,1,17.684,1,0,0.0,0,0.0,0.0,100.1,1,17.684,1,0,0.0,0,0.0,0.0,100.1,1,17.684,1,0,0.0,0,0.0,0.0,100.1,1
2870-2871-1,50,False,Line,2,2321-3581-1,Line,52.735,126.3,5312.4,1,199.884,13,2,13.076,0,0.0,101.21,101.21,1,159.521,10,2,10.908,0,0.0,101.01,101.01,0,9.256,1,0,0.0,0,46.759,0.0,123.88,1,172.537,12,0,0.0,0,0.0,0.0,100.1,1
2870-2871-1,58,False,Line,1,2321-3581-1,Line,12.772,110.38,4583.8,1,83.08,13,0,0.0,0,0.0,0.0,100.1,1,20.743,1,0,0.0,0,0.0,0.0,100.1,1,20.743,1,0,0.0,0,0.0,0.0,100.1,1,20.743,1,0,0.0,0,0.0,0.0,100.1,1
2870-2871-1,65,False,Line,2,2321-3581-1,Line,56.149,128.55,5388.6,1,274.369,13,0,0.0,0,0.0,0.0,100.1,1,204.331,8,0,0.0,0,0.0,0.0,100.1,0,322.982,12,0,0.0,0,0.717,0.0,100.58,1,204.331,8,0,0.0,0,0.0,0.0,100.1,1
2870-2871-1,72,False,Line,2,2321-28710-1,Line,65.703,126.71,5745.9,1,239.041,11,1,0.637,0,0.0,100.12,100.12,1,149.275,4,0,0.0,0,0.0,0.0,100.1,1,149.275,4,0,0.0,0,0.0,0.0,100.1,1,149.275,4,0,0.0,0,0.0,0.0,100.1,1
2870-2871-1,101,False,Line,1,2321-3581-1,Line,6.084,104.95,5965.5,1,24.888,11,2,1.913,0,0.0,100.19,100.19,1,9.776,1,2,1.573,0,0.0,100.16,100.16,0,2.153,1,0,0.0,0,4.771,0.0,103.88,1,11.342,2,0,0.0,0,0.0,0.0,100.1,1
2870-2871-1,108,False,Line,4,2321-28710-1,Line,11.102,103.84,7006.9,1,28.964,63,1,0.963,0,0.0,100.5,100.5,1,18.54,2,0,0.0,0,0.0,0.0,100.1,0,68.781,4,0,0.0,0,0.236,0.0,100.19,1,18.54,2,0,0.0,0,0.0,0.0,100.1,1
2870-2871-1,116,False,Line,2,2321-3581-1,Line,60.031,124.4,4604.0,1,102.252,3,0,0.0,0,0.0,0.0,100.1,1,92.974,1,0,0.0,0,0.0,0.0,100.1,1,92.974,1,0,0.0,0,0.0,0.0,100.1,1,92.974,1,0,0.0,0,0.0,0.0,100.1,1
2870-2871-1,137,False,Line,2,2321-3581-1,Line,53.442,121.72,5053.5,1,120.546,7,1,0.713,0,0.0,100.67,100.67,1,82.829,2,1,0.49,0,0.0,100.46,100.46,0,17.923,2,0,0.0,0,41.873,0.0,117.04,1,83.28,3,0,0.0,0,0.0,0.0,100.1,1
2870-2871-1,145,False,Line,1,2321-3581-1,Line,2.389,101.94,4124.9,1,11.142,13,0,0.0,0,0.0,0.0,100.1,1,3.715,1,0,0.0,0,0.0,0.0,100.1,1,3.715,1,0,0.0,0,0.0,0.0,100.1,1,3.715,1,0,0.0,0,0.0,0.0,100.1,1
2870-2871-1,152,False,Line,1,2321-3581-1,Line,6.377,105.18,4161.2,1,27.169,13,0,0.0,0,0.0,0.0,100.1,1,10.257,1,0,0.0,0,0.0,0.0,100.1,1,10.257,1,0,0.0,0,0.0,0.0,100.1,1,10.257,1,0,0.0,0,0.0,0.0,100.1,1
2870-2871-1,159,False,Line,3,2321-3581-1,Line,19.11,114.25,5313.0,1,91.931,68,0,0.0,0,0.0,0.0,100.1,1,36.646,3,0,0.0,0,0.0,0.0,100.1,1,95.181,3,0,0.0,0,0.0,0.0,100.1,1,36.643,3,0,0.0,0,0.0,0.0,100.1,1
2870-2871-1,167,False,Line,3,3581-89516-1,Line,2.641,101.8,3161.9,1,6.659,26,0,0.0,0,0.0,0.0,100.1,1,3.867,1,0,0.0,0,0.0,0.0,100.1,1,3.867,1,0,0.0,0,0.0,0.0,100.1,1,3.867,1,0,0.0,0,0.0,0.0,100.1,1
2870-17010-1,21,False,Line,1,3581-89516-1,Line,0.164,100.13,4735.3,1,0.105,7,0,0.0,0,0.0,0.0,100.1,1,0.097,1,0,0.0,0,0.0,0.0,100.1,1,0.097,1,0,0.0,0,0.0,0.0,100.1,1,0.097,1,0,0.0,0,0.0,0.0,100.1,1
2870-17010-1,167,False,Line,1,3581-89516-1,Line,0.303,100.25,3161.9,1,0.544,26,0,0.0,0,0.0,0.0,100.1,1,0.338,1,0,0.0,0,0.0,0.0,100.1,1,0.338,1,0,0.0,0,0.0,0.0,100.1,1,0.338,1,0,0.0,0,0.0,0.0,100.1,1
2870-28712-1,0,False,Line,1,3581-89516-1,Line,0.254,100.21,5299.5,1,0.332,13,0,0.0,0,0.0,0.0,100.1,1,0.259,1,0,0.0,0,0.0,0.0,100.1,1,0.259,1,0,0.0,0,0.0,0.0,100.1,1,0.259,1,0,0.0,0,0.0,0.0,100.1,1
2870-28712-1,7,False,Line,1,3581-89516-1,Line,0.24,100.2,6073.6,1,0.309,16,0,0.0,0,0.0,0.0,100.1,1,0.232,1,0,0.0,0,0.0,0.0,100.1,1,0.232,1,0,0.0,0,0.0,0.0,100.1,1,0.232,1,0,0.0,0,0.0,0.0,100.1,1
2870-28712-1,21,False,Line,1,3581-89516-1,Line,0.275,100.22,4735.3,1,0.427,7,0,0.0,0,0.0,0.0,100.1,1,0.376,1,0,0.0,0,0.0,0.0,100.1,1,0.376,1,0,0.0,0,0.0,0.0,100.1,1,0.376,1,0,0.0,0,0.0,0.0,100.1,1
2870-28712-1,29,False,Line,1,3581-89516-1,Line,0.228,100.19,5968.4,1,0.345,10,0,0.0,0,0.0,0.0,100.1,1,0.26,1,0,0.0,0,0.0,0.0,100.1,1,0.26,1,0,0.0,0,0.0,0.0,100.1,1,0.26,1,0,0.0,0,0.0,0.0,100.1,1
2870-28712-1,50,False,Line,1,3581-89516-1,Line,0.196,100.16,5312.4,1,0.364,26,0,0.0,0,0.0,0.0,100.1,1,0.144,1,0,0.0,0,0.0,0.0,100.1,1,0.144,1,0,0.0,0,0.0,0.0,100.1,1,0.144,1,0,0.0,0,0.0,0.0,100.1,1
2870-28712-1,58,False,Line,1,3581-89516-1,Line,0.216,100.18,4583.8,1,0.456,26,0,0.0,0,0.0,0.0,100.1,1,0.184,1,0,0.0,0,0.0,0.0,100.1,1,0.184,1,0,0.0,0,0.0,0.0,100.1,1,0.184,1,0,0.0,0,0.0,0.0,100.1,1
2870-28712-1,65,False,Line,1,3581-89516-1,Line,0.191,100.16,5388.6,1,0.46,22,0,0.0,0,0.0,0.0,100.1,1,0.143,1,0,0.0,0,0.0,0.0,100.1,1,0.143,1,0,0.0,0,0.0,0.0,100.1,1,0.143,1,0,0.0,0,0.0,0.0,100.1,1
2870-28712-1,72,False,Line,1,3581-89516-1,Line,0.202,100.16,5745.9,1,0.486,19,0,0.0,0,0.0,0.0,100.1,1,0.196,1,0,0.0,0,0.0,0.0,100.1,1,0.196,1,0,0.0,0,0.0,0.0,100.1,1,0.196,1,0,0.0,0,0.0,0.0,100.1,1
2870-28712-1,94,False,Line,1,3581-89516-1,Line,0.149,100.12,5470.0,1,0.108,26,0,0.0,0,0.0,0.0,100.1,1,0.052,1,0,0.0,0,0.0,0.0,100.1,1,0.052,1,0,0.0,0,0.0,0.0,100.1,1,0.052,1,0,0.0,0,0.0,0.0,100.1,1
2870-28712-1,108,False,Line,1,3581-89516-1,Line,0.191,100.16,7006.9,1,0.318,20,0,0.0,0,0.0,0.0,100.1,1,0.134,1,0,0.0,0,0.0,0.0,100.1,1,0.134,1,0,0.0,0,0.0,0.0,100.1,1,0.134,1,0,0.0,0,0.0,0.0,100.1,1
2870-28712-1,116,False,Line,1,3581-89516-1,Line,0.241,100.2,4604.0,1,0.343,7,0,0.0,0,0.0,0.0,100.1,1,0.292,1,0,0.0,0,0.0,0.0,100.1,1,0.292,1,0,0.0,0,0.0,0.0,100.1,1,0.292,1,0,0.0,0,0.0,0.0,100.1,1
2870-28712-1,123,False,Line,1,3581-89516-1,Line,0.238,100.19,5593.8,1,0.306,13,0,0.0,0,0.0,0.0,100.1,1,0.228,1,0,0.0,0,0.0,0.0,100.1,1,0.228,1,0,0.0,0,0.0,0.0,100.1,1,0.228,1,0,0.0,0,0.0,0.0,100.1,1
2870-28712-1,130,False,Line,1,3581-89516-1,Line,0.236,100.19,5592.5,1,0.298,13,0,0.0,0,0.0,0.0,100.1,1,0.224,1,0,0.0,0,0.0,0.0,100.1,1,0.224,1,0,0.0,0,0.0,0.0,100.1,1,0.224,1,0,0.0,0,0.0,0.0,100.1,1
2870-28712-1,145,False,Line,1,3581-89516-1,Line,0.219,100.18,4124.9,1,0.369,26,0,0.0,0,0.0,0.0,100.1,1,0.189,1,0,0.0,0,0.0,0.0,100.1,1,0.189,1,0,0.0,0,0.0,0.0,100.1,1,0.189,1,0,0.0,0,0.0,0.0,100.1,1
2870-28712-1,152,False,Line,1,3581-89516-1,Line,0.248,100.2,4161.2,1,0.439,25,0,0.0,0,0.0,0.0,100.1,1,0.248,1,0,0.0,0,0.0,0.0,100.1,1,0.248,1,0,0.0,0,0.0,0.0,100.1,1,0.248,1,0,0.0,0,0.0,0.0,100.1,1
2870-28712-1,159,False,Line,1,3581-89516-1,Line,0.233,100.19,5313.0,1,0.378,25,0,0.0,0,0.0,0.0,100.1,1,0.217,1,0,0.0,0,0.0,0.0,100.1,1,0.217,1,0,0.0,0,0.0,0.0,100.1,1,0.217,1,0,0.0,0,0.0,0.0,100.1,1
2871-28019-1,29,False,Line,2,2321-3581-1,Line,13.904,105.65,5968.4,1,27.18,6,1,0.161,0,0.0,100.15,100.15,1,21.35,1,1,0.126,0,0.0,100.12,100.12,0,17.923,1,0,0.0,0,2.391,0.0,100.99,1,21.374,2,0,0.0,0,0.0,0.0,100.1,1
2871-28019-1,79,False,Line,1,2321-3581-1,Line,1.866,101.52,2728.8,1,8.655,13,0,0.0,0,0.0,0.0,100.1,1,2.866,1,0,0.0,0,0.0,0.0,100.1,1,2.866,1,0,0.0,0,0.0,0.0,100.1,1,2.866,1,0,0.0,0,0.0,0.0,100.1,1
2921-3381-1,0,False,Line,1,3581-89516-1,Line,0.137,100.11,5299.5,1,0.036,13,0,0.0,0,0.0,0.0,100.1,1,0.028,1,0,0.0,0,0.0,0.0,100.1,1,0.028,1,0,0.0,0,0.0,0.0,100.1,1,0.028,1,0,0.0,0,0.0,0.0,100.1,1
2921-3381-1,7,False,Line,1,3581-89516-1,Line,0.167,100.14,6073.6,1,0.116,16,0,0.0,0,0.0,0.0,100.1,1,0.087,1,0,0.0,0,0.0,0.0,100.1,1,0.087,1,0,0.0,0,0.0,0.0,100.1,1,0.087,1,0,0.0,0,0.0,0.0,100.1,1
2921-3381-1,21,False,Line,1,3581-89516-1,Line,0.126,100.1,4735.3,1,0.007,7,0,0.0,0,0.0,0.0,100.1,1,0.006,1,0,0.0,0,0.0,0.0,100.1,1,0.006,1,0,0.0,0,0.0,0.0,100.1,1,0.006,1,0,0.0,0,0.0,0.0,100.1,1
2921-3381-1,29,False,Line,1,3581-89516-1,Line,0.317,100.26,5968.4,1,0.638,10,0,0.0,0,0.0,0.0,100.1,1,0.48,1,0,0.0,0,0.0,0.0,100.1,1,0.48,1,0,0.0,0,0.0,0.0,100.1,1,0.48,1,0,0.0,0,0.0,0.0,100.1,1
2921-3381-1,50,False,Line,1,3581-89516-1,Line,0.191,100.16,5312.4,1,0.342,26,0,0.0,0,0.0,0.0,100.1,1,0.135,1,0,0.0,0,0.0,0.0,100.1,1,0.135,1,0,0.0,0,0.0,0.0,100.1,1,0.135,1,0,0.0,0,0.0,0.0,100.1,1
2921-3381-1,58,False,Line,1,3581-89516-1,Line,0.495,100.4,4583.8,1,1.821,26,0,0.0,0,0.0,0.0,100.1,1,0.736,1,0,0.0,0,0.0,0.0,100.1,1,0.736,1,0,0.0,0,0.0,0.0,100.1,1,0.736,1,0,0.0,0,0.0,0.0,100.1,1
2921-3381-1,65,False,Line,1,3581-89516-1,Line,0.288,100.23,5388.6,1,1.115,22,0,0.0,0,0.0,0.0,100.1,1,0.347,1,0,0.0,0,0.0,0.0,100.1,1,0.347,1,0,0.0,0,0.0,0.0,100.1,1,0.347,1,0,0.0,0,0.0,0.0,100.1,1
2921-3381-1,72,False,Line,1,3581-89516-1,Line,0.239,100.19,5745.9,1,0.711,19,0,0.0,0,0.0,0.0,100.1,1,0.286,1,0,0.0,0,0.0,0.0,100.1,1,0.286,1,0,0.0,0,0.0,0.0,100.1,1,0.286,1,0,0.0,0,0.0,0.0,100.1,1
2921-3381-1,79,False,Line,1,3581-89516-1,Line,0.376,100.31,2728.8,1,1.094,26,0,0.0,0,0.0,0.0,100.1,1,0.501,1,0,0.0,0,0.0,0.0,100.1,1,0.501,1,0,0.0,0,0.0,0.0,100.1,1,0.501,1,0,0.0,0,0.0,0.0,100.1,1
2921-3381-1,94,False,Line,1,3581-89516-1,Line,0.218,100.18,5470.0,1,0.394,26,0,0.0,0,0.0,0.0,100.1,1,0.188,1,0,0.0,0,0.0,0.0,100.1,1,0.188,1,0,0.0,0,0.0,0.0,100.1,1,0.188,1,0,0.0,0,0.0,0.0,100.1,1
2921-3381-1,108,False,Line,1,3581-89516-1,Line,0.311,100.25,7006.9,1,0.881,20,0,0.0,0,0.0,0.0,100.1,1,0.372,1,0,0.0,0,0.0,0.0,100.1,1,0.372,1,0,0.0,0,0.0,0.0,100.1,1,0.372,1,0,0.0,0,0.0,0.0,100.1,1
2921-3381-1,116,False,Line,1,3581-89516-1,Line,0.258,100.21,4604.0,1,0.391,7,0,0.0,0,0.0,0.0,100.1,1,0.333,1,0,0.0,0,0.0,0.0,100.1,1,0.333,1,0,0.0,0,0.0,0.0,100.1,1,0.333,1,0,0.0,0,0.0,0.0,100.1,1
2921-3381-1,123,False,Line,1,3581-89516-1,Line,0.257,100.21,5593.8,1,0.355,13,0,0.0,0,0.0,0.0,100.1,1,0.264,1,0,0.0,0,0.0,0.0,100.1,1,0.264,1,0,0.0,0,0.0,0.0,100.1,1,0.264,1,0,0.0,0,0.0,0.0,100.1,1
2921-3381-1,130,False,Line,1,3581-89516-1,Line,0.269,100.22,5592.5,1,0.386,13,0,0.0,0,0.0,0.0,100.1,1,0.289,1,0,0.0,0,0.0,0.0,100.1,1,0.289,1,0,0.0,0,0.0,0.0,100.1,1,0.289,1,0,0.0,0,0.0,0.0,100.1,1
2921-3381-1,137,False,Line,1,3581-89516-1,Line,0.375,100.3,5053.5,1,0.881,11,0,0.0,0,0.0,0.0,100.1,1,0.623,1,0,0.0,0,0.0,0.0,100.1,1,0.623,1,0,0.0,0,0.0,0.0,100.1,1,0.623,1,0,0.0,0,0.0,0.0,100.1,1
2921-3381-1,145,False,Line,1,3581-89516-1,Line,0.309,100.25,4124.9,1,0.719,26,0,0.0,0,0.0,0.0,100.1,1,0.369,1,0,0.0,0,0.0,0.0,100.1,1,0.369,1,0,0.0,0,0.0,0.0,100.1,1,0.369,1,0,0.0,0,0.0,0.0,100.1,1
2921-3381-1,152,False,Line,1,3581-89516-1,Line,0.419,100.34,4161.2,1,1.04,25,0,0.0,0,0.0,0.0,100.1,1,0.586,1,0,0.0,0,0.0,0.0,100.1,1,0.586,1,0,0.0,0,0.0,0.0,100.1,1,0.586,1,0,0.0,0,0.0,0.0,100.1,1
2921-3381-1,159,False,Line,1,3581-89516-1,Line,0.399,100.32,5313.0,1,0.949,25,2,1.036,0,0.0,100.1,100.1,1,0.546,1,2,1.027,0,0.0,100.1,100.1,1,3.32,2,0,0.0,0,0.0,0.0,100.1,1,0.621,2,0,0.0,0,0.0,0.0,100.1,1
2921-3381-1,167,False,Line,1,3581-89516-1,Line,0.438,100.36,3161.9,1,0.999,26,0,0.0,0,0.0,0.0,100.1,1,0.623,1,0,0.0,0,0.0,0.0,100.1,1,0.623,1,0,0.0,0,0.0,0.0,100.1,1,0.623,1,0,0.0,0,0.0,0.0,100.1,1
2921-4121-1,0,False,Line,1,3581-89516-1,Line,0.137,100.11,5299.5,1,0.036,13,0,0.0,0,0.0,0.0,100.1,1,0.028,1,0,0.0,0,0.0,0.0,100.1,1,0.028,1,0,0.0,0,0.0,0.0,100.1,1,0.028,1,0,0.0,0,0.0,0.0,100.1,1
2921-4121-1,7,False,Line,1,3581-89516-1,Line,0.218,100.18,6073.6,1,0.25,16,0,0.0,0,0.0,0.0,100.1,1,0.187,1,0,0.0,0,0.0,0.0,100.1,1,0.187,1,0,0.0,0,0.0,0.0,100.1,1,0.187,1,0,0.0,0,0.0,0.0,100.1,1
2921-4121-1,21,False,Line,1,3581-89516-1,Line,0.126,100.1,4735.3,1,0.007,7,0,0.0,0,0.0,0.0,100.1,1,0.006,1,0,0.0,0,0.0,0.0,100.1,1,0.006,1,0,0.0,0,0.0,0.0,100.1,1,0.006,1,0,0.0,0,0.0,0.0,100.1,1
2921-4121-1,29,False,Line,1,3581-89516-1,Line,0.375,100.3,5968.4,1,0.828,10,0,0.0,0,0.0,0.0,100.1,1,0.623,1,0,0.0,0,0.0,0.0,100.1,1,0.623,1,0,0.0,0,0.0,0.0,100.1,1,0.623,1,0,0.0,0,0.0,0.0,100.1,1
2921-4121-1,50,False,Line,1,3581-89516-1,Line,0.191,100.16,5312.4,1,0.342,26,0,0.0,0,0.0,0.0,100.1,1,0.135,1,0,0.0,0,0.0,0.0,100.1,1,0.135,1,0,0.0,0,0.0,0.0,100.1,1,0.135,1,0,0.0,0,0.0,0.0,100.1,1
2921-4121-1,58,False,Line,1,3581-89516-1,Line,0.505,100.41,4583.8,1,1.869,26,0,0.0,0,0.0,0.0,100.1,1,0.755,1,0,0.0,0,0.0,0.0,100.1,1,0.755,1,0,0.0,0,0.0,0.0,100.1,1,0.755,1,0,0.0,0,0.0,0.0,100.1,1
2921-4121-1,65,False,Line,1,3581-89516-1,Line,0.288,100.23,5388.6,1,1.115,22,0,0.0,0,0.0,0.0,100.1,1,0.347,1,0,0.0,0,0.0,0.0,100.1,1,0.347,1,0,0.0,0,0.0,0.0,100.1,1,0.347,1,0,0.0,0,0.0,0.0,100.1,1
2921-4121-1,72,False,Line,1,3581-89516-1,Line,0.239,100.19,5745.9,1,0.711,19,0,0.0,0,0.0,0.0,100.1,1,0.286,1,0,0.0,0,0.0,0.0,100.1,1,0.286,1,0,0.0,0,0.0,0.0,100.1,1,0.286,1,0,0.0,0,0.0,0.0,100.1,1
2921-4121-1,79,False,Line,1,3581-89516-1,Line,0.42,100.34,2728.8,1,1.283,26,0,0.0,0,0.0,0.0,100.1,1,0.588,1,0,0.0,0,0.0,0.0,100.1,1,0.588,1,0,0.0,0,0.0,0.0,100.1,1,0.588,1,0,0.0,0,0.0,0.0,100.1,1
2921-4121-1,94,False,Line,1,3581-89516-1,Line,0.218,100.18,5470.0,1,0.394,26,0,0.0,0,0.0,0.0,100.1,1,0.188,1,0,0.0,0,0.0,0.0,100.1,1,0.188,1,0,0.0,0,0.0,0.0,100.1,1,0.188,1,0,0.0,0,0.0,0.0,100.1,1
2921-4121-1,108,False,Line,1,3581-89516-1,Line,0.311,100.25,7006.9,1,0.881,20,0,0.0,0,0.0,0.0,100.1,1,0.372,1,0,0.0,0,0.0,0.0,100.1,1,0.372,1,0,0.0,0,0.0,0.0,100.1,1,0.372,1,0,0.0,0,0.0,0.0,100.1,1
2921-4121-1,116,False,Line,1,3581-89516-1,Line,0.258,100.21,4604.0,1,0.391,7,0,0.0,0,0.0,0.0,100.1,1,0.333,1,0,0.0,0,0.0,0.0,100.1,1,0.333,1,0,0.0,0,0.0,0.0,100.1,1,0.333,1,0,0.0,0,0.0,0.0,100.1,1
2921-4121-1,123,False,Line,1,3581-89516-1,Line,0.408,100.33,5593.8,1,0.756,13,0,0.0,0,0.0,0.0,100.1,1,0.563,1,0,0.0,0,0.0,0.0,100.1,1,0.563,1,0,0.0,0,0.0,0.0,100.1,1,0.563,1,0,0.0,0,0.0,0.0,100.1,1
2921-4121-1,130,False,Line,1,3581-89516-1,Line,0.364,100.3,5592.5,1,0.634,13,0,0.0,0,0.0,0.0,100.1,1,0.476,1,0,0.0,0,0.0,0.0,100.1,1,0.476,1,0,0.0,0,0.0,0.0,100.1,1,0.476,1,0,0.0,0,0.0,0.0,100.1,1
2921-4121-1,137,False,Line,1,3581-89516-1,Line,0.375,100.3,5053.5,1,0.881,11,0,0.0,0,0.0,0.0,100.1,1,0.623,1,0,0.0,0,0.0,0.0,100.1,1,0.623,1,0,0.0,0,0.0,0.0,100.1,1,0.623,1,0,0.0,0,0.0,0.0,100.1,1
2921-4121-1,145,False,Line,1,3581-89516-1,Line,0.309,100.25,4124.9,1,0.719,26,0,0.0,0,0.0,0.0,100.1,1,0.369,1,0,0.0,0,0.0,0.0,100.1,1,0.369,1,0,0.0,0,0.0,0.0,100.1,1,0.369,1,0,0.0,0,0.0,0.0,100.1,1
2921-4121-1,152,False,Line,1,3581-89516-1,Line,0.44,100.36,4161.2,1,1.111,25,0,0.0,0,0.0,0.0,100.1,1,0.627,1,0,0.0,0,0.0,0.0,100.1,1,0.627,1,0,0.0,0,0.0,0.0,100.1,1,0.627,1,0,0.0,0,0.0,0.0,100.1,1
2921-4121-1,159,False,Line,1,3581-89516-1,Line,0.399,100.32,5313.0,1,0.949,25,2,1.036,0,0.0,100.1,100.1,1,0.546,1,2,1.027,0,0.0,100.1,100.1,1,3.321,2,0,0.0,0,0.0,0.0,100.1,1,0.621,2,0,0.0,0,0.0,0.0,100.1,1
2921-4121-1,167,False,Line,1,3581-89516-1,Line,0.438,100.36,3161.9,1,0.999,26,0,0.0,0,0.0,0.0,100.1,1,0.623,1,0,0.0,0,0.0,0.0,100.1,1,0.623,1,0,0.0,0,0.0,0.0,100.1,1,0.623,1,0,0.0,0,0.0,0.0,100.1,1
2931-4741-1,29,False,Line,1,3581-89516-1,Line,0.323,100.26,5968.4,1,0.659,10,0,0.0,0,0.0,0.0,100.1,1,0.496,1,0,0.0,0,0.0,0.0,100.1,1,0.496,1,0,0.0,0,0.0,0.0,100.1,1,0.496,1,0,0.0,0,0.0,0.0,100.1,1
2931-4741-1,116,False,Line,1,3581-89516-1,Line,0.421,100.34,4604.0,1,0.866,7,0,0.0,0,0.0,0.0,100.1,1,0.738,1,0,0.0,0,0.0,0.0,100.1,1,0.738,1,0,0.0,0,0.0,0.0,100.1,1,0.738,1,0,0.0,0,0.0,0.0,100.1,1
2931-4741-1,123,False,Line,1,3581-89516-1,Line,0.27,100.22,5593.8,1,0.391,13,0,0.0,0,0.0,0.0,100.1,1,0.291,1,0,0.0,0,0.0,0.0,100.1,1,0.291,1,0,0.0,0,0.0,0.0,100.1,1,0.291,1,0,0.0,0,0.0,0.0,100.1,1
2931-4741-1,130,False,Line,1,3581-89516-1,Line,0.203,100.17,5592.5,1,0.211,13,0,0.0,0,0.0,0.0,100.1,1,0.159,1,0,0.0,0,0.0,0.0,100.1,1,0.159,1,0,0.0,0,0.0,0.0,100.1,1,0.159,1,0,0.0,0,0.0,0.0,100.1,1
2931-4741-1,137,False,Line,1,3581-89516-1,Line,0.47,100.38,5053.5,1,1.214,11,0,0.0,0,0.0,0.0,100.1,1,0.858,1,0,0.0,0,0.0,0.0,100.1,1,0.858,1,0,0.0,0,0.0,0.0,100.1,1,0.858,1,0,0.0,0,0.0,0.0,100.1,1
2931-4741-1,159,False,Line,1,3581-89516-1,Line,0.18,100.15,5313.0,1,0.196,25,0,0.0,0,0.0,0.0,100.1,1,0.113,1,0,0.0,0,0.0,0.0,100.1,1,0.113,1,0,0.0,0,0.0,0.0,100.1,1,0.113,1,0,0.0,0,0.0,0.0,100.1,1
2931-23019-1,0,False,Line,1,3581-89516-1,Line,0.457,100.37,5299.5,1,0.846,13,0,0.0,0,0.0,0.0,100.1,1,0.661,1,0,0.0,0,0.0,0.0,100.1,1,0.661,1,0,0.0,0,0.0,0.0,100.1,1,0.661,1,0,0.0,0,0.0,0.0,100.1,1
2931-23019-1,7,False,Line,1,3581-89516-1,Line,0.629,100.51,6073.6,1,1.339,16,0,0.0,0,0.0,0.0,100.1,1,1.002,1,0,0.0,0,0.0,0.0,100.1,1,1.002,1,0,0.0,0,0.0,0.0,100.1,1,1.002,1,0,0.0,0,0.0,0.0,100.1,1
2931-23019-1,21,False,Line,1,3581-89516-1,Line,0.441,100.36,4735.3,1,0.893,7,0,0.0,0,0.0,0.0,100.1,1,0.787,1,0,0.0,0,0.0,0.0,100.1,1,0.787,1,0,0.0,0,0.0,0.0,100.1,1,0.787,1,0,0.0,0,0.0,0.0,100.1,1
2931-23019-1,29,False,Line,1,3581-89516-1,Line,0.839,100.68,5968.4,1,2.354,10,0,0.0,0,0.0,0.0,100.1,1,1.771,1,0,0.0,0,0.0,0.0,100.1,1,1.771,1,0,0.0,0,0.0,0.0,100.1,1,1.771,1,0,0.0,0,0.0,0.0,100.1,1
2931-23019-1,50,False,Line,1,3581-89516-1,Line,0.197,100.16,5312.4,1,0.37,26,0,0.0,0,0.0,0.0,100.1,1,0.146,1,0,0.0,0,0.0,0.0,100.1,1,0.146,1,0,0.0,0,0.0,0.0,100.1,1,0.146,1,0,0.0,0,0.0,0.0,100.1,1
2931-23019-1,58,False,Line,1,3581-89516-1,Line,0.545,100.44,4583.8,1,2.068,26,0,0.0,0,0.0,0.0,100.1,1,0.836,1,0,0.0,0,0.0,0.0,100.1,1,0.836,1,0,0.0,0,0.0,0.0,100.1,1,0.836,1,0,0.0,0,0.0,0.0,100.1,1
2931-23019-1,65,False,Line,1,3581-89516-1,Line,0.364,100.3,5388.6,1,1.63,22,0,0.0,0,0.0,0.0,100.1,1,0.508,1,0,0.0,0,0.0,0.0,100.1,1,0.508,1,0,0.0,0,0.0,0.0,100.1,1,0.508,1,0,0.0,0,0.0,0.0,100.1,1
2931-23019-1,72,False,Line,1,3581-89516-1,Line,0.3,100.24,5745.9,1,1.085,19,0,0.0,0,0.0,0.0,100.1,1,0.437,1,0,0.0,0,0.0,0.0,100.1,1,0.437,1,0,0.0,0,0.0,0.0,100.1,1,0.437,1,0,0.0,0,0.0,0.0,100.1,1
2931-23019-1,79,False,Line,1,3581-89516-1,Line,0.452,100.37,2728.8,1,1.418,26,0,0.0,0,0.0,0.0,100.1,1,0.65,1,0,0.0,0,0.0,0.0,100.1,1,0.65,1,0,0.0,0,0.0,0.0,100.1,1,0.65,1,0,0.0,0,0.0,0.0,100.1,1
2931-23019-1,94,False,Line,1,3581-89516-1,Line,0.453,100.37,5470.0,1,1.369,26,0,0.0,0,0.0,0.0,100.1,1,0.652,1,0,0.0,0,0.0,0.0,100.1,1,0.652,1,0,0.0,0,0.0,0.0,100.1,1,0.652,1,0,0.0,0,0.0,0.0,100.1,1
2931-23019-1,108,False,Line,3,3581-89516-1,Line,2.208,100.52,7006.9,0,4.66,75,0,0.0,0,1.071,0.0,100.11,1,12.62,2,1,0.265,0,0.0,100.14,100.14,1,54.897,3,0,0.0,0,0.0,0.0,100.1,1,2.79,2,0,0.0,0,0.0,0.0,100.1,1
2931-23019-1,116,False,Line,1,3581-89516-1,Line,0.813,100.66,4604.0,1,2.004,7,0,0.0,0,0.0,0.0,100.1,1,1.708,1,0,0.0,0,0.0,0.0,100.1,1,1.708,1,0,0.0,0,0.0,0.0,100.1,1,1.708,1,0,0.0,0,0.0,0.0,100.1,1
2931-23019-1,123,False,Line,1,3581-89516-1,Line,0.764,100.62,5593.8,1,1.703,13,0,0.0,0,0.0,0.0,100.1,1,1.268,1,0,0.0,0,0.0,0.0,100.1,1,1.268,1,0,0.0,0,0.0,0.0,100.1,1,1.268,1,0,0.0,0,0.0,0.0,100.1,1
2931-23019-1,130,False,Line,1,3581-89516-1,Line,0.705,100.57,5592.5,1,1.534,13,0,0.0,0,0.0,0.0,100.1,1,1.151,1,0,0.0,0,0.0,0.0,100.1,1,1.151,1,0,0.0,0,0.0,0.0,100.1,1,1.151,1,0,0.0,0,0.0,0.0,100.1,1
2931-23019-1,137,False,Line,1,3581-89516-1,Line,0.898,100.73,5053.5,1,2.714,11,0,0.0,0,0.0,0.0,100.1,1,1.918,1,0,0.0,0,0.0,0.0,100.1,1,1.918,1,0,0.0,0,0.0,0.0,100.1,1,1.918,1,0,0.0,0,0.0,0.0,100.1,1
2931-23019-1,145,False,Line,1,3581-89516-1,Line,0.313,100.25,4124.9,1,0.734,26,0,0.0,0,0.0,0.0,100.1,1,0.377,1,0,0.0,0,0.0,0.0,100.1,1,0.377,1,0,0.0,0,0.0,0.0,100.1,1,0.377,1,0,0.0,0,0.0,0.0,100.1,1
2931-23019-1,152,False,Line,1,3581-89516-1,Line,0.515,100.42,4161.2,1,1.376,25,0,0.0,0,0.0,0.0,100.1,1,0.776,1,0,0.0,0,0.0,0.0,100.1,1,0.776,1,0,0.0,0,0.0,0.0,100.1,1,0.776,1,0,0.0,0,0.0,0.0,100.1,1
2931-23019-1,159,False,Line,3,3581-89516-1,Line,2.289,100.54,5313.0,0,4.254,80,0,0.0,0,1.099,0.0,100.11,1,20.738,2,0,0.0,0,0.0,0.0,100.1,1,68.893,2,0,0.0,0,0.0,0.0,100.1,1,3.005,2,0,0.0,0,0.0,0.0,100.1,1
2931-23019-1,167,False,Line,1,3581-89516-1,Line,0.484,100.39,3161.9,1,1.145,26,0,0.0,0,0.0,0.0,100.1,1,0.713,1,0,0.0,0,0.0,0.0,100.1,1,0.713,1,0,0.0,0,0.0,0.0,100.1,1,0.713,1,0,0.0,0,0.0,0.0,100.1,1
3061-3881-1,101,False,Line,2,T3464-3462-34641-1-w2,Transformer,2.68,100.27,5965.5,1,6.437,53,0,0.0,0,0.0,0.0,100.1,1,4.51,1,0,0.0,0,0.0,0.0,100.1,1,4.51,1,0,0.0,0,0.0,0.0,100.1,1,4.51,1,0,0.0,0,0.0,0.0,100.1,1
3061-3881-1,108,False,Line,2,T3464-3462-34641-1-w2,Transformer,3.369,100.34,7006.9,1,9.106,55,0,0.0,0,0.0,0.0,100.1,1,6.36,1,0,0.0,0,0.0,0.0,100.1,1,6.36,1,0,0.0,0,0.0,0.0,100.1,1,6.36,1,0,0.0,0,0.0,0.0,100.1,1
3061-3881-1,159,False,Line,2,T3464-3462-34641-1-w2,Transformer,3.327,100.33,5313.0,1,8.715,55,0,0.0,0,0.0,0.0,100.1,1,6.247,1,0,0.0,0,0.0,0.0,100.1,1,6.247,1,0,0.0,0,0.0,0.0,100.1,1,6.247,1,0,0.0,0,0.0,0.0,100.1,1
3082-3122-1,7,False,Line,1,3581-89516-1,Line,0.132,100.11,6073.6,1,0.025,16,0,0.0,0,0.0,0.0,100.1,1,0.018,1,0,0.0,0,0.0,0.0,100.1,1,0.018,1,0,0.0,0,0.0,0.0,100.1,1,0.018,1,0,0.0,0,0.0,0.0,100.1,1
3082-3122-1,14,False,Line,1,T1742-17431-1,Transformer,59.868,117.11,6309.0,1,183.904,8,0,0.0,0,0.0,0.0,100.1,1,143.419,1,0,0.0,0,0.0,0.0,100.1,1,143.419,1,0,0.0,0,0.0,0.0,100.1,1,143.419,1,0,0.0,0,0.0,0.0,100.1,1
3082-3122-1,29,False,Line,1,3581-89516-1,Line,0.14,100.11,5968.4,1,0.056,10,0,0.0,0,0.0,0.0,100.1,1,0.042,1,0,0.0,0,0.0,0.0,100.1,1,0.042,1,0,0.0,0,0.0,0.0,100.1,1,0.042,1,0,0.0,0,0.0,0.0,100.1,1
3082-3122-1,36,False,Line,1,T1742-17431-1,Transformer,165.885,147.4,6805.4,1,615.666,14,0,0.0,0,0.0,0.0,100.1,1,398.887,1,1,1.062,0,0.0,100.21,100.21,1,470.6,2,0,0.0,0,0.0,0.0,100.1,1,399.029,2,0,0.0,0,0.0,0.0,100.1,1
3082-3122-1,50,False,Line,2,T1742-17431-1,Transformer,155.049,144.22,5312.4,0,713.627,41,1,0.974,0,1.211,100.78,100.78,1,496.803,6,2,7.243,0,0.0,100.79,100.79,0,0.0,0,0,0.0,0,155.049,0.0,144.22,1,515.414,7,0,0.0,0,0.0,0.0,100.1,1
3082-3122-1,58,False,Line,1,3581-89516-1,Line,0.171,100.14,4583.8,1,0.237,26,0,0.0,0,0.0,0.0,100.1,1,0.096,1,0,0.0,0,0.0,0.0,100.1,1,0.096,1,0,0.0,0,0.0,0.0,100.1,1,0.096,1,0,0.0,0,0.0,0.0,100.1,1
3082-3122-1,65,False,Line,2,T1742-17431-1,Transformer,83.436,123.77,5388.6,0,367.797,37,0,0.0,0,0.932,0.0,100.27,1,238.99,4,0,0.0,0,0.0,0.0,100.1,0,0.0,0,0,0.0,0,83.436,0.0,123.77,1,228.956,4,0,0.0,0,0.0,0.0,100.1,1
3082-3122-1,72,False,Line,2,T1742-17431-1,Transformer,94.486,126.93,5745.9,0,371.767,34,0,0.0,0,0.905,0.0,100.26,1,232.909,2,1,0.62,0,0.0,100.12,100.12,0,0.0,0,0,0.0,0,94.486,0.0,126.93,1,232.935,3,0,0.0,0,0.0,0.0,100.1,1
3082-3122-1,79,False,Line,1,3581-89516-1,Line,0.212,100.17,2728.8,1,0.384,26,0,0.0,0,0.0,0.0,100.1,1,0.176,1,0,0.0,0,0.0,0.0,100.1,1,0.176,1,0,0.0,0,0.0,0.0,100.1,1,0.176,1,0,0.0,0,0.0,0.0,100.1,1
3082-3122-1,87,False,Line,1,T1742-17431-1,Transformer,15.788,104.51,1883.6,1,53.63,15,0,0.0,0,0.0,0.0,100.1,1,37.199,1,0,0.0,0,0.0,0.0,100.1,1,37.199,1,0,0.0,0,0.0,0.0,100.1,1,37.199,1,0,0.0,0,0.0,0.0,100.1,1
3082-3122-1,94,False,Line,2,T1742-17431-1,Transformer,88.437,125.2,5470.0,0,322.091,41,0,0.0,0,0.695,0.0,100.2,1,222.744,2,0,0.0,0,0.0,0.0,100.1,0,0.0,0,0,0.0,0,88.437,0.0,125.2,1,216.675,2,0,0.0,0,0.0,0.0,100.1,1
3082-3122-1,101,False,Line,3,T1742-17431-1,Transformer,119.368,132.11,5965.5,1,469.808,62,0,0.0,0,0.0,0.0,100.1,1,374.607,3,1,0.998,0,0.0,100.19,100.19,1,414.748,3,0,0.0,0,0.0,0.0,100.1,1,367.431,6,0,0.0,0,0.0,0.0,100.1,1
3082-3122-1,108,False,Line,5,T1742-17431-1,Transformer,151.556,140.72,7006.9,0,675.094,86,1,0.82,0,0.923,100.66,100.66,1,515.071,7,0,0.0,0,0.0,0.0,100.1,0,49.48,1,0,0.0,0,142.552,0.0,140.66,1,468.434,8,0,0.0,0,0.0,0.0,100.1,1
3082-3122-1,152,False,Line,1,3581-89516-1,Line,0.144,100.12,4161.2,1,0.075,25,0,0.0,0,0.0,0.0,100.1,1,0.042,1,0,0.0,0,0.0,0.0,100.1,1,0.042,1,0,0.0,0,0.0,0.0,100.1,1,0.042,1,0,0.0,0,0.0,0.0,100.1,1
3082-3122-1,159,False,Line,3,T3464-3462-34641-1-w2,Transformer,4.814,100.47,5313.0,0,14.069,80,0,0.0,0,0.509,0.0,100.1,1,28.905,2,0,0.0,0,0.0,0.0,100.1,1,19.338,2,0,0.0,0,0.0,0.0,100.1,1,10.052,2,0,0.0,0,0.0,0.0,100.1,1
3082-3472-2,21,False,Line,1,3472-30820-1,Line,13.893,102.54,4735.3,1,37.983,4,1,0.414,0,0.0,100.34,100.34,1,28.081,1,1,0.302,0,0.0,100.25,100.25,0,11.671,1,0,0.0,0,8.346,0.0,101.52,1,28.586,2,0,0.0,0,0.0,0.0,100.1,1
3190-3461-1,50,False,Line,1,1122-1742-1,Line,0.515,100.1,5312.4,1,0.009,33,0,0.0,0,0.0,0.0,100.1,1,0.004,1,0,0.0,0,0.0,0.0,100.1,1,0.004,1,0,0.0,0,0.0,0.0,100.1,1,0.004,1,0,0.0,0,0.0,0.0,100.1,1
3190-5261-2,50,False,Line,1,1122-1742-1,Line,0.515,100.1,5312.4,1,0.009,33,0,0.0,0,0.0,0.0,100.1,1,0.004,1,0,0.0,0,0.0,0.0,100.1,1,0.004,1,0,0.0,0,0.0,0.0,100.1,1,0.004,1,0,0.0,0,0.0,0.0,100.1,1
3192-3332-1,36,False,Line,1,3082-3122-1,Line,25.205,103.98,6805.4,1,122.717,35,0,0.0,0,0.0,0.0,100.1,1,52.36,1,0,0.0,0,0.0,0.0,100.1,1,52.36,1,0,0.0,0,0.0,0.0,100.1,1,52.36,1,0,0.0,0,0.0,0.0,100.1,1
3192-3332-1,50,False,Line,3,1122-1742-1,Line,75.995,108.88,5312.4,0,223.891,69,0,0.0,0,0.765,0.0,100.15,1,87.354,2,0,0.0,0,0.0,0.0,100.1,0,29.433,1,0,0.0,0,74.149,0.0,108.67,1,86.203,4,0,0.0,0,0.0,0.0,100.1,1
3192-3332-1,101,False,Line,1,1122-1742-1,Line,7.884,101.54,5965.5,1,36.439,37,0,0.0,0,0.0,0.0,100.1,1,13.507,1,0,0.0,0,0.0,0.0,100.1,1,13.507,1,0,0.0,0,0.0,0.0,100.1,1,13.507,1,0,0.0,0,0.0,0.0,100.1,1
3192-3332-1,108,False,Line,2,1122-1742-1,Line,9.064,101.74,7006.9,0,44.683,62,0,0.0,0,0.562,0.0,100.11,1,15.77,2,0,0.0,0,0.0,0.0,100.1,0,0.0,0,0,0.0,0,9.064,0.0,101.74,1,15.769,2,0,0.0,0,0.0,0.0,100.1,1
3192-3332-1,159,False,Line,1,3581-89516-1,Line,0.124,100.1,5313.0,1,0.005,25,0,0.0,0,0.0,0.0,100.1,1,0.003,1,0,0.0,0,0.0,0.0,100.1,1,0.003,1,0,0.0,0,0.0,0.0,100.1,1,0.003,1,0,0.0,0,0.0,0.0,100.1,1
3192-3462-1,50,False,Line,2,1122-1742-1,Line,2.008,100.24,5312.4,1,3.06,33,0,0.0,0,0.0,0.0,100.1,1,1.269,1,0,0.0,0,0.0,0.0,100.1,1,1.269,1,0,0.0,0,0.0,0.0,100.1,1,1.269,1,0,0.0,0,0.0,0.0,100.1,1
3192-3462-1,101,False,Line,1,3192-3462-2,Line,34.449,105.22,5965.5,1,87.199,32,0,0.0,0,0.0,0.0,100.1,1,41.405,1,0,0.0,0,0.0,0.0,100.1,1,41.405,1,0,0.0,0,0.0,0.0,100.1,1,41.405,2,0,0.0,0,0.0,0.0,100.1,1
3192-3462-2,50,False,Line,2,1122-1742-1,Line,9.175,101.07,5312.4,1,22.003,33,1,0.167,0,0.0,100.14,100.14,1,9.155,1,0,0.0,0,0.0,0.0,100.1,1,9.155,1,0,0.0,0,0.0,0.0,100.1,1,9.155,1,0,0.0,0,0.0,0.0,100.1,1
3201-14619-1,101,False,Line,2,T3464-3462-34641-1-w2,Transformer,2.687,100.27,5965.5,1,6.277,50,0,0.0,0,0.0,0.0,100.1,1,4.525,1,0,0.0,0,0.0,0.0,100.1,1,4.525,1,0,0.0,0,0.0,0.0,100.1,1,4.525,1,0,0.0,0,0.0,0.0,100.1,1
3201-14619-1,108,False,Line,2,T3464-3462-34641-1-w2,Transformer,3.064,100.31,7006.9,1,7.711,52,0,0.0,0,0.0,0.0,100.1,1,5.538,1,0,0.0,0,0.0,0.0,100.1,1,5.538,1,0,0.0,0,0.0,0.0,100.1,1,5.538,1,0,0.0,0,0.0,0.0,100.1,1
3201-14619-1,159,False,Line,2,T3464-3462-34641-1-w2,Transformer,3.619,100.36,5313.0,1,9.638,52,0,0.0,0,0.0,0.0,100.1,1,7.028,1,0,0.0,0,0.0,0.0,100.1,1,7.028,1,0,0.0,0,0.0,0.0,100.1,1,7.028,1,0,0.0,0,0.0,0.0,100.1,1
3202-3203-1,50,False,Line,1,3581-89516-1,Line,0.137,100.11,5312.4,1,0.068,26,0,0.0,0,0.0,0.0,100.1,1,0.027,1,0,0.0,0,0.0,0.0,100.1,1,0.027,1,0,0.0,0,0.0,0.0,100.1,1,0.027,1,0,0.0,0,0.0,0.0,100.1,1
3202-3203-1,58,False,Line,1,3581-89516-1,Line,0.135,100.11,4583.8,1,0.057,26,0,0.0,0,0.0,0.0,100.1,1,0.023,1,0,0.0,0,0.0,0.0,100.1,1,0.023,1,0,0.0,0,0.0,0.0,100.1,1,0.023,1,0,0.0,0,0.0,0.0,100.1,1
3202-3203-1,101,False,Line,2,T3464-3462-34641-1-w2,Transformer,14.284,101.43,5965.5,1,50.239,53,0,0.0,0,0.0,0.0,100.1,1,35.464,1,0,0.0,0,0.0,0.0,100.1,1,35.464,1,0,0.0,0,0.0,0.0,100.1,1,35.464,1,0,0.0,0,0.0,0.0,100.1,1
3202-3203-1,108,False,Line,4,T3464-3462-34641-1-w2,Transformer,13.013,101.26,7006.9,0,45.317,75,0,0.0,0,0.517,0.0,100.1,1,69.589,2,0,0.0,0,0.0,0.0,100.1,1,69.589,2,0,0.0,0,0.0,0.0,100.1,1,31.586,2,0,0.0,0,0.0,0.0,100.1,1
3202-3203-1,130,False,Line,1,3581-89516-1,Line,0.13,100.11,5592.5,1,0.017,13,0,0.0,0,0.0,0.0,100.1,1,0.013,1,0,0.0,0,0.0,0.0,100.1,1,0.013,1,0,0.0,0,0.0,0.0,100.1,1,0.013,1,0,0.0,0,0.0,0.0,100.1,1
3202-3203-1,145,False,Line,1,3581-89516-1,Line,0.195,100.16,4124.9,1,0.278,26,0,0.0,0,0.0,0.0,100.1,1,0.143,1,0,0.0,0,0.0,0.0,100.1,1,0.143,1,0,0.0,0,0.0,0.0,100.1,1,0.143,1,0,0.0,0,0.0,0.0,100.1,1
3202-3203-1,152,False,Line,1,3581-89516-1,Line,0.139,100.11,4161.2,1,0.058,25,0,0.0,0,0.0,0.0,100.1,1,0.032,1,0,0.0,0,0.0,0.0,100.1,1,0.032,1,0,0.0,0,0.0,0.0,100.1,1,0.032,1,0,0.0,0,0.0,0.0,100.1,1
3202-3203-1,159,False,Line,3,T3464-3462-34641-1-w2,Transformer,17.013,101.68,5313.0,0,59.706,80,0,0.0,0,0.533,0.0,100.11,1,61.215,2,0,0.0,0,0.0,0.0,100.1,1,89.59,2,0,0.0,0,0.0,0.0,100.1,1,42.967,3,0,0.0,0,0.0,0.0,100.1,1
3202-3203-1,167,False,Line,1,3581-89516-1,Line,0.174,100.14,3161.9,1,0.163,26,0,0.0,0,0.0,0.0,100.1,1,0.102,1,0,0.0,0,0.0,0.0,100.1,1,0.102,1,0,0.0,0,0.0,0.0,100.1,1,0.102,1,0,0.0,0,0.0,0.0,100.1,1
3202-3282-1,0,False,Line,1,3581-89516-1,Line,0.191,100.16,5299.5,1,0.173,13,0,0.0,0,0.0,0.0,100.1,1,0.135,1,0,0.0,0,0.0,0.0,100.1,1,0.135,1,0,0.0,0,0.0,0.0,100.1,1,0.135,1,0,0.0,0,0.0,0.0,100.1,1
3202-3282-1,7,False,Line,1,3581-89516-1,Line,0.172,100.14,6073.6,1,0.13,16,0,0.0,0,0.0,0.0,100.1,1,0.097,1,0,0.0,0,0.0,0.0,100.1,1,0.097,1,0,0.0,0,0.0,0.0,100.1,1,0.097,1,0,0.0,0,0.0,0.0,100.1,1
3202-3282-1,21,False,Line,1,3581-89516-1,Line,0.142,100.12,4735.3,1,0.053,7,0,0.0,0,0.0,0.0,100.1,1,0.047,1,0,0.0,0,0.0,0.0,100.1,1,0.047,1,0,0.0,0,0.0,0.0,100.1,1,0.047,1,0,0.0,0,0.0,0.0,100.1,1
3202-3282-1,29,False,Line,1,3581-89516-1,Line,0.209,100.17,5968.4,1,0.284,10,0,0.0,0,0.0,0.0,100.1,1,0.214,1,0,0.0,0,0.0,0.0,100.1,1,0.214,1,0,0.0,0,0.0,0.0,100.1,1,0.214,1,0,0.0,0,0.0,0.0,100.1,1
3202-3282-1,36,False,Line,1,3082-3122-1,Line,10.726,101.69,6805.4,1,43.712,26,0,0.0,0,0.0,0.0,100.1,1,21.431,1,0,0.0,0,0.0,0.0,100.1,1,21.431,1,0,0.0,0,0.0,0.0,100.1,1,21.431,1,0,0.0,0,0.0,0.0,100.1,1
3202-3282-1,50,False,Line,2,1122-1742-1,Line,36.411,104.01,5312.4,1,88.295,32,0,0.0,0,0.0,0.0,100.1,1,42.526,2,0,0.0,0,0.0,0.0,100.1,1,43.257,2,0,0.0,0,0.0,0.0,100.1,1,41.789,2,0,0.0,0,0.0,0.0,100.1,1
3202-3282-1,116,False,Line,1,3581-89516-1,Line,0.14,100.11,4604.0,1,0.05,7,0,0.0,0,0.0,0.0,100.1,1,0.042,1,0,0.0,0,0.0,0.0,100.1,1,0.042,1,0,0.0,0,0.0,0.0,100.1,1,0.042,1,0,0.0,0,0.0,0.0,100.1,1
3202-3282-1,123,False,Line,1,3581-89516-1,Line,0.241,100.2,5593.8,1,0.313,13,0,0.0,0,0.0,0.0,100.1,1,0.233,1,0,0.0,0,0.0,0.0,100.1,1,0.233,1,0,0.0,0,0.0,0.0,100.1,1,0.233,1,0,0.0,0,0.0,0.0,100.1,1
3202-3282-1,137,False,Line,1,3581-89516-1,Line,0.172,100.14,5053.5,1,0.172,11,0,0.0,0,0.0,0.0,100.1,1,0.122,1,0,0.0,0,0.0,0.0,100.1,1,0.122,1,0,0.0,0,0.0,0.0,100.1,1,0.122,1,0,0.0,0,0.0,0.0,100.1,1
3209-6931-1,7,False,Line,1,3581-89516-1,Line,0.136,100.11,6073.6,1,0.035,16,0,0.0,0,0.0,0.0,100.1,1,0.026,1,0,0.0,0,0.0,0.0,100.1,1,0.026,1,0,0.0,0,0.0,0.0,100.1,1,0.026,1,0,0.0,0,0.0,0.0,100.1,1
3209-6931-1,29,False,Line,1,3581-89516-1,Line,0.126,100.1,5968.4,1,0.009,10,0,0.0,0,0.0,0.0,100.1,1,0.007,1,0,0.0,0,0.0,0.0,100.1,1,0.007,1,0,0.0,0,0.0,0.0,100.1,1,0.007,1,0,0.0,0,0.0,0.0,100.1,1
3209-6931-1,101,False,Line,2,T3464-3462-34641-1-w2,Transformer,10.359,101.04,5965.5,1,35.026,50,0,0.0,0,0.0,0.0,100.1,1,25.022,1,0,0.0,0,0.0,0.0,100.1,1,25.022,1,0,0.0,0,0.0,0.0,100.1,1,25.022,1,0,0.0,0,0.0,0.0,100.1,1
3209-6931-1,108,False,Line,2,T3464-3462-34641-1-w2,Transformer,9.47,100.95,7006.9,1,31.817,52,1,0.263,0,0.0,100.21,100.21,1,22.647,1,1,0.242,0,0.0,100.2,100.2,1,42.242,2,0,0.0,0,0.0,0.0,100.1,1,22.931,2,0,0.0,0,0.0,0.0,100.1,1
3209-6931-1,130,False,Line,1,3581-89516-1,Line,0.174,100.14,5592.5,1,0.135,13,0,0.0,0,0.0,0.0,100.1,1,0.101,1,0,0.0,0,0.0,0.0,100.1,1,0.101,1,0,0.0,0,0.0,0.0,100.1,1,0.101,1,0,0.0,0,0.0,0.0,100.1,1
3209-6931-1,145,False,Line,1,3581-89516-1,Line,0.183,100.15,4124.9,1,0.232,26,0,0.0,0,0.0,0.0,100.1,1,0.119,1,0,0.0,0,0.0,0.0,100.1,1,0.119,1,0,0.0,0,0.0,0.0,100.1,1,0.119,1,0,0.0,0,0.0,0.0,100.1,1
3209-6931-1,152,False,Line,1,3581-89516-1,Line,0.139,100.11,4161.2,1,0.058,25,0,0.0,0,0.0,0.0,100.1,1,0.032,1,0,0.0,0,0.0,0.0,100.1,1,0.032,1,0,0.0,0,0.0,0.0,100.1,1,0.032,1,0,0.0,0,0.0,0.0,100.1,1
3209-6931-1,159,False,Line,3,T3464-3462-34641-1-w2,Transformer,14.895,101.47,5313.0,0,51.295,77,0,0.0,0,0.528,0.0,100.11,1,55.706,2,0,0.0,0,0.0,0.0,100.1,1,73.701,2,0,0.0,0,0.0,0.0,100.1,1,37.299,2,0,0.0,0,0.0,0.0,100.1,1
3209-6931-1,167,False,Line,1,3581-89516-1,Line,0.167,100.14,3161.9,1,0.141,26,0,0.0,0,0.0,0.0,100.1,1,0.088,1,0,0.0,0,0.0,0.0,100.1,1,0.088,1,0,0.0,0,0.0,0.0,100.1,1,0.088,1,0,0.0,0,0.0,0.0,100.1,1
3241-4081-1,50,False,Line,2,3082-3122-1,Line,1.513,100.13,5312.4,1,1.034,19,0,0.0,0,0.0,0.0,100.1,1,0.613,1,0,0.0,0,0.0,0.0,100.1,1,0.613,1,0,0.0,0,0.0,0.0,100.1,1,0.537,2,0,0.0,0,0.0,0.0,100.1,1
3261-3341-1,50,False,Line,1,1122-1742-1,Line,0.968,100.19,5312.4,1,1.996,33,0,0.0,0,0.0,0.0,100.1,1,0.833,1,0,0.0,0,0.0,0.0,100.1,1,0.833,1,0,0.0,0,0.0,0.0,100.1,1,0.833,1,0,0.0,0,0.0,0.0,100.1,1
3261-3441-1,36,False,Line,1,3082-3122-1,Line,3.892,100.61,6805.4,1,12.467,19,0,0.0,0,0.0,0.0,100.1,1,6.904,1,0,0.0,0,0.0,0.0,100.1,1,6.904,1,0,0.0,0,0.0,0.0,100.1,1,6.904,1,0,0.0,0,0.0,0.0,100.1,1
3261-3441-1,50,False,Line,2,1122-1742-1,Line,26.757,103.18,5312.4,1,66.378,32,1,0.519,0,0.0,100.42,100.42,1,28.607,1,1,0.341,0,0.0,100.28,100.28,0,36.49,3,0,0.0,0,19.533,0.0,102.31,1,29.068,2,0,0.0,0,0.0,0.0,100.1,1
3261-3441-1,101,False,Line,2,T3464-3462-34641-1-w2,Transformer,8.64,100.86,5965.5,1,29.134,53,0,0.0,0,0.0,0.0,100.1,1,20.543,1,0,0.0,0,0.0,0.0,100.1,1,20.543,1,0,0.0,0,0.0,0.0,100.1,1,20.543,1,0,0.0,0,0.0,0.0,100.1,1
3261-3441-1,108,False,Line,2,T3464-3462-34641-1-w2,Transformer,11.783,101.18,7006.9,1,41.246,55,1,0.263,0,0.0,100.21,100.21,1,28.994,1,1,0.232,0,0.0,100.19,100.19,1,46.979,2,0,0.0,0,0.0,0.0,100.1,1,29.256,2,0,0.0,0,0.0,0.0,100.1,1
3261-3441-1,159,False,Line,2,T3464-3462-34641-1-w2,Transformer,4.626,100.46,5313.0,1,13.522,55,0,0.0,0,0.0,0.0,100.1,1,9.749,1,0,0.0,0,0.0,0.0,100.1,1,9.749,1,0,0.0,0,0.0,0.0,100.1,1,9.749,1,0,0.0,0,0.0,0.0,100.1,1
3281-5091-1,50,False,Line,1,1122-1742-1,Line,0.518,100.1,5312.4,1,0.02,33,0,0.0,0,0.0,0.0,100.1,1,0.008,1,0,0.0,0,0.0,0.0,100.1,1,0.008,1,0,0.0,0,0.0,0.0,100.1,1,0.008,1,0,0.0,0,0.0,0.0,100.1,1
3282-4942-1,36,False,Line,1,3082-3122-1,Line,5.112,100.81,6805.4,1,17.634,20,0,0.0,0,0.0,0.0,100.1,1,9.529,1,0,0.0,0,0.0,0.0,100.1,1,9.529,1,0,0.0,0,0.0,0.0,100.1,1,9.529,1,0,0.0,0,0.0,0.0,100.1,1
3282-4942-1,50,False,Line,5,T3464-3462-34641-1-w2,Transformer,73.759,103.91,5312.4,1,181.349,68,1,0.407,0,0.0,100.33,100.33,1,684.684,5,3,15.557,0,0.0,104.83,104.83,0,181.102,5,0,0.0,0,9.695,0.0,101.09,1,138.577,6,0,0.0,0,0.0,0.0,100.1,1
3282-4942-1,101,False,Line,3,T3464-3462-34641-1-w2,Transformer,81.889,106.43,5965.5,1,224.355,53,1,0.597,0,0.0,100.12,100.12,1,162.991,4,0,0.0,0,0.0,0.0,100.1,1,162.991,4,0,0.0,0,0.0,0.0,100.1,1,162.991,4,0,0.0,0,0.0,0.0,100.1,1
3282-4942-1,108,False,Line,4,T3464-3462-34641-1-w2,Transformer,88.753,106.69,7006.9,1,234.326,55,2,1.147,0,0.0,100.42,100.42,1,172.215,6,1,0.344,0,0.0,100.28,100.28,0,192.631,7,0,0.0,0,3.65,0.0,100.39,1,172.757,7,0,0.0,0,0.0,0.0,100.1,1
3282-4942-1,116,False,Line,1,3581-89516-1,Line,0.141,100.11,4604.0,1,0.052,7,0,0.0,0,0.0,0.0,100.1,1,0.045,1,0,0.0,0,0.0,0.0,100.1,1,0.045,1,0,0.0,0,0.0,0.0,100.1,1,0.045,1,0,0.0,0,0.0,0.0,100.1,1
3282-4942-1,145,False,Line,2,T3464-3462-34641-1-w2,Transformer,9.362,100.94,4124.9,1,28.799,56,0,0.0,0,0.0,0.0,100.1,1,21.52,1,0,0.0,0,0.0,0.0,100.1,1,21.52,1,0,0.0,0,0.0,0.0,100.1,1,21.52,1,0,0.0,0,0.0,0.0,100.1,1
3282-4942-1,159,False,Line,3,T3464-3462-34641-1-w2,Transformer,86.728,106.52,5313.0,1,222.556,55,1,0.485,0,0.0,100.39,100.39,1,165.128,4,1,0.339,0,0.0,100.28,100.28,1,197.733,4,0,0.0,0,0.0,0.0,100.1,1,165.65,5,0,0.0,0,0.0,0.0,100.1,1
3282-34620-1,50,False,Line,3,1122-1742-1,Line,3.497,100.45,5312.4,0,8.107,59,0,0.0,0,0.523,0.0,100.1,1,3.354,2,0,0.0,0,0.0,0.0,100.1,0,29.433,1,0,0.0,0,1.293,0.0,100.23,1,3.352,2,0,0.0,0,0.0,0.0,100.1,1
3282-34620-1,65,False,Line,1,3581-89516-1,Line,0.136,100.11,5388.6,1,0.086,22,0,0.0,0,0.0,0.0,100.1,1,0.027,1,0,0.0,0,0.0,0.0,100.1,1,0.027,1,0,0.0,0,0.0,0.0,100.1,1,0.027,1,0,0.0,0,0.0,0.0,100.1,1
3282-34620-1,108,False,Line,1,3581-89516-1,Line,0.131,100.11,7006.9,1,0.04,20,0,0.0,0,0.0,0.0,100.1,1,0.017,1,0,0.0,0,0.0,0.0,100.1,1,0.017,1,0,0.0,0,0.0,0.0,100.1,1,0.017,1,0,0.0,0,0.0,0.0,100.1,1
3301-43619-1,50,False,Line,2,1122-1742-1,Line,2.152,100.25,5312.4,1,3.378,34,0,0.0,0,0.0,0.0,100.1,1,1.405,1,0,0.0,0,0.0,0.0,100.1,1,1.405,1,0,0.0,0,0.0,0.0,100.1,1,1.405,1,0,0.0,0,0.0,0.0,100.1,1
3352-3842-1,29,False,Line,1,3581-89516-1,Line,0.127,100.1,5968.4,1,0.015,10,0,0.0,0,0.0,0.0,100.1,1,0.011,1,0,0.0,0,0.0,0.0,100.1,1,0.011,1,0,0.0,0,0.0,0.0,100.1,1,0.011,1,0,0.0,0,0.0,0.0,100.1,1
3352-3842-1,65,False,Line,1,3581-89516-1,Line,0.218,100.18,5388.6,1,0.641,22,0,0.0,0,0.0,0.0,100.1,1,0.2,1,0,0.0,0,0.0,0.0,100.1,1,0.2,1,0,0.0,0,0.0,0.0,100.1,1,0.2,1,0,0.0,0,0.0,0.0,100.1,1
3352-3842-1,72,False,Line,1,3581-89516-1,Line,0.215,100.18,5745.9,1,0.568,19,0,0.0,0,0.0,0.0,100.1,1,0.228,1,0,0.0,0,0.0,0.0,100.1,1,0.228,1,0,0.0,0,0.0,0.0,100.1,1,0.228,1,0,0.0,0,0.0,0.0,100.1,1
3352-3842-1,94,False,Line,1,3581-89516-1,Line,0.233,100.19,5470.0,1,0.455,26,0,0.0,0,0.0,0.0,100.1,1,0.217,1,0,0.0,0,0.0,0.0,100.1,1,0.217,1,0,0.0,0,0.0,0.0,100.1,1,0.217,1,0,0.0,0,0.0,0.0,100.1,1
3352-3842-1,101,False,Line,2,T3464-3462-34641-1-w2,Transformer,2.301,100.23,5965.5,1,4.991,53,0,0.0,0,0.0,0.0,100.1,1,3.504,1,0,0.0,0,0.0,0.0,100.1,1,3.504,1,0,0.0,0,0.0,0.0,100.1,1,3.504,1,0,0.0,0,0.0,0.0,100.1,1
3352-3842-1,108,False,Line,3,T3464-3462-34641-1-w2,Transformer,4.486,100.41,7006.9,0,13.397,75,0,0.0,0,1.025,0.0,100.1,1,19.601,2,1,0.44,0,0.0,100.23,100.23,1,19.941,2,0,0.0,0,0.0,0.0,100.1,1,9.113,2,0,0.0,0,0.0,0.0,100.1,1
3352-3842-1,116,False,Line,1,3581-89516-1,Line,0.236,100.19,4604.0,1,0.329,7,0,0.0,0,0.0,0.0,100.1,1,0.281,1,0,0.0,0,0.0,0.0,100.1,1,0.281,1,0,0.0,0,0.0,0.0,100.1,1,0.281,1,0,0.0,0,0.0,0.0,100.1,1
3352-5462-1,50,False,Line,2,3082-3122-1,Line,5.888,100.66,5312.4,1,17.497,18,0,0.0,0,0.0,0.0,100.1,1,10.347,1,0,0.0,0,0.0,0.0,100.1,1,10.347,1,0,0.0,0,0.0,0.0,100.1,1,8.485,2,0,0.0,0,0.0,0.0,100.1,1
3461-4681-1,101,False,Line,2,T3464-3462-34641-1-w2,Transformer,2.255,100.23,5965.5,1,4.836,53,0,0.0,0,0.0,0.0,100.1,1,3.352,1,0,0.0,0,0.0,0.0,100.1,1,3.352,1,0,0.0,0,0.0,0.0,100.1,1,3.352,1,0,0.0,0,0.0,0.0,100.1,1
3461-4681-1,108,False,Line,2,T3464-3462-34641-1-w2,Transformer,3.567,100.36,7006.9,1,9.92,55,0,0.0,0,0.0,0.0,100.1,1,6.857,1,0,0.0,0,0.0,0.0,100.1,1,6.857,1,0,0.0,0,0.0,0.0,100.1,1,6.857,1,0,0.0,0,0.0,0.0,100.1,1
3461-4681-1,159,False,Line,2,T3464-3462-34641-1-w2,Transformer,2.289,100.23,5313.0,1,4.853,55,0,0.0,0,0.0,0.0,100.1,1,3.444,1,0,0.0,0,0.0,0.0,100.1,1,3.444,1,0,0.0,0,0.0,0.0,100.1,1,3.444,1,0,0.0,0,0.0,0.0,100.1,1
3462-3940-1,101,False,Line,2,T3464-3462-34641-1-w2,Transformer,15.854,101.59,5965.5,1,56.208,53,0,0.0,0,0.0,0.0,100.1,1,38.704,1,0,0.0,0,0.0,0.0,100.1,1,38.704,1,0,0.0,0,0.0,0.0,100.1,1,38.704,1,0,0.0,0,0.0,0.0,100.1,1
3462-3940-1,108,False,Line,2,T3464-3462-34641-1-w2,Transformer,14.025,101.4,7006.9,1,49.592,55,1,0.253,0,0.0,100.21,100.21,1,33.937,1,1,0.21,0,0.0,100.17,100.17,1,49.399,2,0,0.0,0,0.0,0.0,100.1,1,34.145,2,0,0.0,0,0.0,0.0,100.1,1
3462-3940-1,159,False,Line,2,T3464-3462-34641-1-w2,Transformer,12.94,101.29,5313.0,1,44.334,55,1,0.228,0,0.0,100.19,100.19,1,31.11,1,1,0.192,0,0.0,100.16,100.16,1,43.476,2,0,0.0,0,0.0,0.0,100.1,1,31.277,2,0,0.0,0,0.0,0.0,100.1,1
3462-3942-2,101,False,Line,2,T3464-3462-34641-1-w2,Transformer,17.996,101.8,5965.5,1,64.176,53,0,0.0,0,0.0,0.0,100.1,1,44.143,1,0,0.0,0,0.0,0.0,100.1,1,44.143,1,0,0.0,0,0.0,0.0,100.1,1,44.143,2,0,0.0,0,0.0,0.0,100.1,1
3462-3942-2,108,False,Line,2,T3464-3462-34641-1-w2,Transformer,15.878,101.59,7006.9,1,56.546,55,1,0.29,0,0.0,100.24,100.24,1,38.641,1,1,0.24,0,0.0,100.19,100.19,1,59.482,2,0,0.0,0,0.0,0.0,100.1,1,38.921,2,0,0.0,0,0.0,0.0,100.1,1
3462-3942-2,159,False,Line,2,T3464-3462-34641-1-w2,Transformer,14.762,101.48,5313.0,1,51.011,55,1,0.263,0,0.0,100.21,100.21,1,35.743,1,1,0.222,0,0.0,100.18,100.18,1,53.396,2,0,0.0,0,0.0,0.0,100.1,1,35.981,2,0,0.0,0,0.0,0.0,100.1,1
3462-5142-2,79,False,Line,1,3581-89516-1,Line,0.159,100.13,2728.8,1,0.157,26,0,0.0,0,0.0,0.0,100.1,1,0.072,1,0,0.0,0,0.0,0.0,100.1,1,0.072,1,0,0.0,0,0.0,0.0,100.1,1,0.072,1,0,0.0,0,0.0,0.0,100.1,1
3464-3934-1,0,False,Line,1,3581-89516-1,Line,0.346,100.28,5299.5,1,0.564,13,0,0.0,0,0.0,0.0,100.1,1,0.441,1,0,0.0,0,0.0,0.0,100.1,1,0.441,1,0,0.0,0,0.0,0.0,100.1,1,0.441,1,0,0.0,0,0.0,0.0,100.1,1
3464-3934-1,7,False,Line,1,3581-89516-1,Line,0.998,100.81,6073.6,1,2.313,16,0,0.0,0,0.0,0.0,100.1,1,1.731,1,0,0.0,0,0.0,0.0,100.1,1,1.731,1,0,0.0,0,0.0,0.0,100.1,1,1.731,1,0,0.0,0,0.0,0.0,100.1,1
3464-3934-1,14,False,Line,1,T3934-3942-39402-1-w1,Transformer,10.796,102.16,6309.0,1,52.568,52,0,0.0,0,0.0,0.0,100.1,1,38.349,1,0,0.0,0,0.0,0.0,100.1,1,38.349,1,0,0.0,0,0.0,0.0,100.1,1,38.349,1,0,0.0,0,0.0,0.0,100.1,1
3464-3934-1,21,False,Line,1,3581-89516-1,Line,0.249,100.2,4735.3,1,0.352,7,0,0.0,0,0.0,0.0,100.1,1,0.311,1,0,0.0,0,0.0,0.0,100.1,1,0.311,1,0,0.0,0,0.0,0.0,100.1,1,0.311,1,0,0.0,0,0.0,0.0,100.1,1
3464-3934-1,29,False,Line,1,3581-89516-1,Line,0.96,100.78,5968.4,1,2.752,10,0,0.0,0,0.0,0.0,100.1,1,2.07,1,0,0.0,0,0.0,0.0,100.1,1,2.07,1,0,0.0,0,0.0,0.0,100.1,1,2.07,1,0,0.0,0,0.0,0.0,100.1,1
3464-3934-1,36,False,Line,1,T3934-3942-39402-1-w1,Transformer,62.915,112.58,6805.4,1,340.298,56,1,0.906,0,0.0,100.18,100.18,1,232.471,2,1,0.619,0,0.0,100.12,100.12,0,192.631,1,0,0.0,0,11.195,0.0,102.24,1,232.594,3,0,0.0,0,0.0,0.0,100.1,1
3464-3934-1,50,False,Line,6,T3934-3942-39402-1-w1,Transformer,321.645,138.03,5312.4,0,1059.416,83,1,2.355,0,1.271,101.88,101.88,1,1376.805,20,0,0.0,0,0.0,0.0,100.1,0,67.029,2,0,0.0,0,297.732,0.0,136.29,1,769.877,16,0,0.0,0,0.0,0.0,100.1,1
3464-3934-1,58,False,Line,2,T3934-3942-39402-1-w1,Transformer,73.629,114.41,4583.8,0,401.79,83,0,0.0,0,0.896,0.0,100.18,1,300.711,2,0,0.0,0,0.0,0.0,100.1,0,174.504,5,0,0.0,0,60.575,0.0,112.11,1,273.135,3,0,0.0,0,0.0,0.0,100.1,1
3464-3934-1,65,False,Line,2,T3934-3942-39402-1-w1,Transformer,100.063,119.68,5388.6,0,559.406,79,1,0.358,0,1.006,100.29,100.29,1,386.578,5,0,0.0,0,0.0,0.0,100.1,0,187.462,5,0,0.0,0,87.6,0.0,117.52,1,378.226,5,0,0.0,0,0.0,0.0,100.1,1
3464-3934-1,72,False,Line,2,T3934-3942-39402-1-w1,Transformer,49.316,109.56,5745.9,0,266.427,76,1,0.71,0,0.816,100.14,100.16,1,186.027,2,0,0.0,0,0.0,0.0,100.1,0,101.055,4,0,0.0,0,38.565,0.0,107.71,1,182.849,2,0,0.0,0,0.0,0.0,100.1,1
3464-3934-1,79,False,Line,1,3581-89516-1,Line,1.064,100.86,2728.8,1,4.063,26,0,0.0,0,0.0,0.0,100.1,1,1.862,1,0,0.0,0,0.0,0.0,100.1,1,1.862,1,0,0.0,0,0.0,0.0,100.1,1,1.862,1,0,0.0,0,0.0,0.0,100.1,1
3464-3934-1,94,False,Line,1,3581-89516-1,Line,1.166,100.95,5470.0,1,4.333,26,0,0.0,0,0.0,0.0,100.1,1,2.065,1,0,0.0,0,0.0,0.0,100.1,1,2.065,1,0,0.0,0,0.0,0.0,100.1,1,2.065,1,0,0.0,0,0.0,0.0,100.1,1
3464-3934-1,101,False,Line,3,T3934-3942-39402-1-w1,Transformer,350.417,141.48,5965.5,1,1135.248,54,2,3.594,0,0.0,100.59,100.59,1,832.058,17,1,2.216,0,0.0,100.43,100.43,0,192.631,1,0,0.0,0,215.394,0.0,131.13,1,834.089,18,0,0.0,0,0.0,0.0,100.1,1
3464-3934-1,108,False,Line,5,T3934-3942-39402-1-w1,Transformer,362.237,142.09,7006.9,0,1181.17,76,2,5.987,0,1.174,102.27,102.27,1,854.246,17,1,2.275,0,0.0,100.44,100.44,0,192.631,8,0,0.0,0,282.072,0.0,136.23,1,853.633,19,0,0.0,0,0.0,0.0,100.1,1
3464-3934-1,116,False,Line,1,3581-89516-1,Line,0.141,100.11,4604.0,1,0.053,7,0,0.0,0,0.0,0.0,100.1,1,0.045,1,0,0.0,0,0.0,0.0,100.1,1,0.045,1,0,0.0,0,0.0,0.0,100.1,1,0.045,1,0,0.0,0,0.0,0.0,100.1,1
3464-3934-1,123,False,Line,1,3581-89516-1,Line,0.796,100.65,5593.8,1,1.79,13,0,0.0,0,0.0,0.0,100.1,1,1.333,1,0,0.0,0,0.0,0.0,100.1,1,1.333,1,0,0.0,0,0.0,0.0,100.1,1,1.333,1,0,0.0,0,0.0,0.0,100.1,1
3464-3934-1,130,False,Line,1,3581-89516-1,Line,1.15,100.94,5592.5,1,2.709,13,0,0.0,0,0.0,0.0,100.1,1,2.034,1,0,0.0,0,0.0,0.0,100.1,1,2.034,1,0,0.0,0,0.0,0.0,100.1,1,2.034,1,0,0.0,0,0.0,0.0,100.1,1
3464-3934-1,137,False,Line,1,3581-89516-1,Line,0.809,100.66,5053.5,1,2.404,11,0,0.0,0,0.0,0.0,100.1,1,1.698,1,0,0.0,0,0.0,0.0,100.1,1,1.698,1,0,0.0,0,0.0,0.0,100.1,1,1.698,1,0,0.0,0,0.0,0.0,100.1,1
3464-3934-1,145,False,Line,4,T3934-3942-39402-1-w1,Transformer,282.897,136.15,4124.9,0,971.761,83,1,2.005,0,1.237,101.6,101.6,1,719.213,13,0,0.0,0,0.0,0.0,100.1,0,341.21,18,0,0.0,0,229.852,0.0,132.21,1,712.122,14,0,0.0,0,0.0,0.0,100.1,1
3464-3934-1,152,False,Line,2,T3934-3942-39402-1-w1,Transformer,82.964,116.27,4161.2,0,437.207,82,0,0.0,0,0.917,0.0,100.18,1,314.418,2,0,0.0,0,0.0,0.0,100.1,0,130.162,6,0,0.0,0,70.107,0.0,114.02,1,308.286,2,0,0.0,0,0.0,0.0,100.1,1
3464-3934-1,159,False,Line,4,T3934-3942-39402-1-w1,Transformer,363.172,142.29,5313.0,0,1143.939,81,1,2.693,0,1.374,102.15,102.15,1,844.527,14,1,1.363,0,0.0,101.09,101.09,0,408.818,16,0,0.0,0,303.144,0.0,137.82,1,847.607,14,0,0.0,0,0.0,0.0,100.1,1
3464-3934-1,167,False,Line,2,T3934-3942-39402-1-w1,Transformer,74.449,114.57,3161.9,0,376.452,83,0,0.0,0,0.864,0.0,100.17,1,300.234,2,0,0.0,0,0.0,0.0,100.1,0,106.698,7,0,0.0,0,62.401,0.0,112.48,1,276.227,2,0,0.0,0,0.0,0.0,100.1,1
3472-3842-1,36,False,Line,1,3082-3122-1,Line,2.216,100.35,6805.4,1,6.818,22,0,0.0,0,0.0,0.0,100.1,1,3.697,1,0,0.0,0,0.0,0.0,100.1,1,3.697,1,0,0.0,0,0.0,0.0,100.1,1,3.697,1,0,0.0,0,0.0,0.0,100.1,1
3472-3842-1,50,False,Line,3,3082-3122-1,Line,54.347,106.89,5312.4,0,235.73,49,0,0.0,0,0.873,0.0,100.14,1,137.675,3,0,0.0,0,0.0,0.0,100.1,0,29.433,1,0,0.0,0,52.278,0.0,106.74,1,122.61,4,0,0.0,0,0.0,0.0,100.1,1
3472-3842-1,58,False,Line,1,3581-89516-1,Line,0.228,100.19,4583.8,1,0.512,26,0,0.0,0,0.0,0.0,100.1,1,0.207,1,0,0.0,0,0.0,0.0,100.1,1,0.207,1,0,0.0,0,0.0,0.0,100.1,1,0.207,1,0,0.0,0,0.0,0.0,100.1,1
3472-3842-1,65,False,Line,1,3581-89516-1,Line,0.132,100.11,5388.6,1,0.06,22,0,0.0,0,0.0,0.0,100.1,1,0.019,1,0,0.0,0,0.0,0.0,100.1,1,0.019,1,0,0.0,0,0.0,0.0,100.1,1,0.019,1,0,0.0,0,0.0,0.0,100.1,1
3472-3842-1,79,False,Line,1,3581-89516-1,Line,0.228,100.19,2728.8,1,0.453,26,0,0.0,0,0.0,0.0,100.1,1,0.208,1,0,0.0,0,0.0,0.0,100.1,1,0.208,1,0,0.0,0,0.0,0.0,100.1,1,0.208,1,0,0.0,0,0.0,0.0,100.1,1
3472-3842-1,108,False,Line,1,3691-4041-1,Line,0.201,100.1,7006.9,1,0.02,8,0,0.0,0,0.0,0.0,100.1,1,0.017,1,0,0.0,0,0.0,0.0,100.1,1,0.017,1,0,0.0,0,0.0,0.0,100.1,1,0.017,1,0,0.0,0,0.0,0.0,100.1,1
3472-3842-1,130,False,Line,1,3581-89516-1,Line,0.153,100.12,5592.5,1,0.079,13,0,0.0,0,0.0,0.0,100.1,1,0.059,1,0,0.0,0,0.0,0.0,100.1,1,0.059,1,0,0.0,0,0.0,0.0,100.1,1,0.059,1,0,0.0,0,0.0,0.0,100.1,1
3472-3842-1,145,False,Line,1,3581-89516-1,Line,0.282,100.23,4124.9,1,0.613,26,0,0.0,0,0.0,0.0,100.1,1,0.314,1,0,0.0,0,0.0,0.0,100.1,1,0.314,1,0,0.0,0,0.0,0.0,100.1,1,0.314,1,0,0.0,0,0.0,0.0,100.1,1
3472-3842-1,152,False,Line,1,3581-89516-1,Line,0.253,100.21,4161.2,1,0.457,25,0,0.0,0,0.0,0.0,100.1,1,0.258,1,0,0.0,0,0.0,0.0,100.1,1,0.258,1,0,0.0,0,0.0,0.0,100.1,1,0.258,1,0,0.0,0,0.0,0.0,100.1,1
3472-3842-1,159,False,Line,3,3581-89516-1,Line,1.731,100.19,5313.0,0,2.281,80,0,0.0,0,1.019,0.0,100.1,1,20.375,2,0,0.0,0,0.0,0.0,100.1,1,4.455,2,0,0.0,0,0.0,0.0,100.1,1,1.622,2,0,0.0,0,0.0,0.0,100.1,1
3472-3842-1,167,False,Line,1,3581-89516-1,Line,0.225,100.18,3161.9,1,0.323,26,0,0.0,0,0.0,0.0,100.1,1,0.201,1,0,0.0,0,0.0,0.0,100.1,1,0.201,1,0,0.0,0,0.0,0.0,100.1,1,0.201,1,0,0.0,0,0.0,0.0,100.1,1
3472-3852-2,21,False,Line,1,3581-89516-1,Line,0.145,100.12,4735.3,1,0.061,7,0,0.0,0,0.0,0.0,100.1,1,0.053,1,0,0.0,0,0.0,0.0,100.1,1,0.053,1,0,0.0,0,0.0,0.0,100.1,1,0.053,1,0,0.0,0,0.0,0.0,100.1,1
3472-3852-2,50,False,Line,2,3082-3122-1,Line,3.441,100.46,5312.4,1,9.693,17,0,0.0,0,0.0,0.0,100.1,1,7.05,1,0,0.0,0,0.0,0.0,100.1,1,7.05,1,0,0.0,0,0.0,0.0,100.1,1,5.51,2,0,0.0,0,0.0,0.0,100.1,1
3491-3561-1,0,False,Line,1,3581-89516-1,Line,0.146,100.12,5299.5,1,0.059,13,0,0.0,0,0.0,0.0,100.1,1,0.046,1,0,0.0,0,0.0,0.0,100.1,1,0.046,1,0,0.0,0,0.0,0.0,100.1,1,0.046,1,0,0.0,0,0.0,0.0,100.1,1
3491-3561-1,21,False,Line,1,3581-89516-1,Line,0.263,100.21,4735.3,1,0.391,7,0,0.0,0,0.0,0.0,100.1,1,0.346,1,0,0.0,0,0.0,0.0,100.1,1,0.346,1,0,0.0,0,0.0,0.0,100.1,1,0.346,1,0,0.0,0,0.0,0.0,100.1,1
3491-3561-1,50,False,Line,1,3581-89516-1,Line,0.686,100.56,5312.4,1,2.806,26,0,0.0,0,0.0,0.0,100.1,1,1.112,1,0,0.0,0,0.0,0.0,100.1,1,1.112,1,0,0.0,0,0.0,0.0,100.1,1,1.112,1,0,0.0,0,0.0,0.0,100.1,1
3491-3561-1,58,False,Line,1,3581-89516-1,Line,1.751,101.42,4583.8,1,7.919,26,0,0.0,0,0.0,0.0,100.1,1,3.214,1,0,0.0,0,0.0,0.0,100.1,1,3.214,1,0,0.0,0,0.0,0.0,100.1,1,3.214,2,0,0.0,0,0.0,0.0,100.1,1
3491-3561-1,65,False,Line,1,3581-89516-1,Line,1.746,101.42,5388.6,1,10.883,22,0,0.0,0,0.0,0.0,100.1,1,3.413,1,0,0.0,0,0.0,0.0,100.1,1,3.413,1,0,0.0,0,0.0,0.0,100.1,1,3.413,1,0,0.0,0,0.0,0.0,100.1,1
3491-3561-1,72,False,Line,1,3581-89516-1,Line,1.73,101.41,5745.9,1,9.785,19,0,0.0,0,0.0,0.0,100.1,1,3.961,1,0,0.0,0,0.0,0.0,100.1,1,3.961,1,0,0.0,0,0.0,0.0,100.1,1,3.961,1,0,0.0,0,0.0,0.0,100.1,1
3491-3561-1,79,False,Line,1,3581-89516-1,Line,0.941,100.76,2728.8,1,3.509,26,0,0.0,0,0.0,0.0,100.1,1,1.615,1,0,0.0,0,0.0,0.0,100.1,1,1.615,1,0,0.0,0,0.0,0.0,100.1,1,1.615,1,0,0.0,0,0.0,0.0,100.1,1
3491-3561-1,94,False,Line,1,3581-89516-1,Line,0.862,100.7,5470.0,1,3.052,26,0,0.0,0,0.0,0.0,100.1,1,1.459,1,0,0.0,0,0.0,0.0,100.1,1,1.459,1,0,0.0,0,0.0,0.0,100.1,1,1.459,1,0,0.0,0,0.0,0.0,100.1,1
3491-3561-1,108,False,Line,1,3581-89516-1,Line,0.9,100.73,7006.9,1,3.622,20,0,0.0,0,0.0,0.0,100.1,1,1.534,1,0,0.0,0,0.0,0.0,100.1,1,1.534,1,0,0.0,0,0.0,0.0,100.1,1,1.534,1,0,0.0,0,0.0,0.0,100.1,1
3491-3561-1,123,False,Line,1,3581-89516-1,Line,0.163,100.13,5593.8,1,0.105,13,0,0.0,0,0.0,0.0,100.1,1,0.078,1,0,0.0,0,0.0,0.0,100.1,1,0.078,1,0,0.0,0,0.0,0.0,100.1,1,0.078,1,0,0.0,0,0.0,0.0,100.1,1
3491-3561-1,130,False,Line,1,3581-89516-1,Line,0.991,100.81,5592.5,1,2.28,13,0,0.0,0,0.0,0.0,100.1,1,1.714,1,0,0.0,0,0.0,0.0,100.1,1,1.714,1,0,0.0,0,0.0,0.0,100.1,1,1.714,1,0,0.0,0,0.0,0.0,100.1,1
3491-3561-1,145,False,Line,1,3581-89516-1,Line,1.339,101.09,4124.9,1,4.665,26,0,0.0,0,0.0,0.0,100.1,1,2.4,1,0,0.0,0,0.0,0.0,100.1,1,2.4,1,0,0.0,0,0.0,0.0,100.1,1,2.4,1,0,0.0,0,0.0,0.0,100.1,1
3491-3561-1,152,False,Line,1,3581-89516-1,Line,1.315,101.07,4161.2,1,4.164,25,0,0.0,0,0.0,0.0,100.1,1,2.354,1,0,0.0,0,0.0,0.0,100.1,1,2.354,1,0,0.0,0,0.0,0.0,100.1,1,2.354,1,0,0.0,0,0.0,0.0,100.1,1
3491-3561-1,159,False,Line,1,3581-89516-1,Line,1.122,100.91,5313.0,1,3.421,25,0,0.0,0,0.0,0.0,100.1,1,1.973,1,0,0.0,0,0.0,0.0,100.1,1,1.973,1,0,0.0,0,0.0,0.0,100.1,1,1.973,1,0,0.0,0,0.0,0.0,100.1,1
3491-3561-1,167,False,Line,1,3581-89516-1,Line,0.745,100.61,3161.9,1,1.966,26,0,0.0,0,0.0,0.0,100.1,1,1.228,1,0,0.0,0,0.0,0.0,100.1,1,1.228,1,0,0.0,0,0.0,0.0,100.1,1,1.228,1,0,0.0,0,0.0,0.0,100.1,1
3491-4961-1,0,False,Line,1,3581-89516-1,Line,0.146,100.12,5299.5,1,0.059,13,0,0.0,0,0.0,0.0,100.1,1,0.046,1,0,0.0,0,0.0,0.0,100.1,1,0.046,1,0,0.0,0,0.0,0.0,100.1,1,0.046,1,0,0.0,0,0.0,0.0,100.1,1
3491-4961-1,21,False,Line,1,3581-89516-1,Line,0.263,100.21,4735.3,1,0.391,7,0,0.0,0,0.0,0.0,100.1,1,0.345,1,0,0.0,0,0.0,0.0,100.1,1,0.345,1,0,0.0,0,0.0,0.0,100.1,1,0.345,1,0,0.0,0,0.0,0.0,100.1,1
3491-4961-1,50,False,Line,1,3581-89516-1,Line,0.304,100.25,5312.4,1,0.903,26,0,0.0,0,0.0,0.0,100.1,1,0.358,1,0,0.0,0,0.0,0.0,100.1,1,0.358,1,0,0.0,0,0.0,0.0,100.1,1,0.358,1,0,0.0,0,0.0,0.0,100.1,1
3491-4961-1,58,False,Line,1,3581-89516-1,Line,0.716,100.58,4583.8,1,2.884,26,0,0.0,0,0.0,0.0,100.1,1,1.171,1,0,0.0,0,0.0,0.0,100.1,1,1.171,1,0,0.0,0,0.0,0.0,100.1,1,1.171,1,0,0.0,0,0.0,0.0,100.1,1
3491-4961-1,65,False,Line,1,3581-89516-1,Line,0.233,100.19,5388.6,1,0.736,22,0,0.0,0,0.0,0.0,100.1,1,0.231,1,0,0.0,0,0.0,0.0,100.1,1,0.231,1,0,0.0,0,0.0,0.0,100.1,1,0.231,1,0,0.0,0,0.0,0.0,100.1,1
3491-4961-1,79,False,Line,1,3581-89516-1,Line,0.339,100.28,2728.8,1,0.925,26,0,0.0,0,0.0,0.0,100.1,1,0.426,1,0,0.0,0,0.0,0.0,100.1,1,0.426,1,0,0.0,0,0.0,0.0,100.1,1,0.426,1,0,0.0,0,0.0,0.0,100.1,1
3491-4961-1,108,False,Line,1,3581-89516-1,Line,0.239,100.19,7006.9,1,0.542,20,0,0.0,0,0.0,0.0,100.1,1,0.23,1,0,0.0,0,0.0,0.0,100.1,1,0.23,1,0,0.0,0,0.0,0.0,100.1,1,0.23,1,0,0.0,0,0.0,0.0,100.1,1
3491-4961-1,123,False,Line,1,3581-89516-1,Line,0.163,100.13,5593.8,1,0.105,13,0,0.0,0,0.0,0.0,100.1,1,0.078,1,0,0.0,0,0.0,0.0,100.1,1,0.078,1,0,0.0,0,0.0,0.0,100.1,1,0.078,1,0,0.0,0,0.0,0.0,100.1,1
3491-4961-1,145,False,Line,1,3581-89516-1,Line,0.845,100.69,4124.9,1,2.77,26,0,0.0,0,0.0,0.0,100.1,1,1.425,1,0,0.0,0,0.0,0.0,100.1,1,1.425,1,0,0.0,0,0.0,0.0,100.1,1,1.425,1,0,0.0,0,0.0,0.0,100.1,1
3491-4961-1,152,False,Line,1,3581-89516-1,Line,1.022,100.83,4161.2,1,3.14,25,0,0.0,0,0.0,0.0,100.1,1,1.775,1,0,0.0,0,0.0,0.0,100.1,1,1.775,1,0,0.0,0,0.0,0.0,100.1,1,1.775,1,0,0.0,0,0.0,0.0,100.1,1
3491-4961-1,159,False,Line,1,3581-89516-1,Line,0.708,100.58,5313.0,1,2.003,25,0,0.0,0,0.0,0.0,100.1,1,1.155,1,0,0.0,0,0.0,0.0,100.1,1,1.155,1,0,0.0,0,0.0,0.0,100.1,1,1.155,1,0,0.0,0,0.0,0.0,100.1,1
3491-4961-1,167,False,Line,1,3581-89516-1,Line,0.624,100.51,3161.9,1,1.584,26,0,0.0,0,0.0,0.0,100.1,1,0.989,1,0,0.0,0,0.0,0.0,100.1,1,0.989,1,0,0.0,0,0.0,0.0,100.1,1,0.989,1,0,0.0,0,0.0,0.0,100.1,1
3501-4971-1,0,False,Line,1,3581-89516-1,Line,0.884,100.72,5299.5,1,1.919,13,0,0.0,0,0.0,0.0,100.1,1,1.501,1,0,0.0,0,0.0,0.0,100.1,1,1.501,1,0,0.0,0,0.0,0.0,100.1,1,1.501,1,0,0.0,0,0.0,0.0,100.1,1
3501-4971-1,7,False,Line,1,3581-89516-1,Line,0.189,100.15,6073.6,1,0.173,16,0,0.0,0,0.0,0.0,100.1,1,0.13,1,0,0.0,0,0.0,0.0,100.1,1,0.13,1,0,0.0,0,0.0,0.0,100.1,1,0.13,1,0,0.0,0,0.0,0.0,100.1,1
3501-4971-1,21,False,Line,1,3581-89516-1,Line,0.839,100.68,4735.3,1,1.998,7,0,0.0,0,0.0,0.0,100.1,1,1.764,1,0,0.0,0,0.0,0.0,100.1,1,1.764,1,0,0.0,0,0.0,0.0,100.1,1,1.764,1,0,0.0,0,0.0,0.0,100.1,1
3501-4971-1,29,False,Line,1,3581-89516-1,Line,0.842,100.68,5968.4,1,2.347,10,0,0.0,0,0.0,0.0,100.1,1,1.771,1,0,0.0,0,0.0,0.0,100.1,1,1.771,1,0,0.0,0,0.0,0.0,100.1,1,1.771,1,0,0.0,0,0.0,0.0,100.1,1
3501-4971-1,50,False,Line,5,3581-89516-1,Line,10.496,102.78,5312.4,0,27.871,45,0,0.0,0,0.22,0.0,100.18,1,12.751,3,0,0.0,0,0.0,0.0,100.1,0,0.0,0,0,0.0,0,10.496,0.0,102.78,1,11.944,5,0,0.0,0,0.0,0.0,100.1,1
3501-4971-1,58,False,Line,3,3581-89516-1,Line,9.068,103.54,4583.8,1,20.434,26,0,0.0,0,0.0,0.0,100.1,1,8.351,1,0,0.0,0,0.0,0.0,100.1,1,8.351,1,0,0.0,0,0.0,0.0,100.1,1,8.351,3,0,0.0,0,0.0,0.0,100.1,1
3501-4971-1,65,False,Line,3,3581-89516-1,Line,8.475,103.38,5388.6,1,26.724,22,0,0.0,0,0.0,0.0,100.1,1,8.478,1,0,0.0,0,0.0,0.0,100.1,1,8.478,1,0,0.0,0,0.0,0.0,100.1,1,8.478,1,0,0.0,0,0.0,0.0,100.1,1
3501-4971-1,72,False,Line,3,3581-89516-1,Line,7.298,103.06,5745.9,1,21.953,19,0,0.0,0,0.0,0.0,100.1,1,8.971,2,0,0.0,0,0.0,0.0,100.1,1,8.971,2,0,0.0,0,0.0,0.0,100.1,1,8.971,1,0,0.0,0,0.0,0.0,100.1,1
3501-4971-1,79,False,Line,3,3581-89516-1,Line,4.182,102.22,2728.8,1,11.106,26,0,0.0,0,0.0,0.0,100.1,1,5.138,1,0,0.0,0,0.0,0.0,100.1,1,5.138,1,0,0.0,0,0.0,0.0,100.1,1,5.138,1,0,0.0,0,0.0,0.0,100.1,1
3501-4971-1,94,False,Line,1,3581-89516-1,Line,1.572,101.28,5470.0,1,5.946,26,0,0.0,0,0.0,0.0,100.1,1,2.858,1,0,0.0,0,0.0,0.0,100.1,1,2.858,1,0,0.0,0,0.0,0.0,100.1,1,2.858,1,0,0.0,0,0.0,0.0,100.1,1
3501-4971-1,101,False,Line,2,T3464-3462-34641-1-w2,Transformer,5.731,100.57,5965.5,1,18.131,53,0,0.0,0,0.0,0.0,100.1,1,12.708,1,0,0.0,0,0.0,0.0,100.1,1,12.708,1,0,0.0,0,0.0,0.0,100.1,1,12.708,1,0,0.0,0,0.0,0.0,100.1,1
3501-4971-1,108,False,Line,3,3581-89516-1,Line,7.388,101.73,7006.9,0,25.979,75,0,0.0,0,1.199,0.0,100.12,1,22.435,2,0,0.0,0,0.0,0.0,100.1,1,125.679,5,0,0.0,0,0.0,0.0,100.1,1,16.344,2,0,0.0,0,0.0,0.0,100.1,1
3501-4971-1,123,False,Line,1,3581-89516-1,Line,0.596,100.48,5593.8,1,1.252,13,0,0.0,0,0.0,0.0,100.1,1,0.934,1,0,0.0,0,0.0,0.0,100.1,1,0.934,1,0,0.0,0,0.0,0.0,100.1,1,0.934,1,0,0.0,0,0.0,0.0,100.1,1
3501-4971-1,130,False,Line,1,3581-89516-1,Line,1.61,101.31,5592.5,1,3.899,13,0,0.0,0,0.0,0.0,100.1,1,2.933,1,0,0.0,0,0.0,0.0,100.1,1,2.933,1,0,0.0,0,0.0,0.0,100.1,1,2.933,1,0,0.0,0,0.0,0.0,100.1,1
3501-4971-1,137,False,Line,1,3581-89516-1,Line,0.978,100.8,5053.5,1,2.969,11,0,0.0,0,0.0,0.0,100.1,1,2.106,1,0,0.0,0,0.0,0.0,100.1,1,2.106,1,0,0.0,0,0.0,0.0,100.1,1,2.106,1,0,0.0,0,0.0,0.0,100.1,1
3501-4971-1,145,False,Line,3,3581-89516-1,Line,11.16,104.11,4124.9,1,18.836,26,0,0.0,0,0.0,0.0,100.1,1,9.727,1,0,0.0,0,0.0,0.0,100.1,1,9.727,1,0,0.0,0,0.0,0.0,100.1,1,9.727,2,0,0.0,0,0.0,0.0,100.1,1
3501-4971-1,152,False,Line,3,3581-89516-1,Line,9.184,103.57,4161.2,1,14.864,25,0,0.0,0,0.0,0.0,100.1,1,8.427,1,0,0.0,0,0.0,0.0,100.1,1,8.427,1,0,0.0,0,0.0,0.0,100.1,1,8.427,1,0,0.0,0,0.0,0.0,100.1,1
3501-4971-1,159,False,Line,5,3581-89516-1,Line,11.971,102.37,5313.0,0,33.192,80,0,0.0,0,1.443,0.0,100.15,1,35.591,2,0,0.0,0,0.0,0.0,100.1,0,74.445,8,0,0.0,0,1.397,0.0,101.14,1,23.553,2,0,0.0,0,0.0,0.0,100.1,1
3501-4971-1,167,False,Line,3,3581-89516-1,Line,3.282,101.97,3161.9,1,7.262,26,0,0.0,0,0.0,0.0,100.1,1,4.546,1,0,0.0,0,0.0,0.0,100.1,1,4.546,1,0,0.0,0,0.0,0.0,100.1,1,4.546,1,0,0.0,0,0.0,0.0,100.1,1
3501-35011-1,58,False,Line,1,3581-89516-1,Line,1.182,100.96,4583.8,1,5.124,26,0,0.0,0,0.0,0.0,100.1,1,2.089,1,0,0.0,0,0.0,0.0,100.1,1,2.089,1,0,0.0,0,0.0,0.0,100.1,1,2.089,1,0,0.0,0,0.0,0.0,100.1,1
3501-35011-1,65,False,Line,1,3581-89516-1,Line,0.773,100.63,5388.6,1,4.325,22,0,0.0,0,0.0,0.0,100.1,1,1.366,1,0,0.0,0,0.0,0.0,100.1,1,1.366,1,0,0.0,0,0.0,0.0,100.1,1,1.366,1,0,0.0,0,0.0,0.0,100.1,1
3501-35011-1,72,False,Line,1,3581-89516-1,Line,0.793,100.64,5745.9,1,4.055,19,0,0.0,0,0.0,0.0,100.1,1,1.651,1,0,0.0,0,0.0,0.0,100.1,1,1.651,1,0,0.0,0,0.0,0.0,100.1,1,1.651,1,0,0.0,0,0.0,0.0,100.1,1
3501-35011-1,130,False,Line,1,3581-89516-1,Line,0.413,100.34,5592.5,1,0.762,13,0,0.0,0,0.0,0.0,100.1,1,0.573,1,0,0.0,0,0.0,0.0,100.1,1,0.573,1,0,0.0,0,0.0,0.0,100.1,1,0.573,1,0,0.0,0,0.0,0.0,100.1,1
3501-35011-1,145,False,Line,1,3581-89516-1,Line,0.484,100.39,4124.9,1,1.383,26,0,0.0,0,0.0,0.0,100.1,1,0.713,1,0,0.0,0,0.0,0.0,100.1,1,0.713,1,0,0.0,0,0.0,0.0,100.1,1,0.713,1,0,0.0,0,0.0,0.0,100.1,1
3501-35011-1,152,False,Line,1,3581-89516-1,Line,0.71,100.58,4161.2,1,2.047,25,0,0.0,0,0.0,0.0,100.1,1,1.159,1,0,0.0,0,0.0,0.0,100.1,1,1.159,1,0,0.0,0,0.0,0.0,100.1,1,1.159,1,0,0.0,0,0.0,0.0,100.1,1
3501-35011-1,167,False,Line,1,3581-89516-1,Line,0.483,100.39,3161.9,1,1.136,26,0,0.0,0,0.0,0.0,100.1,1,0.711,1,0,0.0,0,0.0,0.0,100.1,1,0.711,1,0,0.0,0,0.0,0.0,100.1,1,0.711,1,0,0.0,0,0.0,0.0,100.1,1
3521-4061-1,50,False,Line,1,3581-89516-1,Line,0.169,100.14,5312.4,1,0.229,26,0,0.0,0,0.0,0.0,100.1,1,0.09,1,0,0.0,0,0.0,0.0,100.1,1,0.09,1,0,0.0,0,0.0,0.0,100.1,1,0.09,1,0,0.0,0,0.0,0.0,100.1,1
3521-4061-1,58,False,Line,1,3581-89516-1,Line,0.152,100.12,4583.8,1,0.143,26,0,0.0,0,0.0,0.0,100.1,1,0.058,1,0,0.0,0,0.0,0.0,100.1,1,0.058,1,0,0.0,0,0.0,0.0,100.1,1,0.058,1,0,0.0,0,0.0,0.0,100.1,1
3521-4061-1,65,False,Line,1,3581-89516-1,Line,0.149,100.12,5388.6,1,0.175,22,0,0.0,0,0.0,0.0,100.1,1,0.055,1,0,0.0,0,0.0,0.0,100.1,1,0.055,1,0,0.0,0,0.0,0.0,100.1,1,0.055,1,0,0.0,0,0.0,0.0,100.1,1
3521-4061-1,72,False,Line,1,3581-89516-1,Line,0.147,100.12,5745.9,1,0.147,19,0,0.0,0,0.0,0.0,100.1,1,0.059,1,0,0.0,0,0.0,0.0,100.1,1,0.059,1,0,0.0,0,0.0,0.0,100.1,1,0.059,1,0,0.0,0,0.0,0.0,100.1,1
3521-4061-1,79,False,Line,1,3581-89516-1,Line,0.177,100.14,2728.8,1,0.233,26,0,0.0,0,0.0,0.0,100.1,1,0.107,1,0,0.0,0,0.0,0.0,100.1,1,0.107,1,0,0.0,0,0.0,0.0,100.1,1,0.107,1,0,0.0,0,0.0,0.0,100.1,1
3521-4061-1,94,False,Line,1,3581-89516-1,Line,0.13,100.11,5470.0,1,0.028,26,0,0.0,0,0.0,0.0,100.1,1,0.013,1,0,0.0,0,0.0,0.0,100.1,1,0.013,1,0,0.0,0,0.0,0.0,100.1,1,0.013,1,0,0.0,0,0.0,0.0,100.1,1
3521-4061-1,108,False,Line,1,3581-89516-1,Line,0.165,100.13,7006.9,1,0.197,20,0,0.0,0,0.0,0.0,100.1,1,0.083,1,0,0.0,0,0.0,0.0,100.1,1,0.083,1,0,0.0,0,0.0,0.0,100.1,1,0.083,1,0,0.0,0,0.0,0.0,100.1,1
3521-4061-1,145,False,Line,1,3581-89516-1,Line,0.136,100.11,4124.9,1,0.048,26,0,0.0,0,0.0,0.0,100.1,1,0.025,1,0,0.0,0,0.0,0.0,100.1,1,0.025,1,0,0.0,0,0.0,0.0,100.1,1,0.025,1,0,0.0,0,0.0,0.0,100.1,1
3521-4061-1,152,False,Line,1,3581-89516-1,Line,0.136,100.11,4161.2,1,0.045,25,0,0.0,0,0.0,0.0,100.1,1,0.025,1,0,0.0,0,0.0,0.0,100.1,1,0.025,1,0,0.0,0,0.0,0.0,100.1,1,0.025,1,0,0.0,0,0.0,0.0,100.1,1
3521-4061-1,159,False,Line,1,3581-89516-1,Line,0.14,100.11,5313.0,1,0.059,25,0,0.0,0,0.0,0.0,100.1,1,0.034,1,0,0.0,0,0.0,0.0,100.1,1,0.034,1,0,0.0,0,0.0,0.0,100.1,1,0.034,1,0,0.0,0,0.0,0.0,100.1,1
3521-4781-1,58,False,Line,1,3581-89516-1,Line,1.894,101.54,4583.8,1,8.574,26,0,0.0,0,0.0,0.0,100.1,1,3.491,1,0,0.0,0,0.0,0.0,100.1,1,3.491,1,0,0.0,0,0.0,0.0,100.1,1,3.491,2,0,0.0,0,0.0,0.0,100.1,1
3521-4781-1,65,False,Line,1,3581-89516-1,Line,1.919,101.56,5388.6,1,11.961,22,0,0.0,0,0.0,0.0,100.1,1,3.769,1,0,0.0,0,0.0,0.0,100.1,1,3.769,1,0,0.0,0,0.0,0.0,100.1,1,3.769,1,0,0.0,0,0.0,0.0,100.1,1
3521-4781-1,72,False,Line,1,3581-89516-1,Line,1.975,101.61,5745.9,1,11.215,19,0,0.0,0,0.0,0.0,100.1,1,4.555,1,0,0.0,0,0.0,0.0,100.1,1,4.555,1,0,0.0,0,0.0,0.0,100.1,1,4.555,1,0,0.0,0,0.0,0.0,100.1,1
3521-4781-1,79,False,Line,1,3581-89516-1,Line,0.219,100.18,2728.8,1,0.411,26,0,0.0,0,0.0,0.0,100.1,1,0.189,1,0,0.0,0,0.0,0.0,100.1,1,0.189,1,0,0.0,0,0.0,0.0,100.1,1,0.189,1,0,0.0,0,0.0,0.0,100.1,1
3521-4781-1,94,False,Line,1,3581-89516-1,Line,0.384,100.31,5470.0,1,1.074,26,0,0.0,0,0.0,0.0,100.1,1,0.514,1,0,0.0,0,0.0,0.0,100.1,1,0.514,1,0,0.0,0,0.0,0.0,100.1,1,0.514,1,0,0.0,0,0.0,0.0,100.1,1
3521-4781-1,108,False,Line,1,3581-89516-1,Line,0.187,100.15,7006.9,1,0.295,20,0,0.0,0,0.0,0.0,100.1,1,0.125,1,0,0.0,0,0.0,0.0,100.1,1,0.125,1,0,0.0,0,0.0,0.0,100.1,1,0.125,1,0,0.0,0,0.0,0.0,100.1,1
3521-4781-1,123,False,Line,1,3581-89516-1,Line,0.381,100.31,5593.8,1,0.68,13,0,0.0,0,0.0,0.0,100.1,1,0.508,1,0,0.0,0,0.0,0.0,100.1,1,0.508,1,0,0.0,0,0.0,0.0,100.1,1,0.508,1,0,0.0,0,0.0,0.0,100.1,1
3521-4781-1,130,False,Line,1,3581-89516-1,Line,1.115,100.91,5592.5,1,2.599,13,0,0.0,0,0.0,0.0,100.1,1,1.956,1,0,0.0,0,0.0,0.0,100.1,1,1.956,1,0,0.0,0,0.0,0.0,100.1,1,1.956,1,0,0.0,0,0.0,0.0,100.1,1
3521-4781-1,145,False,Line,1,3581-89516-1,Line,1.435,101.17,4124.9,1,5.017,26,0,0.0,0,0.0,0.0,100.1,1,2.586,1,0,0.0,0,0.0,0.0,100.1,1,2.586,1,0,0.0,0,0.0,0.0,100.1,1,2.586,1,0,0.0,0,0.0,0.0,100.1,1
3521-4781-1,152,False,Line,1,3581-89516-1,Line,1.479,101.2,4161.2,1,4.72,25,0,0.0,0,0.0,0.0,100.1,1,2.673,1,0,0.0,0,0.0,0.0,100.1,1,2.673,1,0,0.0,0,0.0,0.0,100.1,1,2.673,1,0,0.0,0,0.0,0.0,100.1,1
3521-4781-1,159,False,Line,1,3581-89516-1,Line,1.063,100.86,5313.0,1,3.207,25,0,0.0,0,0.0,0.0,100.1,1,1.853,1,0,0.0,0,0.0,0.0,100.1,1,1.853,1,0,0.0,0,0.0,0.0,100.1,1,1.853,1,0,0.0,0,0.0,0.0,100.1,1
3521-4781-1,167,False,Line,1,3581-89516-1,Line,0.29,100.24,3161.9,1,0.527,26,0,0.0,0,0.0,0.0,100.1,1,0.329,1,0,0.0,0,0.0,0.0,100.1,1,0.329,1,0,0.0,0,0.0,0.0,100.1,1,0.329,1,0,0.0,0,0.0,0.0,100.1,1
3522-66121-1,0,False,Line,3,3581-89516-1,Line,3.287,101.97,5299.5,1,5.856,13,0,0.0,0,0.0,0.0,100.1,1,4.573,1,0,0.0,0,0.0,0.0,100.1,1,4.573,1,0,0.0,0,0.0,0.0,100.1,1,4.573,1,0,0.0,0,0.0,0.0,100.1,1
3522-66121-1,7,False,Line,3,3581-89516-1,Line,4.903,102.41,6073.6,1,7.54,16,0,0.0,0,0.0,0.0,100.1,1,5.641,1,0,0.0,0,0.0,0.0,100.1,1,5.641,1,0,0.0,0,0.0,0.0,100.1,1,5.641,1,0,0.0,0,0.0,0.0,100.1,1
3522-66121-1,21,False,Line,1,3581-89516-1,Line,1.393,101.13,4735.3,1,3.572,7,0,0.0,0,0.0,0.0,100.1,1,3.149,1,0,0.0,0,0.0,0.0,100.1,1,3.149,1,0,0.0,0,0.0,0.0,100.1,1,3.149,1,0,0.0,0,0.0,0.0,100.1,1
3522-66121-1,29,False,Line,3,3581-89516-1,Line,6.417,102.82,5968.4,1,11.048,10,0,0.0,0,0.0,0.0,100.1,1,8.305,1,0,0.0,0,0.0,0.0,100.1,1,8.305,1,0,0.0,0,0.0,0.0,100.1,1,8.305,1,0,0.0,0,0.0,0.0,100.1,1
3522-66121-1,50,False,Line,1,3581-89516-1,Line,1.694,101.38,5312.4,1,7.914,26,0,0.0,0,0.0,0.0,100.1,1,3.114,1,0,0.0,0,0.0,0.0,100.1,1,3.114,1,0,0.0,0,0.0,0.0,100.1,1,3.114,2,0,0.0,0,0.0,0.0,100.1,1
3522-66121-1,65,False,Line,1,3581-89516-1,Line,0.962,100.78,5388.6,1,5.709,22,0,0.0,0,0.0,0.0,100.1,1,1.773,1,0,0.0,0,0.0,0.0,100.1,1,1.773,1,0,0.0,0,0.0,0.0,100.1,1,1.773,1,0,0.0,0,0.0,0.0,100.1,1
3522-66121-1,72,False,Line,1,3581-89516-1,Line,1.215,100.99,5745.9,1,6.739,19,0,0.0,0,0.0,0.0,100.1,1,2.708,1,0,0.0,0,0.0,0.0,100.1,1,2.708,1,0,0.0,0,0.0,0.0,100.1,1,2.708,1,0,0.0,0,0.0,0.0,100.1,1
3522-66121-1,79,False,Line,1,3581-89516-1,Line,0.543,100.44,2728.8,1,1.82,26,0,0.0,0,0.0,0.0,100.1,1,0.833,1,0,0.0,0,0.0,0.0,100.1,1,0.833,1,0,0.0,0,0.0,0.0,100.1,1,0.833,1,0,0.0,0,0.0,0.0,100.1,1
3522-66121-1,94,False,Line,1,3581-89516-1,Line,1.894,101.54,5470.0,1,7.376,26,0,0.0,0,0.0,0.0,100.1,1,3.511,1,0,0.0,0,0.0,0.0,100.1,1,3.511,1,0,0.0,0,0.0,0.0,100.1,1,3.511,1,0,0.0,0,0.0,0.0,100.1,1
3522-66121-1,108,False,Line,4,3581-89516-1,Line,5.917,101.78,7006.9,1,14.946,24,0,0.0,0,0.0,0.0,100.1,1,23.443,2,0,0.0,0,0.0,0.0,100.1,1,36.364,1,0,0.0,0,0.0,0.0,100.1,1,9.387,2,0,0.0,0,0.0,0.0,100.1,1
3522-66121-1,116,False,Line,3,3581-89516-1,Line,3.06,101.91,4604.0,1,6.491,7,0,0.0,0,0.0,0.0,100.1,1,5.531,1,0,0.0,0,0.0,0.0,100.1,1,5.531,1,0,0.0,0,0.0,0.0,100.1,1,5.531,1,0,0.0,0,0.0,0.0,100.1,1
3522-66121-1,123,False,Line,1,3581-89516-1,Line,1.766,101.44,5593.8,1,4.379,13,0,0.0,0,0.0,0.0,100.1,1,3.258,1,0,0.0,0,0.0,0.0,100.1,1,3.258,1,0,0.0,0,0.0,0.0,100.1,1,3.258,1,0,0.0,0,0.0,0.0,100.1,1
3522-66121-1,130,False,Line,1,3581-89516-1,Line,0.977,100.79,5592.5,1,2.258,13,0,0.0,0,0.0,0.0,100.1,1,1.694,1,0,0.0,0,0.0,0.0,100.1,1,1.694,1,0,0.0,0,0.0,0.0,100.1,1,1.694,1,0,0.0,0,0.0,0.0,100.1,1
3522-66121-1,137,False,Line,3,3581-89516-1,Line,2.874,101.86,5053.5,1,7.615,11,0,0.0,0,0.0,0.0,100.1,1,5.377,1,0,0.0,0,0.0,0.0,100.1,1,5.377,1,0,0.0,0,0.0,0.0,100.1,1,5.377,1,0,0.0,0,0.0,0.0,100.1,1
3541-3901-1,101,False,Line,2,T3464-3462-34641-1-w2,Transformer,1.265,100.13,5965.5,1,1.024,53,0,0.0,0,0.0,0.0,100.1,1,0.711,1,0,0.0,0,0.0,0.0,100.1,1,0.711,1,0,0.0,0,0.0,0.0,100.1,1,0.711,1,0,0.0,0,0.0,0.0,100.1,1
3541-3901-1,108,False,Line,2,T3464-3462-34641-1-w2,Transformer,1.564,100.16,7006.9,1,2.183,55,0,0.0,0,0.0,0.0,100.1,1,1.511,1,0,0.0,0,0.0,0.0,100.1,1,1.511,1,0,0.0,0,0.0,0.0,100.1,1,1.511,1,0,0.0,0,0.0,0.0,100.1,1
3541-3901-1,159,False,Line,2,T3464-3462-34641-1-w2,Transformer,2.001,100.2,5313.0,1,3.772,55,0,0.0,0,0.0,0.0,100.1,1,2.682,1,0,0.0,0,0.0,0.0,100.1,1,2.682,1,0,0.0,0,0.0,0.0,100.1,1,2.682,1,0,0.0,0,0.0,0.0,100.1,1
3541-4681-1,159,False,Line,2,T3464-3462-34641-1-w2,Transformer,1.209,100.12,5313.0,1,0.782,55,0,0.0,0,0.0,0.0,100.1,1,0.558,1,0,0.0,0,0.0,0.0,100.1,1,0.558,1,0,0.0,0,0.0,0.0,100.1,1,0.558,1,0,0.0,0,0.0,0.0,100.1,1
3551-4481-1,0,False,Line,1,3581-89516-1,Line,0.338,100.27,5299.5,1,0.545,13,0,0.0,0,0.0,0.0,100.1,1,0.426,1,0,0.0,0,0.0,0.0,100.1,1,0.426,1,0,0.0,0,0.0,0.0,100.1,1,0.426,1,0,0.0,0,0.0,0.0,100.1,1
3551-4481-1,7,False,Line,1,3581-89516-1,Line,0.2,100.16,6073.6,1,0.204,16,0,0.0,0,0.0,0.0,100.1,1,0.153,1,0,0.0,0,0.0,0.0,100.1,1,0.153,1,0,0.0,0,0.0,0.0,100.1,1,0.153,1,0,0.0,0,0.0,0.0,100.1,1
3551-4481-1,21,False,Line,1,3581-89516-1,Line,0.367,100.3,4735.3,1,0.685,7,0,0.0,0,0.0,0.0,100.1,1,0.604,1,0,0.0,0,0.0,0.0,100.1,1,0.604,1,0,0.0,0,0.0,0.0,100.1,1,0.604,1,0,0.0,0,0.0,0.0,100.1,1
3551-4481-1,29,False,Line,1,3581-89516-1,Line,0.636,100.52,5968.4,1,1.688,10,0,0.0,0,0.0,0.0,100.1,1,1.27,1,0,0.0,0,0.0,0.0,100.1,1,1.27,1,0,0.0,0,0.0,0.0,100.1,1,1.27,1,0,0.0,0,0.0,0.0,100.1,1
3551-4481-1,50,False,Line,2,3082-3122-1,Line,10.467,100.98,5312.4,1,27.056,21,0,0.0,0,0.0,0.0,100.1,1,15.93,1,0,0.0,0,0.0,0.0,100.1,1,15.93,1,0,0.0,0,0.0,0.0,100.1,1,13.883,2,0,0.0,0,0.0,0.0,100.1,1
3551-4481-1,116,False,Line,1,3581-89516-1,Line,0.971,100.79,4604.0,1,2.46,7,0,0.0,0,0.0,0.0,100.1,1,2.097,1,0,0.0,0,0.0,0.0,100.1,1,2.097,1,0,0.0,0,0.0,0.0,100.1,1,2.097,1,0,0.0,0,0.0,0.0,100.1,1
3551-4481-1,123,False,Line,1,3581-89516-1,Line,0.399,100.32,5593.8,1,0.734,13,0,0.0,0,0.0,0.0,100.1,1,0.546,1,0,0.0,0,0.0,0.0,100.1,1,0.546,1,0,0.0,0,0.0,0.0,100.1,1,0.546,1,0,0.0,0,0.0,0.0,100.1,1
3551-4481-1,130,False,Line,1,3581-89516-1,Line,0.253,100.21,5592.5,1,0.343,13,0,0.0,0,0.0,0.0,100.1,1,0.257,1,0,0.0,0,0.0,0.0,100.1,1,0.257,1,0,0.0,0,0.0,0.0,100.1,1,0.257,1,0,0.0,0,0.0,0.0,100.1,1
3551-4481-1,137,False,Line,1,3581-89516-1,Line,0.987,100.8,5053.5,1,3.023,11,0,0.0,0,0.0,0.0,100.1,1,2.136,1,0,0.0,0,0.0,0.0,100.1,1,2.136,1,0,0.0,0,0.0,0.0,100.1,1,2.136,1,0,0.0,0,0.0,0.0,100.1,1
3551-4481-1,159,False,Line,3,T3464-3462-34641-1-w2,Transformer,3.53,100.33,5313.0,0,9.227,81,0,0.0,0,1.023,0.0,100.1,1,25.18,2,0,0.0,0,0.0,0.0,100.1,1,14.06,2,0,0.0,0,0.0,0.0,100.1,1,6.553,2,0,0.0,0,0.0,0.0,100.1,1
3554-22044-1,0,False,Line,1,3581-89516-1,Line,1.41,101.15,5299.5,1,3.267,13,0,0.0,0,0.0,0.0,100.1,1,2.552,1,0,0.0,0,0.0,0.0,100.1,1,2.552,1,0,0.0,0,0.0,0.0,100.1,1,2.552,1,0,0.0,0,0.0,0.0,100.1,1
3554-22044-1,7,False,Line,3,3581-89516-1,Line,8.772,103.46,6073.6,1,10.949,16,0,0.0,0,0.0,0.0,100.1,1,8.194,1,0,0.0,0,0.0,0.0,100.1,1,8.194,1,0,0.0,0,0.0,0.0,100.1,1,8.194,1,0,0.0,0,0.0,0.0,100.1,1
3554-22044-1,21,False,Line,1,3581-89516-1,Line,1.012,100.82,4735.3,1,2.497,7,0,0.0,0,0.0,0.0,100.1,1,2.202,1,0,0.0,0,0.0,0.0,100.1,1,2.202,1,0,0.0,0,0.0,0.0,100.1,1,2.202,1,0,0.0,0,0.0,0.0,100.1,1
3554-22044-1,29,False,Line,3,3581-89516-1,Line,9.538,103.67,5968.4,1,14.463,10,0,0.0,0,0.0,0.0,100.1,1,10.877,1,0,0.0,0,0.0,0.0,100.1,1,10.877,1,0,0.0,0,0.0,0.0,100.1,1,10.877,1,0,0.0,0,0.0,0.0,100.1,1
3554-22044-1,36,False,Line,3,4664-43844-1,Line,55.588,102.7,6805.4,1,113.893,88,0,0.0,0,0.0,0.0,100.1,1,78.372,2,0,0.0,0,0.0,0.0,100.1,1,80.667,2,0,0.0,0,0.0,0.0,100.1,1,78.363,2,0,0.0,0,0.0,0.0,100.1,1
3554-22044-1,50,False,Line,7,4664-43844-1,Line,574.94,124.85,5312.4,0,1142.421,116,0,0.0,0,1.747,0.0,100.34,1,1474.627,26,0,0.0,0,0.0,0.0,100.1,0,0.0,0,0,0.0,0,574.94,0.0,124.85,1,871.423,20,0,0.0,0,0.0,0.0,100.1,1
3554-22044-1,58,False,Line,5,4664-43844-1,Line,236.861,110.97,4583.8,1,505.449,107,0,0.0,0,0.0,0.0,100.1,1,362.466,5,0,0.0,0,0.0,0.0,100.1,1,559.64,20,0,0.0,0,0.0,0.0,100.1,1,340.02,6,0,0.0,0,0.0,0.0,100.1,1
3554-22044-1,65,False,Line,6,4664-43844-1,Line,388.134,118.23,5388.6,1,838.896,103,0,0.0,0,0.0,0.0,100.1,1,592.161,17,0,0.0,0,0.0,0.0,100.1,0,0.0,0,0,0.0,0,388.134,0.0,118.23,1,578.032,16,0,0.0,0,0.0,0.0,100.1,1
3554-22044-1,72,False,Line,5,4664-43844-1,Line,145.934,106.46,5745.9,1,309.913,100,1,0.825,0,0.0,100.16,100.16,1,218.554,3,1,0.582,0,0.0,100.11,100.11,0,192.631,6,0,0.0,0,38.337,0.0,103.52,1,208.56,3,0,0.0,0,0.0,0.0,100.1,1
3554-22044-1,79,False,Line,3,3581-89516-1,Line,10.733,103.99,2728.8,1,20.699,26,0,0.0,0,0.0,0.0,100.1,1,9.489,1,0,0.0,0,0.0,0.0,100.1,1,9.489,1,0,0.0,0,0.0,0.0,100.1,1,9.489,2,0,0.0,0,0.0,0.0,100.1,1
3554-22044-1,94,False,Line,3,3581-89516-1,Line,12.337,104.43,5470.0,1,22.133,26,0,0.0,0,0.0,0.0,100.1,1,10.549,1,0,0.0,0,0.0,0.0,100.1,1,10.549,1,0,0.0,0,0.0,0.0,100.1,1,10.549,2,0,0.0,0,0.0,0.0,100.1,1
3554-22044-1,101,False,Line,4,4664-43844-1,Line,636.222,131.71,5965.5,1,1367.974,85,1,3.643,0,0.0,100.71,100.71,1,1016.85,22,2,4.892,0,0.0,101.75,101.75,0,192.631,3,0,0.0,0,536.825,0.0,126.93,1,1025.251,23,0,0.0,0,0.0,0.0,100.1,1
3554-22044-1,108,False,Line,7,4664-43844-1,Line,670.059,131.86,7006.9,1,1405.734,99,1,3.744,0,0.0,100.73,100.73,1,1069.17,22,1,2.847,0,0.0,100.56,100.56,0,0.0,0,0,0.0,0,670.059,0.0,131.86,1,1042.036,21,0,0.0,0,0.0,0.0,100.1,1
3554-22044-1,116,False,Line,1,3581-89516-1,Line,0.942,100.77,4604.0,1,2.382,7,0,0.0,0,0.0,0.0,100.1,1,2.03,1,0,0.0,0,0.0,0.0,100.1,1,2.03,1,0,0.0,0,0.0,0.0,100.1,1,2.03,1,0,0.0,0,0.0,0.0,100.1,1
3554-22044-1,123,False,Line,3,3581-89516-1,Line,6.981,102.98,5593.8,1,9.419,13,0,0.0,0,0.0,0.0,100.1,1,7.011,1,0,0.0,0,0.0,0.0,100.1,1,7.011,1,0,0.0,0,0.0,0.0,100.1,1,7.011,1,0,0.0,0,0.0,0.0,100.1,1
3554-22044-1,130,False,Line,3,3581-89516-1,Line,11.727,104.26,5592.5,1,13.52,13,0,0.0,0,0.0,0.0,100.1,1,10.146,1,0,0.0,0,0.0,0.0,100.1,1,10.146,1,0,0.0,0,0.0,0.0,100.1,1,10.146,1,0,0.0,0,0.0,0.0,100.1,1
3554-22044-1,137,False,Line,3,3581-89516-1,Line,8.417,103.36,5053.5,1,14.087,11,0,0.0,0,0.0,0.0,100.1,1,9.951,1,0,0.0,0,0.0,0.0,100.1,1,9.951,1,0,0.0,0,0.0,0.0,100.1,1,9.951,1,0,0.0,0,0.0,0.0,100.1,1
3554-22044-1,145,False,Line,5,4664-43844-1,Line,493.219,123.64,4124.9,0,1009.327,107,0,0.0,0,1.487,0.0,100.15,1,754.174,16,0,0.0,0,0.0,0.0,100.1,0,690.562,42,0,0.0,0,263.68,0.0,113.45,1,740.598,16,0,0.0,0,0.0,0.0,100.1,1
3554-22044-1,152,False,Line,5,4664-43844-1,Line,268.863,112.51,4161.2,0,548.986,106,0,0.0,0,1.562,0.0,100.16,1,396.396,3,0,0.0,0,0.0,0.0,100.1,0,665.439,40,0,0.0,0,58.405,0.0,103.15,1,387.334,5,0,0.0,0,0.0,0.0,100.1,1
3554-22044-1,159,False,Line,5,4664-43844-1,Line,650.659,131.43,5313.0,0,1343.309,105,0,0.0,0,2.216,0.0,100.22,1,1014.249,19,0,0.0,0,0.0,0.0,100.1,0,881.309,39,0,0.0,0,305.807,0.0,115.63,1,1013.763,18,0,0.0,0,0.0,0.0,100.1,1
3554-22044-1,167,False,Line,5,3581-89516-1,Line,96.542,105.72,3161.9,0,175.485,107,0,0.0,0,1.553,0.0,100.16,1,134.977,2,0,0.0,0,0.0,0.0,100.1,1,200.924,18,0,0.0,0,0.0,0.0,100.1,1,131.766,3,0,0.0,0,0.0,0.0,100.1,1
3554-39444-1,0,False,Line,1,3581-89516-1,Line,1.884,101.53,5299.5,1,4.466,13,0,0.0,0,0.0,0.0,100.1,1,3.488,1,0,0.0,0,0.0,0.0,100.1,1,3.488,1,0,0.0,0,0.0,0.0,100.1,1,3.488,1,0,0.0,0,0.0,0.0,100.1,1
3554-39444-1,7,False,Line,3,3581-89516-1,Line,10.363,103.89,6073.6,1,12.346,16,0,0.0,0,0.0,0.0,100.1,1,9.241,1,0,0.0,0,0.0,0.0,100.1,1,9.241,1,0,0.0,0,0.0,0.0,100.1,1,9.241,2,0,0.0,0,0.0,0.0,100.1,1
3554-39444-1,14,False,Line,2,4664-43844-1,Line,19.738,100.99,6309.0,1,31.924,71,0,0.0,0,0.0,0.0,100.1,1,22.619,1,0,0.0,0,0.0,0.0,100.1,1,22.619,1,0,0.0,0,0.0,0.0,100.1,1,22.619,1,0,0.0,0,0.0,0.0,100.1,1
3554-39444-1,21,False,Line,1,3581-89516-1,Line,1.369,101.11,4735.3,1,3.499,7,0,0.0,0,0.0,0.0,100.1,1,3.085,1,0,0.0,0,0.0,0.0,100.1,1,3.085,1,0,0.0,0,0.0,0.0,100.1,1,3.085,1,0,0.0,0,0.0,0.0,100.1,1
3554-39444-1,29,False,Line,3,3581-89516-1,Line,9.889,103.76,5968.4,1,14.839,10,0,0.0,0,0.0,0.0,100.1,1,11.161,1,0,0.0,0,0.0,0.0,100.1,1,11.161,1,0,0.0,0,0.0,0.0,100.1,1,11.161,1,0,0.0,0,0.0,0.0,100.1,1
3554-39444-1,36,False,Line,2,4664-43844-1,Line,177.849,108.92,6805.4,1,344.894,83,1,0.918,0,0.0,100.18,100.18,1,224.18,1,1,0.597,0,0.0,100.12,100.12,0,192.631,1,0,0.0,0,25.459,0.0,101.34,1,224.286,2,0,0.0,0,0.0,0.0,100.1,1
3554-39444-1,50,False,Line,7,4664-43844-1,Line,721.976,133.12,5312.4,1,1306.213,101,1,0.644,0,0.0,100.13,100.13,1,1008.187,23,0,0.0,0,0.0,0.0,100.1,0,0.0,0,0,0.0,0,721.976,0.0,133.12,1,977.803,23,0,0.0,0,0.0,0.0,100.1,1
3554-39444-1,58,False,Line,5,4664-43844-1,Line,395.38,118.93,4583.8,1,767.941,101,0,0.0,0,0.0,0.0,100.1,1,530.753,13,0,0.0,0,0.0,0.0,100.1,0,1018.389,42,0,0.0,0,90.248,0.0,104.87,1,509.809,13,0,0.0,0,0.0,0.0,100.1,1
3554-39444-1,65,False,Line,5,4664-43844-1,Line,505.713,124.42,5388.6,1,997.336,97,0,0.0,0,0.0,0.0,100.1,1,680.561,18,0,0.0,0,0.0,0.0,100.1,0,1117.512,43,0,0.0,0,154.951,0.0,108.14,1,680.559,17,0,0.0,0,0.0,0.0,100.1,1
3554-39444-1,72,False,Line,5,4664-43844-1,Line,290.22,113.71,5745.9,1,554.708,94,1,1.477,0,0.0,100.29,100.29,1,378.76,4,1,1.009,0,0.0,100.2,100.2,0,192.631,6,0,0.0,0,175.826,0.0,108.4,1,370.47,7,0,0.0,0,0.0,0.0,100.1,1
3554-39444-1,79,False,Line,3,3581-89516-1,Line,11.025,104.07,2728.8,1,21.103,26,0,0.0,0,0.0,0.0,100.1,1,9.677,1,0,0.0,0,0.0,0.0,100.1,1,9.677,1,0,0.0,0,0.0,0.0,100.1,1,9.677,2,0,0.0,0,0.0,0.0,100.1,1
3554-39444-1,94,False,Line,3,3581-89516-1,Line,11.728,104.26,5470.0,1,21.272,26,0,0.0,0,0.0,0.0,100.1,1,10.141,1,0,0.0,0,0.0,0.0,100.1,1,10.141,1,0,0.0,0,0.0,0.0,100.1,1,10.141,2,0,0.0,0,0.0,0.0,100.1,1
3554-39444-1,101,False,Line,3,4664-43844-1,Line,789.747,139.6,5965.5,1,1533.993,80,1,4.085,0,0.0,100.8,100.8,1,1122.913,21,2,5.598,0,0.0,102.09,102.09,0,192.631,4,0,0.0,0,674.434,0.0,133.89,1,1132.485,23,0,0.0,0,0.0,0.0,100.1,1
3554-39444-1,108,False,Line,6,4664-43844-1,Line,812.786,139.19,7006.9,1,1542.278,94,1,4.107,0,0.0,100.8,100.8,1,1153.405,22,1,3.072,0,0.0,100.6,100.6,0,192.631,6,0,0.0,0,695.933,0.0,134.45,1,1126.737,23,0,0.0,0,0.0,0.0,100.1,1
3554-39444-1,116,False,Line,1,3581-89516-1,Line,0.791,100.64,4604.0,1,1.941,7,0,0.0,0,0.0,0.0,100.1,1,1.655,1,0,0.0,0,0.0,0.0,100.1,1,1.655,1,0,0.0,0,0.0,0.0,100.1,1,1.655,1,0,0.0,0,0.0,0.0,100.1,1
3554-39444-1,123,False,Line,3,3581-89516-1,Line,8.003,103.25,5593.8,1,10.32,13,0,0.0,0,0.0,0.0,100.1,1,7.682,1,0,0.0,0,0.0,0.0,100.1,1,7.682,1,0,0.0,0,0.0,0.0,100.1,1,7.682,1,0,0.0,0,0.0,0.0,100.1,1
3554-39444-1,130,False,Line,3,3581-89516-1,Line,12.977,104.6,5592.5,1,14.611,13,0,0.0,0,0.0,0.0,100.1,1,10.966,1,0,0.0,0,0.0,0.0,100.1,1,10.966,1,0,0.0,0,0.0,0.0,100.1,1,10.966,1,0,0.0,0,0.0,0.0,100.1,1
3554-39444-1,137,False,Line,3,3581-89516-1,Line,7.594,103.14,5053.5,1,13.115,11,0,0.0,0,0.0,0.0,100.1,1,9.266,1,0,0.0,0,0.0,0.0,100.1,1,9.266,1,0,0.0,0,0.0,0.0,100.1,1,9.266,1,0,0.0,0,0.0,0.0,100.1,1
3554-39444-1,145,False,Line,5,4664-43844-1,Line,711.865,134.58,4124.9,0,1312.27,101,0,0.0,0,1.307,0.0,100.13,1,977.295,21,0,0.0,0,0.0,0.0,100.1,0,599.759,39,0,0.0,0,502.168,0.0,125.38,1,967.854,21,0,0.0,0,0.0,0.0,100.1,1
3554-39444-1,152,False,Line,5,4664-43844-1,Line,400.366,119.15,4161.2,0,739.727,100,0,0.0,0,1.354,0.0,100.14,1,520.282,8,0,0.0,0,0.0,0.0,100.1,0,659.971,39,0,0.0,0,193.215,0.0,109.91,1,511.486,8,0,0.0,0,0.0,0.0,100.1,1
3554-39444-1,159,False,Line,5,4664-43844-1,Line,817.387,139.83,5313.0,0,1510.672,99,0,0.0,0,1.862,0.0,100.19,1,1134.167,21,0,0.0,0,0.0,0.0,100.1,0,630.363,36,0,0.0,0,577.134,0.0,129.15,1,1134.166,21,0,0.0,0,0.0,0.0,100.1,1
3554-39444-1,167,False,Line,5,4664-43844-1,Line,298.273,114.06,3161.9,0,512.189,101,0,0.0,0,1.404,0.0,100.14,1,375.195,3,0,0.0,0,0.0,0.0,100.1,0,394.351,36,0,0.0,0,127.227,0.0,106.51,1,374.138,4,0,0.0,0,0.0,0.0,100.1,1
3561-35211-1,58,False,Line,1,3581-89516-1,Line,0.187,100.15,4583.8,1,0.31,26,0,0.0,0,0.0,0.0,100.1,1,0.126,1,0,0.0,0,0.0,0.0,100.1,1,0.126,1,0,0.0,0,0.0,0.0,100.1,1,0.126,1,0,0.0,0,0.0,0.0,100.1,1
3561-35211-1,65,False,Line,1,3581-89516-1,Line,0.361,100.29,5388.6,1,1.599,22,0,0.0,0,0.0,0.0,100.1,1,0.501,1,0,0.0,0,0.0,0.0,100.1,1,0.501,1,0,0.0,0,0.0,0.0,100.1,1,0.501,1,0,0.0,0,0.0,0.0,100.1,1
3561-35211-1,72,False,Line,1,3581-89516-1,Line,0.388,100.32,5745.9,1,1.619,19,0,0.0,0,0.0,0.0,100.1,1,0.655,1,0,0.0,0,0.0,0.0,100.1,1,0.655,1,0,0.0,0,0.0,0.0,100.1,1,0.655,1,0,0.0,0,0.0,0.0,100.1,1
3561-35211-1,108,False,Line,1,3691-4041-1,Line,0.321,100.17,7006.9,1,0.282,8,0,0.0,0,0.0,0.0,100.1,1,0.234,1,0,0.0,0,0.0,0.0,100.1,1,0.234,1,0,0.0,0,0.0,0.0,100.1,1,0.234,1,0,0.0,0,0.0,0.0,100.1,1
3561-35211-1,130,False,Line,1,3581-89516-1,Line,0.845,100.69,5592.5,1,1.896,13,0,0.0,0,0.0,0.0,100.1,1,1.425,1,0,0.0,0,0.0,0.0,100.1,1,1.425,1,0,0.0,0,0.0,0.0,100.1,1,1.425,1,0,0.0,0,0.0,0.0,100.1,1
3561-35211-1,145,False,Line,1,3581-89516-1,Line,0.159,100.13,4124.9,1,0.138,26,0,0.0,0,0.0,0.0,100.1,1,0.071,1,0,0.0,0,0.0,0.0,100.1,1,0.071,1,0,0.0,0,0.0,0.0,100.1,1,0.071,1,0,0.0,0,0.0,0.0,100.1,1
3561-35211-1,152,False,Line,1,3581-89516-1,Line,0.203,100.16,4161.2,1,0.278,25,0,0.0,0,0.0,0.0,100.1,1,0.157,1,0,0.0,0,0.0,0.0,100.1,1,0.157,1,0,0.0,0,0.0,0.0,100.1,1,0.157,1,0,0.0,0,0.0,0.0,100.1,1
3571-4481-1,0,False,Line,1,3581-89516-1,Line,0.844,100.69,5299.5,1,1.827,13,0,0.0,0,0.0,0.0,100.1,1,1.427,1,0,0.0,0,0.0,0.0,100.1,1,1.427,1,0,0.0,0,0.0,0.0,100.1,1,1.427,1,0,0.0,0,0.0,0.0,100.1,1
3571-4481-1,7,False,Line,1,3581-89516-1,Line,0.815,100.66,6073.6,1,1.829,16,0,0.0,0,0.0,0.0,100.1,1,1.37,1,0,0.0,0,0.0,0.0,100.1,1,1.37,1,0,0.0,0,0.0,0.0,100.1,1,1.37,1,0,0.0,0,0.0,0.0,100.1,1
3571-4481-1,21,False,Line,1,3581-89516-1,Line,0.899,100.73,4735.3,1,2.177,7,0,0.0,0,0.0,0.0,100.1,1,1.92,1,0,0.0,0,0.0,0.0,100.1,1,1.92,1,0,0.0,0,0.0,0.0,100.1,1,1.92,1,0,0.0,0,0.0,0.0,100.1,1
3571-4481-1,29,False,Line,1,3581-89516-1,Line,1.453,101.18,5968.4,1,4.371,10,0,0.0,0,0.0,0.0,100.1,1,3.288,1,0,0.0,0,0.0,0.0,100.1,1,3.288,1,0,0.0,0,0.0,0.0,100.1,1,3.288,1,0,0.0,0,0.0,0.0,100.1,1
3571-4481-1,50,False,Line,1,3581-89516-1,Line,1.315,101.07,5312.4,1,5.979,26,0,0.0,0,0.0,0.0,100.1,1,2.359,1,0,0.0,0,0.0,0.0,100.1,1,2.359,1,0,0.0,0,0.0,0.0,100.1,1,2.359,2,0,0.0,0,0.0,0.0,100.1,1
3571-4481-1,58,False,Line,1,3581-89516-1,Line,1.358,101.1,4583.8,1,6.043,26,0,0.0,0,0.0,0.0,100.1,1,2.443,1,0,0.0,0,0.0,0.0,100.1,1,2.443,1,0,0.0,0,0.0,0.0,100.1,1,2.443,2,0,0.0,0,0.0,0.0,100.1,1
3571-4481-1,65,False,Line,1,3581-89516-1,Line,1.428,101.16,5388.6,1,8.822,22,0,0.0,0,0.0,0.0,100.1,1,2.751,1,0,0.0,0,0.0,0.0,100.1,1,2.751,1,0,0.0,0,0.0,0.0,100.1,1,2.751,1,0,0.0,0,0.0,0.0,100.1,1
3571-4481-1,72,False,Line,1,3581-89516-1,Line,1.159,100.94,5745.9,1,6.357,19,0,0.0,0,0.0,0.0,100.1,1,2.562,1,0,0.0,0,0.0,0.0,100.1,1,2.562,1,0,0.0,0,0.0,0.0,100.1,1,2.562,1,0,0.0,0,0.0,0.0,100.1,1
3571-4481-1,79,False,Line,1,3581-89516-1,Line,1.452,101.18,2728.8,1,5.734,26,0,0.0,0,0.0,0.0,100.1,1,2.631,1,0,0.0,0,0.0,0.0,100.1,1,2.631,1,0,0.0,0,0.0,0.0,100.1,1,2.631,1,0,0.0,0,0.0,0.0,100.1,1
3571-4481-1,94,False,Line,1,3581-89516-1,Line,0.941,100.76,5470.0,1,3.394,26,0,0.0,0,0.0,0.0,100.1,1,1.618,1,0,0.0,0,0.0,0.0,100.1,1,1.618,1,0,0.0,0,0.0,0.0,100.1,1,1.618,1,0,0.0,0,0.0,0.0,100.1,1
3571-4481-1,101,False,Line,2,T3464-3462-34641-1-w2,Transformer,18.405,101.84,5965.5,1,66.652,54,0,0.0,0,0.0,0.0,100.1,1,46.752,1,0,0.0,0,0.0,0.0,100.1,1,46.752,1,0,0.0,0,0.0,0.0,100.1,1,46.752,2,0,0.0,0,0.0,0.0,100.1,1
3571-4481-1,108,False,Line,4,T3464-3462-34641-1-w2,Transformer,16.924,101.49,7006.9,0,59.264,76,0,0.0,0,1.088,0.0,100.12,1,75.514,2,0,0.0,0,0.0,0.0,100.1,1,75.514,2,0,0.0,0,0.0,0.0,100.1,1,41.111,3,0,0.0,0,0.0,0.0,100.1,1
3571-4481-1,116,False,Line,1,3581-89516-1,Line,0.877,100.71,4604.0,1,2.187,7,0,0.0,0,0.0,0.0,100.1,1,1.865,1,0,0.0,0,0.0,0.0,100.1,1,1.865,1,0,0.0,0,0.0,0.0,100.1,1,1.865,1,0,0.0,0,0.0,0.0,100.1,1
3571-4481-1,123,False,Line,1,3581-89516-1,Line,1.026,100.83,5593.8,1,2.4,13,0,0.0,0,0.0,0.0,100.1,1,1.787,1,0,0.0,0,0.0,0.0,100.1,1,1.787,1,0,0.0,0,0.0,0.0,100.1,1,1.787,1,0,0.0,0,0.0,0.0,100.1,1
3571-4481-1,130,False,Line,1,3581-89516-1,Line,1.117,100.91,5592.5,1,2.62,13,0,0.0,0,0.0,0.0,100.1,1,1.967,1,0,0.0,0,0.0,0.0,100.1,1,1.967,1,0,0.0,0,0.0,0.0,100.1,1,1.967,1,0,0.0,0,0.0,0.0,100.1,1
3571-4481-1,137,False,Line,1,3581-89516-1,Line,1.246,101.01,5053.5,1,3.928,11,0,0.0,0,0.0,0.0,100.1,1,2.776,1,0,0.0,0,0.0,0.0,100.1,1,2.776,1,0,0.0,0,0.0,0.0,100.1,1,2.776,1,0,0.0,0,0.0,0.0,100.1,1
3571-4481-1,145,False,Line,1,3581-89516-1,Line,1.888,101.54,4124.9,1,6.809,26,0,0.0,0,0.0,0.0,100.1,1,3.492,1,0,0.0,0,0.0,0.0,100.1,1,3.492,1,0,0.0,0,0.0,0.0,100.1,1,3.492,1,0,0.0,0,0.0,0.0,100.1,1
3571-4481-1,152,False,Line,1,3581-89516-1,Line,1.323,101.08,4161.2,1,4.21,25,0,0.0,0,0.0,0.0,100.1,1,2.374,1,0,0.0,0,0.0,0.0,100.1,1,2.374,1,0,0.0,0,0.0,0.0,100.1,1,2.374,1,0,0.0,0,0.0,0.0,100.1,1
3571-4481-1,159,False,Line,3,T3464-3462-34641-1-w2,Transformer,18.177,101.69,5313.0,0,64.317,81,0,0.0,0,1.176,0.0,100.13,1,61.762,2,0,0.0,0,0.0,0.0,100.1,0,97.441,6,0,0.0,0,0.398,0.0,100.32,1,46.051,3,0,0.0,0,0.0,0.0,100.1,1
3571-4481-1,167,False,Line,1,3581-89516-1,Line,0.883,100.72,3161.9,1,2.412,26,0,0.0,0,0.0,0.0,100.1,1,1.504,1,0,0.0,0,0.0,0.0,100.1,1,1.504,1,0,0.0,0,0.0,0.0,100.1,1,1.504,1,0,0.0,0,0.0,0.0,100.1,1
3571-5081-1,0,False,Line,1,3581-89516-1,Line,0.585,100.48,5299.5,1,1.169,13,0,0.0,0,0.0,0.0,100.1,1,0.913,1,0,0.0,0,0.0,0.0,100.1,1,0.913,1,0,0.0,0,0.0,0.0,100.1,1,0.913,1,0,0.0,0,0.0,0.0,100.1,1
3571-5081-1,7,False,Line,1,3581-89516-1,Line,0.672,100.55,6073.6,1,1.45,16,0,0.0,0,0.0,0.0,100.1,1,1.086,1,0,0.0,0,0.0,0.0,100.1,1,1.086,1,0,0.0,0,0.0,0.0,100.1,1,1.086,1,0,0.0,0,0.0,0.0,100.1,1
3571-5081-1,21,False,Line,1,3581-89516-1,Line,0.583,100.47,4735.3,1,1.291,7,0,0.0,0,0.0,0.0,100.1,1,1.139,1,0,0.0,0,0.0,0.0,100.1,1,1.139,1,0,0.0,0,0.0,0.0,100.1,1,1.139,1,0,0.0,0,0.0,0.0,100.1,1
3571-5081-1,29,False,Line,1,3581-89516-1,Line,0.998,100.81,5968.4,1,2.878,10,0,0.0,0,0.0,0.0,100.1,1,2.165,1,0,0.0,0,0.0,0.0,100.1,1,2.165,1,0,0.0,0,0.0,0.0,100.1,1,2.165,1,0,0.0,0,0.0,0.0,100.1,1
3571-5081-1,50,False,Line,1,3581-89516-1,Line,1.065,100.87,5312.4,1,4.725,26,0,0.0,0,0.0,0.0,100.1,1,1.864,1,0,0.0,0,0.0,0.0,100.1,1,1.864,1,0,0.0,0,0.0,0.0,100.1,1,1.864,2,0,0.0,0,0.0,0.0,100.1,1
3571-5081-1,58,False,Line,1,3581-89516-1,Line,1.05,100.85,4583.8,1,4.538,26,0,0.0,0,0.0,0.0,100.1,1,1.835,1,0,0.0,0,0.0,0.0,100.1,1,1.835,1,0,0.0,0,0.0,0.0,100.1,1,1.835,1,0,0.0,0,0.0,0.0,100.1,1
3571-5081-1,65,False,Line,1,3581-89516-1,Line,1.046,100.85,5388.6,1,6.24,22,0,0.0,0,0.0,0.0,100.1,1,1.946,1,0,0.0,0,0.0,0.0,100.1,1,1.946,1,0,0.0,0,0.0,0.0,100.1,1,1.946,1,0,0.0,0,0.0,0.0,100.1,1
3571-5081-1,72,False,Line,1,3581-89516-1,Line,0.915,100.74,5745.9,1,4.858,19,0,0.0,0,0.0,0.0,100.1,1,1.958,1,0,0.0,0,0.0,0.0,100.1,1,1.958,1,0,0.0,0,0.0,0.0,100.1,1,1.958,1,0,0.0,0,0.0,0.0,100.1,1
3571-5081-1,79,False,Line,1,3581-89516-1,Line,1.339,101.09,2728.8,1,5.245,26,0,0.0,0,0.0,0.0,100.1,1,2.406,1,0,0.0,0,0.0,0.0,100.1,1,2.406,1,0,0.0,0,0.0,0.0,100.1,1,2.406,1,0,0.0,0,0.0,0.0,100.1,1
3571-5081-1,94,False,Line,1,3581-89516-1,Line,0.663,100.54,5470.0,1,2.241,26,0,0.0,0,0.0,0.0,100.1,1,1.069,1,0,0.0,0,0.0,0.0,100.1,1,1.069,1,0,0.0,0,0.0,0.0,100.1,1,1.069,1,0,0.0,0,0.0,0.0,100.1,1
3571-5081-1,101,False,Line,2,T3464-3462-34641-1-w2,Transformer,14.652,101.47,5965.5,1,52.227,54,0,0.0,0,0.0,0.0,100.1,1,36.645,1,0,0.0,0,0.0,0.0,100.1,1,36.645,1,0,0.0,0,0.0,0.0,100.1,1,36.645,1,0,0.0,0,0.0,0.0,100.1,1
3571-5081-1,108,False,Line,4,T3464-3462-34641-1-w2,Transformer,14.368,101.27,7006.9,0,49.582,76,0,0.0,0,1.071,0.0,100.11,1,69.406,2,0,0.0,0,0.0,0.0,100.1,1,69.406,2,0,0.0,0,0.0,0.0,100.1,1,34.376,3,0,0.0,0,0.0,0.0,100.1,1
3571-5081-1,116,False,Line,1,3581-89516-1,Line,0.408,100.33,4604.0,1,0.827,7,0,0.0,0,0.0,0.0,100.1,1,0.705,1,0,0.0,0,0.0,0.0,100.1,1,0.705,1,0,0.0,0,0.0,0.0,100.1,1,0.705,1,0,0.0,0,0.0,0.0,100.1,1
3571-5081-1,123,False,Line,1,3581-89516-1,Line,0.814,100.66,5593.8,1,1.835,13,0,0.0,0,0.0,0.0,100.1,1,1.366,1,0,0.0,0,0.0,0.0,100.1,1,1.366,1,0,0.0,0,0.0,0.0,100.1,1,1.366,1,0,0.0,0,0.0,0.0,100.1,1
3571-5081-1,130,False,Line,1,3581-89516-1,Line,0.993,100.81,5592.5,1,2.294,13,0,0.0,0,0.0,0.0,100.1,1,1.722,1,0,0.0,0,0.0,0.0,100.1,1,1.722,1,0,0.0,0,0.0,0.0,100.1,1,1.722,1,0,0.0,0,0.0,0.0,100.1,1
3571-5081-1,137,False,Line,1,3581-89516-1,Line,0.794,100.65,5053.5,1,2.347,11,0,0.0,0,0.0,0.0,100.1,1,1.658,1,0,0.0,0,0.0,0.0,100.1,1,1.658,1,0,0.0,0,0.0,0.0,100.1,1,1.658,1,0,0.0,0,0.0,0.0,100.1,1
3571-5081-1,145,False,Line,1,3581-89516-1,Line,1.765,101.44,4124.9,1,6.334,26,0,0.0,0,0.0,0.0,100.1,1,3.249,1,0,0.0,0,0.0,0.0,100.1,1,3.249,1,0,0.0,0,0.0,0.0,100.1,1,3.249,1,0,0.0,0,0.0,0.0,100.1,1
3571-5081-1,152,False,Line,1,3581-89516-1,Line,1.062,100.86,4161.2,1,3.295,25,0,0.0,0,0.0,0.0,100.1,1,1.858,1,0,0.0,0,0.0,0.0,100.1,1,1.858,1,0,0.0,0,0.0,0.0,100.1,1,1.858,1,0,0.0,0,0.0,0.0,100.1,1
3571-5081-1,159,False,Line,3,T3464-3462-34641-1-w2,Transformer,13.949,101.3,5313.0,0,48.326,81,0,0.0,0,1.129,0.0,100.12,1,51.158,2,0,0.0,0,0.0,0.0,100.1,1,71.318,2,0,0.0,0,0.0,0.0,100.1,1,34.611,2,0,0.0,0,0.0,0.0,100.1,1
3571-5081-1,167,False,Line,1,3581-89516-1,Line,0.746,100.61,3161.9,1,1.977,26,0,0.0,0,0.0,0.0,100.1,1,1.233,1,0,0.0,0,0.0,0.0,100.1,1,1.233,1,0,0.0,0,0.0,0.0,100.1,1,1.233,1,0,0.0,0,0.0,0.0,100.1,1
3581-3591-1,108,False,Line,2,T3464-3462-34641-1-w2,Transformer,1.407,100.14,7006.9,1,1.569,55,0,0.0,0,0.0,0.0,100.1,1,1.094,1,0,0.0,0,0.0,0.0,100.1,1,1.094,1,0,0.0,0,0.0,0.0,100.1,1,1.094,1,0,0.0,0,0.0,0.0,100.1,1
3581-3591-1,159,False,Line,2,T3464-3462-34641-1-w2,Transformer,1.02,100.1,5313.0,1,0.075,55,0,0.0,0,0.0,0.0,100.1,1,0.054,1,0,0.0,0,0.0,0.0,100.1,1,0.054,1,0,0.0,0,0.0,0.0,100.1,1,0.054,1,0,0.0,0,0.0,0.0,100.1,1
3581-28019-1,29,False,Line,2,2321-3581-1,Line,13.904,105.65,5968.4,1,25.09,4,1,0.148,0,0.0,100.14,100.14,1,21.406,1,1,0.127,0,0.0,100.12,100.12,0,17.923,1,0,0.0,0,2.42,0.0,101.0,1,21.43,2,0,0.0,0,0.0,0.0,100.1,1
3581-28019-1,79,False,Line,1,2321-3581-1,Line,1.866,101.52,2728.8,1,8.458,11,0,0.0,0,0.0,0.0,100.1,1,2.87,1,0,0.0,0,0.0,0.0,100.1,1,2.87,1,0,0.0,0,0.0,0.0,100.1,1,2.87,1,0,0.0,0,0.0,0.0,100.1,1
3581-89516-1,50,False,Line,2,1122-1742-1,Line,1.696,100.19,5312.4,1,2.06,33,0,0.0,0,0.0,0.0,100.1,1,0.854,1,0,0.0,0,0.0,0.0,100.1,1,0.854,1,0,0.0,0,0.0,0.0,100.1,1,0.854,1,0,0.0,0,0.0,0.0,100.1,1
3581-89516-1,101,False,Line,2,T3464-3462-34641-1-w2,Transformer,7.467,100.75,5965.5,1,24.903,53,0,0.0,0,0.0,0.0,100.1,1,17.416,1,0,0.0,0,0.0,0.0,100.1,1,17.416,1,0,0.0,0,0.0,0.0,100.1,1,17.416,1,0,0.0,0,0.0,0.0,100.1,1
3581-89516-1,108,False,Line,2,T3464-3462-34641-1-w2,Transformer,8.758,100.88,7006.9,1,29.965,55,0,0.0,0,0.0,0.0,100.1,1,20.892,1,0,0.0,0,0.0,0.0,100.1,1,20.892,1,0,0.0,0,0.0,0.0,100.1,1,20.892,1,0,0.0,0,0.0,0.0,100.1,1
3581-89516-1,159,False,Line,2,T3464-3462-34641-1-w2,Transformer,8.758,100.88,5313.0,1,29.191,55,0,0.0,0,0.0,0.0,100.1,1,20.892,1,0,0.0,0,0.0,0.0,100.1,1,20.892,1,0,0.0,0,0.0,0.0,100.1,1,20.892,1,0,0.0,0,0.0,0.0,100.1,1
3591-5191-1,108,False,Line,2,T3464-3462-34641-1-w2,Transformer,1.049,100.1,7006.9,1,0.188,55,0,0.0,0,0.0,0.0,100.1,1,0.131,1,0,0.0,0,0.0,0.0,100.1,1,0.131,1,0,0.0,0,0.0,0.0,100.1,1,0.131,1,0,0.0,0,0.0,0.0,100.1,1
3691-4041-1,50,False,Line,2,3082-3122-1,Line,3.207,100.28,5312.4,1,5.525,19,0,0.0,0,0.0,0.0,100.1,1,3.274,1,0,0.0,0,0.0,0.0,100.1,1,3.274,1,0,0.0,0,0.0,0.0,100.1,1,2.911,2,0,0.0,0,0.0,0.0,100.1,1
3691-4041-1,101,False,Line,2,T3464-3462-34641-1-w2,Transformer,14.864,101.49,5965.5,1,53.172,53,0,0.0,0,0.0,0.0,100.1,1,37.232,1,0,0.0,0,0.0,0.0,100.1,1,37.232,1,0,0.0,0,0.0,0.0,100.1,1,37.232,1,0,0.0,0,0.0,0.0,100.1,1
3691-4041-1,108,False,Line,3,1401-1661-1,Line,45.922,112.62,7006.9,0,88.772,59,0,0.0,0,0.626,0.0,100.29,1,70.516,3,0,0.0,0,0.0,0.0,100.1,0,192.631,4,0,0.0,0,7.241,0.0,100.75,1,70.472,3,0,0.0,0,0.0,0.0,100.1,1
3691-4041-1,159,False,Line,2,T3464-3462-34641-1-w2,Transformer,5.683,100.57,5313.0,1,17.552,55,0,0.0,0,0.0,0.0,100.1,1,12.577,1,0,0.0,0,0.0,0.0,100.1,1,12.577,1,0,0.0,0,0.0,0.0,100.1,1,12.577,1,0,0.0,0,0.0,0.0,100.1,1
3841-5211-1,0,False,Line,1,3581-89516-1,Line,0.365,100.3,5299.5,1,0.612,13,0,0.0,0,0.0,0.0,100.1,1,0.478,1,0,0.0,0,0.0,0.0,100.1,1,0.478,1,0,0.0,0,0.0,0.0,100.1,1,0.478,1,0,0.0,0,0.0,0.0,100.1,1
3841-5211-1,7,False,Line,1,3581-89516-1,Line,0.538,100.44,6073.6,1,1.097,16,0,0.0,0,0.0,0.0,100.1,1,0.821,1,0,0.0,0,0.0,0.0,100.1,1,0.821,1,0,0.0,0,0.0,0.0,100.1,1,0.821,1,0,0.0,0,0.0,0.0,100.1,1
3841-5211-1,21,False,Line,1,3581-89516-1,Line,0.353,100.29,4735.3,1,0.644,7,0,0.0,0,0.0,0.0,100.1,1,0.568,1,0,0.0,0,0.0,0.0,100.1,1,0.568,1,0,0.0,0,0.0,0.0,100.1,1,0.568,1,0,0.0,0,0.0,0.0,100.1,1
3841-5211-1,29,False,Line,1,3581-89516-1,Line,0.757,100.62,5968.4,1,2.086,10,0,0.0,0,0.0,0.0,100.1,1,1.569,1,0,0.0,0,0.0,0.0,100.1,1,1.569,1,0,0.0,0,0.0,0.0,100.1,1,1.569,1,0,0.0,0,0.0,0.0,100.1,1
3841-5211-1,50,False,Line,1,3581-89516-1,Line,0.131,100.11,5312.4,1,0.042,26,0,0.0,0,0.0,0.0,100.1,1,0.017,1,0,0.0,0,0.0,0.0,100.1,1,0.017,1,0,0.0,0,0.0,0.0,100.1,1,0.017,1,0,0.0,0,0.0,0.0,100.1,1
3841-5211-1,58,False,Line,1,3581-89516-1,Line,0.529,100.43,4583.8,1,1.988,26,0,0.0,0,0.0,0.0,100.1,1,0.803,1,0,0.0,0,0.0,0.0,100.1,1,0.803,1,0,0.0,0,0.0,0.0,100.1,1,0.803,1,0,0.0,0,0.0,0.0,100.1,1
3841-5211-1,65,False,Line,1,3581-89516-1,Line,0.278,100.23,5388.6,1,1.05,22,0,0.0,0,0.0,0.0,100.1,1,0.327,1,0,0.0,0,0.0,0.0,100.1,1,0.327,1,0,0.0,0,0.0,0.0,100.1,1,0.327,1,0,0.0,0,0.0,0.0,100.1,1
3841-5211-1,72,False,Line,1,3581-89516-1,Line,0.196,100.16,5745.9,1,0.45,19,0,0.0,0,0.0,0.0,100.1,1,0.181,1,0,0.0,0,0.0,0.0,100.1,1,0.181,1,0,0.0,0,0.0,0.0,100.1,1,0.181,1,0,0.0,0,0.0,0.0,100.1,1
3841-5211-1,79,False,Line,1,3581-89516-1,Line,0.511,100.42,2728.8,1,1.674,26,0,0.0,0,0.0,0.0,100.1,1,0.768,1,0,0.0,0,0.0,0.0,100.1,1,0.768,1,0,0.0,0,0.0,0.0,100.1,1,0.768,1,0,0.0,0,0.0,0.0,100.1,1
3841-5211-1,94,False,Line,1,3581-89516-1,Line,0.36,100.29,5470.0,1,0.984,26,0,0.0,0,0.0,0.0,100.1,1,0.469,1,0,0.0,0,0.0,0.0,100.1,1,0.469,1,0,0.0,0,0.0,0.0,100.1,1,0.469,1,0,0.0,0,0.0,0.0,100.1,1
3841-5211-1,108,False,Line,3,3581-89516-1,Line,1.921,100.44,7006.9,0,3.455,75,0,0.0,0,1.058,0.0,100.11,1,12.118,2,1,0.311,0,0.0,100.16,100.16,1,53.682,3,0,0.0,0,0.0,0.0,100.1,1,2.041,2,0,0.0,0,0.0,0.0,100.1,1
3841-5211-1,116,False,Line,1,3581-89516-1,Line,0.769,100.62,4604.0,1,1.873,7,0,0.0,0,0.0,0.0,100.1,1,1.597,1,0,0.0,0,0.0,0.0,100.1,1,1.597,1,0,0.0,0,0.0,0.0,100.1,1,1.597,1,0,0.0,0,0.0,0.0,100.1,1
3841-5211-1,123,False,Line,1,3581-89516-1,Line,0.731,100.59,5593.8,1,1.615,13,0,0.0,0,0.0,0.0,100.1,1,1.202,1,0,0.0,0,0.0,0.0,100.1,1,1.202,1,0,0.0,0,0.0,0.0,100.1,1,1.202,1,0,0.0,0,0.0,0.0,100.1,1
3841-5211-1,130,False,Line,1,3581-89516-1,Line,0.681,100.55,5592.5,1,1.472,13,0,0.0,0,0.0,0.0,100.1,1,1.105,1,0,0.0,0,0.0,0.0,100.1,1,1.105,1,0,0.0,0,0.0,0.0,100.1,1,1.105,1,0,0.0,0,0.0,0.0,100.1,1
3841-5211-1,137,False,Line,1,3581-89516-1,Line,0.895,100.73,5053.5,1,2.703,11,0,0.0,0,0.0,0.0,100.1,1,1.91,1,0,0.0,0,0.0,0.0,100.1,1,1.91,1,0,0.0,0,0.0,0.0,100.1,1,1.91,1,0,0.0,0,0.0,0.0,100.1,1
3841-5211-1,145,False,Line,1,3581-89516-1,Line,0.276,100.22,4124.9,1,0.59,26,0,0.0,0,0.0,0.0,100.1,1,0.303,1,0,0.0,0,0.0,0.0,100.1,1,0.303,1,0,0.0,0,0.0,0.0,100.1,1,0.303,1,0,0.0,0,0.0,0.0,100.1,1
3841-5211-1,152,False,Line,1,3581-89516-1,Line,0.512,100.42,4161.2,1,1.365,25,0,0.0,0,0.0,0.0,100.1,1,0.77,1,0,0.0,0,0.0,0.0,100.1,1,0.77,1,0,0.0,0,0.0,0.0,100.1,1,0.77,1,0,0.0,0,0.0,0.0,100.1,1
3841-5211-1,159,False,Line,3,3581-89516-1,Line,2.341,100.53,5313.0,0,4.455,80,0,0.0,0,1.098,0.0,100.11,1,20.896,2,0,0.0,0,0.0,0.0,100.1,1,68.841,2,0,0.0,0,0.0,0.0,100.1,1,3.15,2,0,0.0,0,0.0,0.0,100.1,1
3841-5211-1,167,False,Line,1,3581-89516-1,Line,0.534,100.43,3161.9,1,1.306,26,0,0.0,0,0.0,0.0,100.1,1,0.814,1,0,0.0,0,0.0,0.0,100.1,1,0.814,1,0,0.0,0,0.0,0.0,100.1,1,0.814,1,0,0.0,0,0.0,0.0,100.1,1
3851-4621-1,101,False,Line,2,T3464-3462-34641-1-w2,Transformer,1.019,100.1,5965.5,1,0.073,53,0,0.0,0,0.0,0.0,100.1,1,0.051,1,0,0.0,0,0.0,0.0,100.1,1,0.051,1,0,0.0,0,0.0,0.0,100.1,1,0.051,1,0,0.0,0,0.0,0.0,100.1,1
3851-4621-1,108,False,Line,3,3691-4041-1,Line,2.488,100.26,7006.9,1,4.434,63,0,0.0,0,0.0,0.0,100.1,1,41.256,2,0,0.0,0,0.0,0.0,100.1,1,41.256,2,0,0.0,0,0.0,0.0,100.1,1,3.185,2,0,0.0,0,0.0,0.0,100.1,1
3851-4621-1,159,False,Line,2,T3464-3462-34641-1-w2,Transformer,1.537,100.15,5313.0,1,2.017,55,0,0.0,0,0.0,0.0,100.1,1,1.444,1,0,0.0,0,0.0,0.0,100.1,1,1.444,1,0,0.0,0,0.0,0.0,100.1,1,1.444,1,0,0.0,0,0.0,0.0,100.1,1
3851-4741-1,29,False,Line,1,3581-89516-1,Line,0.231,100.19,5968.4,1,0.355,10,0,0.0,0,0.0,0.0,100.1,1,0.267,1,0,0.0,0,0.0,0.0,100.1,1,0.267,1,0,0.0,0,0.0,0.0,100.1,1,0.267,1,0,0.0,0,0.0,0.0,100.1,1
3851-4741-1,116,False,Line,1,3581-89516-1,Line,0.351,100.29,4604.0,1,0.661,7,0,0.0,0,0.0,0.0,100.1,1,0.564,1,0,0.0,0,0.0,0.0,100.1,1,0.564,1,0,0.0,0,0.0,0.0,100.1,1,0.564,1,0,0.0,0,0.0,0.0,100.1,1
3851-4741-1,123,False,Line,1,3581-89516-1,Line,0.181,100.15,5593.8,1,0.155,13,0,0.0,0,0.0,0.0,100.1,1,0.115,1,0,0.0,0,0.0,0.0,100.1,1,0.115,1,0,0.0,0,0.0,0.0,100.1,1,0.115,1,0,0.0,0,0.0,0.0,100.1,1
3851-4741-1,137,False,Line,1,3581-89516-1,Line,0.393,100.32,5053.5,1,0.944,11,0,0.0,0,0.0,0.0,100.1,1,0.667,1,0,0.0,0,0.0,0.0,100.1,1,0.667,1,0,0.0,0,0.0,0.0,100.1,1,0.667,1,0,0.0,0,0.0,0.0,100.1,1
3934-3944-1,0,False,Line,1,3581-89516-1,Line,0.477,100.39,5299.5,1,0.897,13,0,0.0,0,0.0,0.0,100.1,1,0.7,1,0,0.0,0,0.0,0.0,100.1,1,0.7,1,0,0.0,0,0.0,0.0,100.1,1,0.7,1,0,0.0,0,0.0,0.0,100.1,1
3934-3944-1,7,False,Line,1,3581-89516-1,Line,1.12,100.91,6073.6,1,2.635,16,0,0.0,0,0.0,0.0,100.1,1,1.973,1,0,0.0,0,0.0,0.0,100.1,1,1.973,1,0,0.0,0,0.0,0.0,100.1,1,1.973,1,0,0.0,0,0.0,0.0,100.1,1
3934-3944-1,21,False,Line,1,3581-89516-1,Line,0.347,100.28,4735.3,1,0.628,7,0,0.0,0,0.0,0.0,100.1,1,0.554,1,0,0.0,0,0.0,0.0,100.1,1,0.554,1,0,0.0,0,0.0,0.0,100.1,1,0.554,1,0,0.0,0,0.0,0.0,100.1,1
3934-3944-1,29,False,Line,1,3581-89516-1,Line,1.081,100.88,5968.4,1,3.153,10,0,0.0,0,0.0,0.0,100.1,1,2.371,1,0,0.0,0,0.0,0.0,100.1,1,2.371,1,0,0.0,0,0.0,0.0,100.1,1,2.371,1,0,0.0,0,0.0,0.0,100.1,1
3934-3944-1,36,False,Line,2,3944-3954-1,Line,61.294,106.13,6805.4,1,186.736,62,0,0.0,0,0.0,0.0,100.1,1,120.368,1,0,0.0,0,0.0,0.0,100.1,1,120.368,1,0,0.0,0,0.0,0.0,100.1,1,120.368,1,0,0.0,0,0.0,0.0,100.1,1
3934-3944-1,50,False,Line,4,3944-3954-1,Line,324.137,131.48,5312.4,0,999.467,89,1,2.116,0,0.815,101.69,101.69,1,1369.458,20,1,3.594,0,0.0,102.87,102.87,0,59.601,2,0,0.0,0,307.804,0.0,129.91,1,676.919,14,0,0.0,0,0.0,0.0,100.1,1
3934-3944-1,58,False,Line,3,3944-3954-1,Line,113.866,111.22,4583.8,0,362.28,89,0,0.0,0,0.674,0.0,100.13,1,228.198,2,0,0.0,0,0.0,0.0,100.1,0,473.848,16,0,0.0,0,46.808,0.0,104.74,1,228.196,3,0,0.0,0,0.0,0.0,100.1,1
3934-3944-1,65,False,Line,3,3944-3954-1,Line,152.977,115.12,5388.6,0,502.139,85,1,0.129,0,0.639,100.1,100.13,1,310.262,3,0,0.0,0,0.0,0.0,100.1,0,544.044,18,0,0.0,0,77.109,0.0,107.78,1,310.26,5,0,0.0,0,0.0,0.0,100.1,1
3934-3944-1,72,False,Line,3,3944-3954-1,Line,57.579,105.6,5745.9,0,183.498,82,0,0.0,0,0.603,0.0,100.12,1,115.559,2,0,0.0,0,0.0,0.0,100.1,0,192.631,7,0,0.0,0,23.436,0.0,102.37,1,115.557,2,0,0.0,0,0.0,0.0,100.1,1
3934-3944-1,79,False,Line,1,3581-89516-1,Line,1.185,100.96,2728.8,1,4.585,26,0,0.0,0,0.0,0.0,100.1,1,2.102,1,0,0.0,0,0.0,0.0,100.1,1,2.102,1,0,0.0,0,0.0,0.0,100.1,1,2.102,1,0,0.0,0,0.0,0.0,100.1,1
3934-3944-1,94,False,Line,1,3581-89516-1,Line,1.203,100.98,5470.0,1,4.485,26,0,0.0,0,0.0,0.0,100.1,1,2.138,1,0,0.0,0,0.0,0.0,100.1,1,2.138,1,0,0.0,0,0.0,0.0,100.1,1,2.138,1,0,0.0,0,0.0,0.0,100.1,1
3934-3944-1,101,False,Line,2,3944-3954-1,Line,349.87,134.99,5965.5,1,1116.787,60,1,2.974,0,0.0,100.58,100.58,1,746.006,14,1,1.987,0,0.0,100.39,100.39,0,192.631,1,0,0.0,0,253.122,0.0,125.34,1,747.839,15,0,0.0,0,0.0,0.0,100.1,1
3934-3944-1,108,False,Line,4,3944-3954-1,Line,352.934,134.88,7006.9,0,1127.495,82,2,5.63,0,0.714,102.1,102.1,1,777.642,15,2,2.628,0,0.0,100.45,100.45,0,192.631,7,0,0.0,0,291.56,0.0,129.18,1,749.891,16,0,0.0,0,0.0,0.0,100.1,1
3934-3944-1,116,False,Line,1,3581-89516-1,Line,0.205,100.17,4604.0,1,0.237,7,0,0.0,0,0.0,0.0,100.1,1,0.202,1,0,0.0,0,0.0,0.0,100.1,1,0.202,1,0,0.0,0,0.0,0.0,100.1,1,0.202,1,0,0.0,0,0.0,0.0,100.1,1
3934-3944-1,123,False,Line,1,3581-89516-1,Line,0.965,100.78,5593.8,1,2.239,13,0,0.0,0,0.0,0.0,100.1,1,1.667,1,0,0.0,0,0.0,0.0,100.1,1,1.667,1,0,0.0,0,0.0,0.0,100.1,1,1.667,1,0,0.0,0,0.0,0.0,100.1,1
3934-3944-1,130,False,Line,1,3581-89516-1,Line,1.347,101.09,5592.5,1,3.226,13,0,0.0,0,0.0,0.0,100.1,1,2.422,1,0,0.0,0,0.0,0.0,100.1,1,2.422,1,0,0.0,0,0.0,0.0,100.1,1,2.422,1,0,0.0,0,0.0,0.0,100.1,1
3934-3944-1,137,False,Line,1,3581-89516-1,Line,0.92,100.75,5053.5,1,2.792,11,0,0.0,0,0.0,0.0,100.1,1,1.972,1,0,0.0,0,0.0,0.0,100.1,1,1.972,1,0,0.0,0,0.0,0.0,100.1,1,1.972,1,0,0.0,0,0.0,0.0,100.1,1
3934-3944-1,145,False,Line,3,3944-3954-1,Line,331.624,132.96,4124.9,0,1006.196,89,1,2.142,0,0.913,101.71,101.71,1,723.966,13,1,1.015,0,0.0,100.81,100.81,0,396.533,17,0,0.0,0,277.02,0.0,127.75,1,697.46,14,0,0.0,0,0.0,0.0,100.1,1
3934-3944-1,152,False,Line,3,3944-3954-1,Line,140.765,113.9,4161.2,0,426.605,88,0,0.0,0,0.75,0.0,100.15,1,282.543,2,0,0.0,0,0.0,0.0,100.1,0,456.331,18,0,0.0,0,75.225,0.0,107.58,1,282.541,2,0,0.0,0,0.0,0.0,100.1,1
3934-3944-1,159,False,Line,3,3944-3954-1,Line,375.118,137.3,5313.0,0,1164.155,87,1,2.773,0,0.966,102.22,102.22,1,802.555,14,0,0.0,0,0.0,0.0,100.1,0,390.055,14,0,0.0,0,322.612,0.0,132.31,1,800.162,14,0,0.0,0,0.0,0.0,100.1,1
3934-3944-1,167,False,Line,3,3944-3954-1,Line,112.481,111.08,3161.9,0,329.748,89,0,0.0,0,0.705,0.0,100.14,1,225.398,2,0,0.0,0,0.0,0.0,100.1,0,352.226,18,0,0.0,0,57.025,0.0,105.75,1,225.396,2,0,0.0,0,0.0,0.0,100.1,1
3934-4384-1,7,False,Line,1,3581-89516-1,Line,0.482,100.39,6073.6,1,0.949,16,0,0.0,0,0.0,0.0,100.1,1,0.71,1,0,0.0,0,0.0,0.0,100.1,1,0.71,1,0,0.0,0,0.0,0.0,100.1,1,0.71,1,0,0.0,0,0.0,0.0,100.1,1
3934-4384-1,29,False,Line,1,3581-89516-1,Line,0.465,100.38,5968.4,1,1.125,10,0,0.0,0,0.0,0.0,100.1,1,0.846,1,0,0.0,0,0.0,0.0,100.1,1,0.846,1,0,0.0,0,0.0,0.0,100.1,1,0.846,1,0,0.0,0,0.0,0.0,100.1,1
3934-4384-1,36,False,Line,1,3082-3122-1,Line,2.308,100.36,6805.4,1,6.578,19,0,0.0,0,0.0,0.0,100.1,1,3.552,1,0,0.0,0,0.0,0.0,100.1,1,3.552,1,0,0.0,0,0.0,0.0,100.1,1,3.552,1,0,0.0,0,0.0,0.0,100.1,1
3934-4384-1,50,False,Line,3,3082-3122-1,Line,19.803,101.66,5312.4,0,54.239,46,0,0.0,0,0.859,0.0,100.14,1,30.928,3,0,0.0,0,0.0,0.0,100.1,0,29.433,1,0,0.0,0,18.153,0.0,101.57,1,27.712,4,0,0.0,0,0.0,0.0,100.1,1
3934-4384-1,58,False,Line,1,3581-89516-1,Line,0.813,100.66,4583.8,1,3.383,26,0,0.0,0,0.0,0.0,100.1,1,1.366,1,0,0.0,0,0.0,0.0,100.1,1,1.366,1,0,0.0,0,0.0,0.0,100.1,1,1.366,1,0,0.0,0,0.0,0.0,100.1,1
3934-4384-1,65,False,Line,1,3581-89516-1,Line,0.886,100.72,5388.6,1,5.168,22,0,0.0,0,0.0,0.0,100.1,1,1.608,1,0,0.0,0,0.0,0.0,100.1,1,1.608,1,0,0.0,0,0.0,0.0,100.1,1,1.608,1,0,0.0,0,0.0,0.0,100.1,1
3934-4384-1,72,False,Line,1,3581-89516-1,Line,0.805,100.65,5745.9,1,4.195,19,0,0.0,0,0.0,0.0,100.1,1,1.688,1,0,0.0,0,0.0,0.0,100.1,1,1.688,1,0,0.0,0,0.0,0.0,100.1,1,1.688,1,0,0.0,0,0.0,0.0,100.1,1
3934-4384-1,79,False,Line,1,3581-89516-1,Line,0.493,100.4,2728.8,1,1.598,26,0,0.0,0,0.0,0.0,100.1,1,0.732,1,0,0.0,0,0.0,0.0,100.1,1,0.732,1,0,0.0,0,0.0,0.0,100.1,1,0.732,1,0,0.0,0,0.0,0.0,100.1,1
3934-4384-1,94,False,Line,1,3581-89516-1,Line,0.621,100.51,5470.0,1,2.071,26,0,0.0,0,0.0,0.0,100.1,1,0.987,1,0,0.0,0,0.0,0.0,100.1,1,0.987,1,0,0.0,0,0.0,0.0,100.1,1,0.987,1,0,0.0,0,0.0,0.0,100.1,1
3934-4384-1,108,False,Line,2,3581-89516-1,Line,1.901,100.9,7006.9,1,4.606,20,0,0.0,0,0.0,0.0,100.1,1,17.162,1,0,0.0,0,0.0,0.0,100.1,1,17.162,1,0,0.0,0,0.0,0.0,100.1,1,3.028,2,0,0.0,0,0.0,0.0,100.1,1
3934-4384-1,123,False,Line,1,3581-89516-1,Line,0.322,100.26,5593.8,1,0.529,13,0,0.0,0,0.0,0.0,100.1,1,0.394,1,0,0.0,0,0.0,0.0,100.1,1,0.394,1,0,0.0,0,0.0,0.0,100.1,1,0.394,1,0,0.0,0,0.0,0.0,100.1,1
3934-4384-1,130,False,Line,1,3581-89516-1,Line,0.507,100.41,5592.5,1,1.013,13,0,0.0,0,0.0,0.0,100.1,1,0.76,1,0,0.0,0,0.0,0.0,100.1,1,0.76,1,0,0.0,0,0.0,0.0,100.1,1,0.76,1,0,0.0,0,0.0,0.0,100.1,1
3934-4384-1,137,False,Line,1,3581-89516-1,Line,0.362,100.29,5053.5,1,0.836,11,0,0.0,0,0.0,0.0,100.1,1,0.591,1,0,0.0,0,0.0,0.0,100.1,1,0.591,1,0,0.0,0,0.0,0.0,100.1,1,0.591,1,0,0.0,0,0.0,0.0,100.1,1
3934-4384-1,145,False,Line,1,3581-89516-1,Line,0.95,100.77,4124.9,1,3.194,26,0,0.0,0,0.0,0.0,100.1,1,1.637,1,0,0.0,0,0.0,0.0,100.1,1,1.637,1,0,0.0,0,0.0,0.0,100.1,1,1.637,1,0,0.0,0,0.0,0.0,100.1,1
3934-4384-1,152,False,Line,1,3581-89516-1,Line,0.801,100.65,4161.2,1,2.381,25,0,0.0,0,0.0,0.0,100.1,1,1.342,1,0,0.0,0,0.0,0.0,100.1,1,1.342,1,0,0.0,0,0.0,0.0,100.1,1,1.342,1,0,0.0,0,0.0,0.0,100.1,1
3934-4384-1,159,False,Line,1,3581-89516-1,Line,1.042,100.85,5313.0,1,3.162,25,0,0.0,0,0.0,0.0,100.1,1,1.818,1,0,0.0,0,0.0,0.0,100.1,1,1.818,1,0,0.0,0,0.0,0.0,100.1,1,1.818,1,0,0.0,0,0.0,0.0,100.1,1
3934-4384-1,167,False,Line,1,3581-89516-1,Line,0.824,100.67,3161.9,1,2.226,26,0,0.0,0,0.0,0.0,100.1,1,1.387,1,0,0.0,0,0.0,0.0,100.1,1,1.387,1,0,0.0,0,0.0,0.0,100.1,1,1.387,1,0,0.0,0,0.0,0.0,100.1,1
3940-3942-1,101,False,Line,2,T3464-3462-34641-1-w2,Transformer,18.902,101.89,5965.5,1,67.469,53,0,0.0,0,0.0,0.0,100.1,1,46.964,1,0,0.0,0,0.0,0.0,100.1,1,46.964,1,0,0.0,0,0.0,0.0,100.1,1,46.964,2,0,0.0,0,0.0,0.0,100.1,1
3940-3942-1,108,False,Line,2,T3464-3462-34641-1-w2,Transformer,17.146,101.71,7006.9,1,61.207,55,1,0.338,0,0.0,100.28,100.28,1,42.359,1,1,0.287,0,0.0,100.23,100.23,1,68.35,3,0,0.0,0,0.0,0.0,100.1,1,42.753,3,0,0.0,0,0.0,0.0,100.1,1
3940-3942-1,159,False,Line,2,T3464-3462-34641-1-w2,Transformer,17.524,101.75,5313.0,1,61.017,55,1,0.34,0,0.0,100.28,100.28,1,43.348,1,1,0.294,0,0.0,100.24,100.24,1,70.055,2,0,0.0,0,0.0,0.0,100.1,1,43.759,3,0,0.0,0,0.0,0.0,100.1,1
3941-52219-1,0,False,Line,1,3581-89516-1,Line,0.641,100.52,5299.5,1,1.312,13,0,0.0,0,0.0,0.0,100.1,1,1.025,1,0,0.0,0,0.0,0.0,100.1,1,1.025,1,0,0.0,0,0.0,0.0,100.1,1,1.025,1,0,0.0,0,0.0,0.0,100.1,1
3941-52219-1,7,False,Line,1,3581-89516-1,Line,0.45,100.37,6073.6,1,0.864,16,0,0.0,0,0.0,0.0,100.1,1,0.647,1,0,0.0,0,0.0,0.0,100.1,1,0.647,1,0,0.0,0,0.0,0.0,100.1,1,0.647,1,0,0.0,0,0.0,0.0,100.1,1
3941-52219-1,21,False,Line,1,3581-89516-1,Line,0.601,100.49,4735.3,1,1.34,7,0,0.0,0,0.0,0.0,100.1,1,1.182,1,0,0.0,0,0.0,0.0,100.1,1,1.182,1,0,0.0,0,0.0,0.0,100.1,1,1.182,1,0,0.0,0,0.0,0.0,100.1,1
3941-52219-1,29,False,Line,1,3581-89516-1,Line,0.664,100.54,5968.4,1,1.78,10,0,0.0,0,0.0,0.0,100.1,1,1.339,1,0,0.0,0,0.0,0.0,100.1,1,1.339,1,0,0.0,0,0.0,0.0,100.1,1,1.339,1,0,0.0,0,0.0,0.0,100.1,1
3941-52219-1,50,False,Line,2,3581-89516-1,Line,1.201,100.36,5312.4,0,2.726,59,0,0.0,0,0.561,0.0,100.11,1,1.134,2,0,0.0,0,0.0,0.0,100.1,0,0.0,0,0,0.0,0,1.201,0.0,100.36,1,1.132,2,0,0.0,0,0.0,0.0,100.1,1
3941-52219-1,58,False,Line,1,3581-89516-1,Line,0.445,100.36,4583.8,1,1.579,26,0,0.0,0,0.0,0.0,100.1,1,0.638,1,0,0.0,0,0.0,0.0,100.1,1,0.638,1,0,0.0,0,0.0,0.0,100.1,1,0.638,1,0,0.0,0,0.0,0.0,100.1,1
3941-52219-1,65,False,Line,1,3581-89516-1,Line,0.439,100.36,5388.6,1,2.141,22,0,0.0,0,0.0,0.0,100.1,1,0.667,1,0,0.0,0,0.0,0.0,100.1,1,0.667,1,0,0.0,0,0.0,0.0,100.1,1,0.667,1,0,0.0,0,0.0,0.0,100.1,1
3941-52219-1,72,False,Line,1,3581-89516-1,Line,0.333,100.27,5745.9,1,1.288,19,0,0.0,0,0.0,0.0,100.1,1,0.519,1,0,0.0,0,0.0,0.0,100.1,1,0.519,1,0,0.0,0,0.0,0.0,100.1,1,0.519,1,0,0.0,0,0.0,0.0,100.1,1
3941-52219-1,94,False,Line,1,3581-89516-1,Line,0.248,100.2,5470.0,1,0.521,26,0,0.0,0,0.0,0.0,100.1,1,0.248,1,0,0.0,0,0.0,0.0,100.1,1,0.248,1,0,0.0,0,0.0,0.0,100.1,1,0.248,1,0,0.0,0,0.0,0.0,100.1,1
3941-52219-1,108,False,Line,2,3691-4041-1,Line,1.036,100.34,7006.9,1,2.813,30,0,0.0,0,0.0,0.0,100.1,1,1.279,2,0,0.0,0,0.0,0.0,100.1,1,4.395,2,0,0.0,0,0.0,0.0,100.1,1,1.276,2,0,0.0,0,0.0,0.0,100.1,1
3941-52219-1,123,False,Line,1,3581-89516-1,Line,0.368,100.3,5593.8,1,0.652,13,0,0.0,0,0.0,0.0,100.1,1,0.486,1,0,0.0,0,0.0,0.0,100.1,1,0.486,1,0,0.0,0,0.0,0.0,100.1,1,0.486,1,0,0.0,0,0.0,0.0,100.1,1
3941-52219-1,130,False,Line,1,3581-89516-1,Line,0.56,100.46,5592.5,1,1.153,13,0,0.0,0,0.0,0.0,100.1,1,0.865,1,0,0.0,0,0.0,0.0,100.1,1,0.865,1,0,0.0,0,0.0,0.0,100.1,1,0.865,1,0,0.0,0,0.0,0.0,100.1,1
3941-52219-1,137,False,Line,1,3581-89516-1,Line,0.762,100.62,5053.5,1,2.238,11,0,0.0,0,0.0,0.0,100.1,1,1.581,1,0,0.0,0,0.0,0.0,100.1,1,1.581,1,0,0.0,0,0.0,0.0,100.1,1,1.581,1,0,0.0,0,0.0,0.0,100.1,1
3941-52219-1,145,False,Line,1,3581-89516-1,Line,0.48,100.39,4124.9,1,1.378,26,0,0.0,0,0.0,0.0,100.1,1,0.706,1,0,0.0,0,0.0,0.0,100.1,1,0.706,1,0,0.0,0,0.0,0.0,100.1,1,0.706,1,0,0.0,0,0.0,0.0,100.1,1
3941-52219-1,152,False,Line,1,3581-89516-1,Line,0.522,100.42,4161.2,1,1.402,25,0,0.0,0,0.0,0.0,100.1,1,0.79,1,0,0.0,0,0.0,0.0,100.1,1,0.79,1,0,0.0,0,0.0,0.0,100.1,1,0.79,1,0,0.0,0,0.0,0.0,100.1,1
3941-52219-1,159,False,Line,1,3581-89516-1,Line,0.568,100.46,5313.0,1,1.531,25,0,0.0,0,0.0,0.0,100.1,1,0.881,1,0,0.0,0,0.0,0.0,100.1,1,0.881,1,0,0.0,0,0.0,0.0,100.1,1,0.881,1,0,0.0,0,0.0,0.0,100.1,1
3941-52219-1,167,False,Line,1,3581-89516-1,Line,0.448,100.36,3161.9,1,1.033,26,0,0.0,0,0.0,0.0,100.1,1,0.644,1,0,0.0,0,0.0,0.0,100.1,1,0.644,1,0,0.0,0,0.0,0.0,100.1,1,0.644,1,0,0.0,0,0.0,0.0,100.1,1
3944-3954-1,0,False,Line,1,3581-89516-1,Line,0.252,100.2,5299.5,1,0.326,13,0,0.0,0,0.0,0.0,100.1,1,0.255,1,0,0.0,0,0.0,0.0,100.1,1,0.255,1,0,0.0,0,0.0,0.0,100.1,1,0.255,1,0,0.0,0,0.0,0.0,100.1,1
3944-3954-1,7,False,Line,1,3581-89516-1,Line,0.737,100.6,6073.6,1,1.625,16,0,0.0,0,0.0,0.0,100.1,1,1.216,1,0,0.0,0,0.0,0.0,100.1,1,1.216,1,0,0.0,0,0.0,0.0,100.1,1,1.216,1,0,0.0,0,0.0,0.0,100.1,1
3944-3954-1,21,False,Line,1,3581-89516-1,Line,0.182,100.15,4735.3,1,0.167,7,0,0.0,0,0.0,0.0,100.1,1,0.147,1,0,0.0,0,0.0,0.0,100.1,1,0.147,1,0,0.0,0,0.0,0.0,100.1,1,0.147,1,0,0.0,0,0.0,0.0,100.1,1
3944-3954-1,29,False,Line,1,3581-89516-1,Line,0.715,100.58,5968.4,1,1.946,10,0,0.0,0,0.0,0.0,100.1,1,1.464,1,0,0.0,0,0.0,0.0,100.1,1,1.464,1,0,0.0,0,0.0,0.0,100.1,1,1.464,1,0,0.0,0,0.0,0.0,100.1,1
3944-3954-1,36,False,Line,3,T3464-3462-34641-1-w2,Transformer,65.603,104.72,6805.4,1,135.409,56,0,0.0,0,0.0,0.0,100.1,1,98.009,2,0,0.0,0,0.0,0.0,100.1,1,98.009,2,0,0.0,0,0.0,0.0,100.1,1,95.408,3,0,0.0,0,0.0,0.0,100.1,1
3944-3954-1,50,False,Line,6,T3464-3462-34641-1-w2,Transformer,427.925,127.95,5312.4,0,840.192,83,1,1.479,0,1.08,101.18,101.18,1,1236.247,17,1,3.061,0,0.0,102.45,102.45,0,88.392,2,0,0.0,0,397.555,0.0,126.1,1,612.659,11,0,0.0,0,0.0,0.0,100.1,1
3944-3954-1,58,False,Line,4,T3464-3462-34641-1-w2,Transformer,89.457,106.0,4583.8,0,180.953,83,0,0.0,0,0.717,0.0,100.14,1,129.201,4,0,0.0,0,0.0,0.0,100.1,0,458.389,18,0,0.0,0,17.76,0.0,101.39,1,125.832,6,0,0.0,0,0.0,0.0,100.1,1
3944-3954-1,65,False,Line,4,T3464-3462-34641-1-w2,Transformer,163.863,111.07,5388.6,0,339.147,79,0,0.0,0,0.82,0.0,100.16,1,238.499,3,0,0.0,0,0.0,0.0,100.1,0,523.067,18,0,0.0,0,85.237,0.0,106.01,1,234.189,7,0,0.0,0,0.0,0.0,100.1,1
3944-3954-1,72,False,Line,4,T3464-3462-34641-1-w2,Transformer,22.076,101.51,5745.9,0,47.485,76,0,0.0,0,1.222,0.0,100.13,1,33.218,3,0,0.0,0,0.0,0.0,100.1,1,73.609,3,0,0.0,0,0.0,0.0,100.1,1,32.41,2,0,0.0,0,0.0,0.0,100.1,1
3944-3954-1,79,False,Line,1,3581-89516-1,Line,0.757,100.62,2728.8,1,2.737,26,0,0.0,0,0.0,0.0,100.1,1,1.254,1,0,0.0,0,0.0,0.0,100.1,1,1.254,1,0,0.0,0,0.0,0.0,100.1,1,1.254,1,0,0.0,0,0.0,0.0,100.1,1
3944-3954-1,94,False,Line,1,3581-89516-1,Line,0.832,100.68,5470.0,1,2.944,26,0,0.0,0,0.0,0.0,100.1,1,1.403,1,0,0.0,0,0.0,0.0,100.1,1,1.403,1,0,0.0,0,0.0,0.0,100.1,1,1.403,1,0,0.0,0,0.0,0.0,100.1,1
3944-3954-1,101,False,Line,3,T3464-3462-34641-1-w2,Transformer,466.455,131.45,5965.5,1,925.806,54,1,2.466,0,0.0,100.48,100.48,1,673.466,13,1,1.794,0,0.0,100.35,100.35,0,192.631,1,0,0.0,0,325.931,0.0,122.37,1,674.976,14,0,0.0,0,0.0,0.0,100.1,1
3944-3954-1,108,False,Line,5,T3464-3462-34641-1-w2,Transformer,475.655,131.7,7006.9,0,959.392,76,2,4.51,0,1.022,101.56,101.56,1,717.776,12,2,2.902,0,0.0,100.79,100.79,0,192.631,9,0,0.0,0,408.161,0.0,127.39,1,693.042,14,0,0.0,0,0.0,0.0,100.1,1
3944-3954-1,123,False,Line,1,3581-89516-1,Line,0.585,100.48,5593.8,1,1.228,13,0,0.0,0,0.0,0.0,100.1,1,0.914,1,0,0.0,0,0.0,0.0,100.1,1,0.914,1,0,0.0,0,0.0,0.0,100.1,1,0.914,1,0,0.0,0,0.0,0.0,100.1,1
3944-3954-1,130,False,Line,1,3581-89516-1,Line,0.847,100.69,5592.5,1,1.91,13,0,0.0,0,0.0,0.0,100.1,1,1.433,1,0,0.0,0,0.0,0.0,100.1,1,1.433,1,0,0.0,0,0.0,0.0,100.1,1,1.433,1,0,0.0,0,0.0,0.0,100.1,1
3944-3954-1,137,False,Line,1,3581-89516-1,Line,0.578,100.47,5053.5,1,1.593,11,0,0.0,0,0.0,0.0,100.1,1,1.125,1,0,0.0,0,0.0,0.0,100.1,1,1.125,1,0,0.0,0,0.0,0.0,100.1,1,1.125,1,0,0.0,0,0.0,0.0,100.1,1
3944-3954-1,145,False,Line,4,T3464-3462-34641-1-w2,Transformer,391.564,126.14,4124.9,0,758.44,83,1,1.153,0,1.043,100.92,100.92,1,566.606,8,0,0.0,0,0.0,0.0,100.1,0,341.21,18,0,0.0,0,335.517,0.0,122.57,1,557.633,8,0,0.0,0,0.0,0.0,100.1,1
3944-3954-1,152,False,Line,4,T3464-3462-34641-1-w2,Transformer,114.839,107.65,4161.2,0,221.979,82,0,0.0,0,0.739,0.0,100.15,1,164.647,4,0,0.0,0,0.0,0.0,100.1,0,376.203,18,0,0.0,0,52.962,0.0,103.67,1,160.517,7,0,0.0,0,0.0,0.0,100.1,1
3944-3954-1,159,False,Line,4,T3464-3462-34641-1-w2,Transformer,476.418,131.77,5313.0,0,927.695,81,1,1.829,0,1.162,101.46,101.46,1,724.502,11,1,1.017,0,0.0,100.81,100.81,0,470.577,18,0,0.0,0,396.64,0.0,126.64,1,687.063,11,0,0.0,0,0.0,0.0,100.1,1
3944-3954-1,167,False,Line,4,T3464-3462-34641-1-w2,Transformer,90.734,106.0,3161.9,0,167.389,83,0,0.0,0,0.698,0.0,100.14,1,129.206,4,0,0.0,0,0.0,0.0,100.1,0,333.245,18,0,0.0,0,30.036,0.0,102.1,1,126.353,5,0,0.0,0,0.0,0.0,100.1,1
3944-39444-1,0,False,Line,1,3581-89516-1,Line,1.884,101.53,5299.5,1,4.465,13,0,0.0,0,0.0,0.0,100.1,1,3.488,1,0,0.0,0,0.0,0.0,100.1,1,3.488,1,0,0.0,0,0.0,0.0,100.1,1,3.488,1,0,0.0,0,0.0,0.0,100.1,1
3944-39444-1,7,False,Line,3,3581-89516-1,Line,10.363,103.89,6073.6,1,12.346,16,0,0.0,0,0.0,0.0,100.1,1,9.24,1,0,0.0,0,0.0,0.0,100.1,1,9.24,1,0,0.0,0,0.0,0.0,100.1,1,9.24,2,0,0.0,0,0.0,0.0,100.1,1
3944-39444-1,14,False,Line,2,4664-43844-1,Line,19.738,100.99,6309.0,1,31.821,71,0,0.0,0,0.0,0.0,100.1,1,22.567,1,0,0.0,0,0.0,0.0,100.1,1,22.567,1,0,0.0,0,0.0,0.0,100.1,1,22.567,1,0,0.0,0,0.0,0.0,100.1,1
3944-39444-1,21,False,Line,1,3581-89516-1,Line,1.369,101.11,4735.3,1,3.499,7,0,0.0,0,0.0,0.0,100.1,1,3.085,1,0,0.0,0,0.0,0.0,100.1,1,3.085,1,0,0.0,0,0.0,0.0,100.1,1,3.085,1,0,0.0,0,0.0,0.0,100.1,1
3944-39444-1,29,False,Line,3,3581-89516-1,Line,9.889,103.76,5968.4,1,14.838,10,0,0.0,0,0.0,0.0,100.1,1,11.161,1,0,0.0,0,0.0,0.0,100.1,1,11.161,1,0,0.0,0,0.0,0.0,100.1,1,11.161,1,0,0.0,0,0.0,0.0,100.1,1
3944-39444-1,36,False,Line,2,4664-43844-1,Line,177.849,108.92,6805.4,1,343.675,83,1,0.915,0,0.0,100.18,100.18,1,223.664,1,1,0.596,0,0.0,100.12,100.12,0,192.631,1,0,0.0,0,25.111,0.0,101.32,1,223.768,2,0,0.0,0,0.0,0.0,100.1,1
3944-39444-1,50,False,Line,7,4664-43844-1,Line,721.976,133.12,5312.4,1,1301.704,101,1,0.632,0,0.0,100.12,100.12,1,1008.095,23,0,0.0,0,0.0,0.0,100.1,0,0.0,0,0,0.0,0,721.976,0.0,133.12,1,975.034,23,0,0.0,0,0.0,0.0,100.1,1
3944-39444-1,58,False,Line,5,4664-43844-1,Line,395.38,118.93,4583.8,1,765.202,101,0,0.0,0,0.0,0.0,100.1,1,529.373,13,0,0.0,0,0.0,0.0,100.1,0,1032.755,43,0,0.0,0,87.675,0.0,104.74,1,508.449,13,0,0.0,0,0.0,0.0,100.1,1
3944-39444-1,65,False,Line,5,4664-43844-1,Line,505.713,124.42,5388.6,1,993.744,97,0,0.0,0,0.0,0.0,100.1,1,678.677,18,0,0.0,0,0.0,0.0,100.1,0,1133.874,44,0,0.0,0,152.097,0.0,108.01,1,678.676,17,0,0.0,0,0.0,0.0,100.1,1
3944-39444-1,72,False,Line,5,4664-43844-1,Line,290.22,113.71,5745.9,1,552.803,94,1,1.472,0,0.0,100.29,100.29,1,377.856,4,1,1.006,0,0.0,100.2,100.2,0,192.631,5,0,0.0,0,175.47,0.0,108.38,1,369.564,7,0,0.0,0,0.0,0.0,100.1,1
3944-39444-1,79,False,Line,3,3581-89516-1,Line,11.025,104.07,2728.8,1,21.102,26,0,0.0,0,0.0,0.0,100.1,1,9.677,1,0,0.0,0,0.0,0.0,100.1,1,9.677,1,0,0.0,0,0.0,0.0,100.1,1,9.677,2,0,0.0,0,0.0,0.0,100.1,1
3944-39444-1,94,False,Line,3,3581-89516-1,Line,11.728,104.26,5470.0,1,21.271,26,0,0.0,0,0.0,0.0,100.1,1,10.141,1,0,0.0,0,0.0,0.0,100.1,1,10.141,1,0,0.0,0,0.0,0.0,100.1,1,10.141,2,0,0.0,0,0.0,0.0,100.1,1
3944-39444-1,101,False,Line,3,4664-43844-1,Line,789.747,139.6,5965.5,1,1528.606,80,1,4.071,0,0.0,100.79,100.79,1,1119.588,21,2,5.576,0,0.0,102.08,102.08,0,192.631,4,0,0.0,0,674.036,0.0,133.87,1,1129.086,23,0,0.0,0,0.0,0.0,100.1,1
3944-39444-1,108,False,Line,6,4664-43844-1,Line,812.786,139.19,7006.9,1,1536.917,94,1,4.093,0,0.0,100.8,100.8,1,1150.084,22,1,3.063,0,0.0,100.6,100.6,0,192.631,6,0,0.0,0,695.578,0.0,134.44,1,1123.368,22,0,0.0,0,0.0,0.0,100.1,1
3944-39444-1,116,False,Line,1,3581-89516-1,Line,0.791,100.64,4604.0,1,1.941,7,0,0.0,0,0.0,0.0,100.1,1,1.655,1,0,0.0,0,0.0,0.0,100.1,1,1.655,1,0,0.0,0,0.0,0.0,100.1,1,1.655,1,0,0.0,0,0.0,0.0,100.1,1
3944-39444-1,123,False,Line,3,3581-89516-1,Line,8.003,103.25,5593.8,1,10.32,13,0,0.0,0,0.0,0.0,100.1,1,7.682,1,0,0.0,0,0.0,0.0,100.1,1,7.682,1,0,0.0,0,0.0,0.0,100.1,1,7.682,1,0,0.0,0,0.0,0.0,100.1,1
3944-39444-1,130,False,Line,3,3581-89516-1,Line,12.977,104.6,5592.5,1,14.611,13,0,0.0,0,0.0,0.0,100.1,1,10.966,1,0,0.0,0,0.0,0.0,100.1,1,10.966,1,0,0.0,0,0.0,0.0,100.1,1,10.966,1,0,0.0,0,0.0,0.0,100.1,1
3944-39444-1,137,False,Line,3,3581-89516-1,Line,7.594,103.14,5053.5,1,13.114,11,0,0.0,0,0.0,0.0,100.1,1,9.266,1,0,0.0,0,0.0,0.0,100.1,1,9.266,1,0,0.0,0,0.0,0.0,100.1,1,9.266,1,0,0.0,0,0.0,0.0,100.1,1
3944-39444-1,145,False,Line,5,4664-43844-1,Line,711.865,134.58,4124.9,0,1307.892,101,0,0.0,0,1.277,0.0,100.13,1,974.482,21,0,0.0,0,0.0,0.0,100.1,0,610.271,40,0,0.0,0,499.122,0.0,125.23,1,964.99,21,0,0.0,0,0.0,0.0,100.1,1
3944-39444-1,152,False,Line,5,4664-43844-1,Line,400.366,119.15,4161.2,0,737.239,100,0,0.0,0,1.334,0.0,100.13,1,518.959,8,0,0.0,0,0.0,0.0,100.1,0,665.354,40,0,0.0,0,191.118,0.0,109.81,1,510.155,8,0,0.0,0,0.0,0.0,100.1,1
3944-39444-1,159,False,Line,5,4664-43844-1,Line,817.387,139.83,5313.0,0,1505.633,99,0,0.0,0,1.824,0.0,100.18,1,1130.808,21,0,0.0,0,0.0,0.0,100.1,0,635.384,37,0,0.0,0,575.738,0.0,129.09,1,1130.806,21,0,0.0,0,0.0,0.0,100.1,1
3944-39444-1,167,False,Line,5,4664-43844-1,Line,298.273,114.06,3161.9,0,510.593,101,0,0.0,0,1.384,0.0,100.14,1,374.3,3,0,0.0,0,0.0,0.0,100.1,0,396.817,37,0,0.0,0,126.388,0.0,106.47,1,373.229,4,0,0.0,0,0.0,0.0,100.1,1
4001-4971-1,0,False,Line,1,3581-89516-1,Line,0.884,100.72,5299.5,1,1.919,13,0,0.0,0,0.0,0.0,100.1,1,1.502,1,0,0.0,0,0.0,0.0,100.1,1,1.502,1,0,0.0,0,0.0,0.0,100.1,1,1.502,1,0,0.0,0,0.0,0.0,100.1,1
4001-4971-1,7,False,Line,1,3581-89516-1,Line,0.51,100.41,6073.6,1,1.019,16,0,0.0,0,0.0,0.0,100.1,1,0.764,1,0,0.0,0,0.0,0.0,100.1,1,0.764,1,0,0.0,0,0.0,0.0,100.1,1,0.764,1,0,0.0,0,0.0,0.0,100.1,1
4001-4971-1,21,False,Line,1,3581-89516-1,Line,0.839,100.68,4735.3,1,1.999,7,0,0.0,0,0.0,0.0,100.1,1,1.764,1,0,0.0,0,0.0,0.0,100.1,1,1.764,1,0,0.0,0,0.0,0.0,100.1,1,1.764,1,0,0.0,0,0.0,0.0,100.1,1
4001-4971-1,29,False,Line,1,3581-89516-1,Line,1.666,101.35,5968.4,1,5.038,10,0,0.0,0,0.0,0.0,100.1,1,3.801,1,0,0.0,0,0.0,0.0,100.1,1,3.801,1,0,0.0,0,0.0,0.0,100.1,1,3.801,1,0,0.0,0,0.0,0.0,100.1,1
4001-4971-1,50,False,Line,5,3581-89516-1,Line,10.496,102.78,5312.4,0,27.885,45,0,0.0,0,0.221,0.0,100.18,1,12.755,3,0,0.0,0,0.0,0.0,100.1,0,0.0,0,0,0.0,0,10.496,0.0,102.78,1,11.947,5,0,0.0,0,0.0,0.0,100.1,1
4001-4971-1,58,False,Line,3,3581-89516-1,Line,9.507,103.66,4583.8,1,21.148,26,0,0.0,0,0.0,0.0,100.1,1,8.64,1,0,0.0,0,0.0,0.0,100.1,1,8.64,1,0,0.0,0,0.0,0.0,100.1,1,8.64,3,0,0.0,0,0.0,0.0,100.1,1
4001-4971-1,65,False,Line,3,3581-89516-1,Line,8.475,103.38,5388.6,1,26.737,22,0,0.0,0,0.0,0.0,100.1,1,8.479,1,0,0.0,0,0.0,0.0,100.1,1,8.479,1,0,0.0,0,0.0,0.0,100.1,1,8.479,1,0,0.0,0,0.0,0.0,100.1,1
4001-4971-1,72,False,Line,3,3581-89516-1,Line,7.298,103.06,5745.9,1,21.962,19,0,0.0,0,0.0,0.0,100.1,1,8.972,2,0,0.0,0,0.0,0.0,100.1,1,8.972,2,0,0.0,0,0.0,0.0,100.1,1,8.972,1,0,0.0,0,0.0,0.0,100.1,1
4001-4971-1,79,False,Line,3,3581-89516-1,Line,4.809,102.39,2728.8,1,12.001,26,0,0.0,0,0.0,0.0,100.1,1,5.551,1,0,0.0,0,0.0,0.0,100.1,1,5.551,1,0,0.0,0,0.0,0.0,100.1,1,5.551,1,0,0.0,0,0.0,0.0,100.1,1
4001-4971-1,94,False,Line,1,3581-89516-1,Line,1.572,101.28,5470.0,1,5.948,26,0,0.0,0,0.0,0.0,100.1,1,2.859,1,0,0.0,0,0.0,0.0,100.1,1,2.859,1,0,0.0,0,0.0,0.0,100.1,1,2.859,1,0,0.0,0,0.0,0.0,100.1,1
4001-4971-1,101,False,Line,2,T3464-3462-34641-1-w2,Transformer,6.45,100.64,5965.5,1,20.9,53,0,0.0,0,0.0,0.0,100.1,1,14.646,1,0,0.0,0,0.0,0.0,100.1,1,14.646,1,0,0.0,0,0.0,0.0,100.1,1,14.646,1,0,0.0,0,0.0,0.0,100.1,1
4001-4971-1,108,False,Line,3,3581-89516-1,Line,7.388,101.73,7006.9,0,25.998,75,0,0.0,0,1.201,0.0,100.12,1,22.445,2,0,0.0,0,0.0,0.0,100.1,1,125.766,5,0,0.0,0,0.0,0.0,100.1,1,16.354,2,0,0.0,0,0.0,0.0,100.1,1
4001-4971-1,123,False,Line,1,3581-89516-1,Line,1.474,101.2,5593.8,1,3.572,13,0,0.0,0,0.0,0.0,100.1,1,2.665,1,0,0.0,0,0.0,0.0,100.1,1,2.665,1,0,0.0,0,0.0,0.0,100.1,1,2.665,1,0,0.0,0,0.0,0.0,100.1,1
4001-4971-1,130,False,Line,3,3581-89516-1,Line,3.015,101.9,5592.5,1,5.812,13,0,0.0,0,0.0,0.0,100.1,1,4.371,1,0,0.0,0,0.0,0.0,100.1,1,4.371,1,0,0.0,0,0.0,0.0,100.1,1,4.371,1,0,0.0,0,0.0,0.0,100.1,1
4001-4971-1,137,False,Line,1,3581-89516-1,Line,0.978,100.8,5053.5,1,2.97,11,0,0.0,0,0.0,0.0,100.1,1,2.106,1,0,0.0,0,0.0,0.0,100.1,1,2.106,1,0,0.0,0,0.0,0.0,100.1,1,2.106,1,0,0.0,0,0.0,0.0,100.1,1
4001-4971-1,145,False,Line,3,3581-89516-1,Line,11.16,104.11,4124.9,1,18.841,26,0,0.0,0,0.0,0.0,100.1,1,9.728,1,0,0.0,0,0.0,0.0,100.1,1,9.728,1,0,0.0,0,0.0,0.0,100.1,1,9.728,2,0,0.0,0,0.0,0.0,100.1,1
4001-4971-1,152,False,Line,3,3581-89516-1,Line,9.462,103.65,4161.2,1,15.19,25,0,0.0,0,0.0,0.0,100.1,1,8.611,1,0,0.0,0,0.0,0.0,100.1,1,8.611,1,0,0.0,0,0.0,0.0,100.1,1,8.611,1,0,0.0,0,0.0,0.0,100.1,1
4001-4971-1,159,False,Line,5,3581-89516-1,Line,11.971,102.37,5313.0,0,33.215,80,0,0.0,0,1.445,0.0,100.15,1,35.608,2,0,0.0,0,0.0,0.0,100.1,0,74.273,8,0,0.0,0,1.413,0.0,101.15,1,23.568,2,0,0.0,0,0.0,0.0,100.1,1
4001-4971-1,167,False,Line,3,3581-89516-1,Line,3.282,101.97,3161.9,1,7.264,26,0,0.0,0,0.0,0.0,100.1,1,4.546,1,0,0.0,0,0.0,0.0,100.1,1,4.546,1,0,0.0,0,0.0,0.0,100.1,1,4.546,1,0,0.0,0,0.0,0.0,100.1,1
4021-32210-1,29,False,Line,1,3581-89516-1,Line,0.131,100.11,5968.4,1,0.027,10,0,0.0,0,0.0,0.0,100.1,1,0.02,1,0,0.0,0,0.0,0.0,100.1,1,0.02,1,0,0.0,0,0.0,0.0,100.1,1,0.02,1,0,0.0,0,0.0,0.0,100.1,1
4021-32210-1,50,False,Line,2,1122-1742-1,Line,2.975,100.33,5312.4,1,4.902,31,0,0.0,0,0.0,0.0,100.1,1,2.157,1,0,0.0,0,0.0,0.0,100.1,1,2.157,1,0,0.0,0,0.0,0.0,100.1,1,2.157,1,0,0.0,0,0.0,0.0,100.1,1
4041-5341-1,7,False,Line,1,3581-89516-1,Line,0.239,100.19,6073.6,1,0.307,16,0,0.0,0,0.0,0.0,100.1,1,0.23,1,0,0.0,0,0.0,0.0,100.1,1,0.23,1,0,0.0,0,0.0,0.0,100.1,1,0.23,1,0,0.0,0,0.0,0.0,100.1,1
4041-5341-1,21,False,Line,1,3581-89516-1,Line,0.147,100.12,4735.3,1,0.066,7,0,0.0,0,0.0,0.0,100.1,1,0.058,1,0,0.0,0,0.0,0.0,100.1,1,0.058,1,0,0.0,0,0.0,0.0,100.1,1,0.058,1,0,0.0,0,0.0,0.0,100.1,1
4041-5341-1,29,False,Line,1,3581-89516-1,Line,0.462,100.38,5968.4,1,1.113,10,0,0.0,0,0.0,0.0,100.1,1,0.838,1,0,0.0,0,0.0,0.0,100.1,1,0.838,1,0,0.0,0,0.0,0.0,100.1,1,0.838,1,0,0.0,0,0.0,0.0,100.1,1
4041-5341-1,50,False,Line,1,3581-89516-1,Line,1.505,101.22,5312.4,1,6.848,26,2,1.317,0,0.0,100.12,100.12,1,2.736,1,0,0.0,0,0.0,0.0,100.1,1,2.736,1,0,0.0,0,0.0,0.0,100.1,1,2.736,2,0,0.0,0,0.0,0.0,100.1,1
4041-5341-1,58,False,Line,1,3581-89516-1,Line,1.916,101.56,4583.8,1,8.682,26,0,0.0,0,0.0,0.0,100.1,1,3.547,1,0,0.0,0,0.0,0.0,100.1,1,3.547,1,0,0.0,0,0.0,0.0,100.1,1,3.547,2,0,0.0,0,0.0,0.0,100.1,1
4041-5341-1,65,False,Line,3,3581-89516-1,Line,2.395,101.73,5388.6,1,13.34,22,0,0.0,0,0.0,0.0,100.1,1,4.235,1,0,0.0,0,0.0,0.0,100.1,1,4.235,1,0,0.0,0,0.0,0.0,100.1,1,4.235,1,0,0.0,0,0.0,0.0,100.1,1
4041-5341-1,72,False,Line,1,3581-89516-1,Line,2.001,101.63,5745.9,1,11.343,19,0,0.0,0,0.0,0.0,100.1,1,4.646,1,0,0.0,0,0.0,0.0,100.1,1,4.646,1,0,0.0,0,0.0,0.0,100.1,1,4.646,1,0,0.0,0,0.0,0.0,100.1,1
4041-5341-1,79,False,Line,1,3581-89516-1,Line,0.931,100.76,2728.8,1,3.455,26,0,0.0,0,0.0,0.0,100.1,1,1.599,1,0,0.0,0,0.0,0.0,100.1,1,1.599,1,0,0.0,0,0.0,0.0,100.1,1,1.599,1,0,0.0,0,0.0,0.0,100.1,1
4041-5341-1,94,False,Line,1,3581-89516-1,Line,1.245,101.01,5470.0,1,4.609,26,0,0.0,0,0.0,0.0,100.1,1,2.22,1,0,0.0,0,0.0,0.0,100.1,1,2.22,1,0,0.0,0,0.0,0.0,100.1,1,2.22,1,0,0.0,0,0.0,0.0,100.1,1
4041-5341-1,101,False,Line,2,T3464-3462-34641-1-w2,Transformer,2.175,100.22,5965.5,1,4.522,53,0,0.0,0,0.0,0.0,100.1,1,3.163,1,0,0.0,0,0.0,0.0,100.1,1,3.163,1,0,0.0,0,0.0,0.0,100.1,1,3.163,1,0,0.0,0,0.0,0.0,100.1,1
4041-5341-1,108,False,Line,3,3581-89516-1,Line,5.118,101.56,7006.9,0,17.625,75,0,0.0,0,0.168,0.0,100.14,1,10.31,3,0,0.0,0,0.0,0.0,100.1,1,70.231,4,0,0.0,0,0.0,0.0,100.1,1,10.308,2,0,0.0,0,0.0,0.0,100.1,1
4041-5341-1,123,False,Line,1,3581-89516-1,Line,0.24,100.2,5593.8,1,0.311,13,0,0.0,0,0.0,0.0,100.1,1,0.232,1,0,0.0,0,0.0,0.0,100.1,1,0.232,1,0,0.0,0,0.0,0.0,100.1,1,0.232,1,0,0.0,0,0.0,0.0,100.1,1
4041-5341-1,130,False,Line,1,3581-89516-1,Line,0.312,100.25,5592.5,1,0.499,13,0,0.0,0,0.0,0.0,100.1,1,0.374,1,0,0.0,0,0.0,0.0,100.1,1,0.374,1,0,0.0,0,0.0,0.0,100.1,1,0.374,1,0,0.0,0,0.0,0.0,100.1,1
4041-5341-1,137,False,Line,1,3581-89516-1,Line,0.452,100.37,5053.5,1,1.152,11,0,0.0,0,0.0,0.0,100.1,1,0.815,1,0,0.0,0,0.0,0.0,100.1,1,0.815,1,0,0.0,0,0.0,0.0,100.1,1,0.815,1,0,0.0,0,0.0,0.0,100.1,1
4041-5341-1,145,False,Line,1,3581-89516-1,Line,1.164,100.95,4124.9,1,3.995,26,0,0.0,0,0.0,0.0,100.1,1,2.06,1,0,0.0,0,0.0,0.0,100.1,1,2.06,1,0,0.0,0,0.0,0.0,100.1,1,2.06,1,0,0.0,0,0.0,0.0,100.1,1
4041-5341-1,152,False,Line,1,3581-89516-1,Line,0.89,100.72,4161.2,1,2.684,25,0,0.0,0,0.0,0.0,100.1,1,1.517,1,0,0.0,0,0.0,0.0,100.1,1,1.517,1,0,0.0,0,0.0,0.0,100.1,1,1.517,1,0,0.0,0,0.0,0.0,100.1,1
4041-5341-1,159,False,Line,3,3581-89516-1,Line,1.808,100.55,5313.0,0,2.787,80,0,0.0,0,0.127,0.0,100.1,1,1.689,3,0,0.0,0,0.0,0.0,100.1,1,68.665,2,0,0.0,0,0.0,0.0,100.1,1,1.687,2,0,0.0,0,0.0,0.0,100.1,1
4041-5341-1,167,False,Line,1,3581-89516-1,Line,0.662,100.54,3161.9,1,1.705,26,0,0.0,0,0.0,0.0,100.1,1,1.066,1,0,0.0,0,0.0,0.0,100.1,1,1.066,1,0,0.0,0,0.0,0.0,100.1,1,1.066,1,0,0.0,0,0.0,0.0,100.1,1
4121-23019-1,0,False,Line,1,3581-89516-1,Line,0.556,100.45,5299.5,1,1.097,13,0,0.0,0,0.0,0.0,100.1,1,0.857,1,0,0.0,0,0.0,0.0,100.1,1,0.857,1,0,0.0,0,0.0,0.0,100.1,1,0.857,1,0,0.0,0,0.0,0.0,100.1,1
4121-23019-1,7,False,Line,1,3581-89516-1,Line,0.727,100.59,6073.6,1,1.596,16,0,0.0,0,0.0,0.0,100.1,1,1.195,1,0,0.0,0,0.0,0.0,100.1,1,1.195,1,0,0.0,0,0.0,0.0,100.1,1,1.195,1,0,0.0,0,0.0,0.0,100.1,1
4121-23019-1,21,False,Line,1,3581-89516-1,Line,0.532,100.43,4735.3,1,1.147,7,0,0.0,0,0.0,0.0,100.1,1,1.011,1,0,0.0,0,0.0,0.0,100.1,1,1.011,1,0,0.0,0,0.0,0.0,100.1,1,1.011,1,0,0.0,0,0.0,0.0,100.1,1
4121-23019-1,29,False,Line,1,3581-89516-1,Line,0.921,100.75,5968.4,1,2.624,10,0,0.0,0,0.0,0.0,100.1,1,1.974,1,0,0.0,0,0.0,0.0,100.1,1,1.974,1,0,0.0,0,0.0,0.0,100.1,1,1.974,1,0,0.0,0,0.0,0.0,100.1,1
4121-23019-1,50,False,Line,1,3581-89516-1,Line,0.313,100.25,5312.4,1,0.953,26,0,0.0,0,0.0,0.0,100.1,1,0.376,1,0,0.0,0,0.0,0.0,100.1,1,0.376,1,0,0.0,0,0.0,0.0,100.1,1,0.376,1,0,0.0,0,0.0,0.0,100.1,1
4121-23019-1,58,False,Line,1,3581-89516-1,Line,0.653,100.53,4583.8,1,2.596,26,0,0.0,0,0.0,0.0,100.1,1,1.049,1,0,0.0,0,0.0,0.0,100.1,1,1.049,1,0,0.0,0,0.0,0.0,100.1,1,1.049,1,0,0.0,0,0.0,0.0,100.1,1
4121-23019-1,65,False,Line,1,3581-89516-1,Line,0.466,100.38,5388.6,1,2.321,22,0,0.0,0,0.0,0.0,100.1,1,0.723,1,0,0.0,0,0.0,0.0,100.1,1,0.723,1,0,0.0,0,0.0,0.0,100.1,1,0.723,1,0,0.0,0,0.0,0.0,100.1,1
4121-23019-1,72,False,Line,1,3581-89516-1,Line,0.407,100.33,5745.9,1,1.744,19,0,0.0,0,0.0,0.0,100.1,1,0.702,1,0,0.0,0,0.0,0.0,100.1,1,0.702,1,0,0.0,0,0.0,0.0,100.1,1,0.702,1,0,0.0,0,0.0,0.0,100.1,1
4121-23019-1,79,False,Line,1,3581-89516-1,Line,0.543,100.44,2728.8,1,1.814,26,0,0.0,0,0.0,0.0,100.1,1,0.832,1,0,0.0,0,0.0,0.0,100.1,1,0.832,1,0,0.0,0,0.0,0.0,100.1,1,0.832,1,0,0.0,0,0.0,0.0,100.1,1
4121-23019-1,94,False,Line,1,3581-89516-1,Line,0.563,100.46,5470.0,1,1.826,26,0,0.0,0,0.0,0.0,100.1,1,0.87,1,0,0.0,0,0.0,0.0,100.1,1,0.87,1,0,0.0,0,0.0,0.0,100.1,1,0.87,1,0,0.0,0,0.0,0.0,100.1,1
4121-23019-1,108,False,Line,3,3581-89516-1,Line,2.647,100.62,7006.9,0,6.488,75,0,0.0,0,1.088,0.0,100.11,1,13.459,2,1,0.243,0,0.0,100.13,100.13,1,56.42,3,0,0.0,0,0.0,0.0,100.1,1,3.947,2,0,0.0,0,0.0,0.0,100.1,1
4121-23019-1,116,False,Line,1,3581-89516-1,Line,0.901,100.73,4604.0,1,2.257,7,0,0.0,0,0.0,0.0,100.1,1,1.924,1,0,0.0,0,0.0,0.0,100.1,1,1.924,1,0,0.0,0,0.0,0.0,100.1,1,1.924,1,0,0.0,0,0.0,0.0,100.1,1
4121-23019-1,123,False,Line,1,3581-89516-1,Line,0.779,100.63,5593.8,1,1.743,13,0,0.0,0,0.0,0.0,100.1,1,1.297,1,0,0.0,0,0.0,0.0,100.1,1,1.297,1,0,0.0,0,0.0,0.0,100.1,1,1.297,1,0,0.0,0,0.0,0.0,100.1,1
4121-23019-1,130,False,Line,1,3581-89516-1,Line,0.71,100.58,5592.5,1,1.548,13,0,0.0,0,0.0,0.0,100.1,1,1.162,1,0,0.0,0,0.0,0.0,100.1,1,1.162,1,0,0.0,0,0.0,0.0,100.1,1,1.162,1,0,0.0,0,0.0,0.0,100.1,1
4121-23019-1,137,False,Line,1,3581-89516-1,Line,0.994,100.81,5053.5,1,3.048,11,0,0.0,0,0.0,0.0,100.1,1,2.154,1,0,0.0,0,0.0,0.0,100.1,1,2.154,1,0,0.0,0,0.0,0.0,100.1,1,2.154,1,0,0.0,0,0.0,0.0,100.1,1
4121-23019-1,145,False,Line,1,3581-89516-1,Line,0.417,100.34,4124.9,1,1.136,26,0,0.0,0,0.0,0.0,100.1,1,0.583,1,0,0.0,0,0.0,0.0,100.1,1,0.583,1,0,0.0,0,0.0,0.0,100.1,1,0.583,1,0,0.0,0,0.0,0.0,100.1,1
4121-23019-1,152,False,Line,1,3581-89516-1,Line,0.613,100.5,4161.2,1,1.719,25,0,0.0,0,0.0,0.0,100.1,1,0.969,1,0,0.0,0,0.0,0.0,100.1,1,0.969,1,0,0.0,0,0.0,0.0,100.1,1,0.969,1,0,0.0,0,0.0,0.0,100.1,1
4121-23019-1,159,False,Line,3,3581-89516-1,Line,2.66,100.62,5313.0,0,5.63,80,0,0.0,0,1.118,0.0,100.11,1,21.444,2,0,0.0,0,0.0,0.0,100.1,1,69.834,2,0,0.0,0,0.0,0.0,100.1,1,3.982,2,0,0.0,0,0.0,0.0,100.1,1
4121-23019-1,167,False,Line,1,3581-89516-1,Line,0.579,100.47,3161.9,1,1.449,26,0,0.0,0,0.0,0.0,100.1,1,0.903,1,0,0.0,0,0.0,0.0,100.1,1,0.903,1,0,0.0,0,0.0,0.0,100.1,1,0.903,1,0,0.0,0,0.0,0.0,100.1,1
4201-13219-1,50,False,Line,2,3082-3122-1,Line,2.613,100.25,5312.4,1,4.486,19,0,0.0,0,0.0,0.0,100.1,1,2.66,1,0,0.0,0,0.0,0.0,100.1,1,2.66,1,0,0.0,0,0.0,0.0,100.1,1,2.28,2,0,0.0,0,0.0,0.0,100.1,1
4201-13219-1,108,False,Line,1,3581-89516-1,Line,0.141,100.11,7006.9,1,0.084,20,0,0.0,0,0.0,0.0,100.1,1,0.035,1,0,0.0,0,0.0,0.0,100.1,1,0.035,1,0,0.0,0,0.0,0.0,100.1,1,0.035,1,0,0.0,0,0.0,0.0,100.1,1
4201-13219-1,137,False,Line,1,3581-89516-1,Line,0.128,100.1,5053.5,1,0.018,11,0,0.0,0,0.0,0.0,100.1,1,0.012,1,0,0.0,0,0.0,0.0,100.1,1,0.012,1,0,0.0,0,0.0,0.0,100.1,1,0.012,1,0,0.0,0,0.0,0.0,100.1,1
4201-13219-1,152,False,Line,1,3581-89516-1,Line,0.134,100.11,4161.2,1,0.04,25,0,0.0,0,0.0,0.0,100.1,1,0.023,1,0,0.0,0,0.0,0.0,100.1,1,0.023,1,0,0.0,0,0.0,0.0,100.1,1,0.023,1,0,0.0,0,0.0,0.0,100.1,1
4201-13219-1,159,False,Line,1,3581-89516-1,Line,0.15,100.12,5313.0,1,0.094,25,0,0.0,0,0.0,0.0,100.1,1,0.054,1,0,0.0,0,0.0,0.0,100.1,1,0.054,1,0,0.0,0,0.0,0.0,100.1,1,0.054,1,0,0.0,0,0.0,0.0,100.1,1
4242-4462-1,0,False,Line,1,1472-2562-1,Line,234.286,151.27,5299.5,1,760.854,5,4,30.069,0,0.0,107.64,107.64,1,352.187,1,4,12.537,0,0.0,103.41,103.41,0,7.555,1,0,0.0,0,229.269,0.0,150.17,1,363.135,3,0,0.0,0,0.0,0.0,100.1,1
4242-4462-1,7,False,Line,1,1472-2562-1,Line,241.704,152.89,6073.6,1,785.436,6,3,26.518,0,0.0,107.93,107.93,1,363.36,1,3,10.91,0,0.0,103.52,103.52,0,7.559,1,0,0.0,0,236.686,0.0,151.79,1,372.111,2,0,0.0,0,0.0,0.0,100.1,1
4242-4462-1,14,False,Line,1,1472-2562-1,Line,75.341,116.49,6309.0,1,305.135,9,0,0.0,0,0.0,0.0,100.1,1,112.788,1,0,0.0,0,0.0,0.0,100.1,1,112.788,1,0,0.0,0,0.0,0.0,100.1,1,112.788,1,0,0.0,0,0.0,0.0,100.1,1
4242-4462-1,21,False,Line,1,1472-2562-1,Line,248.298,154.33,4735.3,1,806.448,5,3,27.338,0,0.0,108.19,108.19,1,373.292,1,3,11.317,0,0.0,103.61,103.61,0,7.475,1,0,0.0,0,243.335,0.0,153.25,1,384.539,2,0,0.0,0,0.0,0.0,100.1,1
4242-4462-1,29,False,Line,1,1472-2562-1,Line,256.36,156.1,5968.4,1,842.257,6,4,33.611,0,0.0,108.6,108.6,1,385.434,1,4,14.092,0,0.0,103.73,103.73,0,7.467,1,0,0.0,0,251.403,0.0,155.01,1,399.772,3,0,0.0,0,0.0,0.0,100.1,1
4242-4462-1,36,False,Line,1,1472-2562-1,Line,49.626,110.86,6805.4,1,213.327,12,0,0.0,0,0.0,0.0,100.1,1,74.057,1,0,0.0,0,0.0,0.0,100.1,1,74.057,1,0,0.0,0,0.0,0.0,100.1,1,74.057,1,0,0.0,0,0.0,0.0,100.1,1
4242-4462-1,116,False,Line,1,1472-2562-1,Line,66.569,114.57,4604.0,1,246.156,5,3,5.545,0,0.0,102.23,102.23,1,99.577,1,1,1.198,0,0.0,100.97,100.97,0,8.54,1,0,0.0,0,60.899,0.0,113.33,1,102.376,2,0,0.0,0,0.0,0.0,100.1,1
4242-4462-1,123,False,Line,1,1472-2562-1,Line,5.084,101.11,5593.8,1,15.057,5,1,0.19,0,0.0,100.15,100.15,1,6.97,1,0,0.0,0,0.0,0.0,100.1,1,6.97,1,0,0.0,0,0.0,0.0,100.1,1,6.97,1,0,0.0,0,0.0,0.0,100.1,1
4382-5172-1,0,False,Line,3,3581-89516-1,Line,17.639,105.86,5299.5,1,17.889,13,0,0.0,0,0.0,0.0,100.1,1,13.998,1,0,0.0,0,0.0,0.0,100.1,1,13.998,1,0,0.0,0,0.0,0.0,100.1,1,13.998,2,0,0.0,0,0.0,0.0,100.1,1
4382-5172-1,7,False,Line,3,3581-89516-1,Line,21.187,106.83,6073.6,1,21.773,16,0,0.0,0,0.0,0.0,100.1,1,16.333,1,0,0.0,0,0.0,0.0,100.1,1,16.333,1,0,0.0,0,0.0,0.0,100.1,1,16.333,2,0,0.0,0,0.0,0.0,100.1,1
4382-5172-1,21,False,Line,3,3581-89516-1,Line,13.921,104.86,4735.3,1,16.333,7,0,0.0,0,0.0,0.0,100.1,1,14.418,1,0,0.0,0,0.0,0.0,100.1,1,14.418,1,0,0.0,0,0.0,0.0,100.1,1,14.418,1,0,0.0,0,0.0,0.0,100.1,1
4382-5172-1,29,False,Line,3,3581-89516-1,Line,26.878,108.37,5968.4,1,33.216,10,1,0.196,0,0.0,100.19,100.19,1,25.061,2,1,0.148,0,0.0,100.14,100.14,0,88.404,5,0,0.0,0,1.491,0.0,101.21,1,25.11,3,0,0.0,0,0.0,0.0,100.1,1
4382-5172-1,50,False,Line,8,3581-89516-1,Line,138.309,108.49,5312.4,0,350.669,92,0,0.0,0,0.601,0.0,100.12,1,858.363,14,0,0.0,0,0.0,0.0,100.1,0,0.0,0,0,0.0,0,138.309,0.0,108.49,1,242.449,12,0,0.0,0,0.0,0.0,100.1,1
4382-5172-1,58,False,Line,3,3581-89516-1,Line,32.032,109.76,4583.8,1,57.331,26,0,0.0,0,0.0,0.0,100.1,1,23.47,1,0,0.0,0,0.0,0.0,100.1,1,23.47,1,0,0.0,0,0.0,0.0,100.1,1,23.47,3,0,0.0,0,0.0,0.0,100.1,1
4382-5172-1,65,False,Line,3,3581-89516-1,Line,33.261,110.1,5388.6,1,81.236,22,0,0.0,0,0.0,0.0,100.1,1,27.88,3,0,0.0,0,0.0,0.0,100.1,1,27.88,3,0,0.0,0,0.0,0.0,100.1,1,27.88,3,0,0.0,0,0.0,0.0,100.1,1
4382-5172-1,72,False,Line,3,3581-89516-1,Line,29.988,109.21,5745.9,1,67.374,19,0,0.0,0,0.0,0.0,100.1,1,27.679,3,0,0.0,0,0.0,0.0,100.1,1,27.679,3,0,0.0,0,0.0,0.0,100.1,1,27.679,3,0,0.0,0,0.0,0.0,100.1,1
4382-5172-1,79,False,Line,3,3581-89516-1,Line,29.809,109.16,2728.8,1,47.484,26,0,0.0,0,0.0,0.0,100.1,1,22.007,2,0,0.0,0,0.0,0.0,100.1,1,22.007,2,0,0.0,0,0.0,0.0,100.1,1,22.007,3,0,0.0,0,0.0,0.0,100.1,1
4382-5172-1,94,False,Line,3,3581-89516-1,Line,22.359,107.14,5470.0,1,35.505,26,0,0.0,0,0.0,0.0,100.1,1,17.105,1,0,0.0,0,0.0,0.0,100.1,1,17.105,1,0,0.0,0,0.0,0.0,100.1,1,17.105,2,0,0.0,0,0.0,0.0,100.1,1
4382-5172-1,101,False,Line,6,T3464-3462-34641-1-w2,Transformer,169.286,111.81,5965.5,1,487.063,87,1,1.297,0,0.0,100.25,100.25,1,333.221,8,1,0.887,0,0.0,100.17,100.17,0,192.631,4,0,0.0,0,125.93,0.0,109.32,1,333.678,9,0,0.0,0,0.0,0.0,100.1,1
4382-5172-1,108,False,Line,7,T3464-3462-34641-1-w2,Transformer,201.744,111.49,7006.9,1,512.815,85,1,1.366,0,0.0,100.27,100.27,1,389.451,9,1,1.037,0,0.0,100.2,100.2,0,192.631,6,0,0.0,0,137.536,0.0,109.07,1,359.161,10,0,0.0,0,0.0,0.0,100.1,1
4382-5172-1,116,False,Line,3,3581-89516-1,Line,14.659,105.06,4604.0,1,17.603,7,0,0.0,0,0.0,0.0,100.1,1,15.024,1,0,0.0,0,0.0,0.0,100.1,1,15.024,1,0,0.0,0,0.0,0.0,100.1,1,15.024,1,0,0.0,0,0.0,0.0,100.1,1
4382-5172-1,123,False,Line,3,3581-89516-1,Line,24.131,107.62,5593.8,1,24.489,13,0,0.0,0,0.0,0.0,100.1,1,18.271,2,0,0.0,0,0.0,0.0,100.1,1,18.271,2,0,0.0,0,0.0,0.0,100.1,1,18.271,1,0,0.0,0,0.0,0.0,100.1,1
4382-5172-1,130,False,Line,3,3581-89516-1,Line,28.294,108.75,5592.5,1,27.933,13,0,0.0,0,0.0,0.0,100.1,1,21.01,2,0,0.0,0,0.0,0.0,100.1,1,21.01,2,0,0.0,0,0.0,0.0,100.1,1,21.01,1,0,0.0,0,0.0,0.0,100.1,1
4382-5172-1,137,False,Line,3,3581-89516-1,Line,27.408,108.51,5053.5,1,35.944,11,1,0.213,0,0.0,100.2,100.2,1,25.496,2,1,0.151,0,0.0,100.14,100.14,0,90.399,3,0,0.0,0,1.624,0.0,101.32,1,25.549,2,0,0.0,0,0.0,0.0,100.1,1
4382-5172-1,145,False,Line,6,3581-89516-1,Line,136.353,109.65,4124.9,0,336.107,92,0,0.0,0,1.505,0.0,100.2,1,241.919,9,0,0.0,0,0.0,0.0,100.1,0,436.405,28,0,0.0,0,37.287,0.0,103.21,1,232.723,9,0,0.0,0,0.0,0.0,100.1,1
4382-5172-1,152,False,Line,3,3581-89516-1,Line,31.089,109.51,4161.2,1,40.283,25,0,0.0,0,0.0,0.0,100.1,1,22.85,2,0,0.0,0,0.0,0.0,100.1,1,22.85,2,0,0.0,0,0.0,0.0,100.1,1,22.85,1,0,0.0,0,0.0,0.0,100.1,1
4382-5172-1,159,False,Line,6,T3464-3462-34641-1-w2,Transformer,200.973,111.94,5313.0,0,504.234,90,0,0.0,0,1.706,0.0,100.24,1,359.972,7,0,0.0,0,0.0,0.0,100.1,0,513.566,29,0,0.0,0,79.615,0.0,106.04,1,359.131,7,0,0.0,0,0.0,0.0,100.1,1
4382-5172-1,167,False,Line,3,3581-89516-1,Line,26.549,108.28,3161.9,1,31.71,26,0,0.0,0,0.0,0.0,100.1,1,19.862,1,0,0.0,0,0.0,0.0,100.1,1,19.862,1,0,0.0,0,0.0,0.0,100.1,1,19.862,2,0,0.0,0,0.0,0.0,100.1,1
4384-43844-1,0,False,Line,3,3581-89516-1,Line,6.946,102.97,5299.5,1,8.934,13,0,0.0,0,0.0,0.0,100.1,1,6.982,1,0,0.0,0,0.0,0.0,100.1,1,6.982,1,0,0.0,0,0.0,0.0,100.1,1,6.982,1,0,0.0,0,0.0,0.0,100.1,1
4384-43844-1,7,False,Line,3,3581-89516-1,Line,15.146,105.19,6073.6,1,16.55,16,0,0.0,0,0.0,0.0,100.1,1,12.394,1,0,0.0,0,0.0,0.0,100.1,1,12.394,1,0,0.0,0,0.0,0.0,100.1,1,12.394,2,0,0.0,0,0.0,0.0,100.1,1
4384-43844-1,21,False,Line,3,3581-89516-1,Line,4.865,102.4,4735.3,1,7.945,7,0,0.0,0,0.0,0.0,100.1,1,7.008,1,0,0.0,0,0.0,0.0,100.1,1,7.008,1,0,0.0,0,0.0,0.0,100.1,1,7.008,1,0,0.0,0,0.0,0.0,100.1,1
4384-43844-1,29,False,Line,3,3581-89516-1,Line,17.332,105.78,5968.4,1,22.97,10,1,0.136,0,0.0,100.13,100.13,1,17.292,2,0,0.0,0,0.0,0.0,100.1,1,17.292,2,0,0.0,0,0.0,0.0,100.1,1,17.292,1,0,0.0,0,0.0,0.0,100.1,1
4384-43844-1,36,False,Line,1,3082-3122-1,Line,8.471,101.34,6805.4,1,30.888,19,0,0.0,0,0.0,0.0,100.1,1,16.674,1,0,0.0,0,0.0,0.0,100.1,1,16.674,1,0,0.0,0,0.0,0.0,100.1,1,16.674,1,0,0.0,0,0.0,0.0,100.1,1
4384-43844-1,50,False,Line,5,3581-89516-1,Line,63.321,108.57,5312.4,0,139.837,46,0,0.0,0,2.385,0.0,100.38,1,74.717,7,0,0.0,0,0.0,0.0,100.1,0,0.0,0,0,0.0,0,63.321,0.0,108.57,1,70.269,7,0,0.0,0,0.0,0.0,100.1,1
4384-43844-1,58,False,Line,3,3581-89516-1,Line,25.493,107.99,4583.8,1,47.391,26,0,0.0,0,0.0,0.0,100.1,1,19.224,1,0,0.0,0,0.0,0.0,100.1,1,19.224,1,0,0.0,0,0.0,0.0,100.1,1,19.224,3,0,0.0,0,0.0,0.0,100.1,1
4384-43844-1,65,False,Line,3,3581-89516-1,Line,27.26,108.47,5388.6,1,69.273,22,0,0.0,0,0.0,0.0,100.1,1,23.042,3,0,0.0,0,0.0,0.0,100.1,1,23.042,3,0,0.0,0,0.0,0.0,100.1,1,23.042,2,0,0.0,0,0.0,0.0,100.1,1
4384-43844-1,72,False,Line,3,3581-89516-1,Line,24.468,107.71,5745.9,1,57.237,19,0,0.0,0,0.0,0.0,100.1,1,23.178,2,0,0.0,0,0.0,0.0,100.1,1,23.178,2,0,0.0,0,0.0,0.0,100.1,1,23.178,2,0,0.0,0,0.0,0.0,100.1,1
4384-43844-1,79,False,Line,3,3581-89516-1,Line,19.086,106.26,2728.8,1,32.598,26,0,0.0,0,0.0,0.0,100.1,1,14.995,2,0,0.0,0,0.0,0.0,100.1,1,14.995,2,0,0.0,0,0.0,0.0,100.1,1,14.995,2,0,0.0,0,0.0,0.0,100.1,1
4384-43844-1,94,False,Line,3,3581-89516-1,Line,18.027,105.97,5470.0,1,29.893,26,0,0.0,0,0.0,0.0,100.1,1,14.296,1,0,0.0,0,0.0,0.0,100.1,1,14.296,1,0,0.0,0,0.0,0.0,100.1,1,14.296,2,0,0.0,0,0.0,0.0,100.1,1
4384-43844-1,101,False,Line,3,3581-89516-1,Line,3.755,102.1,5965.5,1,11.274,24,0,0.0,0,0.0,0.0,100.1,1,4.876,1,0,0.0,0,0.0,0.0,100.1,1,4.876,1,0,0.0,0,0.0,0.0,100.1,1,4.876,2,0,0.0,0,0.0,0.0,100.1,1
4384-43844-1,108,False,Line,4,3581-89516-1,Line,39.16,109.14,7006.9,1,51.933,20,0,0.0,0,0.0,0.0,100.1,1,42.527,3,0,0.0,0,0.0,0.0,100.1,1,178.772,9,0,0.0,0,0.0,0.0,100.1,1,38.012,4,0,0.0,0,0.0,0.0,100.1,1
4384-43844-1,116,False,Line,3,3581-89516-1,Line,4.58,102.33,4604.0,1,7.945,7,0,0.0,0,0.0,0.0,100.1,1,6.773,1,0,0.0,0,0.0,0.0,100.1,1,6.773,1,0,0.0,0,0.0,0.0,100.1,1,6.773,1,0,0.0,0,0.0,0.0,100.1,1
4384-43844-1,123,False,Line,3,3581-89516-1,Line,13.711,104.8,5593.8,1,15.369,13,0,0.0,0,0.0,0.0,100.1,1,11.447,1,0,0.0,0,0.0,0.0,100.1,1,11.447,1,0,0.0,0,0.0,0.0,100.1,1,11.447,1,0,0.0,0,0.0,0.0,100.1,1
4384-43844-1,130,False,Line,3,3581-89516-1,Line,18.666,106.14,5592.5,1,19.599,13,0,0.0,0,0.0,0.0,100.1,1,14.718,1,0,0.0,0,0.0,0.0,100.1,1,14.718,1,0,0.0,0,0.0,0.0,100.1,1,14.718,1,0,0.0,0,0.0,0.0,100.1,1
4384-43844-1,137,False,Line,3,3581-89516-1,Line,15.811,105.37,5053.5,1,22.672,11,1,0.134,0,0.0,100.13,100.13,1,16.037,1,0,0.0,0,0.0,0.0,100.1,1,16.037,1,0,0.0,0,0.0,0.0,100.1,1,16.037,1,0,0.0,0,0.0,0.0,100.1,1
4384-43844-1,145,False,Line,3,3581-89516-1,Line,27.632,108.57,4124.9,1,40.152,26,0,0.0,0,0.0,0.0,100.1,1,20.636,2,0,0.0,0,0.0,0.0,100.1,1,20.636,2,0,0.0,0,0.0,0.0,100.1,1,20.636,3,0,0.0,0,0.0,0.0,100.1,1
4384-43844-1,152,False,Line,3,3581-89516-1,Line,24.877,107.83,4161.2,1,33.322,25,0,0.0,0,0.0,0.0,100.1,1,18.817,2,0,0.0,0,0.0,0.0,100.1,1,18.817,2,0,0.0,0,0.0,0.0,100.1,1,18.817,1,0,0.0,0,0.0,0.0,100.1,1
4384-43844-1,159,False,Line,3,3581-89516-1,Line,29.241,109.01,5313.0,1,37.677,25,0,0.0,0,0.0,0.0,100.1,1,21.698,2,0,0.0,0,0.0,0.0,100.1,1,21.698,2,0,0.0,0,0.0,0.0,100.1,1,21.698,2,0,0.0,0,0.0,0.0,100.1,1
4384-43844-1,167,False,Line,3,3581-89516-1,Line,23.283,107.39,3161.9,1,28.467,26,0,0.0,0,0.0,0.0,100.1,1,17.765,1,0,0.0,0,0.0,0.0,100.1,1,17.765,1,0,0.0,0,0.0,0.0,100.1,1,17.765,2,0,0.0,0,0.0,0.0,100.1,1
4391-4481-1,50,False,Line,2,3082-3122-1,Line,4.205,100.38,5312.4,1,8.644,19,0,0.0,0,0.0,0.0,100.1,1,5.132,1,0,0.0,0,0.0,0.0,100.1,1,5.132,1,0,0.0,0,0.0,0.0,100.1,1,4.494,2,0,0.0,0,0.0,0.0,100.1,1
4461-4651-3,36,False,Line,2,T4472-4471-44624-4-w1,Transformer,21.096,105.82,6805.4,0,0.0,0,0,0.0,0,21.096,0.0,105.82,0,0.0,0,0,0.0,0,21.096,0.0,105.82,0,0.0,0,0,0.0,0,21.096,0.0,105.82,1,976.15,31,0,0.0,0,0.0,0.0,100.1,1
4461-4651-3,58,False,Line,1,T4472-4471-44624-4-w1,Transformer,7.085,102.83,4583.8,0,0.0,0,0,0.0,0,7.085,0.0,102.83,0,0.0,0,0,0.0,0,7.085,0.0,102.83,0,0.0,0,0,0.0,0,7.085,0.0,102.83,1,466.636,16,0,0.0,0,0.0,0.0,100.1,1
4461-4651-3,79,False,Line,2,T4472-4471-44624-4-w1,Transformer,52.111,112.02,2728.8,0,0.0,0,0,0.0,0,52.111,0.0,112.02,0,0.0,0,0,0.0,0,52.111,0.0,112.02,0,0.0,0,0,0.0,0,52.111,0.0,112.02,1,2034.898,123,0,0.0,0,0.0,0.0,100.1,1
4461-4651-3,87,False,Line,2,T4472-4471-44624-4-w1,Transformer,61.835,113.97,1883.6,0,0.0,0,0,0.0,0,61.835,0.0,113.97,0,0.0,0,0,0.0,0,61.835,0.0,113.97,0,0.0,0,0,0.0,0,61.835,0.0,113.97,0,1883.564,157,0,0.0,0,11.165,0.0,102.93,0
4461-4651-3,101,False,Line,1,T4472-4471-44624-4-w1,Transformer,2.185,100.87,5965.5,0,0.0,0,0,0.0,0,2.185,0.0,100.87,0,0.0,0,0,0.0,0,2.185,0.0,100.87,0,0.0,0,0,0.0,0,2.185,0.0,100.87,1,132.098,6,0,0.0,0,0.0,0.0,100.1,1
4461-4651-3,108,False,Line,2,T4472-4471-44624-4-w1,Transformer,34.322,108.46,7006.9,0,0.0,0,0,0.0,0,34.322,0.0,108.46,0,0.0,0,0,0.0,0,34.322,0.0,108.46,0,0.0,0,0,0.0,0,34.322,0.0,108.46,1,1427.634,16,0,0.0,0,0.0,0.0,100.1,1
4462-4472-1,50,False,Line,2,3082-3122-1,Line,11.771,101.42,5312.4,1,35.316,16,1,0.223,0,0.0,100.18,100.18,1,25.383,1,1,0.157,0,0.0,100.13,100.13,0,21.8,1,0,0.0,0,1.817,0.0,100.29,1,20.593,3,0,0.0,0,0.0,0.0,100.1,1
4462-4472-1,108,False,Line,2,T3464-3462-34641-1-w2,Transformer,1.831,100.18,7006.9,1,3.204,55,0,0.0,0,0.0,0.0,100.1,1,2.237,1,0,0.0,0,0.0,0.0,100.1,1,2.237,1,0,0.0,0,0.0,0.0,100.1,1,2.237,1,0,0.0,0,0.0,0.0,100.1,1
4462-4922-1,50,False,Line,1,3082-3122-1,Line,1.393,100.22,5312.4,1,3.671,19,0,0.0,0,0.0,0.0,100.1,1,1.611,1,1,0.596,0,0.0,100.12,100.12,1,1.889,2,0,0.0,0,0.0,0.0,100.1,1,1.646,2,0,0.0,0,0.0,0.0,100.1,1
4471-4651-4,36,False,Line,2,T4472-4461-44623-3-w1,Transformer,25.096,105.82,6805.4,0,0.0,0,0,0.0,0,25.096,0.0,105.82,0,0.0,0,0,0.0,0,25.096,0.0,105.82,0,0.0,0,0,0.0,0,25.096,0.0,105.82,1,976.15,31,0,0.0,0,0.0,0.0,100.1,1
4471-4651-4,58,False,Line,2,T4472-4461-44623-3-w1,Transformer,10.17,102.83,4583.8,0,0.0,0,0,0.0,0,10.17,0.0,102.83,0,0.0,0,0,0.0,0,10.17,0.0,102.83,0,0.0,0,0,0.0,0,10.17,0.0,102.83,1,466.636,17,0,0.0,0,0.0,0.0,100.1,1
4471-4651-4,79,False,Line,2,T4472-4461-44623-3-w1,Transformer,56.111,112.02,2728.8,0,0.0,0,0,0.0,0,56.111,0.0,112.02,0,0.0,0,0,0.0,0,56.111,0.0,112.02,0,0.0,0,0,0.0,0,56.111,0.0,112.02,1,2152.987,127,0,0.0,0,0.0,0.0,100.1,1
4471-4651-4,87,False,Line,2,T4472-4461-44623-3-w1,Transformer,65.835,113.97,1883.6,0,0.0,0,0,0.0,0,65.835,0.0,113.97,0,0.0,0,0,0.0,0,65.835,0.0,113.97,0,0.0,0,0,0.0,0,65.835,0.0,113.97,0,1883.564,157,0,0.0,0,15.169,0.0,103.29,0
4471-4651-4,101,False,Line,1,T4472-4461-44623-3-w1,Transformer,2.185,100.87,5965.5,0,0.0,0,0,0.0,0,2.185,0.0,100.87,0,0.0,0,0,0.0,0,2.185,0.0,100.87,0,0.0,0,0,0.0,0,2.185,0.0,100.87,1,132.098,6,0,0.0,0,0.0,0.0,100.1,1
4471-4651-4,108,False,Line,2,T4472-4461-44623-3-w1,Transformer,38.322,108.46,7006.9,0,0.0,0,0,0.0,0,38.322,0.0,108.46,0,0.0,0,0,0.0,0,38.322,0.0,108.46,0,0.0,0,0,0.0,0,38.322,0.0,108.46,1,1427.634,16,0,0.0,0,0.0,0.0,100.1,1
4472-17431-1,36,False,Line,1,3082-3122-1,Line,120.706,119.04,6805.4,1,410.714,27,0,0.0,0,0.0,0.0,100.1,1,204.016,1,1,0.543,0,0.0,100.11,100.11,1,207.993,2,0,0.0,0,0.0,0.0,100.1,1,204.023,2,0,0.0,0,0.0,0.0,100.1,1
4472-17431-1,50,False,Line,1,3082-3122-1,Line,115.108,118.16,5312.4,1,494.421,29,3,10.201,0,0.0,103.13,103.13,1,247.135,3,3,4.706,0,0.0,102.0,102.0,0,8.661,1,0,0.0,0,110.01,0.0,117.35,1,252.283,6,0,0.0,0,0.0,0.0,100.1,1
4472-17431-1,72,False,Line,1,3082-3122-1,Line,16.279,102.57,5745.9,1,52.628,29,1,0.465,0,0.0,100.38,100.38,1,26.583,1,1,0.313,0,0.0,100.25,100.25,0,8.806,1,0,0.0,0,11.096,0.0,101.75,1,27.091,2,0,0.0,0,0.0,0.0,100.1,1
4472-17431-1,94,False,Line,1,3082-3122-1,Line,9.425,101.49,5470.0,1,27.636,29,1,0.262,0,0.0,100.21,100.21,1,14.938,1,1,0.188,0,0.0,100.15,100.15,0,8.887,1,0,0.0,0,4.195,0.0,100.66,1,15.076,2,0,0.0,0,0.0,0.0,100.1,1
4472-17431-1,101,False,Line,1,3082-3122-1,Line,40.789,106.43,5965.5,1,140.3,22,0,0.0,0,0.0,0.0,100.1,1,68.227,1,2,6.985,0,0.0,100.71,100.71,0,192.631,9,0,0.0,0,19.504,0.0,103.08,1,84.36,2,0,0.0,0,0.0,0.0,100.1,1
4472-17431-1,108,False,Line,1,3082-3122-1,Line,85.001,113.41,7006.9,1,314.149,27,3,5.3,0,0.0,102.07,102.07,1,143.348,1,4,16.871,0,0.0,101.54,101.54,0,11.02,2,0,0.0,0,82.694,0.0,113.04,1,185.786,3,0,0.0,0,0.0,0.0,100.1,1
4472-30820-1,0,False,Line,1,4472-30820-2,Line,104.231,118.29,5299.5,1,248.976,5,4,7.24,0,0.0,102.29,102.29,1,150.651,1,3,2.752,0,0.0,101.32,101.32,0,12.27,1,0,0.0,0,95.789,0.0,116.81,1,154.645,3,0,0.0,0,0.0,0.0,100.1,1
4472-30820-1,7,False,Line,1,4472-30820-2,Line,89.328,115.67,6073.6,1,213.18,5,3,4.359,0,0.0,101.96,101.96,1,128.992,1,1,1.394,0,0.0,101.13,101.13,0,12.248,1,0,0.0,0,80.9,0.0,114.19,1,131.532,2,0,0.0,0,0.0,0.0,100.1,1
4472-30820-1,21,False,Line,1,4472-30820-2,Line,110.876,119.45,4735.3,1,264.935,5,3,6.395,0,0.0,102.43,102.43,1,160.308,1,2,2.109,0,0.0,101.41,101.41,0,12.279,1,0,0.0,0,102.427,0.0,117.97,1,164.338,2,0,0.0,0,0.0,0.0,100.1,1
4472-30820-1,29,False,Line,1,4472-30820-2,Line,79.487,113.95,5968.4,1,189.545,5,4,4.551,0,0.0,101.74,101.74,1,114.69,1,2,1.917,0,0.0,101.01,101.01,0,12.234,1,0,0.0,0,71.069,0.0,112.47,1,118.196,3,0,0.0,0,0.0,0.0,100.1,1
4472-30820-1,116,False,Line,1,4472-30820-2,Line,60.048,110.53,4604.0,1,127.94,4,1,1.431,0,0.0,101.16,101.16,1,86.44,1,1,0.931,0,0.0,100.76,100.76,0,12.206,1,0,0.0,0,51.649,0.0,109.06,1,88.461,2,0,0.0,0,0.0,0.0,100.1,1
4472-30820-2,0,False,Line,1,4472-30820-1,Line,101.698,117.84,5299.5,1,243.808,5,4,7.003,0,0.0,102.24,102.24,1,147.524,1,3,2.65,0,0.0,101.3,101.3,0,12.382,1,0,0.0,0,93.211,0.0,116.35,1,151.425,3,0,0.0,0,0.0,0.0,100.1,1
4472-30820-2,7,False,Line,1,4472-30820-1,Line,86.851,115.24,6073.6,1,208.013,5,3,4.153,0,0.0,101.91,101.91,1,125.865,1,1,1.359,0,0.0,101.1,101.1,0,12.358,1,0,0.0,0,78.38,0.0,113.75,1,128.335,2,0,0.0,0,0.0,0.0,100.1,1
4472-30820-2,21,False,Line,1,4472-30820-1,Line,108.318,119.0,4735.3,1,259.768,5,3,6.189,0,0.0,102.39,102.39,1,157.181,1,2,2.027,0,0.0,101.38,101.38,0,12.392,1,0,0.0,0,99.823,0.0,117.51,1,161.124,2,0,0.0,0,0.0,0.0,100.1,1
4472-30820-2,29,False,Line,1,4472-30820-1,Line,77.047,113.52,5968.4,1,184.377,5,4,4.313,0,0.0,101.69,101.69,1,111.564,1,2,1.863,0,0.0,100.98,100.98,0,12.342,1,0,0.0,0,68.587,0.0,112.03,1,114.958,3,0,0.0,0,0.0,0.0,100.1,1
4472-30820-2,116,False,Line,1,4472-30820-1,Line,57.681,110.12,4604.0,1,123.312,4,1,1.378,0,0.0,101.12,101.12,1,83.313,1,1,0.896,0,0.0,100.73,100.73,0,12.311,1,0,0.0,0,49.242,0.0,108.64,1,85.246,2,0,0.0,0,0.0,0.0,100.1,1
4522-5142-1,101,False,Line,2,T3464-3462-34641-1-w2,Transformer,7.35,100.74,5965.5,1,24.101,53,0,0.0,0,0.0,0.0,100.1,1,16.821,1,0,0.0,0,0.0,0.0,100.1,1,16.821,1,0,0.0,0,0.0,0.0,100.1,1,16.821,1,0,0.0,0,0.0,0.0,100.1,1
4522-5142-1,108,False,Line,2,T3464-3462-34641-1-w2,Transformer,8.286,100.83,7006.9,1,27.745,55,0,0.0,0,0.0,0.0,100.1,1,19.299,1,0,0.0,0,0.0,0.0,100.1,1,19.299,1,0,0.0,0,0.0,0.0,100.1,1,19.299,1,0,0.0,0,0.0,0.0,100.1,1
4522-5142-1,159,False,Line,2,T3464-3462-34641-1-w2,Transformer,7.429,100.74,5313.0,1,23.854,55,0,0.0,0,0.0,0.0,100.1,1,17.029,1,0,0.0,0,0.0,0.0,100.1,1,17.029,1,0,0.0,0,0.0,0.0,100.1,1,17.029,1,0,0.0,0,0.0,0.0,100.1,1
4664-5464-1,0,False,Line,3,3581-89516-1,Line,6.946,102.97,5299.5,1,8.937,13,0,0.0,0,0.0,0.0,100.1,1,6.983,1,0,0.0,0,0.0,0.0,100.1,1,6.983,1,0,0.0,0,0.0,0.0,100.1,1,6.983,1,0,0.0,0,0.0,0.0,100.1,1
4664-5464-1,7,False,Line,3,3581-89516-1,Line,15.146,105.19,6073.6,1,16.555,16,0,0.0,0,0.0,0.0,100.1,1,12.397,1,0,0.0,0,0.0,0.0,100.1,1,12.397,1,0,0.0,0,0.0,0.0,100.1,1,12.397,2,0,0.0,0,0.0,0.0,100.1,1
4664-5464-1,21,False,Line,3,3581-89516-1,Line,4.865,102.4,4735.3,1,7.948,7,0,0.0,0,0.0,0.0,100.1,1,7.01,1,0,0.0,0,0.0,0.0,100.1,1,7.01,1,0,0.0,0,0.0,0.0,100.1,1,7.01,1,0,0.0,0,0.0,0.0,100.1,1
4664-5464-1,29,False,Line,3,3581-89516-1,Line,17.332,105.78,5968.4,1,22.98,10,1,0.136,0,0.0,100.13,100.13,1,17.297,2,0,0.0,0,0.0,0.0,100.1,1,17.297,2,0,0.0,0,0.0,0.0,100.1,1,17.297,1,0,0.0,0,0.0,0.0,100.1,1
4664-5464-1,36,False,Line,1,3082-3122-1,Line,8.471,101.34,6805.4,1,30.914,19,0,0.0,0,0.0,0.0,100.1,1,16.682,1,0,0.0,0,0.0,0.0,100.1,1,16.682,1,0,0.0,0,0.0,0.0,100.1,1,16.682,1,0,0.0,0,0.0,0.0,100.1,1
4664-5464-1,50,False,Line,5,3581-89516-1,Line,63.321,108.57,5312.4,0,140.016,46,0,0.0,0,2.399,0.0,100.38,1,74.785,7,0,0.0,0,0.0,0.0,100.1,0,0.0,0,0,0.0,0,63.321,0.0,108.57,1,70.33,7,0,0.0,0,0.0,0.0,100.1,1
4664-5464-1,58,False,Line,3,3581-89516-1,Line,25.493,107.99,4583.8,1,47.42,26,0,0.0,0,0.0,0.0,100.1,1,19.229,1,0,0.0,0,0.0,0.0,100.1,1,19.229,1,0,0.0,0,0.0,0.0,100.1,1,19.229,3,0,0.0,0,0.0,0.0,100.1,1
4664-5464-1,65,False,Line,3,3581-89516-1,Line,27.26,108.47,5388.6,1,69.332,22,0,0.0,0,0.0,0.0,100.1,1,23.049,3,0,0.0,0,0.0,0.0,100.1,1,23.049,3,0,0.0,0,0.0,0.0,100.1,1,23.049,2,0,0.0,0,0.0,0.0,100.1,1
4664-5464-1,72,False,Line,3,3581-89516-1,Line,24.468,107.71,5745.9,1,57.281,19,0,0.0,0,0.0,0.0,100.1,1,23.185,2,0,0.0,0,0.0,0.0,100.1,1,23.185,2,0,0.0,0,0.0,0.0,100.1,1,23.185,2,0,0.0,0,0.0,0.0,100.1,1
4664-5464-1,79,False,Line,3,3581-89516-1,Line,19.086,106.26,2728.8,1,32.615,26,0,0.0,0,0.0,0.0,100.1,1,14.999,2,0,0.0,0,0.0,0.0,100.1,1,14.999,2,0,0.0,0,0.0,0.0,100.1,1,14.999,2,0,0.0,0,0.0,0.0,100.1,1
4664-5464-1,94,False,Line,3,3581-89516-1,Line,18.027,105.97,5470.0,1,29.908,26,0,0.0,0,0.0,0.0,100.1,1,14.3,1,0,0.0,0,0.0,0.0,100.1,1,14.3,1,0,0.0,0,0.0,0.0,100.1,1,14.3,2,0,0.0,0,0.0,0.0,100.1,1
4664-5464-1,101,False,Line,3,3581-89516-1,Line,3.755,102.1,5965.5,1,11.281,24,0,0.0,0,0.0,0.0,100.1,1,4.877,1,0,0.0,0,0.0,0.0,100.1,1,4.877,1,0,0.0,0,0.0,0.0,100.1,1,4.877,2,0,0.0,0,0.0,0.0,100.1,1
4664-5464-1,108,False,Line,4,3581-89516-1,Line,39.16,109.14,7006.9,1,51.964,20,0,0.0,0,0.0,0.0,100.1,1,42.535,3,0,0.0,0,0.0,0.0,100.1,1,179.152,9,0,0.0,0,0.0,0.0,100.1,1,38.029,4,0,0.0,0,0.0,0.0,100.1,1
4664-5464-1,116,False,Line,3,3581-89516-1,Line,4.58,102.33,4604.0,1,7.947,7,0,0.0,0,0.0,0.0,100.1,1,6.775,1,0,0.0,0,0.0,0.0,100.1,1,6.775,1,0,0.0,0,0.0,0.0,100.1,1,6.775,1,0,0.0,0,0.0,0.0,100.1,1
4664-5464-1,123,False,Line,3,3581-89516-1,Line,13.711,104.8,5593.8,1,15.374,13,0,0.0,0,0.0,0.0,100.1,1,11.45,1,0,0.0,0,0.0,0.0,100.1,1,11.45,1,0,0.0,0,0.0,0.0,100.1,1,11.45,1,0,0.0,0,0.0,0.0,100.1,1
4664-5464-1,130,False,Line,3,3581-89516-1,Line,18.666,106.14,5592.5,1,19.605,13,0,0.0,0,0.0,0.0,100.1,1,14.722,1,0,0.0,0,0.0,0.0,100.1,1,14.722,1,0,0.0,0,0.0,0.0,100.1,1,14.722,1,0,0.0,0,0.0,0.0,100.1,1
4664-5464-1,137,False,Line,3,3581-89516-1,Line,15.811,105.37,5053.5,1,22.682,11,1,0.134,0,0.0,100.13,100.13,1,16.042,1,0,0.0,0,0.0,0.0,100.1,1,16.042,1,0,0.0,0,0.0,0.0,100.1,1,16.042,1,0,0.0,0,0.0,0.0,100.1,1
4664-5464-1,145,False,Line,3,3581-89516-1,Line,27.632,108.57,4124.9,1,40.172,26,0,0.0,0,0.0,0.0,100.1,1,20.641,2,0,0.0,0,0.0,0.0,100.1,1,20.641,2,0,0.0,0,0.0,0.0,100.1,1,20.641,3,0,0.0,0,0.0,0.0,100.1,1
4664-5464-1,152,False,Line,3,3581-89516-1,Line,24.877,107.83,4161.2,1,33.337,25,0,0.0,0,0.0,0.0,100.1,1,18.822,2,0,0.0,0,0.0,0.0,100.1,1,18.822,2,0,0.0,0,0.0,0.0,100.1,1,18.822,1,0,0.0,0,0.0,0.0,100.1,1
4664-5464-1,159,False,Line,3,3581-89516-1,Line,29.241,109.01,5313.0,1,37.693,25,0,0.0,0,0.0,0.0,100.1,1,21.703,2,0,0.0,0,0.0,0.0,100.1,1,21.703,2,0,0.0,0,0.0,0.0,100.1,1,21.703,2,0,0.0,0,0.0,0.0,100.1,1
4664-5464-1,167,False,Line,3,3581-89516-1,Line,23.283,107.39,3161.9,1,28.478,26,0,0.0,0,0.0,0.0,100.1,1,17.77,1,0,0.0,0,0.0,0.0,100.1,1,17.77,1,0,0.0,0,0.0,0.0,100.1,1,17.77,2,0,0.0,0,0.0,0.0,100.1,1
4664-43844-1,0,False,Line,3,3581-89516-1,Line,6.946,102.97,5299.5,1,8.934,13,0,0.0,0,0.0,0.0,100.1,1,6.982,1,0,0.0,0,0.0,0.0,100.1,1,6.982,1,0,0.0,0,0.0,0.0,100.1,1,6.982,1,0,0.0,0,0.0,0.0,100.1,1
4664-43844-1,7,False,Line,3,3581-89516-1,Line,15.146,105.19,6073.6,1,16.551,16,0,0.0,0,0.0,0.0,100.1,1,12.395,1,0,0.0,0,0.0,0.0,100.1,1,12.395,1,0,0.0,0,0.0,0.0,100.1,1,12.395,2,0,0.0,0,0.0,0.0,100.1,1
4664-43844-1,21,False,Line,3,3581-89516-1,Line,4.865,102.4,4735.3,1,7.945,7,0,0.0,0,0.0,0.0,100.1,1,7.008,1,0,0.0,0,0.0,0.0,100.1,1,7.008,1,0,0.0,0,0.0,0.0,100.1,1,7.008,1,0,0.0,0,0.0,0.0,100.1,1
4664-43844-1,29,False,Line,3,3581-89516-1,Line,17.332,105.78,5968.4,1,22.972,10,1,0.136,0,0.0,100.13,100.13,1,17.293,2,0,0.0,0,0.0,0.0,100.1,1,17.293,2,0,0.0,0,0.0,0.0,100.1,1,17.293,1,0,0.0,0,0.0,0.0,100.1,1
4664-43844-1,36,False,Line,1,3082-3122-1,Line,8.471,101.34,6805.4,1,30.893,19,0,0.0,0,0.0,0.0,100.1,1,16.675,1,0,0.0,0,0.0,0.0,100.1,1,16.675,1,0,0.0,0,0.0,0.0,100.1,1,16.675,1,0,0.0,0,0.0,0.0,100.1,1
4664-43844-1,50,False,Line,5,3581-89516-1,Line,63.321,108.57,5312.4,0,139.866,46,0,0.0,0,2.387,0.0,100.38,1,74.728,7,0,0.0,0,0.0,0.0,100.1,0,0.0,0,0,0.0,0,63.321,0.0,108.57,1,70.279,7,0,0.0,0,0.0,0.0,100.1,1
4664-43844-1,58,False,Line,3,3581-89516-1,Line,25.493,107.99,4583.8,1,47.396,26,0,0.0,0,0.0,0.0,100.1,1,19.225,1,0,0.0,0,0.0,0.0,100.1,1,19.225,1,0,0.0,0,0.0,0.0,100.1,1,19.225,3,0,0.0,0,0.0,0.0,100.1,1
4664-43844-1,65,False,Line,3,3581-89516-1,Line,27.26,108.47,5388.6,1,69.283,22,0,0.0,0,0.0,0.0,100.1,1,23.043,3,0,0.0,0,0.0,0.0,100.1,1,23.043,3,0,0.0,0,0.0,0.0,100.1,1,23.043,2,0,0.0,0,0.0,0.0,100.1,1
4664-43844-1,72,False,Line,3,3581-89516-1,Line,24.468,107.71,5745.9,1,57.244,19,0,0.0,0,0.0,0.0,100.1,1,23.179,2,0,0.0,0,0.0,0.0,100.1,1,23.179,2,0,0.0,0,0.0,0.0,100.1,1,23.179,2,0,0.0,0,0.0,0.0,100.1,1
4664-43844-1,79,False,Line,3,3581-89516-1,Line,19.086,106.26,2728.8,1,32.601,26,0,0.0,0,0.0,0.0,100.1,1,14.996,2,0,0.0,0,0.0,0.0,100.1,1,14.996,2,0,0.0,0,0.0,0.0,100.1,1,14.996,2,0,0.0,0,0.0,0.0,100.1,1
4664-43844-1,94,False,Line,3,3581-89516-1,Line,18.027,105.97,5470.0,1,29.895,26,0,0.0,0,0.0,0.0,100.1,1,14.297,1,0,0.0,0,0.0,0.0,100.1,1,14.297,1,0,0.0,0,0.0,0.0,100.1,1,14.297,2,0,0.0,0,0.0,0.0,100.1,1
4664-43844-1,101,False,Line,3,3581-89516-1,Line,3.755,102.1,5965.5,1,11.276,24,0,0.0,0,0.0,0.0,100.1,1,4.876,1,0,0.0,0,0.0,0.0,100.1,1,4.876,1,0,0.0,0,0.0,0.0,100.1,1,4.876,2,0,0.0,0,0.0,0.0,100.1,1
4664-43844-1,108,False,Line,4,3581-89516-1,Line,39.16,109.14,7006.9,1,51.938,20,0,0.0,0,0.0,0.0,100.1,1,42.528,3,0,0.0,0,0.0,0.0,100.1,1,178.835,9,0,0.0,0,0.0,0.0,100.1,1,38.015,4,0,0.0,0,0.0,0.0,100.1,1
4664-43844-1,116,False,Line,3,3581-89516-1,Line,4.58,102.33,4604.0,1,7.945,7,0,0.0,0,0.0,0.0,100.1,1,6.774,1,0,0.0,0,0.0,0.0,100.1,1,6.774,1,0,0.0,0,0.0,0.0,100.1,1,6.774,1,0,0.0,0,0.0,0.0,100.1,1
4664-43844-1,123,False,Line,3,3581-89516-1,Line,13.711,104.8,5593.8,1,15.37,13,0,0.0,0,0.0,0.0,100.1,1,11.448,1,0,0.0,0,0.0,0.0,100.1,1,11.448,1,0,0.0,0,0.0,0.0,100.1,1,11.448,1,0,0.0,0,0.0,0.0,100.1,1
4664-43844-1,130,False,Line,3,3581-89516-1,Line,18.666,106.14,5592.5,1,19.6,13,0,0.0,0,0.0,0.0,100.1,1,14.719,1,0,0.0,0,0.0,0.0,100.1,1,14.719,1,0,0.0,0,0.0,0.0,100.1,1,14.719,1,0,0.0,0,0.0,0.0,100.1,1
4664-43844-1,137,False,Line,3,3581-89516-1,Line,15.811,105.37,5053.5,1,22.674,11,1,0.134,0,0.0,100.13,100.13,1,16.038,1,0,0.0,0,0.0,0.0,100.1,1,16.038,1,0,0.0,0,0.0,0.0,100.1,1,16.038,1,0,0.0,0,0.0,0.0,100.1,1
4664-43844-1,145,False,Line,3,3581-89516-1,Line,27.632,108.57,4124.9,1,40.156,26,0,0.0,0,0.0,0.0,100.1,1,20.637,2,0,0.0,0,0.0,0.0,100.1,1,20.637,2,0,0.0,0,0.0,0.0,100.1,1,20.637,3,0,0.0,0,0.0,0.0,100.1,1
4664-43844-1,152,False,Line,3,3581-89516-1,Line,24.877,107.83,4161.2,1,33.325,25,0,0.0,0,0.0,0.0,100.1,1,18.818,2,0,0.0,0,0.0,0.0,100.1,1,18.818,2,0,0.0,0,0.0,0.0,100.1,1,18.818,1,0,0.0,0,0.0,0.0,100.1,1
4664-43844-1,159,False,Line,3,3581-89516-1,Line,29.241,109.01,5313.0,1,37.68,25,0,0.0,0,0.0,0.0,100.1,1,21.699,2,0,0.0,0,0.0,0.0,100.1,1,21.699,2,0,0.0,0,0.0,0.0,100.1,1,21.699,2,0,0.0,0,0.0,0.0,100.1,1
4664-43844-1,167,False,Line,3,3581-89516-1,Line,23.283,107.39,3161.9,1,28.469,26,0,0.0,0,0.0,0.0,100.1,1,17.766,1,0,0.0,0,0.0,0.0,100.1,1,17.766,1,0,0.0,0,0.0,0.0,100.1,1,17.766,2,0,0.0,0,0.0,0.0,100.1,1
4781-4961-1,108,False,Line,1,3691-4041-1,Line,0.49,100.26,7006.9,1,0.651,8,0,0.0,0,0.0,0.0,100.1,1,0.539,1,0,0.0,0,0.0,0.0,100.1,1,0.539,1,0,0.0,0,0.0,0.0,100.1,1,0.539,1,0,0.0,0,0.0,0.0,100.1,1
4781-4961-1,123,False,Line,1,3581-89516-1,Line,0.381,100.31,5593.8,1,0.68,13,0,0.0,0,0.0,0.0,100.1,1,0.508,1,0,0.0,0,0.0,0.0,100.1,1,0.508,1,0,0.0,0,0.0,0.0,100.1,1,0.508,1,0,0.0,0,0.0,0.0,100.1,1
4781-4961-1,130,False,Line,1,3581-89516-1,Line,1.115,100.91,5592.5,1,2.598,13,0,0.0,0,0.0,0.0,100.1,1,1.956,1,0,0.0,0,0.0,0.0,100.1,1,1.956,1,0,0.0,0,0.0,0.0,100.1,1,1.956,1,0,0.0,0,0.0,0.0,100.1,1
4781-4961-1,145,False,Line,1,3581-89516-1,Line,0.532,100.43,4124.9,1,1.565,26,0,0.0,0,0.0,0.0,100.1,1,0.807,1,0,0.0,0,0.0,0.0,100.1,1,0.807,1,0,0.0,0,0.0,0.0,100.1,1,0.807,1,0,0.0,0,0.0,0.0,100.1,1
4781-4961-1,152,False,Line,1,3581-89516-1,Line,0.943,100.77,4161.2,1,2.854,25,0,0.0,0,0.0,0.0,100.1,1,1.617,1,0,0.0,0,0.0,0.0,100.1,1,1.617,1,0,0.0,0,0.0,0.0,100.1,1,1.617,1,0,0.0,0,0.0,0.0,100.1,1
4781-4961-1,159,False,Line,1,3581-89516-1,Line,0.306,100.25,5313.0,1,0.623,25,0,0.0,0,0.0,0.0,100.1,1,0.36,1,0,0.0,0,0.0,0.0,100.1,1,0.36,1,0,0.0,0,0.0,0.0,100.1,1,0.36,1,0,0.0,0,0.0,0.0,100.1,1
4941-5351-1,0,False,Line,1,3581-89516-1,Line,0.381,100.31,5299.5,1,0.653,13,0,0.0,0,0.0,0.0,100.1,1,0.51,1,0,0.0,0,0.0,0.0,100.1,1,0.51,1,0,0.0,0,0.0,0.0,100.1,1,0.51,1,0,0.0,0,0.0,0.0,100.1,1
4941-5351-1,50,False,Line,2,1122-1742-1,Line,17.939,101.92,5312.4,1,46.092,35,0,0.0,0,0.0,0.0,100.1,1,20.843,2,0,0.0,0,0.0,0.0,100.1,1,21.328,2,0,0.0,0,0.0,0.0,100.1,1,20.373,2,0,0.0,0,0.0,0.0,100.1,1
4941-5351-1,79,False,Line,1,3581-89516-1,Line,0.298,100.24,2728.8,1,0.753,26,0,0.0,0,0.0,0.0,100.1,1,0.345,1,0,0.0,0,0.0,0.0,100.1,1,0.345,1,0,0.0,0,0.0,0.0,100.1,1,0.345,1,0,0.0,0,0.0,0.0,100.1,1
4941-5351-1,101,False,Line,2,T3464-3462-34641-1-w2,Transformer,8.921,100.89,5965.5,1,30.166,54,0,0.0,0,0.0,0.0,100.1,1,21.315,1,0,0.0,0,0.0,0.0,100.1,1,21.315,1,0,0.0,0,0.0,0.0,100.1,1,21.315,1,0,0.0,0,0.0,0.0,100.1,1
4941-5351-1,108,False,Line,2,T3464-3462-34641-1-w2,Transformer,10.572,101.06,7006.9,1,36.519,56,0,0.0,0,0.0,0.0,100.1,1,25.758,1,0,0.0,0,0.0,0.0,100.1,1,25.758,1,0,0.0,0,0.0,0.0,100.1,1,25.758,1,0,0.0,0,0.0,0.0,100.1,1
4941-5351-1,159,False,Line,2,T3464-3462-34641-1-w2,Transformer,5.516,100.55,5313.0,1,16.825,56,0,0.0,0,0.0,0.0,100.1,1,12.151,1,0,0.0,0,0.0,0.0,100.1,1,12.151,1,0,0.0,0,0.0,0.0,100.1,1,12.151,1,0,0.0,0,0.0,0.0,100.1,1
4941-22419-1,7,False,Line,1,3581-89516-1,Line,0.226,100.18,6073.6,1,0.273,16,0,0.0,0,0.0,0.0,100.1,1,0.204,1,0,0.0,0,0.0,0.0,100.1,1,0.204,1,0,0.0,0,0.0,0.0,100.1,1,0.204,1,0,0.0,0,0.0,0.0,100.1,1
4941-22419-1,50,False,Line,1,3581-89516-1,Line,0.393,100.32,5312.4,1,1.354,26,0,0.0,0,0.0,0.0,100.1,1,0.534,1,0,0.0,0,0.0,0.0,100.1,1,0.534,1,0,0.0,0,0.0,0.0,100.1,1,0.534,1,0,0.0,0,0.0,0.0,100.1,1
4941-22419-1,58,False,Line,1,3581-89516-1,Line,0.217,100.18,4583.8,1,0.46,26,0,0.0,0,0.0,0.0,100.1,1,0.186,1,0,0.0,0,0.0,0.0,100.1,1,0.186,1,0,0.0,0,0.0,0.0,100.1,1,0.186,1,0,0.0,0,0.0,0.0,100.1,1
4941-22419-1,72,False,Line,1,3581-89516-1,Line,0.201,100.16,5745.9,1,0.477,19,0,0.0,0,0.0,0.0,100.1,1,0.192,1,0,0.0,0,0.0,0.0,100.1,1,0.192,1,0,0.0,0,0.0,0.0,100.1,1,0.192,1,0,0.0,0,0.0,0.0,100.1,1
4941-22419-1,79,False,Line,1,3581-89516-1,Line,1.215,100.99,2728.8,1,4.708,26,0,0.0,0,0.0,0.0,100.1,1,2.16,1,0,0.0,0,0.0,0.0,100.1,1,2.16,1,0,0.0,0,0.0,0.0,100.1,1,2.16,1,0,0.0,0,0.0,0.0,100.1,1
4941-22419-1,101,False,Line,2,T3464-3462-34641-1-w2,Transformer,2.388,100.24,5965.5,1,5.292,54,0,0.0,0,0.0,0.0,100.1,1,3.717,1,0,0.0,0,0.0,0.0,100.1,1,3.717,1,0,0.0,0,0.0,0.0,100.1,1,3.717,1,0,0.0,0,0.0,0.0,100.1,1
4941-22419-1,108,False,Line,4,T3464-3462-34641-1-w2,Transformer,7.861,100.69,7006.9,0,25.012,76,0,0.0,0,0.532,0.0,100.11,1,53.878,2,0,0.0,0,0.0,0.0,100.1,1,53.878,2,0,0.0,0,0.0,0.0,100.1,1,17.274,3,0,0.0,0,0.0,0.0,100.1,1
4941-22419-1,123,False,Line,1,3581-89516-1,Line,0.168,100.14,5593.8,1,0.119,13,0,0.0,0,0.0,0.0,100.1,1,0.089,1,0,0.0,0,0.0,0.0,100.1,1,0.089,1,0,0.0,0,0.0,0.0,100.1,1,0.089,1,0,0.0,0,0.0,0.0,100.1,1
4941-22419-1,130,False,Line,1,3581-89516-1,Line,0.674,100.55,5592.5,1,1.452,13,0,0.0,0,0.0,0.0,100.1,1,1.09,1,0,0.0,0,0.0,0.0,100.1,1,1.09,1,0,0.0,0,0.0,0.0,100.1,1,1.09,1,0,0.0,0,0.0,0.0,100.1,1
4941-22419-1,145,False,Line,1,3581-89516-1,Line,1.51,101.23,4124.9,1,5.351,26,0,0.0,0,0.0,0.0,100.1,1,2.745,1,0,0.0,0,0.0,0.0,100.1,1,2.745,1,0,0.0,0,0.0,0.0,100.1,1,2.745,1,0,0.0,0,0.0,0.0,100.1,1
4941-22419-1,152,False,Line,1,3581-89516-1,Line,0.277,100.22,4161.2,1,0.539,25,0,0.0,0,0.0,0.0,100.1,1,0.304,1,0,0.0,0,0.0,0.0,100.1,1,0.304,1,0,0.0,0,0.0,0.0,100.1,1,0.304,1,0,0.0,0,0.0,0.0,100.1,1
4941-22419-1,159,False,Line,3,T3464-3462-34641-1-w2,Transformer,1.92,100.18,5313.0,0,3.007,81,0,0.0,0,0.502,0.0,100.1,1,21.069,2,0,0.0,0,0.0,0.0,100.1,1,4.001,2,0,0.0,0,0.0,0.0,100.1,1,2.159,2,0,0.0,0,0.0,0.0,100.1,1
4941-22419-1,167,False,Line,1,3581-89516-1,Line,0.502,100.41,3161.9,1,1.204,26,0,0.0,0,0.0,0.0,100.1,1,0.751,1,0,0.0,0,0.0,0.0,100.1,1,0.751,1,0,0.0,0,0.0,0.0,100.1,1,0.751,1,0,0.0,0,0.0,0.0,100.1,1
4941-50019-1,72,False,Line,1,3581-89516-1,Line,0.128,100.1,5745.9,1,0.03,19,0,0.0,0,0.0,0.0,100.1,1,0.012,1,0,0.0,0,0.0,0.0,100.1,1,0.012,1,0,0.0,0,0.0,0.0,100.1,1,0.012,1,0,0.0,0,0.0,0.0,100.1,1
4941-50019-1,130,False,Line,1,3581-89516-1,Line,0.168,100.14,5592.5,1,0.119,13,0,0.0,0,0.0,0.0,100.1,1,0.089,1,0,0.0,0,0.0,0.0,100.1,1,0.089,1,0,0.0,0,0.0,0.0,100.1,1,0.089,1,0,0.0,0,0.0,0.0,100.1,1
4941-50019-1,167,False,Line,1,3581-89516-1,Line,0.131,100.11,3161.9,1,0.027,26,0,0.0,0,0.0,0.0,100.1,1,0.017,1,0,0.0,0,0.0,0.0,100.1,1,0.017,1,0,0.0,0,0.0,0.0,100.1,1,0.017,1,0,0.0,0,0.0,0.0,100.1,1
4942-4943-1,7,False,Line,1,3581-89516-1,Line,0.244,100.2,6073.6,1,0.319,16,0,0.0,0,0.0,0.0,100.1,1,0.239,1,0,0.0,0,0.0,0.0,100.1,1,0.239,1,0,0.0,0,0.0,0.0,100.1,1,0.239,1,0,0.0,0,0.0,0.0,100.1,1
4942-4943-1,29,False,Line,1,3581-89516-1,Line,0.276,100.22,5968.4,1,0.504,10,0,0.0,0,0.0,0.0,100.1,1,0.379,1,0,0.0,0,0.0,0.0,100.1,1,0.379,1,0,0.0,0,0.0,0.0,100.1,1,0.379,1,0,0.0,0,0.0,0.0,100.1,1
4942-4943-1,36,False,Line,1,3082-3122-1,Line,3.202,100.51,6805.4,1,10.104,19,0,0.0,0,0.0,0.0,100.1,1,5.47,1,0,0.0,0,0.0,0.0,100.1,1,5.47,1,0,0.0,0,0.0,0.0,100.1,1,5.47,1,0,0.0,0,0.0,0.0,100.1,1
4942-4943-1,50,False,Line,5,1122-1742-1,Line,43.641,102.05,5312.4,0,125.928,95,0,0.0,0,0.638,0.0,100.13,1,100.852,3,0,0.0,0,0.0,0.0,100.1,0,88.392,2,0,0.0,0,25.643,0.0,101.85,1,88.403,6,0,0.0,0,0.0,0.0,100.1,1
4942-4943-1,58,False,Line,1,3581-89516-1,Line,0.707,100.57,4583.8,1,2.862,26,0,0.0,0,0.0,0.0,100.1,1,1.156,1,0,0.0,0,0.0,0.0,100.1,1,1.156,1,0,0.0,0,0.0,0.0,100.1,1,1.156,1,0,0.0,0,0.0,0.0,100.1,1
4942-4943-1,65,False,Line,1,3581-89516-1,Line,0.709,100.58,5388.6,1,3.969,22,0,0.0,0,0.0,0.0,100.1,1,1.236,1,0,0.0,0,0.0,0.0,100.1,1,1.236,1,0,0.0,0,0.0,0.0,100.1,1,1.236,1,0,0.0,0,0.0,0.0,100.1,1
4942-4943-1,72,False,Line,1,3581-89516-1,Line,0.593,100.48,5745.9,1,2.887,19,0,0.0,0,0.0,0.0,100.1,1,1.162,1,0,0.0,0,0.0,0.0,100.1,1,1.162,1,0,0.0,0,0.0,0.0,100.1,1,1.162,1,0,0.0,0,0.0,0.0,100.1,1
4942-4943-1,79,False,Line,1,3581-89516-1,Line,0.147,100.12,2728.8,1,0.105,26,0,0.0,0,0.0,0.0,100.1,1,0.048,1,0,0.0,0,0.0,0.0,100.1,1,0.048,1,0,0.0,0,0.0,0.0,100.1,1,0.048,1,0,0.0,0,0.0,0.0,100.1,1
4942-4943-1,94,False,Line,1,3581-89516-1,Line,0.486,100.39,5470.0,1,1.506,26,0,0.0,0,0.0,0.0,100.1,1,0.718,1,0,0.0,0,0.0,0.0,100.1,1,0.718,1,0,0.0,0,0.0,0.0,100.1,1,0.718,1,0,0.0,0,0.0,0.0,100.1,1
4942-4943-1,101,False,Line,4,T3464-3462-34641-1-w2,Transformer,61.875,104.8,5965.5,1,173.314,54,0,0.0,0,0.0,0.0,100.1,1,141.071,3,0,0.0,0,0.0,0.0,100.1,1,141.071,3,0,0.0,0,0.0,0.0,100.1,1,139.388,5,0,0.0,0,0.0,0.0,100.1,1
4942-4943-1,108,False,Line,5,T3464-3462-34641-1-w2,Transformer,62.878,104.82,7006.9,0,181.405,76,0,0.0,0,0.615,0.0,100.12,1,151.525,5,0,0.0,0,0.0,0.0,100.1,1,151.525,5,0,0.0,0,0.0,0.0,100.1,1,127.854,6,0,0.0,0,0.0,0.0,100.1,1
4942-4943-1,123,False,Line,1,3581-89516-1,Line,0.226,100.18,5593.8,1,0.273,13,0,0.0,0,0.0,0.0,100.1,1,0.203,1,0,0.0,0,0.0,0.0,100.1,1,0.203,1,0,0.0,0,0.0,0.0,100.1,1,0.203,1,0,0.0,0,0.0,0.0,100.1,1
4942-4943-1,130,False,Line,1,3581-89516-1,Line,0.424,100.34,5592.5,1,0.793,13,0,0.0,0,0.0,0.0,100.1,1,0.595,1,0,0.0,0,0.0,0.0,100.1,1,0.595,1,0,0.0,0,0.0,0.0,100.1,1,0.595,1,0,0.0,0,0.0,0.0,100.1,1
4942-4943-1,137,False,Line,1,3581-89516-1,Line,0.281,100.23,5053.5,1,0.555,11,0,0.0,0,0.0,0.0,100.1,1,0.392,1,0,0.0,0,0.0,0.0,100.1,1,0.392,1,0,0.0,0,0.0,0.0,100.1,1,0.392,1,0,0.0,0,0.0,0.0,100.1,1
4942-4943-1,145,False,Line,4,T4943-4941-49421-1-w1,Transformer,48.143,133.01,4124.9,0,229.121,14,0,0.0,0,19.461,0.0,115.57,0,333.857,16,0,0.0,0,18.734,0.0,114.99,0,297.406,16,0,0.0,0,17.122,0.0,113.7,1,724.448,30,0,0.0,0,0.0,0.0,100.1,1
4942-4943-1,152,False,Line,2,T4943-4941-49421-1-w1,Transformer,9.823,107.29,4161.2,1,89.648,39,0,0.0,0,0.0,0.0,100.1,1,73.309,4,0,0.0,0,0.0,0.0,100.1,1,114.023,4,0,0.0,0,0.0,0.0,100.1,1,63.004,4,0,0.0,0,0.0,0.0,100.1,1
4942-4943-1,159,False,Line,5,T4943-4941-49421-1-w1,Transformer,71.047,105.43,5313.0,1,204.992,89,0,0.0,0,0.0,0.0,100.1,1,203.126,7,0,0.0,0,0.0,0.0,100.1,0,420.619,12,0,0.0,0,9.223,0.0,100.98,1,163.403,8,0,0.0,0,0.0,0.0,100.1,1
4942-4943-1,167,False,Line,1,3581-89516-1,Line,0.635,100.52,3161.9,1,1.625,26,0,0.0,0,0.0,0.0,100.1,1,1.013,1,0,0.0,0,0.0,0.0,100.1,1,1.013,1,0,0.0,0,0.0,0.0,100.1,1,1.013,1,0,0.0,0,0.0,0.0,100.1,1
4981-5041-1,0,False,Line,1,3581-89516-1,Line,0.252,100.2,5299.5,1,0.326,13,0,0.0,0,0.0,0.0,100.1,1,0.255,1,0,0.0,0,0.0,0.0,100.1,1,0.255,1,0,0.0,0,0.0,0.0,100.1,1,0.255,1,0,0.0,0,0.0,0.0,100.1,1
4981-5041-1,7,False,Line,1,3581-89516-1,Line,0.188,100.15,6073.6,1,0.172,16,0,0.0,0,0.0,0.0,100.1,1,0.129,1,0,0.0,0,0.0,0.0,100.1,1,0.129,1,0,0.0,0,0.0,0.0,100.1,1,0.129,1,0,0.0,0,0.0,0.0,100.1,1
4981-5041-1,21,False,Line,1,3581-89516-1,Line,0.286,100.23,4735.3,1,0.456,7,0,0.0,0,0.0,0.0,100.1,1,0.403,1,0,0.0,0,0.0,0.0,100.1,1,0.403,1,0,0.0,0,0.0,0.0,100.1,1,0.403,1,0,0.0,0,0.0,0.0,100.1,1
4981-5041-1,116,False,Line,1,3581-89516-1,Line,0.21,100.17,4604.0,1,0.252,7,0,0.0,0,0.0,0.0,100.1,1,0.215,1,0,0.0,0,0.0,0.0,100.1,1,0.215,1,0,0.0,0,0.0,0.0,100.1,1,0.215,1,0,0.0,0,0.0,0.0,100.1,1
4981-5041-1,123,False,Line,1,3581-89516-1,Line,0.421,100.34,5593.8,1,0.789,13,0,0.0,0,0.0,0.0,100.1,1,0.588,1,0,0.0,0,0.0,0.0,100.1,1,0.588,1,0,0.0,0,0.0,0.0,100.1,1,0.588,1,0,0.0,0,0.0,0.0,100.1,1
4981-5041-1,130,False,Line,1,3581-89516-1,Line,0.434,100.35,5592.5,1,0.818,13,0,0.0,0,0.0,0.0,100.1,1,0.615,1,0,0.0,0,0.0,0.0,100.1,1,0.615,1,0,0.0,0,0.0,0.0,100.1,1,0.615,1,0,0.0,0,0.0,0.0,100.1,1
4981-5041-1,152,False,Line,1,3581-89516-1,Line,0.296,100.24,4161.2,1,0.607,25,0,0.0,0,0.0,0.0,100.1,1,0.342,1,0,0.0,0,0.0,0.0,100.1,1,0.342,1,0,0.0,0,0.0,0.0,100.1,1,0.342,1,0,0.0,0,0.0,0.0,100.1,1
4981-5041-1,159,False,Line,1,3581-89516-1,Line,0.142,100.12,5313.0,1,0.065,25,0,0.0,0,0.0,0.0,100.1,1,0.037,1,0,0.0,0,0.0,0.0,100.1,1,0.037,1,0,0.0,0,0.0,0.0,100.1,1,0.037,1,0,0.0,0,0.0,0.0,100.1,1
4981-5041-1,167,False,Line,1,3581-89516-1,Line,0.232,100.19,3161.9,1,0.347,26,0,0.0,0,0.0,0.0,100.1,1,0.216,1,0,0.0,0,0.0,0.0,100.1,1,0.216,1,0,0.0,0,0.0,0.0,100.1,1,0.216,1,0,0.0,0,0.0,0.0,100.1,1
4981-5041-2,0,False,Line,1,3581-89516-1,Line,0.239,100.19,5299.5,1,0.293,13,0,0.0,0,0.0,0.0,100.1,1,0.229,1,0,0.0,0,0.0,0.0,100.1,1,0.229,1,0,0.0,0,0.0,0.0,100.1,1,0.229,1,0,0.0,0,0.0,0.0,100.1,1
4981-5041-2,7,False,Line,1,3581-89516-1,Line,0.179,100.15,6073.6,1,0.146,16,0,0.0,0,0.0,0.0,100.1,1,0.11,1,0,0.0,0,0.0,0.0,100.1,1,0.11,1,0,0.0,0,0.0,0.0,100.1,1,0.11,1,0,0.0,0,0.0,0.0,100.1,1
4981-5041-2,21,False,Line,1,3581-89516-1,Line,0.271,100.22,4735.3,1,0.415,7,0,0.0,0,0.0,0.0,100.1,1,0.366,1,0,0.0,0,0.0,0.0,100.1,1,0.366,1,0,0.0,0,0.0,0.0,100.1,1,0.366,1,0,0.0,0,0.0,0.0,100.1,1
4981-5041-2,116,False,Line,1,3581-89516-1,Line,0.199,100.16,4604.0,1,0.221,7,0,0.0,0,0.0,0.0,100.1,1,0.188,1,0,0.0,0,0.0,0.0,100.1,1,0.188,1,0,0.0,0,0.0,0.0,100.1,1,0.188,1,0,0.0,0,0.0,0.0,100.1,1
4981-5041-2,123,False,Line,1,3581-89516-1,Line,0.399,100.32,5593.8,1,0.731,13,0,0.0,0,0.0,0.0,100.1,1,0.545,1,0,0.0,0,0.0,0.0,100.1,1,0.545,1,0,0.0,0,0.0,0.0,100.1,1,0.545,1,0,0.0,0,0.0,0.0,100.1,1
4981-5041-2,130,False,Line,1,3581-89516-1,Line,0.412,100.33,5592.5,1,0.759,13,0,0.0,0,0.0,0.0,100.1,1,0.571,1,0,0.0,0,0.0,0.0,100.1,1,0.571,1,0,0.0,0,0.0,0.0,100.1,1,0.571,1,0,0.0,0,0.0,0.0,100.1,1
4981-5041-2,152,False,Line,1,3581-89516-1,Line,0.281,100.23,4161.2,1,0.554,25,0,0.0,0,0.0,0.0,100.1,1,0.312,1,0,0.0,0,0.0,0.0,100.1,1,0.312,1,0,0.0,0,0.0,0.0,100.1,1,0.312,1,0,0.0,0,0.0,0.0,100.1,1
4981-5041-2,159,False,Line,1,3581-89516-1,Line,0.135,100.11,5313.0,1,0.04,25,0,0.0,0,0.0,0.0,100.1,1,0.023,1,0,0.0,0,0.0,0.0,100.1,1,0.023,1,0,0.0,0,0.0,0.0,100.1,1,0.023,1,0,0.0,0,0.0,0.0,100.1,1
4981-5041-2,167,False,Line,1,3581-89516-1,Line,0.22,100.18,3161.9,1,0.308,26,0,0.0,0,0.0,0.0,100.1,1,0.192,1,0,0.0,0,0.0,0.0,100.1,1,0.192,1,0,0.0,0,0.0,0.0,100.1,1,0.192,1,0,0.0,0,0.0,0.0,100.1,1
5041-17010-2,21,False,Line,3,3581-89516-1,Line,4.108,102.2,4735.3,1,6.311,7,0,0.0,0,0.0,0.0,100.1,1,5.681,1,0,0.0,0,0.0,0.0,100.1,1,5.681,1,0,0.0,0,0.0,0.0,100.1,1,5.681,1,0,0.0,0,0.0,0.0,100.1,1
5041-17010-2,101,False,Line,2,T3464-3462-34641-1-w2,Transformer,2.659,100.27,5965.5,1,6.367,53,0,0.0,0,0.0,0.0,100.1,1,4.456,1,0,0.0,0,0.0,0.0,100.1,1,4.456,1,0,0.0,0,0.0,0.0,100.1,1,4.456,1,0,0.0,0,0.0,0.0,100.1,1
5041-17010-2,108,False,Line,2,T3464-3462-34641-1-w2,Transformer,2.725,100.27,7006.9,1,6.641,55,0,0.0,0,0.0,0.0,100.1,1,4.634,1,0,0.0,0,0.0,0.0,100.1,1,4.634,1,0,0.0,0,0.0,0.0,100.1,1,4.634,1,0,0.0,0,0.0,0.0,100.1,1
5041-17010-2,116,False,Line,1,3581-89516-1,Line,0.932,100.76,4604.0,1,2.051,7,0,0.0,0,0.0,0.0,100.1,1,1.782,1,0,0.0,0,0.0,0.0,100.1,1,1.782,1,0,0.0,0,0.0,0.0,100.1,1,1.782,1,0,0.0,0,0.0,0.0,100.1,1
5041-17010-2,123,False,Line,3,3581-89516-1,Line,11.921,104.31,5593.8,1,12.198,13,0,0.0,0,0.0,0.0,100.1,1,9.474,1,0,0.0,0,0.0,0.0,100.1,1,9.474,1,0,0.0,0,0.0,0.0,100.1,1,9.474,1,0,0.0,0,0.0,0.0,100.1,1
5041-17010-2,130,False,Line,3,3581-89516-1,Line,13.594,104.77,5592.5,1,13.439,13,0,0.0,0,0.0,0.0,100.1,1,10.493,1,0,0.0,0,0.0,0.0,100.1,1,10.493,1,0,0.0,0,0.0,0.0,100.1,1,10.493,1,0,0.0,0,0.0,0.0,100.1,1
5041-17010-2,152,False,Line,3,3581-89516-1,Line,6.487,102.84,4161.2,1,10.304,21,0,0.0,0,0.0,0.0,100.1,1,6.164,1,0,0.0,0,0.0,0.0,100.1,1,6.164,1,0,0.0,0,0.0,0.0,100.1,1,6.164,1,0,0.0,0,0.0,0.0,100.1,1
5041-17010-2,167,False,Line,1,3581-89516-1,Line,1.649,101.34,3161.9,1,4.041,22,0,0.0,0,0.0,0.0,100.1,1,2.789,1,0,0.0,0,0.0,0.0,100.1,1,2.789,1,0,0.0,0,0.0,0.0,100.1,1,2.789,1,0,0.0,0,0.0,0.0,100.1,1
5081-22419-1,7,False,Line,1,3581-89516-1,Line,0.229,100.19,6073.6,1,0.28,16,0,0.0,0,0.0,0.0,100.1,1,0.21,1,0,0.0,0,0.0,0.0,100.1,1,0.21,1,0,0.0,0,0.0,0.0,100.1,1,0.21,1,0,0.0,0,0.0,0.0,100.1,1
5081-22419-1,50,False,Line,1,3581-89516-1,Line,0.294,100.24,5312.4,1,0.856,26,0,0.0,0,0.0,0.0,100.1,1,0.338,1,0,0.0,0,0.0,0.0,100.1,1,0.338,1,0,0.0,0,0.0,0.0,100.1,1,0.338,1,0,0.0,0,0.0,0.0,100.1,1
5081-22419-1,72,False,Line,1,3581-89516-1,Line,0.16,100.13,5745.9,1,0.229,19,0,0.0,0,0.0,0.0,100.1,1,0.092,1,0,0.0,0,0.0,0.0,100.1,1,0.092,1,0,0.0,0,0.0,0.0,100.1,1,0.092,1,0,0.0,0,0.0,0.0,100.1,1
5081-22419-1,79,False,Line,1,3581-89516-1,Line,0.989,100.8,2728.8,1,3.736,26,0,0.0,0,0.0,0.0,100.1,1,1.714,1,0,0.0,0,0.0,0.0,100.1,1,1.714,1,0,0.0,0,0.0,0.0,100.1,1,1.714,1,0,0.0,0,0.0,0.0,100.1,1
5081-22419-1,101,False,Line,2,T3464-3462-34641-1-w2,Transformer,3.063,100.31,5965.5,1,7.885,54,0,0.0,0,0.0,0.0,100.1,1,5.534,1,0,0.0,0,0.0,0.0,100.1,1,5.534,1,0,0.0,0,0.0,0.0,100.1,1,5.534,1,0,0.0,0,0.0,0.0,100.1,1
5081-22419-1,108,False,Line,4,T3464-3462-34641-1-w2,Transformer,6.475,100.57,7006.9,0,19.855,76,0,0.0,0,0.525,0.0,100.11,1,50.677,2,0,0.0,0,0.0,0.0,100.1,1,50.677,2,0,0.0,0,0.0,0.0,100.1,1,13.671,3,0,0.0,0,0.0,0.0,100.1,1
5081-22419-1,123,False,Line,1,3581-89516-1,Line,0.157,100.13,5593.8,1,0.092,13,0,0.0,0,0.0,0.0,100.1,1,0.068,1,0,0.0,0,0.0,0.0,100.1,1,0.068,1,0,0.0,0,0.0,0.0,100.1,1,0.068,1,0,0.0,0,0.0,0.0,100.1,1
5081-22419-1,130,False,Line,1,3581-89516-1,Line,0.611,100.5,5592.5,1,1.287,13,0,0.0,0,0.0,0.0,100.1,1,0.966,1,0,0.0,0,0.0,0.0,100.1,1,0.966,1,0,0.0,0,0.0,0.0,100.1,1,0.966,1,0,0.0,0,0.0,0.0,100.1,1
5081-22419-1,145,False,Line,1,3581-89516-1,Line,1.385,101.13,4124.9,1,4.869,26,0,0.0,0,0.0,0.0,100.1,1,2.498,1,0,0.0,0,0.0,0.0,100.1,1,2.498,1,0,0.0,0,0.0,0.0,100.1,1,2.498,1,0,0.0,0,0.0,0.0,100.1,1
5081-22419-1,152,False,Line,1,3581-89516-1,Line,0.257,100.21,4161.2,1,0.469,25,0,0.0,0,0.0,0.0,100.1,1,0.265,1,0,0.0,0,0.0,0.0,100.1,1,0.265,1,0,0.0,0,0.0,0.0,100.1,1,0.265,1,0,0.0,0,0.0,0.0,100.1,1
5081-22419-1,167,False,Line,1,3581-89516-1,Line,0.323,100.26,3161.9,1,0.635,26,0,0.0,0,0.0,0.0,100.1,1,0.396,1,0,0.0,0,0.0,0.0,100.1,1,0.396,1,0,0.0,0,0.0,0.0,100.1,1,0.396,1,0,0.0,0,0.0,0.0,100.1,1
5211-22613-1,0,False,Line,1,3581-89516-1,Line,0.365,100.3,5299.5,1,0.612,13,0,0.0,0,0.0,0.0,100.1,1,0.478,1,0,0.0,0,0.0,0.0,100.1,1,0.478,1,0,0.0,0,0.0,0.0,100.1,1,0.478,1,0,0.0,0,0.0,0.0,100.1,1
5211-22613-1,7,False,Line,1,3581-89516-1,Line,0.481,100.39,6073.6,1,0.948,16,0,0.0,0,0.0,0.0,100.1,1,0.709,1,0,0.0,0,0.0,0.0,100.1,1,0.709,1,0,0.0,0,0.0,0.0,100.1,1,0.709,1,0,0.0,0,0.0,0.0,100.1,1
5211-22613-1,21,False,Line,1,3581-89516-1,Line,0.353,100.29,4735.3,1,0.644,7,0,0.0,0,0.0,0.0,100.1,1,0.568,1,0,0.0,0,0.0,0.0,100.1,1,0.568,1,0,0.0,0,0.0,0.0,100.1,1,0.568,1,0,0.0,0,0.0,0.0,100.1,1
5211-22613-1,29,False,Line,1,3581-89516-1,Line,0.687,100.56,5968.4,1,1.855,10,0,0.0,0,0.0,0.0,100.1,1,1.395,1,0,0.0,0,0.0,0.0,100.1,1,1.395,1,0,0.0,0,0.0,0.0,100.1,1,1.395,1,0,0.0,0,0.0,0.0,100.1,1
5211-22613-1,50,False,Line,1,3581-89516-1,Line,0.131,100.11,5312.4,1,0.042,26,0,0.0,0,0.0,0.0,100.1,1,0.017,1,0,0.0,0,0.0,0.0,100.1,1,0.017,1,0,0.0,0,0.0,0.0,100.1,1,0.017,1,0,0.0,0,0.0,0.0,100.1,1
5211-22613-1,58,False,Line,1,3581-89516-1,Line,0.511,100.42,4583.8,1,1.898,26,0,0.0,0,0.0,0.0,100.1,1,0.767,1,0,0.0,0,0.0,0.0,100.1,1,0.767,1,0,0.0,0,0.0,0.0,100.1,1,0.767,1,0,0.0,0,0.0,0.0,100.1,1
5211-22613-1,65,False,Line,1,3581-89516-1,Line,0.278,100.23,5388.6,1,1.05,22,0,0.0,0,0.0,0.0,100.1,1,0.327,1,0,0.0,0,0.0,0.0,100.1,1,0.327,1,0,0.0,0,0.0,0.0,100.1,1,0.327,1,0,0.0,0,0.0,0.0,100.1,1
5211-22613-1,72,False,Line,1,3581-89516-1,Line,0.196,100.16,5745.9,1,0.45,19,0,0.0,0,0.0,0.0,100.1,1,0.181,1,0,0.0,0,0.0,0.0,100.1,1,0.181,1,0,0.0,0,0.0,0.0,100.1,1,0.181,1,0,0.0,0,0.0,0.0,100.1,1
5211-22613-1,79,False,Line,1,3581-89516-1,Line,0.439,100.36,2728.8,1,1.365,26,0,0.0,0,0.0,0.0,100.1,1,0.626,1,0,0.0,0,0.0,0.0,100.1,1,0.626,1,0,0.0,0,0.0,0.0,100.1,1,0.626,1,0,0.0,0,0.0,0.0,100.1,1
5211-22613-1,94,False,Line,1,3581-89516-1,Line,0.36,100.29,5470.0,1,0.984,26,0,0.0,0,0.0,0.0,100.1,1,0.469,1,0,0.0,0,0.0,0.0,100.1,1,0.469,1,0,0.0,0,0.0,0.0,100.1,1,0.469,1,0,0.0,0,0.0,0.0,100.1,1
5211-22613-1,108,False,Line,3,3581-89516-1,Line,1.921,100.44,7006.9,0,3.455,75,0,0.0,0,1.057,0.0,100.11,1,12.116,2,1,0.311,0,0.0,100.16,100.16,1,53.672,3,0,0.0,0,0.0,0.0,100.1,1,2.041,2,0,0.0,0,0.0,0.0,100.1,1
5211-22613-1,116,False,Line,1,3581-89516-1,Line,0.769,100.62,4604.0,1,1.873,7,0,0.0,0,0.0,0.0,100.1,1,1.597,1,0,0.0,0,0.0,0.0,100.1,1,1.597,1,0,0.0,0,0.0,0.0,100.1,1,1.597,1,0,0.0,0,0.0,0.0,100.1,1
5211-22613-1,123,False,Line,1,3581-89516-1,Line,0.551,100.45,5593.8,1,1.138,13,0,0.0,0,0.0,0.0,100.1,1,0.848,1,0,0.0,0,0.0,0.0,100.1,1,0.848,1,0,0.0,0,0.0,0.0,100.1,1,0.848,1,0,0.0,0,0.0,0.0,100.1,1
5211-22613-1,130,False,Line,1,3581-89516-1,Line,0.452,100.37,5592.5,1,0.868,13,0,0.0,0,0.0,0.0,100.1,1,0.652,1,0,0.0,0,0.0,0.0,100.1,1,0.652,1,0,0.0,0,0.0,0.0,100.1,1,0.652,1,0,0.0,0,0.0,0.0,100.1,1
5211-22613-1,137,False,Line,1,3581-89516-1,Line,0.895,100.73,5053.5,1,2.703,11,0,0.0,0,0.0,0.0,100.1,1,1.91,1,0,0.0,0,0.0,0.0,100.1,1,1.91,1,0,0.0,0,0.0,0.0,100.1,1,1.91,1,0,0.0,0,0.0,0.0,100.1,1
5211-22613-1,145,False,Line,1,3581-89516-1,Line,0.276,100.22,4124.9,1,0.59,26,0,0.0,0,0.0,0.0,100.1,1,0.303,1,0,0.0,0,0.0,0.0,100.1,1,0.303,1,0,0.0,0,0.0,0.0,100.1,1,0.303,1,0,0.0,0,0.0,0.0,100.1,1
5211-22613-1,152,False,Line,1,3581-89516-1,Line,0.49,100.4,4161.2,1,1.288,25,0,0.0,0,0.0,0.0,100.1,1,0.726,1,0,0.0,0,0.0,0.0,100.1,1,0.726,1,0,0.0,0,0.0,0.0,100.1,1,0.726,1,0,0.0,0,0.0,0.0,100.1,1
5211-22613-1,159,False,Line,3,3581-89516-1,Line,2.341,100.53,5313.0,0,4.455,80,0,0.0,0,1.098,0.0,100.11,1,20.894,2,0,0.0,0,0.0,0.0,100.1,1,68.832,2,0,0.0,0,0.0,0.0,100.1,1,3.149,2,0,0.0,0,0.0,0.0,100.1,1
5211-22613-1,167,False,Line,1,3581-89516-1,Line,0.534,100.43,3161.9,1,1.306,26,0,0.0,0,0.0,0.0,100.1,1,0.814,1,0,0.0,0,0.0,0.0,100.1,1,0.814,1,0,0.0,0,0.0,0.0,100.1,1,0.814,1,0,0.0,0,0.0,0.0,100.1,1
5271-5274-1,50,False,Line,2,1122-1742-1,Line,6.373,100.72,5312.4,1,13.59,32,0,0.0,0,0.0,0.0,100.1,1,5.856,1,0,0.0,0,0.0,0.0,100.1,1,5.856,1,0,0.0,0,0.0,0.0,100.1,1,5.856,1,0,0.0,0,0.0,0.0,100.1,1
5271-32810-1,50,False,Line,2,1122-1742-1,Line,14.48,101.65,5312.4,1,34.102,33,0,0.0,0,0.0,0.0,100.1,1,15.318,2,0,0.0,0,0.0,0.0,100.1,1,15.424,2,0,0.0,0,0.0,0.0,100.1,1,15.217,2,0,0.0,0,0.0,0.0,100.1,1
5274-5381-1,0,False,Line,1,3581-89516-1,Line,0.161,100.13,5299.5,1,0.097,13,0,0.0,0,0.0,0.0,100.1,1,0.076,1,0,0.0,0,0.0,0.0,100.1,1,0.076,1,0,0.0,0,0.0,0.0,100.1,1,0.076,1,0,0.0,0,0.0,0.0,100.1,1
5274-5381-1,7,False,Line,1,3581-89516-1,Line,0.154,100.13,6073.6,1,0.083,16,0,0.0,0,0.0,0.0,100.1,1,0.062,1,0,0.0,0,0.0,0.0,100.1,1,0.062,1,0,0.0,0,0.0,0.0,100.1,1,0.062,1,0,0.0,0,0.0,0.0,100.1,1
5274-5381-1,29,False,Line,1,3581-89516-1,Line,0.135,100.11,5968.4,1,0.04,10,0,0.0,0,0.0,0.0,100.1,1,0.03,1,0,0.0,0,0.0,0.0,100.1,1,0.03,1,0,0.0,0,0.0,0.0,100.1,1,0.03,1,0,0.0,0,0.0,0.0,100.1,1
5274-5381-1,101,False,Line,2,T3464-3462-34641-1-w2,Transformer,9.378,100.94,5965.5,1,30.818,50,0,0.0,0,0.0,0.0,100.1,1,22.406,1,0,0.0,0,0.0,0.0,100.1,1,22.406,1,0,0.0,0,0.0,0.0,100.1,1,22.406,1,0,0.0,0,0.0,0.0,100.1,1
5274-5381-1,108,False,Line,3,T3464-3462-34641-1-w2,Transformer,8.39,100.81,7006.9,1,26.213,51,1,0.201,0,0.0,100.16,100.16,1,57.54,2,0,0.0,0,0.0,0.0,100.1,1,57.54,2,0,0.0,0,0.0,0.0,100.1,1,19.233,2,0,0.0,0,0.0,0.0,100.1,1
5274-5381-1,123,False,Line,1,3581-89516-1,Line,0.131,100.11,5593.8,1,0.021,13,0,0.0,0,0.0,0.0,100.1,1,0.016,1,0,0.0,0,0.0,0.0,100.1,1,0.016,1,0,0.0,0,0.0,0.0,100.1,1,0.016,1,0,0.0,0,0.0,0.0,100.1,1
5274-5381-1,130,False,Line,1,3581-89516-1,Line,0.137,100.11,5592.5,1,0.037,13,0,0.0,0,0.0,0.0,100.1,1,0.028,1,0,0.0,0,0.0,0.0,100.1,1,0.028,1,0,0.0,0,0.0,0.0,100.1,1,0.028,1,0,0.0,0,0.0,0.0,100.1,1
5274-5381-1,145,False,Line,1,3581-89516-1,Line,0.133,100.11,4124.9,1,0.039,26,0,0.0,0,0.0,0.0,100.1,1,0.02,1,0,0.0,0,0.0,0.0,100.1,1,0.02,1,0,0.0,0,0.0,0.0,100.1,1,0.02,1,0,0.0,0,0.0,0.0,100.1,1
5274-5381-1,159,False,Line,2,T3464-3462-34641-1-w2,Transformer,13.682,101.37,5313.0,1,45.86,51,1,0.344,0,0.0,100.28,100.28,1,33.917,1,1,0.314,0,0.0,100.25,100.25,1,63.667,2,0,0.0,0,0.0,0.0,100.1,1,34.373,2,0,0.0,0,0.0,0.0,100.1,1
5274-5381-1,167,False,Line,1,3581-89516-1,Line,0.144,100.12,3161.9,1,0.067,26,0,0.0,0,0.0,0.0,100.1,1,0.041,1,0,0.0,0,0.0,0.0,100.1,1,0.041,1,0,0.0,0,0.0,0.0,100.1,1,0.041,1,0,0.0,0,0.0,0.0,100.1,1
5301-31019-1,0,False,Line,1,3581-89516-1,Line,0.309,100.25,5299.5,1,0.472,13,0,0.0,0,0.0,0.0,100.1,1,0.369,1,0,0.0,0,0.0,0.0,100.1,1,0.369,1,0,0.0,0,0.0,0.0,100.1,1,0.369,1,0,0.0,0,0.0,0.0,100.1,1
5301-31019-1,50,False,Line,2,1122-1742-1,Line,17.067,101.83,5312.4,1,43.256,34,0,0.0,0,0.0,0.0,100.1,1,19.725,2,0,0.0,0,0.0,0.0,100.1,1,20.183,2,0,0.0,0,0.0,0.0,100.1,1,19.286,2,0,0.0,0,0.0,0.0,100.1,1
5301-31019-1,79,False,Line,1,3581-89516-1,Line,0.216,100.18,2728.8,1,0.4,26,0,0.0,0,0.0,0.0,100.1,1,0.183,1,0,0.0,0,0.0,0.0,100.1,1,0.183,1,0,0.0,0,0.0,0.0,100.1,1,0.183,1,0,0.0,0,0.0,0.0,100.1,1
5301-31019-1,101,False,Line,2,T3464-3462-34641-1-w2,Transformer,7.065,100.71,5965.5,1,22.956,53,0,0.0,0,0.0,0.0,100.1,1,16.3,1,0,0.0,0,0.0,0.0,100.1,1,16.3,1,0,0.0,0,0.0,0.0,100.1,1,16.3,1,0,0.0,0,0.0,0.0,100.1,1
5301-31019-1,108,False,Line,2,T3464-3462-34641-1-w2,Transformer,10.065,101.01,7006.9,1,34.381,55,0,0.0,0,0.0,0.0,100.1,1,24.364,1,0,0.0,0,0.0,0.0,100.1,1,24.364,1,0,0.0,0,0.0,0.0,100.1,1,24.364,1,0,0.0,0,0.0,0.0,100.1,1
5301-31019-1,159,False,Line,2,T3464-3462-34641-1-w2,Transformer,5.972,100.6,5313.0,1,18.444,55,0,0.0,0,0.0,0.0,100.1,1,13.363,1,0,0.0,0,0.0,0.0,100.1,1,13.363,1,0,0.0,0,0.0,0.0,100.1,1,13.363,1,0,0.0,0,0.0,0.0,100.1,1
5321-22614-1,7,False,Line,1,3581-89516-1,Line,0.125,100.1,6073.6,1,0.006,16,0,0.0,0,0.0,0.0,100.1,1,0.004,1,0,0.0,0,0.0,0.0,100.1,1,0.004,1,0,0.0,0,0.0,0.0,100.1,1,0.004,1,0,0.0,0,0.0,0.0,100.1,1
5321-22614-1,79,False,Line,1,3581-89516-1,Line,0.125,100.1,2728.8,1,0.009,26,0,0.0,0,0.0,0.0,100.1,1,0.004,1,0,0.0,0,0.0,0.0,100.1,1,0.004,1,0,0.0,0,0.0,0.0,100.1,1,0.004,1,0,0.0,0,0.0,0.0,100.1,1
5351-31019-1,0,False,Line,1,3581-89516-1,Line,0.381,100.31,5299.5,1,0.653,13,0,0.0,0,0.0,0.0,100.1,1,0.51,1,0,0.0,0,0.0,0.0,100.1,1,0.51,1,0,0.0,0,0.0,0.0,100.1,1,0.51,1,0,0.0,0,0.0,0.0,100.1,1
5351-31019-1,50,False,Line,2,1122-1742-1,Line,17.939,101.92,5312.4,1,46.059,35,0,0.0,0,0.0,0.0,100.1,1,20.835,2,0,0.0,0,0.0,0.0,100.1,1,21.321,2,0,0.0,0,0.0,0.0,100.1,1,20.367,2,0,0.0,0,0.0,0.0,100.1,1
5351-31019-1,79,False,Line,1,3581-89516-1,Line,0.421,100.34,2728.8,1,1.286,26,0,0.0,0,0.0,0.0,100.1,1,0.59,1,0,0.0,0,0.0,0.0,100.1,1,0.59,1,0,0.0,0,0.0,0.0,100.1,1,0.59,1,0,0.0,0,0.0,0.0,100.1,1
5351-31019-1,101,False,Line,2,T3464-3462-34641-1-w2,Transformer,7.828,100.78,5965.5,1,25.987,54,0,0.0,0,0.0,0.0,100.1,1,18.366,1,0,0.0,0,0.0,0.0,100.1,1,18.366,1,0,0.0,0,0.0,0.0,100.1,1,18.366,1,0,0.0,0,0.0,0.0,100.1,1
5351-31019-1,108,False,Line,2,T3464-3462-34641-1-w2,Transformer,10.572,101.06,7006.9,1,36.498,56,0,0.0,0,0.0,0.0,100.1,1,25.747,1,0,0.0,0,0.0,0.0,100.1,1,25.747,1,0,0.0,0,0.0,0.0,100.1,1,25.747,1,0,0.0,0,0.0,0.0,100.1,1
5351-31019-1,159,False,Line,2,T3464-3462-34641-1-w2,Transformer,5.516,100.55,5313.0,1,16.815,56,0,0.0,0,0.0,0.0,100.1,1,12.146,1,0,0.0,0,0.0,0.0,100.1,1,12.146,1,0,0.0,0,0.0,0.0,100.1,1,12.146,1,0,0.0,0,0.0,0.0,100.1,1
5451-5501-1,159,False,Line,2,T3464-3462-34641-1-w2,Transformer,2.954,100.3,5313.0,1,7.31,55,0,0.0,0,0.0,0.0,100.1,1,5.247,1,0,0.0,0,0.0,0.0,100.1,1,5.247,1,0,0.0,0,0.0,0.0,100.1,1,5.247,1,0,0.0,0,0.0,0.0,100.1,1
5462-54622-1,50,False,Line,2,3082-3122-1,Line,6.755,100.8,5312.4,1,21.529,20,0,0.0,0,0.0,0.0,100.1,1,12.779,1,0,0.0,0,0.0,0.0,100.1,1,12.779,1,0,0.0,0,0.0,0.0,100.1,1,10.364,2,0,0.0,0,0.0,0.0,100.1,1
5462-54622-1,108,False,Line,1,3691-4041-1,Line,0.374,100.19,7006.9,1,0.397,8,0,0.0,0,0.0,0.0,100.1,1,0.329,1,0,0.0,0,0.0,0.0,100.1,1,0.329,1,0,0.0,0,0.0,0.0,100.1,1,0.329,1,0,0.0,0,0.0,0.0,100.1,1
5462-66121-1,29,False,Line,1,3581-89516-1,Line,0.26,100.21,5968.4,1,0.45,10,0,0.0,0,0.0,0.0,100.1,1,0.338,1,0,0.0,0,0.0,0.0,100.1,1,0.338,1,0,0.0,0,0.0,0.0,100.1,1,0.338,1,0,0.0,0,0.0,0.0,100.1,1
5462-66121-1,50,False,Line,1,3581-89516-1,Line,1.293,101.05,5312.4,1,5.892,26,0,0.0,0,0.0,0.0,100.1,1,2.319,1,0,0.0,0,0.0,0.0,100.1,1,2.319,1,0,0.0,0,0.0,0.0,100.1,1,2.319,2,0,0.0,0,0.0,0.0,100.1,1
5462-66121-1,65,False,Line,1,3581-89516-1,Line,0.338,100.27,5388.6,1,1.459,22,0,0.0,0,0.0,0.0,100.1,1,0.453,1,0,0.0,0,0.0,0.0,100.1,1,0.453,1,0,0.0,0,0.0,0.0,100.1,1,0.453,1,0,0.0,0,0.0,0.0,100.1,1
5462-66121-1,72,False,Line,1,3581-89516-1,Line,0.36,100.29,5745.9,1,1.465,19,0,0.0,0,0.0,0.0,100.1,1,0.589,1,0,0.0,0,0.0,0.0,100.1,1,0.589,1,0,0.0,0,0.0,0.0,100.1,1,0.589,1,0,0.0,0,0.0,0.0,100.1,1
5462-66121-1,108,False,Line,2,3581-89516-1,Line,2.082,100.67,7006.9,1,5.078,24,0,0.0,0,0.0,0.0,100.1,1,3.189,2,0,0.0,0,0.0,0.0,100.1,1,12.324,2,0,0.0,0,0.0,0.0,100.1,1,3.178,2,0,0.0,0,0.0,0.0,100.1,1
5464-90440-1,7,False,Line,3,3581-89516-1,Line,25.426,107.97,6073.6,1,26.339,16,0,0.0,0,0.0,0.0,100.1,1,19.666,1,0,0.0,0,0.0,0.0,100.1,1,19.666,1,0,0.0,0,0.0,0.0,100.1,1,19.666,2,0,0.0,0,0.0,0.0,100.1,1
5464-90440-1,14,False,Line,1,3581-89516-1,Line,0.153,100.12,6309.0,1,0.078,14,0,0.0,0,0.0,0.0,100.1,1,0.06,1,0,0.0,0,0.0,0.0,100.1,1,0.06,1,0,0.0,0,0.0,0.0,100.1,1,0.06,1,0,0.0,0,0.0,0.0,100.1,1
5464-90440-1,21,False,Line,1,3581-89516-1,Line,0.265,100.22,4735.3,1,0.409,7,0,0.0,0,0.0,0.0,100.1,1,0.36,1,0,0.0,0,0.0,0.0,100.1,1,0.36,1,0,0.0,0,0.0,0.0,100.1,1,0.36,1,0,0.0,0,0.0,0.0,100.1,1
5464-90440-1,29,False,Line,3,3581-89516-1,Line,48.679,114.28,5968.4,1,59.069,10,1,0.349,0,0.0,100.33,100.33,1,45.213,3,1,0.267,0,0.0,100.25,100.25,0,17.923,2,0,0.0,0,27.635,0.0,108.55,1,45.403,4,0,0.0,0,0.0,0.0,100.1,1
5464-90440-1,36,False,Line,1,3082-3122-1,Line,2.338,100.37,6805.4,1,6.626,19,0,0.0,0,0.0,0.0,100.1,1,3.588,1,0,0.0,0,0.0,0.0,100.1,1,3.588,1,0,0.0,0,0.0,0.0,100.1,1,3.588,1,0,0.0,0,0.0,0.0,100.1,1
5464-90440-1,50,False,Line,5,3581-89516-1,Line,77.482,118.34,5312.4,0,183.679,46,0,0.0,0,0.197,0.0,100.16,1,86.388,10,0,0.0,0,0.0,0.0,100.1,0,90.317,2,0,0.0,0,70.272,0.0,117.96,1,80.367,10,0,0.0,0,0.0,0.0,100.1,1
5464-90440-1,65,False,Line,3,3581-89516-1,Line,38.369,111.48,5388.6,1,97.286,22,0,0.0,0,0.0,0.0,100.1,1,33.161,4,0,0.0,0,0.0,0.0,100.1,1,33.161,4,0,0.0,0,0.0,0.0,100.1,1,33.161,4,0,0.0,0,0.0,0.0,100.1,1
5464-90440-1,72,False,Line,3,3581-89516-1,Line,37.688,111.3,5745.9,1,86.865,19,0,0.0,0,0.0,0.0,100.1,1,35.742,3,0,0.0,0,0.0,0.0,100.1,1,35.742,3,0,0.0,0,0.0,0.0,100.1,1,35.742,3,0,0.0,0,0.0,0.0,100.1,1
5464-90440-1,79,False,Line,1,3581-89516-1,Line,1.061,100.86,2728.8,1,4.155,26,0,0.0,0,0.0,0.0,100.1,1,1.904,1,0,0.0,0,0.0,0.0,100.1,1,1.904,1,0,0.0,0,0.0,0.0,100.1,1,1.904,1,0,0.0,0,0.0,0.0,100.1,1
5464-90440-1,94,False,Line,3,3581-89516-1,Line,21.56,106.93,5470.0,1,35.739,26,0,0.0,0,0.0,0.0,100.1,1,17.049,1,0,0.0,0,0.0,0.0,100.1,1,17.049,1,0,0.0,0,0.0,0.0,100.1,1,17.049,2,0,0.0,0,0.0,0.0,100.1,1
5464-90440-1,101,False,Line,3,3581-89516-1,Line,30.014,109.22,5965.5,1,52.776,24,0,0.0,0,0.0,0.0,100.1,1,22.77,1,0,0.0,0,0.0,0.0,100.1,1,22.77,1,0,0.0,0,0.0,0.0,100.1,1,22.77,3,0,0.0,0,0.0,0.0,100.1,1
5464-90440-1,108,False,Line,4,3581-89516-1,Line,71.201,118.27,7006.9,1,107.336,20,0,0.0,0,0.0,0.0,100.1,1,69.211,5,0,0.0,0,0.0,0.0,100.1,0,192.631,8,0,0.0,0,29.645,0.0,108.84,1,61.229,5,0,0.0,0,0.0,0.0,100.1,1
5464-90440-1,137,False,Line,3,3581-89516-1,Line,23.177,107.37,5053.5,1,32.235,11,1,0.191,0,0.0,100.18,100.18,1,22.729,2,1,0.134,0,0.0,100.13,100.13,0,17.923,1,0,0.0,0,2.012,0.0,101.64,1,22.763,2,0,0.0,0,0.0,0.0,100.1,1
5464-90440-1,159,False,Line,3,3581-89516-1,Line,7.488,103.11,5313.0,1,13.123,25,0,0.0,0,0.0,0.0,100.1,1,7.525,1,0,0.0,0,0.0,0.0,100.1,1,7.525,1,0,0.0,0,0.0,0.0,100.1,1,7.525,1,0,0.0,0,0.0,0.0,100.1,1
22612-22613-1,0,False,Line,1,3581-89516-1,Line,0.78,100.63,5299.5,1,1.664,13,0,0.0,0,0.0,0.0,100.1,1,1.3,1,0,0.0,0,0.0,0.0,100.1,1,1.3,1,0,0.0,0,0.0,0.0,100.1,1,1.3,1,0,0.0,0,0.0,0.0,100.1,1
22612-22613-1,7,False,Line,1,3581-89516-1,Line,0.954,100.78,6073.6,1,2.197,16,0,0.0,0,0.0,0.0,100.1,1,1.645,1,0,0.0,0,0.0,0.0,100.1,1,1.645,1,0,0.0,0,0.0,0.0,100.1,1,1.645,1,0,0.0,0,0.0,0.0,100.1,1
22612-22613-1,21,False,Line,1,3581-89516-1,Line,0.794,100.65,4735.3,1,1.88,7,0,0.0,0,0.0,0.0,100.1,1,1.658,1,0,0.0,0,0.0,0.0,100.1,1,1.658,1,0,0.0,0,0.0,0.0,100.1,1,1.658,1,0,0.0,0,0.0,0.0,100.1,1
22612-22613-1,29,False,Line,1,3581-89516-1,Line,1.005,100.82,5968.4,1,2.899,10,0,0.0,0,0.0,0.0,100.1,1,2.181,1,0,0.0,0,0.0,0.0,100.1,1,2.181,1,0,0.0,0,0.0,0.0,100.1,1,2.181,1,0,0.0,0,0.0,0.0,100.1,1
22612-22613-1,58,False,Line,1,3581-89516-1,Line,1.004,100.82,4583.8,1,4.309,26,0,0.0,0,0.0,0.0,100.1,1,1.742,1,0,0.0,0,0.0,0.0,100.1,1,1.742,1,0,0.0,0,0.0,0.0,100.1,1,1.742,1,0,0.0,0,0.0,0.0,100.1,1
22612-22613-1,65,False,Line,1,3581-89516-1,Line,0.229,100.19,5388.6,1,0.715,22,0,0.0,0,0.0,0.0,100.1,1,0.223,1,0,0.0,0,0.0,0.0,100.1,1,0.223,1,0,0.0,0,0.0,0.0,100.1,1,0.223,1,0,0.0,0,0.0,0.0,100.1,1
22612-22613-1,72,False,Line,1,3581-89516-1,Line,0.213,100.17,5745.9,1,0.553,19,0,0.0,0,0.0,0.0,100.1,1,0.223,1,0,0.0,0,0.0,0.0,100.1,1,0.223,1,0,0.0,0,0.0,0.0,100.1,1,0.223,1,0,0.0,0,0.0,0.0,100.1,1
22612-22613-1,79,False,Line,1,3581-89516-1,Line,0.904,100.73,2728.8,1,3.367,26,0,0.0,0,0.0,0.0,100.1,1,1.545,1,0,0.0,0,0.0,0.0,100.1,1,1.545,1,0,0.0,0,0.0,0.0,100.1,1,1.545,1,0,0.0,0,0.0,0.0,100.1,1
22612-22613-1,94,False,Line,1,3581-89516-1,Line,0.339,100.28,5470.0,1,0.896,26,0,0.0,0,0.0,0.0,100.1,1,0.427,1,0,0.0,0,0.0,0.0,100.1,1,0.427,1,0,0.0,0,0.0,0.0,100.1,1,0.427,1,0,0.0,0,0.0,0.0,100.1,1
22612-22613-1,108,False,Line,1,3581-89516-1,Line,0.44,100.36,7006.9,1,1.485,20,0,0.0,0,0.0,0.0,100.1,1,0.627,1,0,0.0,0,0.0,0.0,100.1,1,0.627,1,0,0.0,0,0.0,0.0,100.1,1,0.627,1,0,0.0,0,0.0,0.0,100.1,1
22612-22613-1,116,False,Line,1,3581-89516-1,Line,0.909,100.74,4604.0,1,2.279,7,0,0.0,0,0.0,0.0,100.1,1,1.942,1,0,0.0,0,0.0,0.0,100.1,1,1.942,1,0,0.0,0,0.0,0.0,100.1,1,1.942,1,0,0.0,0,0.0,0.0,100.1,1
22612-22613-1,123,False,Line,1,3581-89516-1,Line,0.802,100.65,5593.8,1,1.803,13,0,0.0,0,0.0,0.0,100.1,1,1.343,1,0,0.0,0,0.0,0.0,100.1,1,1.343,1,0,0.0,0,0.0,0.0,100.1,1,1.343,1,0,0.0,0,0.0,0.0,100.1,1
22612-22613-1,130,False,Line,1,3581-89516-1,Line,0.739,100.6,5592.5,1,1.623,13,0,0.0,0,0.0,0.0,100.1,1,1.219,1,0,0.0,0,0.0,0.0,100.1,1,1.219,1,0,0.0,0,0.0,0.0,100.1,1,1.219,1,0,0.0,0,0.0,0.0,100.1,1
22612-22613-1,137,False,Line,1,3581-89516-1,Line,0.859,100.7,5053.5,1,2.574,11,0,0.0,0,0.0,0.0,100.1,1,1.82,1,0,0.0,0,0.0,0.0,100.1,1,1.82,1,0,0.0,0,0.0,0.0,100.1,1,1.82,1,0,0.0,0,0.0,0.0,100.1,1
22612-22613-1,145,False,Line,1,3581-89516-1,Line,0.219,100.18,4124.9,1,0.372,26,0,0.0,0,0.0,0.0,100.1,1,0.191,1,0,0.0,0,0.0,0.0,100.1,1,0.191,1,0,0.0,0,0.0,0.0,100.1,1,0.191,1,0,0.0,0,0.0,0.0,100.1,1
22612-22613-1,159,False,Line,1,3581-89516-1,Line,0.312,100.25,5313.0,1,0.65,25,0,0.0,0,0.0,0.0,100.1,1,0.374,1,0,0.0,0,0.0,0.0,100.1,1,0.374,1,0,0.0,0,0.0,0.0,100.1,1,0.374,1,0,0.0,0,0.0,0.0,100.1,1
22612-22613-1,167,False,Line,1,3581-89516-1,Line,0.76,100.62,3161.9,1,2.022,26,0,0.0,0,0.0,0.0,100.1,1,1.261,1,0,0.0,0,0.0,0.0,100.1,1,1.261,1,0,0.0,0,0.0,0.0,100.1,1,1.261,1,0,0.0,0,0.0,0.0,100.1,1
28710-28712-1,0,False,Line,3,3581-89516-1,Line,17.037,105.7,5299.5,1,15.587,13,0,0.0,0,0.0,0.0,100.1,1,12.575,1,0,0.0,0,0.0,0.0,100.1,1,12.575,1,0,0.0,0,0.0,0.0,100.1,1,12.575,2,0,0.0,0,0.0,0.0,100.1,1
28710-28712-1,7,False,Line,3,3581-89516-1,Line,9.542,103.67,6073.6,1,10.31,16,0,0.0,0,0.0,0.0,100.1,1,8.015,1,0,0.0,0,0.0,0.0,100.1,1,8.015,1,0,0.0,0,0.0,0.0,100.1,1,8.015,1,0,0.0,0,0.0,0.0,100.1,1
28710-28712-1,21,False,Line,3,3581-89516-1,Line,26.792,108.34,4735.3,1,24.669,7,0,0.0,0,0.0,0.0,100.1,1,18.511,1,0,0.0,0,0.0,0.0,100.1,1,18.511,1,0,0.0,0,0.0,0.0,100.1,1,18.511,1,0,0.0,0,0.0,0.0,100.1,1
28710-28712-1,116,False,Line,3,3581-89516-1,Line,18.823,106.19,4604.0,1,19.098,7,0,0.0,0,0.0,0.0,100.1,1,13.662,1,0,0.0,0,0.0,0.0,100.1,1,13.662,1,0,0.0,0,0.0,0.0,100.1,1,13.662,1,0,0.0,0,0.0,0.0,100.1,1
28710-28712-1,123,False,Line,3,3581-89516-1,Line,16.279,105.5,5593.8,1,16.162,13,0,0.0,0,0.0,0.0,100.1,1,12.114,1,0,0.0,0,0.0,0.0,100.1,1,12.114,1,0,0.0,0,0.0,0.0,100.1,1,12.114,1,0,0.0,0,0.0,0.0,100.1,1
28710-28712-1,130,False,Line,3,3581-89516-1,Line,17.087,105.71,5592.5,1,16.722,13,0,0.0,0,0.0,0.0,100.1,1,12.606,1,0,0.0,0,0.0,0.0,100.1,1,12.606,1,0,0.0,0,0.0,0.0,100.1,1,12.606,1,0,0.0,0,0.0,0.0,100.1,1
28710-28712-1,152,False,Line,3,3581-89516-1,Line,10.528,103.94,4161.2,1,15.443,25,0,0.0,0,0.0,0.0,100.1,1,8.615,1,0,0.0,0,0.0,0.0,100.1,1,8.615,1,0,0.0,0,0.0,0.0,100.1,1,8.615,1,0,0.0,0,0.0,0.0,100.1,1
28710-28712-1,159,False,Line,1,3581-89516-1,Line,0.711,100.58,5313.0,1,1.868,25,0,0.0,0,0.0,0.0,100.1,1,1.074,1,0,0.0,0,0.0,0.0,100.1,1,1.074,1,0,0.0,0,0.0,0.0,100.1,1,1.074,1,0,0.0,0,0.0,0.0,100.1,1
35011-66094-1,58,False,Line,3,3581-89516-1,Line,4.678,102.35,4583.8,1,13.125,27,0,0.0,0,0.0,0.0,100.1,1,5.409,1,0,0.0,0,0.0,0.0,100.1,1,5.409,1,0,0.0,0,0.0,0.0,100.1,1,5.409,2,0,0.0,0,0.0,0.0,100.1,1
35011-66094-1,72,False,Line,1,3581-89516-1,Line,0.607,100.49,5745.9,1,2.852,20,0,0.0,0,0.0,0.0,100.1,1,1.174,1,0,0.0,0,0.0,0.0,100.1,1,1.174,1,0,0.0,0,0.0,0.0,100.1,1,1.174,1,0,0.0,0,0.0,0.0,100.1,1
35011-66094-1,101,False,Line,2,T3464-3462-34641-1-w2,Transformer,1.61,100.16,5965.5,1,2.336,53,0,0.0,0,0.0,0.0,100.1,1,1.637,1,0,0.0,0,0.0,0.0,100.1,1,1.637,1,0,0.0,0,0.0,0.0,100.1,1,1.637,1,0,0.0,0,0.0,0.0,100.1,1
35011-66094-1,108,False,Line,3,3691-4041-1,Line,8.847,103.47,7006.9,1,27.212,69,0,0.0,0,0.0,0.0,100.1,1,15.141,2,0,0.0,0,0.0,0.0,100.1,1,64.378,2,0,0.0,0,0.0,0.0,100.1,1,15.093,2,0,0.0,0,0.0,0.0,100.1,1
35011-66094-1,130,False,Line,1,3581-89516-1,Line,0.442,100.36,5592.5,1,0.854,14,0,0.0,0,0.0,0.0,100.1,1,0.623,1,0,0.0,0,0.0,0.0,100.1,1,0.623,1,0,0.0,0,0.0,0.0,100.1,1,0.623,1,0,0.0,0,0.0,0.0,100.1,1
35011-66094-1,145,False,Line,1,3581-89516-1,Line,0.244,100.2,4124.9,1,0.46,27,0,0.0,0,0.0,0.0,100.1,1,0.236,1,0,0.0,0,0.0,0.0,100.1,1,0.236,1,0,0.0,0,0.0,0.0,100.1,1,0.236,1,0,0.0,0,0.0,0.0,100.1,1
35011-66094-1,152,False,Line,1,3581-89516-1,Line,1.586,101.29,4161.2,1,5.081,26,0,0.0,0,0.0,0.0,100.1,1,2.858,1,0,0.0,0,0.0,0.0,100.1,1,2.858,1,0,0.0,0,0.0,0.0,100.1,1,2.858,1,0,0.0,0,0.0,0.0,100.1,1
35011-66094-1,167,False,Line,1,3581-89516-1,Line,0.362,100.29,3161.9,1,0.759,27,0,0.0,0,0.0,0.0,100.1,1,0.466,1,0,0.0,0,0.0,0.0,100.1,1,0.466,1,0,0.0,0,0.0,0.0,100.1,1,0.466,1,0,0.0,0,0.0,0.0,100.1,1
35231-90020-1,0,False,Line,1,3581-89516-1,Line,1.475,101.2,5299.5,1,3.44,13,0,0.0,0,0.0,0.0,100.1,1,2.69,1,0,0.0,0,0.0,0.0,100.1,1,2.69,1,0,0.0,0,0.0,0.0,100.1,1,2.69,1,0,0.0,0,0.0,0.0,100.1,1
35231-90020-1,7,False,Line,3,3581-89516-1,Line,8.094,103.28,6073.6,1,10.379,16,0,0.0,0,0.0,0.0,100.1,1,7.777,1,0,0.0,0,0.0,0.0,100.1,1,7.777,1,0,0.0,0,0.0,0.0,100.1,1,7.777,1,0,0.0,0,0.0,0.0,100.1,1
35231-90020-1,21,False,Line,1,3581-89516-1,Line,1.036,100.84,4735.3,1,2.573,7,0,0.0,0,0.0,0.0,100.1,1,2.27,1,0,0.0,0,0.0,0.0,100.1,1,2.27,1,0,0.0,0,0.0,0.0,100.1,1,2.27,1,0,0.0,0,0.0,0.0,100.1,1
35231-90020-1,29,False,Line,3,3581-89516-1,Line,15.211,105.21,5968.4,1,20.724,10,1,0.123,0,0.0,100.12,100.12,1,15.613,2,0,0.0,0,0.0,0.0,100.1,1,15.613,2,0,0.0,0,0.0,0.0,100.1,1,15.613,1,0,0.0,0,0.0,0.0,100.1,1
35231-90020-1,50,False,Line,3,3581-89516-1,Line,8.648,103.43,5312.4,1,20.529,26,0,0.0,0,0.0,0.0,100.1,1,8.145,1,0,0.0,0,0.0,0.0,100.1,1,8.145,1,0,0.0,0,0.0,0.0,100.1,1,8.145,3,0,0.0,0,0.0,0.0,100.1,1
35231-90020-1,65,False,Line,3,3581-89516-1,Line,5.412,102.55,5388.6,1,20.303,22,0,0.0,0,0.0,0.0,100.1,1,6.389,1,0,0.0,0,0.0,0.0,100.1,1,6.389,1,0,0.0,0,0.0,0.0,100.1,1,6.389,1,0,0.0,0,0.0,0.0,100.1,1
35231-90020-1,72,False,Line,3,3581-89516-1,Line,6.266,102.78,5745.9,1,20.201,19,0,0.0,0,0.0,0.0,100.1,1,8.201,1,0,0.0,0,0.0,0.0,100.1,1,8.201,1,0,0.0,0,0.0,0.0,100.1,1,8.201,1,0,0.0,0,0.0,0.0,100.1,1
35231-90020-1,94,False,Line,3,3581-89516-1,Line,2.558,101.78,5470.0,1,8.575,26,0,0.0,0,0.0,0.0,100.1,1,4.105,1,0,0.0,0,0.0,0.0,100.1,1,4.105,1,0,0.0,0,0.0,0.0,100.1,1,4.105,1,0,0.0,0,0.0,0.0,100.1,1
35231-90020-1,108,False,Line,5,3581-89516-1,Line,11.791,103.81,7006.9,0,26.836,75,0,0.0,0,0.142,0.0,100.12,1,22.312,3,1,0.603,0,0.0,100.31,100.31,1,80.51,3,0,0.0,0,0.0,0.0,100.1,1,13.198,4,0,0.0,0,0.0,0.0,100.1,1
35231-90020-1,116,False,Line,3,3581-89516-1,Line,2.913,101.87,4604.0,1,6.358,7,0,0.0,0,0.0,0.0,100.1,1,5.422,1,0,0.0,0,0.0,0.0,100.1,1,5.422,1,0,0.0,0,0.0,0.0,100.1,1,5.422,1,0,0.0,0,0.0,0.0,100.1,1
35231-90020-1,137,False,Line,3,3581-89516-1,Line,8.179,103.3,5053.5,1,13.821,11,0,0.0,0,0.0,0.0,100.1,1,9.786,1,0,0.0,0,0.0,0.0,100.1,1,9.786,1,0,0.0,0,0.0,0.0,100.1,1,9.786,1,0,0.0,0,0.0,0.0,100.1,1
35232-90020-2,0,False,Line,1,3581-89516-1,Line,1.474,101.2,5299.5,1,3.438,13,0,0.0,0,0.0,0.0,100.1,1,2.688,1,0,0.0,0,0.0,0.0,100.1,1,2.688,1,0,0.0,0,0.0,0.0,100.1,1,2.688,1,0,0.0,0,0.0,0.0,100.1,1
35232-90020-2,7,False,Line,3,3581-89516-1,Line,8.087,103.28,6073.6,1,10.372,16,0,0.0,0,0.0,0.0,100.1,1,7.772,1,0,0.0,0,0.0,0.0,100.1,1,7.772,1,0,0.0,0,0.0,0.0,100.1,1,7.772,1,0,0.0,0,0.0,0.0,100.1,1
35232-90020-2,21,False,Line,1,3581-89516-1,Line,1.036,100.84,4735.3,1,2.571,7,0,0.0,0,0.0,0.0,100.1,1,2.268,1,0,0.0,0,0.0,0.0,100.1,1,2.268,1,0,0.0,0,0.0,0.0,100.1,1,2.268,1,0,0.0,0,0.0,0.0,100.1,1
35232-90020-2,29,False,Line,3,3581-89516-1,Line,15.2,105.2,5968.4,1,20.711,10,1,0.122,0,0.0,100.12,100.12,1,15.603,2,0,0.0,0,0.0,0.0,100.1,1,15.603,2,0,0.0,0,0.0,0.0,100.1,1,15.603,1,0,0.0,0,0.0,0.0,100.1,1
35232-90020-2,50,False,Line,3,3581-89516-1,Line,8.641,103.43,5312.4,1,20.515,26,0,0.0,0,0.0,0.0,100.1,1,8.14,1,0,0.0,0,0.0,0.0,100.1,1,8.14,1,0,0.0,0,0.0,0.0,100.1,1,8.14,3,0,0.0,0,0.0,0.0,100.1,1
35232-90020-2,65,False,Line,3,3581-89516-1,Line,5.406,102.55,5388.6,1,20.288,22,0,0.0,0,0.0,0.0,100.1,1,6.385,1,0,0.0,0,0.0,0.0,100.1,1,6.385,1,0,0.0,0,0.0,0.0,100.1,1,6.385,1,0,0.0,0,0.0,0.0,100.1,1
35232-90020-2,72,False,Line,3,3581-89516-1,Line,6.261,102.78,5745.9,1,20.186,19,0,0.0,0,0.0,0.0,100.1,1,8.196,1,0,0.0,0,0.0,0.0,100.1,1,8.196,1,0,0.0,0,0.0,0.0,100.1,1,8.196,1,0,0.0,0,0.0,0.0,100.1,1
35232-90020-2,94,False,Line,3,3581-89516-1,Line,2.554,101.78,5470.0,1,8.569,26,0,0.0,0,0.0,0.0,100.1,1,4.103,1,0,0.0,0,0.0,0.0,100.1,1,4.103,1,0,0.0,0,0.0,0.0,100.1,1,4.103,1,0,0.0,0,0.0,0.0,100.1,1
35232-90020-2,108,False,Line,5,3581-89516-1,Line,11.782,103.81,7006.9,0,26.815,75,0,0.0,0,0.142,0.0,100.12,1,22.309,3,1,0.603,0,0.0,100.31,100.31,1,80.428,3,0,0.0,0,0.0,0.0,100.1,1,13.187,4,0,0.0,0,0.0,0.0,100.1,1
35232-90020-2,116,False,Line,3,3581-89516-1,Line,2.909,101.87,4604.0,1,6.353,7,0,0.0,0,0.0,0.0,100.1,1,5.419,1,0,0.0,0,0.0,0.0,100.1,1,5.419,1,0,0.0,0,0.0,0.0,100.1,1,5.419,1,0,0.0,0,0.0,0.0,100.1,1
35232-90020-2,137,False,Line,3,3581-89516-1,Line,8.172,103.3,5053.5,1,13.811,11,0,0.0,0,0.0,0.0,100.1,1,9.779,1,0,0.0,0,0.0,0.0,100.1,1,9.779,1,0,0.0,0,0.0,0.0,100.1,1,9.779,1,0,0.0,0,0.0,0.0,100.1,1
70510-72010-1,58,False,Line,1,3581-89516-1,Line,0.132,100.11,4583.8,1,0.045,26,0,0.0,0,0.0,0.0,100.1,1,0.018,1,0,0.0,0,0.0,0.0,100.1,1,0.018,1,0,0.0,0,0.0,0.0,100.1,1,0.018,1,0,0.0,0,0.0,0.0,100.1,1
70510-72010-2,58,False,Line,1,3581-89516-1,Line,0.132,100.11,4583.8,1,0.045,26,0,0.0,0,0.0,0.0,100.1,1,0.018,1,0,0.0,0,0.0,0.0,100.1,1,0.018,1,0,0.0,0,0.0,0.0,100.1,1,0.018,1,0,0.0,0,0.0,0.0,100.1,1
70520-85020-1,58,False,Line,1,3581-89516-1,Line,0.143,100.12,4583.8,1,0.097,26,0,0.0,0,0.0,0.0,100.1,1,0.039,1,0,0.0,0,0.0,0.0,100.1,1,0.039,1,0,0.0,0,0.0,0.0,100.1,1,0.039,1,0,0.0,0,0.0,0.0,100.1,1
74520-90020-1,0,False,Line,1,3581-89516-1,Line,0.865,100.7,5299.5,1,1.881,13,0,0.0,0,0.0,0.0,100.1,1,1.469,1,0,0.0,0,0.0,0.0,100.1,1,1.469,1,0,0.0,0,0.0,0.0,100.1,1,1.469,1,0,0.0,0,0.0,0.0,100.1,1
74520-90020-1,7,False,Line,1,3581-89516-1,Line,1.447,101.18,6073.6,1,3.501,16,0,0.0,0,0.0,0.0,100.1,1,2.621,1,0,0.0,0,0.0,0.0,100.1,1,2.621,1,0,0.0,0,0.0,0.0,100.1,1,2.621,1,0,0.0,0,0.0,0.0,100.1,1
74520-90020-1,21,False,Line,1,3581-89516-1,Line,0.742,100.6,4735.3,1,1.737,7,0,0.0,0,0.0,0.0,100.1,1,1.532,1,0,0.0,0,0.0,0.0,100.1,1,1.532,1,0,0.0,0,0.0,0.0,100.1,1,1.532,1,0,0.0,0,0.0,0.0,100.1,1
74520-90020-1,29,False,Line,1,3581-89516-1,Line,1.704,101.39,5968.4,1,5.199,10,0,0.0,0,0.0,0.0,100.1,1,3.912,1,0,0.0,0,0.0,0.0,100.1,1,3.912,1,0,0.0,0,0.0,0.0,100.1,1,3.912,1,0,0.0,0,0.0,0.0,100.1,1
74520-90020-1,50,False,Line,1,3581-89516-1,Line,1.618,101.32,5312.4,1,7.501,26,0,0.0,0,0.0,0.0,100.1,1,2.959,1,0,0.0,0,0.0,0.0,100.1,1,2.959,1,0,0.0,0,0.0,0.0,100.1,1,2.959,2,0,0.0,0,0.0,0.0,100.1,1
74520-90020-1,65,False,Line,1,3581-89516-1,Line,1.226,101.0,5388.6,1,7.456,22,0,0.0,0,0.0,0.0,100.1,1,2.325,1,0,0.0,0,0.0,0.0,100.1,1,2.325,1,0,0.0,0,0.0,0.0,100.1,1,2.325,1,0,0.0,0,0.0,0.0,100.1,1
74520-90020-1,72,False,Line,1,3581-89516-1,Line,1.325,101.08,5745.9,1,7.381,19,0,0.0,0,0.0,0.0,100.1,1,2.975,1,0,0.0,0,0.0,0.0,100.1,1,2.975,1,0,0.0,0,0.0,0.0,100.1,1,2.975,1,0,0.0,0,0.0,0.0,100.1,1
74520-90020-1,79,False,Line,1,3581-89516-1,Line,0.441,100.36,2728.8,1,1.372,26,0,0.0,0,0.0,0.0,100.1,1,0.63,1,0,0.0,0,0.0,0.0,100.1,1,0.63,1,0,0.0,0,0.0,0.0,100.1,1,0.63,1,0,0.0,0,0.0,0.0,100.1,1
74520-90020-1,94,False,Line,1,3581-89516-1,Line,0.99,100.8,5470.0,1,3.599,26,0,0.0,0,0.0,0.0,100.1,1,1.716,1,0,0.0,0,0.0,0.0,100.1,1,1.716,1,0,0.0,0,0.0,0.0,100.1,1,1.716,1,0,0.0,0,0.0,0.0,100.1,1
74520-90020-1,108,False,Line,1,3581-89516-1,Line,1.814,101.47,7006.9,1,7.924,20,0,0.0,0,0.0,0.0,100.1,1,3.347,1,1,0.26,0,0.0,100.14,100.14,1,16.477,2,0,0.0,0,0.0,0.0,100.1,1,3.456,2,0,0.0,0,0.0,0.0,100.1,1
74520-90020-1,116,False,Line,1,3581-89516-1,Line,0.755,100.61,4604.0,1,1.835,7,0,0.0,0,0.0,0.0,100.1,1,1.565,1,0,0.0,0,0.0,0.0,100.1,1,1.565,1,0,0.0,0,0.0,0.0,100.1,1,1.565,1,0,0.0,0,0.0,0.0,100.1,1
74520-90020-1,123,False,Line,1,3581-89516-1,Line,0.83,100.67,5593.8,1,1.88,13,0,0.0,0,0.0,0.0,100.1,1,1.4,1,0,0.0,0,0.0,0.0,100.1,1,1.4,1,0,0.0,0,0.0,0.0,100.1,1,1.4,1,0,0.0,0,0.0,0.0,100.1,1
74520-90020-1,130,False,Line,1,3581-89516-1,Line,0.583,100.47,5592.5,1,1.213,13,0,0.0,0,0.0,0.0,100.1,1,0.911,1,0,0.0,0,0.0,0.0,100.1,1,0.911,1,0,0.0,0,0.0,0.0,100.1,1,0.911,1,0,0.0,0,0.0,0.0,100.1,1
74520-90020-1,137,False,Line,1,3581-89516-1,Line,1.129,100.92,5053.5,1,3.521,11,0,0.0,0,0.0,0.0,100.1,1,2.489,1,0,0.0,0,0.0,0.0,100.1,1,2.489,1,0,0.0,0,0.0,0.0,100.1,1,2.489,1,0,0.0,0,0.0,0.0,100.1,1
74520-90020-1,145,False,Line,1,3581-89516-1,Line,0.276,100.22,4124.9,1,0.59,26,0,0.0,0,0.0,0.0,100.1,1,0.302,1,0,0.0,0,0.0,0.0,100.1,1,0.302,1,0,0.0,0,0.0,0.0,100.1,1,0.302,1,0,0.0,0,0.0,0.0,100.1,1
74520-90020-1,159,False,Line,1,3581-89516-1,Line,0.725,100.59,5313.0,1,2.072,25,0,0.0,0,0.0,0.0,100.1,1,1.192,1,0,0.0,0,0.0,0.0,100.1,1,1.192,1,0,0.0,0,0.0,0.0,100.1,1,1.192,1,0,0.0,0,0.0,0.0,100.1,1
75010-87900-1,29,False,Line,1,3581-89516-1,Line,0.615,100.5,5968.4,1,1.629,10,0,0.0,0,0.0,0.0,100.1,1,1.225,1,0,0.0,0,0.0,0.0,100.1,1,1.225,1,0,0.0,0,0.0,0.0,100.1,1,1.225,1,0,0.0,0,0.0,0.0,100.1,1
75010-87900-1,50,False,Line,1,3581-89516-1,Line,0.355,100.29,5312.4,1,1.174,26,0,0.0,0,0.0,0.0,100.1,1,0.463,1,0,0.0,0,0.0,0.0,100.1,1,0.463,1,0,0.0,0,0.0,0.0,100.1,1,0.463,1,0,0.0,0,0.0,0.0,100.1,1
75010-87900-1,65,False,Line,1,3581-89516-1,Line,0.243,100.2,5388.6,1,0.816,22,0,0.0,0,0.0,0.0,100.1,1,0.254,1,0,0.0,0,0.0,0.0,100.1,1,0.254,1,0,0.0,0,0.0,0.0,100.1,1,0.254,1,0,0.0,0,0.0,0.0,100.1,1
75010-87900-1,72,False,Line,1,3581-89516-1,Line,0.182,100.15,5745.9,1,0.366,19,0,0.0,0,0.0,0.0,100.1,1,0.148,1,0,0.0,0,0.0,0.0,100.1,1,0.148,1,0,0.0,0,0.0,0.0,100.1,1,0.148,1,0,0.0,0,0.0,0.0,100.1,1
75010-87900-1,79,False,Line,3,3581-89516-1,Line,4.159,102.21,2728.8,1,11.287,26,0,0.0,0,0.0,0.0,100.1,1,5.174,1,0,0.0,0,0.0,0.0,100.1,1,5.174,1,0,0.0,0,0.0,0.0,100.1,1,5.174,1,0,0.0,0,0.0,0.0,100.1,1
75010-87900-1,108,False,Line,1,3581-89516-1,Line,0.336,100.27,7006.9,1,1.006,20,0,0.0,0,0.0,0.0,100.1,1,0.425,1,0,0.0,0,0.0,0.0,100.1,1,0.425,1,0,0.0,0,0.0,0.0,100.1,1,0.425,1,0,0.0,0,0.0,0.0,100.1,1
75510-75511-1,29,False,Line,3,3581-89516-1,Line,2.656,101.8,5968.4,1,7.03,10,0,0.0,0,0.0,0.0,100.1,1,5.286,1,0,0.0,0,0.0,0.0,100.1,1,5.286,1,0,0.0,0,0.0,0.0,100.1,1,5.286,1,0,0.0,0,0.0,0.0,100.1,1
75510-75511-1,50,False,Line,1,3581-89516-1,Line,1.669,101.36,5312.4,1,7.909,26,0,0.0,0,0.0,0.0,100.1,1,3.117,2,0,0.0,0,0.0,0.0,100.1,1,3.117,2,0,0.0,0,0.0,0.0,100.1,1,3.117,2,0,0.0,0,0.0,0.0,100.1,1
75510-75511-1,65,False,Line,1,3581-89516-1,Line,0.913,100.74,5388.6,1,5.452,22,0,0.0,0,0.0,0.0,100.1,1,1.698,1,0,0.0,0,0.0,0.0,100.1,1,1.698,1,0,0.0,0,0.0,0.0,100.1,1,1.698,1,0,0.0,0,0.0,0.0,100.1,1
75510-75511-1,72,False,Line,1,3581-89516-1,Line,0.557,100.45,5745.9,1,2.717,19,0,0.0,0,0.0,0.0,100.1,1,1.095,1,0,0.0,0,0.0,0.0,100.1,1,1.095,1,0,0.0,0,0.0,0.0,100.1,1,1.095,1,0,0.0,0,0.0,0.0,100.1,1
75510-75511-1,108,False,Line,1,3581-89516-1,Line,1.253,101.02,7006.9,1,5.398,20,0,0.0,0,0.0,0.0,100.1,1,2.278,1,1,0.204,0,0.0,100.11,100.11,1,4.615,2,0,0.0,0,0.0,0.0,100.1,1,2.298,2,0,0.0,0,0.0,0.0,100.1,1
75510-75511-1,137,False,Line,1,3581-89516-1,Line,1.269,101.03,5053.5,1,4.093,11,0,0.0,0,0.0,0.0,100.1,1,2.891,1,0,0.0,0,0.0,0.0,100.1,1,2.891,1,0,0.0,0,0.0,0.0,100.1,1,2.891,1,0,0.0,0,0.0,0.0,100.1,1
75510-79510-1,152,False,Line,1,3581-89516-1,Line,0.49,100.4,4161.2,1,1.291,25,0,0.0,0,0.0,0.0,100.1,1,0.728,1,0,0.0,0,0.0,0.0,100.1,1,0.728,1,0,0.0,0,0.0,0.0,100.1,1,0.728,1,0,0.0,0,0.0,0.0,100.1,1
75510-79510-1,159,False,Line,1,3581-89516-1,Line,0.253,100.21,5313.0,1,0.45,25,0,0.0,0,0.0,0.0,100.1,1,0.259,1,0,0.0,0,0.0,0.0,100.1,1,0.259,1,0,0.0,0,0.0,0.0,100.1,1,0.259,1,0,0.0,0,0.0,0.0,100.1,1
75510-83510-1,152,False,Line,1,3581-89516-1,Line,0.454,100.37,4161.2,1,1.166,25,0,0.0,0,0.0,0.0,100.1,1,0.657,1,0,0.0,0,0.0,0.0,100.1,1,0.657,1,0,0.0,0,0.0,0.0,100.1,1,0.657,1,0,0.0,0,0.0,0.0,100.1,1
75510-83510-1,159,False,Line,1,3581-89516-1,Line,0.288,100.23,5313.0,1,0.57,25,0,0.0,0,0.0,0.0,100.1,1,0.328,1,0,0.0,0,0.0,0.0,100.1,1,0.328,1,0,0.0,0,0.0,0.0,100.1,1,0.328,1,0,0.0,0,0.0,0.0,100.1,1
75810-90310-1,0,False,Line,1,3581-89516-1,Line,0.13,100.11,5299.5,1,0.019,13,0,0.0,0,0.0,0.0,100.1,1,0.015,1,0,0.0,0,0.0,0.0,100.1,1,0.015,1,0,0.0,0,0.0,0.0,100.1,1,0.015,1,0,0.0,0,0.0,0.0,100.1,1
75810-90310-1,7,False,Line,1,3581-89516-1,Line,0.209,100.17,6073.6,1,0.228,16,0,0.0,0,0.0,0.0,100.1,1,0.171,1,0,0.0,0,0.0,0.0,100.1,1,0.171,1,0,0.0,0,0.0,0.0,100.1,1,0.171,1,0,0.0,0,0.0,0.0,100.1,1
75810-90310-1,21,False,Line,1,3581-89516-1,Line,0.129,100.1,4735.3,1,0.017,7,0,0.0,0,0.0,0.0,100.1,1,0.015,1,0,0.0,0,0.0,0.0,100.1,1,0.015,1,0,0.0,0,0.0,0.0,100.1,1,0.015,1,0,0.0,0,0.0,0.0,100.1,1
75810-90310-1,29,False,Line,1,3581-89516-1,Line,0.179,100.15,5968.4,1,0.186,10,0,0.0,0,0.0,0.0,100.1,1,0.14,1,0,0.0,0,0.0,0.0,100.1,1,0.14,1,0,0.0,0,0.0,0.0,100.1,1,0.14,1,0,0.0,0,0.0,0.0,100.1,1
75810-90310-1,50,False,Line,1,3581-89516-1,Line,0.176,100.14,5312.4,1,0.269,26,0,0.0,0,0.0,0.0,100.1,1,0.106,1,0,0.0,0,0.0,0.0,100.1,1,0.106,1,0,0.0,0,0.0,0.0,100.1,1,0.106,1,0,0.0,0,0.0,0.0,100.1,1
75810-90310-1,65,False,Line,1,3581-89516-1,Line,0.141,100.11,5388.6,1,0.12,22,0,0.0,0,0.0,0.0,100.1,1,0.037,1,0,0.0,0,0.0,0.0,100.1,1,0.037,1,0,0.0,0,0.0,0.0,100.1,1,0.037,1,0,0.0,0,0.0,0.0,100.1,1
75810-90310-1,72,False,Line,1,3581-89516-1,Line,0.159,100.13,5745.9,1,0.22,19,0,0.0,0,0.0,0.0,100.1,1,0.089,1,0,0.0,0,0.0,0.0,100.1,1,0.089,1,0,0.0,0,0.0,0.0,100.1,1,0.089,1,0,0.0,0,0.0,0.0,100.1,1
75810-90310-1,94,False,Line,1,3581-89516-1,Line,0.128,100.1,5470.0,1,0.022,26,0,0.0,0,0.0,0.0,100.1,1,0.01,1,0,0.0,0,0.0,0.0,100.1,1,0.01,1,0,0.0,0,0.0,0.0,100.1,1,0.01,1,0,0.0,0,0.0,0.0,100.1,1
75810-90310-1,108,False,Line,1,3581-89516-1,Line,0.207,100.17,7006.9,1,0.395,20,0,0.0,0,0.0,0.0,100.1,1,0.167,1,0,0.0,0,0.0,0.0,100.1,1,0.167,1,0,0.0,0,0.0,0.0,100.1,1,0.167,1,0,0.0,0,0.0,0.0,100.1,1
76511-81010-1,36,False,Line,1,76512-81010-2,Line,2.372,101.5,6805.4,0,0.0,0,0,0.0,0,2.372,0.0,101.5,0,0.0,0,0,0.0,0,2.372,0.0,101.5,0,0.0,0,0,0.0,0,2.372,0.0,101.5,1,77.596,3,0,0.0,0,0.0,0.0,100.1,1
76511-81010-1,79,False,Line,1,76512-81010-2,Line,14.468,109.16,2728.8,0,0.0,0,0,0.0,0,14.468,0.0,109.16,0,0.0,0,0,0.0,0,14.468,0.0,109.16,0,0.0,0,0,0.0,0,14.468,0.0,109.16,1,1054.339,91,0,0.0,0,0.0,0.0,100.1,1
76511-81010-1,87,False,Line,1,76512-81010-2,Line,12.123,107.67,1883.6,0,0.0,0,0,0.0,0,12.123,0.0,107.67,0,0.0,0,0,0.0,0,12.123,0.0,107.67,0,0.0,0,0,0.0,0,12.123,0.0,107.67,1,946.245,112,0,0.0,0,0.0,0.0,100.1,1
76511-81010-1,108,False,Line,1,76512-81010-2,Line,5.586,103.54,7006.9,0,0.0,0,0,0.0,0,5.586,0.0,103.54,0,0.0,0,0,0.0,0,5.586,0.0,103.54,0,0.0,0,0,0.0,0,5.586,0.0,103.54,1,254.281,17,0,0.0,0,0.0,0.0,100.1,1
76512-81010-2,36,False,Line,1,76511-81010-1,Line,5.408,103.42,6805.4,0,0.0,0,0,0.0,0,5.408,0.0,103.42,0,0.0,0,0,0.0,0,5.408,0.0,103.42,0,0.0,0,0,0.0,0,5.408,0.0,103.42,1,201.564,10,0,0.0,0,0.0,0.0,100.1,1
76512-81010-2,79,False,Line,1,76511-81010-1,Line,17.682,111.19,2728.8,0,0.0,0,0,0.0,0,17.682,0.0,111.19,0,0.0,0,0,0.0,0,17.682,0.0,111.19,0,0.0,0,0,0.0,0,17.682,0.0,111.19,1,1352.223,105,0,0.0,0,0.0,0.0,100.1,1
76512-81010-2,87,False,Line,1,76511-81010-1,Line,15.392,109.74,1883.6,0,0.0,0,0,0.0,0,15.392,0.0,109.74,0,0.0,0,0,0.0,0,15.392,0.0,109.74,0,0.0,0,0,0.0,0,15.392,0.0,109.74,1,1250.127,141,0,0.0,0,0.0,0.0,100.1,1
76512-81010-2,108,False,Line,1,76511-81010-1,Line,8.698,105.5,7006.9,0,0.0,0,0,0.0,0,8.698,0.0,105.5,0,0.0,0,0,0.0,0,8.698,0.0,105.5,0,0.0,0,0,0.0,0,8.698,0.0,105.5,1,473.442,27,0,0.0,0,0.0,0.0,100.1,1
76512-90710-2,36,False,Line,1,76511-81010-1,Line,5.408,103.42,6805.4,0,0.0,0,0,0.0,0,5.408,0.0,103.42,0,0.0,0,0,0.0,0,5.408,0.0,103.42,0,0.0,0,0,0.0,0,5.408,0.0,103.42,1,212.794,11,0,0.0,0,0.0,0.0,100.1,1
76512-90710-2,79,False,Line,1,76511-81010-1,Line,17.682,111.19,2728.8,0,0.0,0,0,0.0,0,17.682,0.0,111.19,0,0.0,0,0,0.0,0,17.682,0.0,111.19,0,0.0,0,0,0.0,0,17.682,0.0,111.19,1,1509.452,114,0,0.0,0,0.0,0.0,100.1,1
76512-90710-2,87,False,Line,1,76511-81010-1,Line,15.392,109.74,1883.6,0,0.0,0,0,0.0,0,15.392,0.0,109.74,0,0.0,0,0,0.0,0,15.392,0.0,109.74,0,0.0,0,0,0.0,0,15.392,0.0,109.74,1,1396.806,144,0,0.0,0,0.0,0.0,100.1,1
76512-90710-2,108,False,Line,1,76511-81010-1,Line,8.698,105.5,7006.9,0,0.0,0,0,0.0,0,8.698,0.0,105.5,0,0.0,0,0,0.0,0,8.698,0.0,105.5,0,0.0,0,0,0.0,0,8.698,0.0,105.5,1,516.856,31,0,0.0,0,0.0,0.0,100.1,1
76810-79010-1,21,False,Line,1,3581-89516-1,Line,0.341,100.28,4735.3,1,0.608,7,0,0.0,0,0.0,0.0,100.1,1,0.538,1,0,0.0,0,0.0,0.0,100.1,1,0.538,1,0,0.0,0,0.0,0.0,100.1,1,0.538,1,0,0.0,0,0.0,0.0,100.1,1
76810-79010-1,65,False,Line,1,3581-89516-1,Line,0.168,100.14,5388.6,1,0.3,22,0,0.0,0,0.0,0.0,100.1,1,0.094,1,0,0.0,0,0.0,0.0,100.1,1,0.094,1,0,0.0,0,0.0,0.0,100.1,1,0.094,1,0,0.0,0,0.0,0.0,100.1,1
76810-79010-1,116,False,Line,1,3581-89516-1,Line,0.856,100.7,4604.0,1,2.115,7,0,0.0,0,0.0,0.0,100.1,1,1.807,1,0,0.0,0,0.0,0.0,100.1,1,1.807,1,0,0.0,0,0.0,0.0,100.1,1,1.807,1,0,0.0,0,0.0,0.0,100.1,1
76810-79010-2,21,False,Line,1,3581-89516-1,Line,0.341,100.28,4735.3,1,0.608,7,0,0.0,0,0.0,0.0,100.1,1,0.538,1,0,0.0,0,0.0,0.0,100.1,1,0.538,1,0,0.0,0,0.0,0.0,100.1,1,0.538,1,0,0.0,0,0.0,0.0,100.1,1
76810-79010-2,65,False,Line,1,3581-89516-1,Line,0.168,100.14,5388.6,1,0.3,22,0,0.0,0,0.0,0.0,100.1,1,0.094,1,0,0.0,0,0.0,0.0,100.1,1,0.094,1,0,0.0,0,0.0,0.0,100.1,1,0.094,1,0,0.0,0,0.0,0.0,100.1,1
76810-79010-2,116,False,Line,1,3581-89516-1,Line,0.856,100.7,4604.0,1,2.115,7,0,0.0,0,0.0,0.0,100.1,1,1.807,1,0,0.0,0,0.0,0.0,100.1,1,1.807,1,0,0.0,0,0.0,0.0,100.1,1,1.807,1,0,0.0,0,0.0,0.0,100.1,1
76810-87510-1,0,False,Line,1,3581-89516-1,Line,0.577,100.47,5299.5,1,1.147,13,0,0.0,0,0.0,0.0,100.1,1,0.897,1,0,0.0,0,0.0,0.0,100.1,1,0.897,1,0,0.0,0,0.0,0.0,100.1,1,0.897,1,0,0.0,0,0.0,0.0,100.1,1
76810-87510-1,7,False,Line,1,3581-89516-1,Line,0.347,100.28,6073.6,1,0.59,16,0,0.0,0,0.0,0.0,100.1,1,0.442,1,0,0.0,0,0.0,0.0,100.1,1,0.442,1,0,0.0,0,0.0,0.0,100.1,1,0.442,1,0,0.0,0,0.0,0.0,100.1,1
76810-87510-1,21,False,Line,1,3581-89516-1,Line,1.323,101.08,4735.3,1,3.358,7,0,0.0,0,0.0,0.0,100.1,1,2.964,1,0,0.0,0,0.0,0.0,100.1,1,2.964,1,0,0.0,0,0.0,0.0,100.1,1,2.964,1,0,0.0,0,0.0,0.0,100.1,1
76810-87510-1,58,False,Line,1,3581-89516-1,Line,0.321,100.26,4583.8,1,0.968,26,0,0.0,0,0.0,0.0,100.1,1,0.392,1,0,0.0,0,0.0,0.0,100.1,1,0.392,1,0,0.0,0,0.0,0.0,100.1,1,0.392,1,0,0.0,0,0.0,0.0,100.1,1
76810-87510-1,65,False,Line,1,3581-89516-1,Line,0.166,100.14,5388.6,1,0.292,22,0,0.0,0,0.0,0.0,100.1,1,0.091,1,0,0.0,0,0.0,0.0,100.1,1,0.091,1,0,0.0,0,0.0,0.0,100.1,1,0.091,1,0,0.0,0,0.0,0.0,100.1,1
76810-87510-1,72,False,Line,1,3581-89516-1,Line,0.31,100.25,5745.9,1,1.143,19,0,0.0,0,0.0,0.0,100.1,1,0.461,1,0,0.0,0,0.0,0.0,100.1,1,0.461,1,0,0.0,0,0.0,0.0,100.1,1,0.461,1,0,0.0,0,0.0,0.0,100.1,1
76810-87510-1,79,False,Line,1,3581-89516-1,Line,0.13,100.11,2728.8,1,0.031,26,0,0.0,0,0.0,0.0,100.1,1,0.014,1,0,0.0,0,0.0,0.0,100.1,1,0.014,1,0,0.0,0,0.0,0.0,100.1,1,0.014,1,0,0.0,0,0.0,0.0,100.1,1
76810-87510-1,116,False,Line,1,3581-89516-1,Line,0.339,100.28,4604.0,1,0.624,7,0,0.0,0,0.0,0.0,100.1,1,0.532,1,0,0.0,0,0.0,0.0,100.1,1,0.532,1,0,0.0,0,0.0,0.0,100.1,1,0.532,1,0,0.0,0,0.0,0.0,100.1,1
76810-87510-1,123,False,Line,1,3581-89516-1,Line,0.53,100.43,5593.8,1,1.081,13,0,0.0,0,0.0,0.0,100.1,1,0.806,1,0,0.0,0,0.0,0.0,100.1,1,0.806,1,0,0.0,0,0.0,0.0,100.1,1,0.806,1,0,0.0,0,0.0,0.0,100.1,1
76810-87510-1,130,False,Line,1,3581-89516-1,Line,0.593,100.48,5592.5,1,1.236,13,0,0.0,0,0.0,0.0,100.1,1,0.929,1,0,0.0,0,0.0,0.0,100.1,1,0.929,1,0,0.0,0,0.0,0.0,100.1,1,0.929,1,0,0.0,0,0.0,0.0,100.1,1
76810-87510-1,145,False,Line,1,3581-89516-1,Line,0.391,100.32,4124.9,1,1.031,26,0,0.0,0,0.0,0.0,100.1,1,0.529,1,0,0.0,0,0.0,0.0,100.1,1,0.529,1,0,0.0,0,0.0,0.0,100.1,1,0.529,1,0,0.0,0,0.0,0.0,100.1,1
76810-87510-1,152,False,Line,1,3581-89516-1,Line,0.328,100.27,4161.2,1,0.717,25,0,0.0,0,0.0,0.0,100.1,1,0.405,1,0,0.0,0,0.0,0.0,100.1,1,0.405,1,0,0.0,0,0.0,0.0,100.1,1,0.405,1,0,0.0,0,0.0,0.0,100.1,1
76810-87510-2,0,False,Line,1,3581-89516-1,Line,0.585,100.48,5299.5,1,1.169,13,0,0.0,0,0.0,0.0,100.1,1,0.914,1,0,0.0,0,0.0,0.0,100.1,1,0.914,1,0,0.0,0,0.0,0.0,100.1,1,0.914,1,0,0.0,0,0.0,0.0,100.1,1
76810-87510-2,7,False,Line,1,3581-89516-1,Line,0.352,100.29,6073.6,1,0.604,16,0,0.0,0,0.0,0.0,100.1,1,0.452,1,0,0.0,0,0.0,0.0,100.1,1,0.452,1,0,0.0,0,0.0,0.0,100.1,1,0.452,1,0,0.0,0,0.0,0.0,100.1,1
76810-87510-2,21,False,Line,1,3581-89516-1,Line,1.343,101.09,4735.3,1,3.414,7,0,0.0,0,0.0,0.0,100.1,1,3.013,1,0,0.0,0,0.0,0.0,100.1,1,3.013,1,0,0.0,0,0.0,0.0,100.1,1,3.013,1,0,0.0,0,0.0,0.0,100.1,1
76810-87510-2,58,False,Line,1,3581-89516-1,Line,0.326,100.27,4583.8,1,0.992,26,0,0.0,0,0.0,0.0,100.1,1,0.402,1,0,0.0,0,0.0,0.0,100.1,1,0.402,1,0,0.0,0,0.0,0.0,100.1,1,0.402,1,0,0.0,0,0.0,0.0,100.1,1
76810-87510-2,65,False,Line,1,3581-89516-1,Line,0.169,100.14,5388.6,1,0.309,22,0,0.0,0,0.0,0.0,100.1,1,0.097,1,0,0.0,0,0.0,0.0,100.1,1,0.097,1,0,0.0,0,0.0,0.0,100.1,1,0.097,1,0,0.0,0,0.0,0.0,100.1,1
76810-87510-2,72,False,Line,1,3581-89516-1,Line,0.314,100.26,5745.9,1,1.172,19,0,0.0,0,0.0,0.0,100.1,1,0.472,1,0,0.0,0,0.0,0.0,100.1,1,0.472,1,0,0.0,0,0.0,0.0,100.1,1,0.472,1,0,0.0,0,0.0,0.0,100.1,1
76810-87510-2,79,False,Line,1,3581-89516-1,Line,0.132,100.11,2728.8,1,0.04,26,0,0.0,0,0.0,0.0,100.1,1,0.018,1,0,0.0,0,0.0,0.0,100.1,1,0.018,1,0,0.0,0,0.0,0.0,100.1,1,0.018,1,0,0.0,0,0.0,0.0,100.1,1
76810-87510-2,116,False,Line,1,3581-89516-1,Line,0.344,100.28,4604.0,1,0.639,7,0,0.0,0,0.0,0.0,100.1,1,0.545,1,0,0.0,0,0.0,0.0,100.1,1,0.545,1,0,0.0,0,0.0,0.0,100.1,1,0.545,1,0,0.0,0,0.0,0.0,100.1,1
76810-87510-2,123,False,Line,1,3581-89516-1,Line,0.538,100.44,5593.8,1,1.102,13,0,0.0,0,0.0,0.0,100.1,1,0.821,1,0,0.0,0,0.0,0.0,100.1,1,0.821,1,0,0.0,0,0.0,0.0,100.1,1,0.821,1,0,0.0,0,0.0,0.0,100.1,1
76810-87510-2,130,False,Line,1,3581-89516-1,Line,0.602,100.49,5592.5,1,1.26,13,0,0.0,0,0.0,0.0,100.1,1,0.947,1,0,0.0,0,0.0,0.0,100.1,1,0.947,1,0,0.0,0,0.0,0.0,100.1,1,0.947,1,0,0.0,0,0.0,0.0,100.1,1
76810-87510-2,145,False,Line,1,3581-89516-1,Line,0.396,100.32,4124.9,1,1.053,26,0,0.0,0,0.0,0.0,100.1,1,0.541,1,0,0.0,0,0.0,0.0,100.1,1,0.541,1,0,0.0,0,0.0,0.0,100.1,1,0.541,1,0,0.0,0,0.0,0.0,100.1,1
76810-87510-2,152,False,Line,1,3581-89516-1,Line,0.333,100.27,4161.2,1,0.734,25,0,0.0,0,0.0,0.0,100.1,1,0.414,1,0,0.0,0,0.0,0.0,100.1,1,0.414,1,0,0.0,0,0.0,0.0,100.1,1,0.414,1,0,0.0,0,0.0,0.0,100.1,1
79510-83510-1,152,False,Line,1,3581-89516-1,Line,0.437,100.36,4161.2,1,1.105,25,0,0.0,0,0.0,0.0,100.1,1,0.623,1,0,0.0,0,0.0,0.0,100.1,1,0.623,1,0,0.0,0,0.0,0.0,100.1,1,0.623,1,0,0.0,0,0.0,0.0,100.1,1
80710-87510-1,79,False,Line,1,3581-89516-1,Line,0.145,100.12,2728.8,1,0.097,26,0,0.0,0,0.0,0.0,100.1,1,0.044,1,0,0.0,0,0.0,0.0,100.1,1,0.044,1,0,0.0,0,0.0,0.0,100.1,1,0.044,1,0,0.0,0,0.0,0.0,100.1,1
80710-87510-1,108,False,Line,1,3581-89516-1,Line,0.232,100.19,7006.9,1,0.515,20,0,0.0,0,0.0,0.0,100.1,1,0.217,1,0,0.0,0,0.0,0.0,100.1,1,0.217,1,0,0.0,0,0.0,0.0,100.1,1,0.217,1,0,0.0,0,0.0,0.0,100.1,1
80710-87510-1,145,False,Line,1,3581-89516-1,Line,0.196,100.16,4124.9,1,0.284,26,0,0.0,0,0.0,0.0,100.1,1,0.146,1,0,0.0,0,0.0,0.0,100.1,1,0.146,1,0,0.0,0,0.0,0.0,100.1,1,0.146,1,0,0.0,0,0.0,0.0,100.1,1
81510-87900-1,29,False,Line,1,3581-89516-1,Line,0.234,100.19,5968.4,1,0.364,10,0,0.0,0,0.0,0.0,100.1,1,0.274,1,0,0.0,0,0.0,0.0,100.1,1,0.274,1,0,0.0,0,0.0,0.0,100.1,1,0.274,1,0,0.0,0,0.0,0.0,100.1,1
81510-87901-1,7,False,Line,1,3581-89516-1,Line,0.22,100.18,6073.6,1,0.256,16,0,0.0,0,0.0,0.0,100.1,1,0.192,1,0,0.0,0,0.0,0.0,100.1,1,0.192,1,0,0.0,0,0.0,0.0,100.1,1,0.192,1,0,0.0,0,0.0,0.0,100.1,1
81510-87901-1,21,False,Line,1,3581-89516-1,Line,0.134,100.11,4735.3,1,0.03,7,0,0.0,0,0.0,0.0,100.1,1,0.027,1,0,0.0,0,0.0,0.0,100.1,1,0.027,1,0,0.0,0,0.0,0.0,100.1,1,0.027,1,0,0.0,0,0.0,0.0,100.1,1
81510-87901-1,29,False,Line,1,3581-89516-1,Line,0.516,100.42,5968.4,1,1.295,10,0,0.0,0,0.0,0.0,100.1,1,0.974,1,0,0.0,0,0.0,0.0,100.1,1,0.974,1,0,0.0,0,0.0,0.0,100.1,1,0.974,1,0,0.0,0,0.0,0.0,100.1,1
81510-87901-1,50,False,Line,1,3581-89516-1,Line,0.428,100.35,5312.4,1,1.532,26,0,0.0,0,0.0,0.0,100.1,1,0.604,1,0,0.0,0,0.0,0.0,100.1,1,0.604,1,0,0.0,0,0.0,0.0,100.1,1,0.604,1,0,0.0,0,0.0,0.0,100.1,1
81510-87901-1,58,False,Line,1,3581-89516-1,Line,0.239,100.19,4583.8,1,0.57,26,0,0.0,0,0.0,0.0,100.1,1,0.23,1,0,0.0,0,0.0,0.0,100.1,1,0.23,1,0,0.0,0,0.0,0.0,100.1,1,0.23,1,0,0.0,0,0.0,0.0,100.1,1
81510-87901-1,65,False,Line,1,3581-89516-1,Line,0.362,100.29,5388.6,1,1.621,22,0,0.0,0,0.0,0.0,100.1,1,0.505,1,0,0.0,0,0.0,0.0,100.1,1,0.505,1,0,0.0,0,0.0,0.0,100.1,1,0.505,1,0,0.0,0,0.0,0.0,100.1,1
81510-87901-1,72,False,Line,1,3581-89516-1,Line,0.315,100.26,5745.9,1,1.18,19,0,0.0,0,0.0,0.0,100.1,1,0.475,1,0,0.0,0,0.0,0.0,100.1,1,0.475,1,0,0.0,0,0.0,0.0,100.1,1,0.475,1,0,0.0,0,0.0,0.0,100.1,1
81510-87901-1,94,False,Line,1,3581-89516-1,Line,0.288,100.23,5470.0,1,0.685,26,0,0.0,0,0.0,0.0,100.1,1,0.327,1,0,0.0,0,0.0,0.0,100.1,1,0.327,1,0,0.0,0,0.0,0.0,100.1,1,0.327,1,0,0.0,0,0.0,0.0,100.1,1
81510-87901-1,108,False,Line,1,3581-89516-1,Line,0.307,100.25,7006.9,1,0.864,20,0,0.0,0,0.0,0.0,100.1,1,0.364,1,0,0.0,0,0.0,0.0,100.1,1,0.364,1,0,0.0,0,0.0,0.0,100.1,1,0.364,1,0,0.0,0,0.0,0.0,100.1,1
81510-87901-1,116,False,Line,1,3581-89516-1,Line,0.237,100.19,4604.0,1,0.33,7,0,0.0,0,0.0,0.0,100.1,1,0.282,1,0,0.0,0,0.0,0.0,100.1,1,0.282,1,0,0.0,0,0.0,0.0,100.1,1,0.282,1,0,0.0,0,0.0,0.0,100.1,1
81510-87901-1,137,False,Line,1,3581-89516-1,Line,0.405,100.33,5053.5,1,0.987,11,0,0.0,0,0.0,0.0,100.1,1,0.698,1,0,0.0,0,0.0,0.0,100.1,1,0.698,1,0,0.0,0,0.0,0.0,100.1,1,0.698,1,0,0.0,0,0.0,0.0,100.1,1
81510-87901-1,167,False,Line,1,3581-89516-1,Line,0.157,100.13,3161.9,1,0.107,26,0,0.0,0,0.0,0.0,100.1,1,0.067,1,0,0.0,0,0.0,0.0,100.1,1,0.067,1,0,0.0,0,0.0,0.0,100.1,1,0.067,1,0,0.0,0,0.0,0.0,100.1,1
81520-82020-1,7,False,Line,1,3581-89516-1,Line,0.134,100.11,6073.6,1,0.03,16,0,0.0,0,0.0,0.0,100.1,1,0.023,1,0,0.0,0,0.0,0.0,100.1,1,0.023,1,0,0.0,0,0.0,0.0,100.1,1,0.023,1,0,0.0,0,0.0,0.0,100.1,1
81520-82020-1,29,False,Line,1,3581-89516-1,Line,0.163,100.13,5968.4,1,0.131,10,0,0.0,0,0.0,0.0,100.1,1,0.098,1,0,0.0,0,0.0,0.0,100.1,1,0.098,1,0,0.0,0,0.0,0.0,100.1,1,0.098,1,0,0.0,0,0.0,0.0,100.1,1
81520-82020-1,50,False,Line,1,3581-89516-1,Line,0.147,100.12,5312.4,1,0.122,26,0,0.0,0,0.0,0.0,100.1,1,0.048,1,0,0.0,0,0.0,0.0,100.1,1,0.048,1,0,0.0,0,0.0,0.0,100.1,1,0.048,1,0,0.0,0,0.0,0.0,100.1,1
81520-82020-1,65,False,Line,1,3581-89516-1,Line,0.139,100.11,5388.6,1,0.11,22,0,0.0,0,0.0,0.0,100.1,1,0.034,1,0,0.0,0,0.0,0.0,100.1,1,0.034,1,0,0.0,0,0.0,0.0,100.1,1,0.034,1,0,0.0,0,0.0,0.0,100.1,1
81520-82020-1,72,False,Line,1,3581-89516-1,Line,0.137,100.11,5745.9,1,0.086,19,0,0.0,0,0.0,0.0,100.1,1,0.034,1,0,0.0,0,0.0,0.0,100.1,1,0.034,1,0,0.0,0,0.0,0.0,100.1,1,0.034,1,0,0.0,0,0.0,0.0,100.1,1
81520-82020-1,108,False,Line,1,3581-89516-1,Line,0.141,100.11,7006.9,1,0.086,20,0,0.0,0,0.0,0.0,100.1,1,0.036,1,0,0.0,0,0.0,0.0,100.1,1,0.036,1,0,0.0,0,0.0,0.0,100.1,1,0.036,1,0,0.0,0,0.0,0.0,100.1,1
81520-82020-1,116,False,Line,1,3581-89516-1,Line,0.124,100.1,4604.0,1,0.003,7,0,0.0,0,0.0,0.0,100.1,1,0.003,1,0,0.0,0,0.0,0.0,100.1,1,0.003,1,0,0.0,0,0.0,0.0,100.1,1,0.003,1,0,0.0,0,0.0,0.0,100.1,1
81520-82020-1,137,False,Line,1,3581-89516-1,Line,0.147,100.12,5053.5,1,0.084,11,0,0.0,0,0.0,0.0,100.1,1,0.06,1,0,0.0,0,0.0,0.0,100.1,1,0.06,1,0,0.0,0,0.0,0.0,100.1,1,0.06,1,0,0.0,0,0.0,0.0,100.1,1
81520-82020-2,7,False,Line,1,3581-89516-1,Line,0.134,100.11,6073.6,1,0.03,16,0,0.0,0,0.0,0.0,100.1,1,0.023,1,0,0.0,0,0.0,0.0,100.1,1,0.023,1,0,0.0,0,0.0,0.0,100.1,1,0.023,1,0,0.0,0,0.0,0.0,100.1,1
81520-82020-2,29,False,Line,1,3581-89516-1,Line,0.163,100.13,5968.4,1,0.131,10,0,0.0,0,0.0,0.0,100.1,1,0.098,1,0,0.0,0,0.0,0.0,100.1,1,0.098,1,0,0.0,0,0.0,0.0,100.1,1,0.098,1,0,0.0,0,0.0,0.0,100.1,1
81520-82020-2,50,False,Line,1,3581-89516-1,Line,0.147,100.12,5312.4,1,0.122,26,0,0.0,0,0.0,0.0,100.1,1,0.048,1,0,0.0,0,0.0,0.0,100.1,1,0.048,1,0,0.0,0,0.0,0.0,100.1,1,0.048,1,0,0.0,0,0.0,0.0,100.1,1
81520-82020-2,65,False,Line,1,3581-89516-1,Line,0.139,100.11,5388.6,1,0.11,22,0,0.0,0,0.0,0.0,100.1,1,0.034,1,0,0.0,0,0.0,0.0,100.1,1,0.034,1,0,0.0,0,0.0,0.0,100.1,1,0.034,1,0,0.0,0,0.0,0.0,100.1,1
81520-82020-2,72,False,Line,1,3581-89516-1,Line,0.137,100.11,5745.9,1,0.086,19,0,0.0,0,0.0,0.0,100.1,1,0.034,1,0,0.0,0,0.0,0.0,100.1,1,0.034,1,0,0.0,0,0.0,0.0,100.1,1,0.034,1,0,0.0,0,0.0,0.0,100.1,1
81520-82020-2,108,False,Line,1,3581-89516-1,Line,0.141,100.11,7006.9,1,0.086,20,0,0.0,0,0.0,0.0,100.1,1,0.036,1,0,0.0,0,0.0,0.0,100.1,1,0.036,1,0,0.0,0,0.0,0.0,100.1,1,0.036,1,0,0.0,0,0.0,0.0,100.1,1
81520-82020-2,116,False,Line,1,3581-89516-1,Line,0.124,100.1,4604.0,1,0.003,7,0,0.0,0,0.0,0.0,100.1,1,0.003,1,0,0.0,0,0.0,0.0,100.1,1,0.003,1,0,0.0,0,0.0,0.0,100.1,1,0.003,1,0,0.0,0,0.0,0.0,100.1,1
81520-82020-2,137,False,Line,1,3581-89516-1,Line,0.147,100.12,5053.5,1,0.084,11,0,0.0,0,0.0,0.0,100.1,1,0.06,1,0,0.0,0,0.0,0.0,100.1,1,0.06,1,0,0.0,0,0.0,0.0,100.1,1,0.06,1,0,0.0,0,0.0,0.0,100.1,1
81810-89510-1,29,False,Line,1,3581-89516-1,Line,0.181,100.15,5968.4,1,0.193,10,0,0.0,0,0.0,0.0,100.1,1,0.145,1,0,0.0,0,0.0,0.0,100.1,1,0.145,1,0,0.0,0,0.0,0.0,100.1,1,0.145,1,0,0.0,0,0.0,0.0,100.1,1
81810-89510-1,50,False,Line,1,3581-89516-1,Line,0.148,100.12,5312.4,1,0.127,26,0,0.0,0,0.0,0.0,100.1,1,0.05,1,0,0.0,0,0.0,0.0,100.1,1,0.05,1,0,0.0,0,0.0,0.0,100.1,1,0.05,1,0,0.0,0,0.0,0.0,100.1,1
81810-89510-1,58,False,Line,1,3581-89516-1,Line,1.735,101.41,4583.8,1,8.059,26,0,0.0,0,0.0,0.0,100.1,1,3.249,1,0,0.0,0,0.0,0.0,100.1,1,3.249,1,0,0.0,0,0.0,0.0,100.1,1,3.249,2,0,0.0,0,0.0,0.0,100.1,1
81810-89510-1,79,False,Line,1,3581-89516-1,Line,0.236,100.19,2728.8,1,0.496,26,0,0.0,0,0.0,0.0,100.1,1,0.227,1,0,0.0,0,0.0,0.0,100.1,1,0.227,1,0,0.0,0,0.0,0.0,100.1,1,0.227,1,0,0.0,0,0.0,0.0,100.1,1
81810-89510-1,94,False,Line,1,3581-89516-1,Line,1.424,101.16,5470.0,1,5.508,26,0,0.0,0,0.0,0.0,100.1,1,2.622,1,0,0.0,0,0.0,0.0,100.1,1,2.622,1,0,0.0,0,0.0,0.0,100.1,1,2.622,1,0,0.0,0,0.0,0.0,100.1,1
81810-89510-1,116,False,Line,1,3581-89516-1,Line,0.986,100.8,4604.0,1,2.555,7,0,0.0,0,0.0,0.0,100.1,1,2.177,1,0,0.0,0,0.0,0.0,100.1,1,2.177,1,0,0.0,0,0.0,0.0,100.1,1,2.177,1,0,0.0,0,0.0,0.0,100.1,1
81810-89510-1,145,False,Line,1,3581-89516-1,Line,0.727,100.59,4124.9,1,2.377,26,0,0.0,0,0.0,0.0,100.1,1,1.217,1,0,0.0,0,0.0,0.0,100.1,1,1.217,1,0,0.0,0,0.0,0.0,100.1,1,1.217,1,0,0.0,0,0.0,0.0,100.1,1
81810-89510-1,152,False,Line,1,3581-89516-1,Line,1.444,101.17,4161.2,1,4.73,25,0,0.0,0,0.0,0.0,100.1,1,2.663,1,0,0.0,0,0.0,0.0,100.1,1,2.663,1,0,0.0,0,0.0,0.0,100.1,1,2.663,1,0,0.0,0,0.0,0.0,100.1,1
81810-89510-1,159,False,Line,3,3581-89516-1,Line,2.844,101.85,5313.0,1,7.577,25,0,0.0,0,0.0,0.0,100.1,1,4.351,1,0,0.0,0,0.0,0.0,100.1,1,4.351,1,0,0.0,0,0.0,0.0,100.1,1,4.351,1,0,0.0,0,0.0,0.0,100.1,1
81810-89510-1,167,False,Line,1,3581-89516-1,Line,1.886,101.53,3161.9,1,5.709,26,0,0.0,0,0.0,0.0,100.1,1,3.554,1,0,0.0,0,0.0,0.0,100.1,1,3.554,1,0,0.0,0,0.0,0.0,100.1,1,3.554,1,0,0.0,0,0.0,0.0,100.1,1
85020-90320-1,108,False,Line,1,3581-89516-1,Line,0.142,100.12,7006.9,1,0.088,20,0,0.0,0,0.0,0.0,100.1,1,0.037,1,0,0.0,0,0.0,0.0,100.1,1,0.037,1,0,0.0,0,0.0,0.0,100.1,1,0.037,1,0,0.0,0,0.0,0.0,100.1,1
85020-90320-2,108,False,Line,1,3581-89516-1,Line,0.142,100.12,7006.9,1,0.088,20,0,0.0,0,0.0,0.0,100.1,1,0.037,1,0,0.0,0,0.0,0.0,100.1,1,0.037,1,0,0.0,0,0.0,0.0,100.1,1,0.037,1,0,0.0,0,0.0,0.0,100.1,1
90320-90420-1,29,False,Line,1,3581-89516-1,Line,0.25,100.2,5968.4,1,0.417,10,0,0.0,0,0.0,0.0,100.1,1,0.313,1,0,0.0,0,0.0,0.0,100.1,1,0.313,1,0,0.0,0,0.0,0.0,100.1,1,0.313,1,0,0.0,0,0.0,0.0,100.1,1
90320-90420-1,50,False,Line,1,3581-89516-1,Line,0.23,100.19,5312.4,1,0.535,26,0,0.0,0,0.0,0.0,100.1,1,0.211,1,0,0.0,0,0.0,0.0,100.1,1,0.211,1,0,0.0,0,0.0,0.0,100.1,1,0.211,1,0,0.0,0,0.0,0.0,100.1,1
90320-90420-1,108,False,Line,1,3581-89516-1,Line,0.213,100.17,7006.9,1,0.424,20,0,0.0,0,0.0,0.0,100.1,1,0.179,1,0,0.0,0,0.0,0.0,100.1,1,0.179,1,0,0.0,0,0.0,0.0,100.1,1,0.179,1,0,0.0,0,0.0,0.0,100.1,1
90320-90420-2,29,False,Line,1,3581-89516-1,Line,0.25,100.2,5968.4,1,0.417,10,0,0.0,0,0.0,0.0,100.1,1,0.313,1,0,0.0,0,0.0,0.0,100.1,1,0.313,1,0,0.0,0,0.0,0.0,100.1,1,0.313,1,0,0.0,0,0.0,0.0,100.1,1
90320-90420-2,50,False,Line,1,3581-89516-1,Line,0.23,100.19,5312.4,1,0.535,26,0,0.0,0,0.0,0.0,100.1,1,0.211,1,0,0.0,0,0.0,0.0,100.1,1,0.211,1,0,0.0,0,0.0,0.0,100.1,1,0.211,1,0,0.0,0,0.0,0.0,100.1,1
90320-90420-2,108,False,Line,1,3581-89516-1,Line,0.213,100.17,7006.9,1,0.424,20,0,0.0,0,0.0,0.0,100.1,1,0.179,1,0,0.0,0,0.0,0.0,100.1,1,0.179,1,0,0.0,0,0.0,0.0,100.1,1,0.179,1,0,0.0,0,0.0,0.0,100.1,1
T1742-17431-1,36,False,Transformer,1,3082-3122-1,Line,120.706,119.04,6805.4,1,409.19,27,0,0.0,0,0.0,0.0,100.1,1,203.639,1,1,0.542,0,0.0,100.11,100.11,1,207.475,2,0,0.0,0,0.0,0.0,100.1,1,203.646,2,0,0.0,0,0.0,0.0,100.1,1
T1742-17431-1,50,False,Transformer,1,3082-3122-1,Line,115.108,118.16,5312.4,1,492.106,29,3,10.135,0,0.0,103.12,103.12,1,246.52,3,3,4.684,0,0.0,102.0,102.0,0,8.662,1,0,0.0,0,110.001,0.0,117.35,1,251.641,6,0,0.0,0,0.0,0.0,100.1,1
T1742-17431-1,72,False,Transformer,1,3082-3122-1,Line,16.279,102.57,5745.9,1,52.436,29,1,0.464,0,0.0,100.38,100.38,1,26.534,1,1,0.312,0,0.0,100.25,100.25,0,8.806,1,0,0.0,0,11.087,0.0,101.75,1,27.039,2,0,0.0,0,0.0,0.0,100.1,1
T1742-17431-1,94,False,Transformer,1,3082-3122-1,Line,9.425,101.49,5470.0,1,27.542,29,1,0.262,0,0.0,100.21,100.21,1,14.91,1,1,0.187,0,0.0,100.15,100.15,0,8.887,1,0,0.0,0,4.185,0.0,100.66,1,15.047,2,0,0.0,0,0.0,0.0,100.1,1
T1742-17431-1,101,False,Transformer,1,3082-3122-1,Line,40.789,106.43,5965.5,1,139.768,22,0,0.0,0,0.0,0.0,100.1,1,68.101,1,2,6.972,0,0.0,100.71,100.71,0,192.631,9,0,0.0,0,19.294,0.0,103.04,1,84.161,2,0,0.0,0,0.0,0.0,100.1,1
T1742-17431-1,108,False,Transformer,1,3082-3122-1,Line,85.001,113.41,7006.9,1,312.881,27,3,5.262,0,0.0,102.06,102.06,1,143.084,1,4,16.836,0,0.0,101.53,101.53,0,11.02,2,0,0.0,0,82.682,0.0,113.04,1,185.336,3,0,0.0,0,0.0,0.0,100.1,1
T79010-79015-1,7,False,Transformer,1,3581-89516-1,Line,0.128,100.1,6073.6,1,0.013,17,0,0.0,0,0.0,0.0,100.1,1,0.01,1,0,0.0,0,0.0,0.0,100.1,1,0.01,1,0,0.0,0,0.0,0.0,100.1,1,0.01,1,0,0.0,0,0.0,0.0,100.1,1
T79010-79015-1,29,False,Transformer,3,3581-89516-1,Line,35.784,110.78,5968.4,1,40.537,10,1,0.24,0,0.0,100.23,100.23,1,31.26,2,1,0.185,0,0.0,100.17,100.17,0,17.923,2,0,0.0,0,13.28,0.0,104.66,1,31.354,3,0,0.0,0,0.0,0.0,100.1,1
T79010-79015-1,50,False,Transformer,3,3581-89516-1,Line,29.07,108.96,5312.4,1,51.215,27,2,3.322,0,0.0,100.32,100.32,1,21.662,5,2,1.701,0,0.0,100.17,100.17,0,10.833,2,0,0.0,0,12.449,0.0,104.44,1,22.365,6,0,0.0,0,0.0,0.0,100.1,1
T79010-79015-1,65,False,Transformer,3,3581-89516-1,Line,30.458,109.34,5388.6,1,70.72,23,0,0.0,0,0.0,0.0,100.1,1,24.876,3,0,0.0,0,0.0,0.0,100.1,1,24.876,3,0,0.0,0,0.0,0.0,100.1,1,24.876,2,0,0.0,0,0.0,0.0,100.1,1
T79010-79015-1,72,False,Transformer,3,3581-89516-1,Line,24.826,107.81,5745.9,1,54.382,20,0,0.0,0,0.0,0.0,100.1,1,22.57,2,0,0.0,0,0.0,0.0,100.1,1,22.57,2,0,0.0,0,0.0,0.0,100.1,1,22.57,2,0,0.0,0,0.0,0.0,100.1,1
T79010-79015-1,79,False,Transformer,1,3581-89516-1,Line,1.269,101.03,2728.8,1,4.734,27,0,0.0,0,0.0,0.0,100.1,1,2.232,1,0,0.0,0,0.0,0.0,100.1,1,2.232,1,0,0.0,0,0.0,0.0,100.1,1,2.232,1,0,0.0,0,0.0,0.0,100.1,1
T79010-79015-1,94,False,Transformer,3,3581-89516-1,Line,10.085,103.82,5470.0,1,18.429,27,0,0.0,0,0.0,0.0,100.1,1,8.908,1,0,0.0,0,0.0,0.0,100.1,1,8.908,1,0,0.0,0,0.0,0.0,100.1,1,8.908,2,0,0.0,0,0.0,0.0,100.1,1
T79010-79015-1,101,False,Transformer,1,3581-89516-1,Line,0.187,100.15,5965.5,1,0.279,25,0,0.0,0,0.0,0.0,100.1,1,0.124,1,0,0.0,0,0.0,0.0,100.1,1,0.124,1,0,0.0,0,0.0,0.0,100.1,1,0.124,1,0,0.0,0,0.0,0.0,100.1,1
T79010-79015-1,108,False,Transformer,5,3581-89516-1,Line,21.636,106.6,7006.9,0,40.762,76,0,0.0,0,0.146,0.0,100.12,1,19.594,4,0,0.0,0,0.0,0.0,100.1,1,118.627,2,0,0.0,0,0.0,0.0,100.1,1,19.592,3,0,0.0,0,0.0,0.0,100.1,1
T79010-79015-1,137,False,Transformer,3,3581-89516-1,Line,32.257,109.83,5053.5,1,42.164,12,1,0.249,0,0.0,100.24,100.24,1,28.463,2,1,0.168,0,0.0,100.16,100.16,0,17.923,1,0,0.0,0,9.754,0.0,103.7,1,28.537,3,0,0.0,0,0.0,0.0,100.1,1
T79010-79015-1,159,False,Transformer,1,3581-89516-1,Line,0.645,100.52,5313.0,1,1.752,26,0,0.0,0,0.0,0.0,100.1,1,1.018,1,0,0.0,0,0.0,0.0,100.1,1,1.018,1,0,0.0,0,0.0,0.0,100.1,1,1.018,1,0,0.0,0,0.0,0.0,100.1,1
T79015-79016-1,7,False,Transformer,1,3581-89516-1,Line,0.128,100.1,6073.6,1,0.013,17,0,0.0,0,0.0,0.0,100.1,1,0.01,1,0,0.0,0,0.0,0.0,100.1,1,0.01,1,0,0.0,0,0.0,0.0,100.1,1,0.01,1,0,0.0,0,0.0,0.0,100.1,1
T79015-79016-1,29,False,Transformer,3,3581-89516-1,Line,35.784,110.78,5968.4,1,40.442,10,1,0.239,0,0.0,100.23,100.23,1,31.203,2,1,0.185,0,0.0,100.17,100.17,0,17.923,2,0,0.0,0,13.239,0.0,104.65,1,31.296,3,0,0.0,0,0.0,0.0,100.1,1
T79015-79016-1,50,False,Transformer,3,3581-89516-1,Line,29.07,108.96,5312.4,1,51.032,27,2,3.31,0,0.0,100.32,100.32,1,21.628,5,2,1.699,0,0.0,100.17,100.17,0,10.836,2,0,0.0,0,12.419,0.0,104.43,1,22.327,6,0,0.0,0,0.0,0.0,100.1,1
T79015-79016-1,65,False,Transformer,3,3581-89516-1,Line,30.458,109.34,5388.6,1,70.386,23,0,0.0,0,0.0,0.0,100.1,1,24.831,3,0,0.0,0,0.0,0.0,100.1,1,24.831,3,0,0.0,0,0.0,0.0,100.1,1,24.831,2,0,0.0,0,0.0,0.0,100.1,1
T79015-79016-1,72,False,Transformer,3,3581-89516-1,Line,24.826,107.81,5745.9,1,54.145,20,0,0.0,0,0.0,0.0,100.1,1,22.529,2,0,0.0,0,0.0,0.0,100.1,1,22.529,2,0,0.0,0,0.0,0.0,100.1,1,22.529,2,0,0.0,0,0.0,0.0,100.1,1
T79015-79016-1,79,False,Transformer,1,3581-89516-1,Line,1.269,101.03,2728.8,1,4.719,27,0,0.0,0,0.0,0.0,100.1,1,2.229,1,0,0.0,0,0.0,0.0,100.1,1,2.229,1,0,0.0,0,0.0,0.0,100.1,1,2.229,1,0,0.0,0,0.0,0.0,100.1,1
T79015-79016-1,94,False,Transformer,3,3581-89516-1,Line,10.085,103.82,5470.0,1,18.372,27,0,0.0,0,0.0,0.0,100.1,1,8.895,1,0,0.0,0,0.0,0.0,100.1,1,8.895,1,0,0.0,0,0.0,0.0,100.1,1,8.895,2,0,0.0,0,0.0,0.0,100.1,1
T79015-79016-1,101,False,Transformer,1,3581-89516-1,Line,0.187,100.15,5965.5,1,0.278,25,0,0.0,0,0.0,0.0,100.1,1,0.124,1,0,0.0,0,0.0,0.0,100.1,1,0.124,1,0,0.0,0,0.0,0.0,100.1,1,0.124,1,0,0.0,0,0.0,0.0,100.1,1
T79015-79016-1,108,False,Transformer,5,3581-89516-1,Line,21.636,106.6,7006.9,0,40.608,76,0,0.0,0,0.142,0.0,100.12,1,19.553,3,0,0.0,0,0.0,0.0,100.1,1,117.297,2,0,0.0,0,0.0,0.0,100.1,1,19.551,3,0,0.0,0,0.0,0.0,100.1,1
T79015-79016-1,137,False,Transformer,3,3581-89516-1,Line,32.257,109.83,5053.5,1,42.051,12,1,0.249,0,0.0,100.23,100.23,1,28.411,2,1,0.168,0,0.0,100.16,100.16,0,17.923,1,0,0.0,0,9.712,0.0,103.69,1,28.485,3,0,0.0,0,0.0,0.0,100.1,1
T79015-79016-1,159,False,Transformer,1,3581-89516-1,Line,0.645,100.52,5313.0,1,1.748,26,0,0.0,0,0.0,0.0,100.1,1,1.016,1,0,0.0,0,0.0,0.0,100.1,1,1.016,1,0,0.0,0,0.0,0.0,100.1,1,1.016,1,0,0.0,0,0.0,0.0,100.1,1
T89510-89515-1,50,False,Transformer,2,1122-1742-1,Line,1.696,100.19,5312.4,1,2.061,33,0,0.0,0,0.0,0.0,100.1,1,0.854,1,0,0.0,0,0.0,0.0,100.1,1,0.854,1,0,0.0,0,0.0,0.0,100.1,1,0.854,1,0,0.0,0,0.0,0.0,100.1,1
T89510-89515-1,101,False,Transformer,2,T3464-3462-34641-1-w2,Transformer,7.467,100.75,5965.5,1,24.93,53,0,0.0,0,0.0,0.0,100.1,1,17.429,1,0,0.0,0,0.0,0.0,100.1,1,17.429,1,0,0.0,0,0.0,0.0,100.1,1,17.429,1,0,0.0,0,0.0,0.0,100.1,1
T89510-89515-1,108,False,Transformer,2,T3464-3462-34641-1-w2,Transformer,8.758,100.88,7006.9,1,29.998,55,0,0.0,0,0.0,0.0,100.1,1,20.908,1,0,0.0,0,0.0,0.0,100.1,1,20.908,1,0,0.0,0,0.0,0.0,100.1,1,20.908,1,0,0.0,0,0.0,0.0,100.1,1
T89510-89515-1,159,False,Transformer,2,T3464-3462-34641-1-w2,Transformer,8.758,100.88,5313.0,1,29.223,55,0,0.0,0,0.0,0.0,100.1,1,20.908,1,0,0.0,0,0.0,0.0,100.1,1,20.908,1,0,0.0,0,0.0,0.0,100.1,1,20.908,1,0,0.0,0,0.0,0.0,100.1,1
T89515-89516-1,50,False,Transformer,2,1122-1742-1,Line,1.696,100.19,5312.4,1,2.06,33,0,0.0,0,0.0,0.0,100.1,1,0.854,1,0,0.0,0,0.0,0.0,100.1,1,0.854,1,0,0.0,0,0.0,0.0,100.1,1,0.854,1,0,0.0,0,0.0,0.0,100.1,1
T89515-89516-1,101,False,Transformer,2,T3464-3462-34641-1-w2,Transformer,7.467,100.75,5965.5,1,24.912,53,0,0.0,0,0.0,0.0,100.1,1,17.42,1,0,0.0,0,0.0,0.0,100.1,1,17.42,1,0,0.0,0,0.0,0.0,100.1,1,17.42,1,0,0.0,0,0.0,0.0,100.1,1
T89515-89516-1,108,False,Transformer,2,T3464-3462-34641-1-w2,Transformer,8.758,100.88,7006.9,1,29.976,55,0,0.0,0,0.0,0.0,100.1,1,20.897,1,0,0.0,0,0.0,0.0,100.1,1,20.897,1,0,0.0,0,0.0,0.0,100.1,1,20.897,1,0,0.0,0,0.0,0.0,100.1,1
T89515-89516-1,159,False,Transformer,2,T3464-3462-34641-1-w2,Transformer,8.758,100.88,5313.0,1,29.202,55,0,0.0,0,0.0,0.0,100.1,1,20.897,1,0,0.0,0,0.0,0.0,100.1,1,20.897,1,0,0.0,0,0.0,0.0,100.1,1,20.897,1,0,0.0,0,0.0,0.0,100.1,1
T1122-1121-11221-1-w1,50,False,Transformer,1,1122-1742-1,Line,4.425,100.86,5312.4,1,17.241,33,0,0.0,0,0.0,0.0,100.1,1,7.02,1,0,0.0,0,0.0,0.0,100.1,1,7.02,1,0,0.0,0,0.0,0.0,100.1,1,7.02,1,0,0.0,0,0.0,0.0,100.1,1
T1122-1121-11221-1-w2,50,False,Transformer,1,1122-1742-1,Line,4.425,100.86,5312.4,1,17.257,33,0,0.0,0,0.0,0.0,100.1,1,7.022,1,0,0.0,0,0.0,0.0,100.1,1,7.022,1,0,0.0,0,0.0,0.0,100.1,1,7.022,1,0,0.0,0,0.0,0.0,100.1,1
T1122-1121-11222-2-w1,50,False,Transformer,1,1122-1742-1,Line,4.425,100.86,5312.4,1,17.241,33,0,0.0,0,0.0,0.0,100.1,1,7.02,1,0,0.0,0,0.0,0.0,100.1,1,7.02,1,0,0.0,0,0.0,0.0,100.1,1,7.02,1,0,0.0,0,0.0,0.0,100.1,1
T1122-1121-11222-2-w2,50,False,Transformer,1,1122-1742-1,Line,4.425,100.86,5312.4,1,17.257,33,0,0.0,0,0.0,0.0,100.1,1,7.022,1,0,0.0,0,0.0,0.0,100.1,1,7.022,1,0,0.0,0,0.0,0.0,100.1,1,7.022,1,0,0.0,0,0.0,0.0,100.1,1
T1212-1211-12121-1-w1,14,False,Transformer,1,T1212-12111-12122-2-w1,Transformer,57.475,122.99,6309.0,1,57.997,5,0,0.0,0,0.0,0.0,100.1,1,57.997,2,0,0.0,0,0.0,0.0,100.1,1,57.997,2,0,0.0,0,0.0,0.0,100.1,1,57.997,1,0,0.0,0,0.0,0.0,100.1,1
T1212-1211-12121-1-w1,36,False,Transformer,1,T1212-12111-12122-2-w1,Transformer,95.262,138.1,6805.4,1,96.294,5,0,0.0,0,0.0,0.0,100.1,1,96.294,2,0,0.0,0,0.0,0.0,100.1,1,96.294,2,0,0.0,0,0.0,0.0,100.1,1,96.294,1,0,0.0,0,0.0,0.0,100.1,1
T1212-1211-12121-1-w1,50,False,Transformer,1,T1212-12111-12122-2-w1,Transformer,40.053,116.02,5312.4,1,40.34,5,1,0.224,0,0.0,100.18,100.18,1,40.34,2,1,0.224,0,0.0,100.18,100.18,0,22.184,2,0,0.0,0,18.164,0.0,107.27,1,40.542,2,0,0.0,0,0.0,0.0,100.1,1
T1212-1211-12121-1-w1,58,False,Transformer,1,T1212-12111-12122-2-w1,Transformer,15.823,106.33,4583.8,1,15.783,5,0,0.0,0,0.0,0.0,100.1,1,15.783,1,0,0.0,0,0.0,0.0,100.1,1,15.783,1,0,0.0,0,0.0,0.0,100.1,1,15.783,1,0,0.0,0,0.0,0.0,100.1,1
T1212-1211-12121-1-w1,65,False,Transformer,1,T1212-12111-12122-2-w1,Transformer,12.611,105.04,5388.6,1,12.528,5,0,0.0,0,0.0,0.0,100.1,1,12.528,1,0,0.0,0,0.0,0.0,100.1,1,12.528,1,0,0.0,0,0.0,0.0,100.1,1,12.528,1,0,0.0,0,0.0,0.0,100.1,1
T1212-1211-12121-1-w1,72,False,Transformer,1,T1212-12111-12122-2-w1,Transformer,4.06,101.62,5745.9,1,3.862,5,0,0.0,0,0.0,0.0,100.1,1,3.862,1,0,0.0,0,0.0,0.0,100.1,1,3.862,1,0,0.0,0,0.0,0.0,100.1,1,3.862,1,0,0.0,0,0.0,0.0,100.1,1
T1212-1211-12121-1-w1,101,False,Transformer,2,T1212-12111-12122-2-w1,Transformer,108.777,141.8,5965.5,1,105.668,5,0,0.0,0,0.0,0.0,100.1,1,105.668,3,0,0.0,0,0.0,0.0,100.1,1,105.668,3,0,0.0,0,0.0,0.0,100.1,1,105.668,3,0,0.0,0,0.0,0.0,100.1,1
T1212-1211-12121-1-w1,108,False,Transformer,2,T1212-12111-12122-2-w1,Transformer,111.378,142.51,7006.9,1,107.447,5,1,0.596,0,0.0,100.48,100.48,1,107.447,3,1,0.596,0,0.0,100.48,100.48,0,22.184,1,0,0.0,0,84.378,0.0,133.75,1,108.395,3,0,0.0,0,0.0,0.0,100.1,1
T1212-1211-12121-1-w1,159,False,Transformer,1,T1212-12111-12122-2-w1,Transformer,84.635,133.85,5313.0,1,85.524,5,1,0.474,0,0.0,100.39,100.39,1,85.524,2,1,0.474,0,0.0,100.39,100.39,0,22.184,1,0,0.0,0,62.747,0.0,125.1,1,86.229,2,0,0.0,0,0.0,0.0,100.1,1
T1212-1211-12121-1-w2,14,False,Transformer,1,T1212-12111-12122-2-w1,Transformer,57.475,122.99,6309.0,1,57.919,5,0,0.0,0,0.0,0.0,100.1,1,57.919,2,0,0.0,0,0.0,0.0,100.1,1,57.919,2,0,0.0,0,0.0,0.0,100.1,1,57.919,1,0,0.0,0,0.0,0.0,100.1,1
T1212-1211-12121-1-w2,36,False,Transformer,1,T1212-12111-12122-2-w1,Transformer,95.262,138.1,6805.4,1,96.164,5,0,0.0,0,0.0,0.0,100.1,1,96.164,2,0,0.0,0,0.0,0.0,100.1,1,96.164,2,0,0.0,0,0.0,0.0,100.1,1,96.164,1,0,0.0,0,0.0,0.0,100.1,1
T1212-1211-12121-1-w2,50,False,Transformer,1,T1212-12111-12122-2-w1,Transformer,40.053,116.02,5312.4,1,40.285,5,1,0.223,0,0.0,100.18,100.18,1,40.285,2,1,0.223,0,0.0,100.18,100.18,0,22.184,2,0,0.0,0,18.134,0.0,107.25,1,40.486,2,0,0.0,0,0.0,0.0,100.1,1
T1212-1211-12121-1-w2,58,False,Transformer,1,T1212-12111-12122-2-w1,Transformer,15.823,106.33,4583.8,1,15.762,5,0,0.0,0,0.0,0.0,100.1,1,15.762,1,0,0.0,0,0.0,0.0,100.1,1,15.762,1,0,0.0,0,0.0,0.0,100.1,1,15.762,1,0,0.0,0,0.0,0.0,100.1,1
T1212-1211-12121-1-w2,65,False,Transformer,1,T1212-12111-12122-2-w1,Transformer,12.611,105.04,5388.6,1,12.511,5,0,0.0,0,0.0,0.0,100.1,1,12.511,1,0,0.0,0,0.0,0.0,100.1,1,12.511,1,0,0.0,0,0.0,0.0,100.1,1,12.511,1,0,0.0,0,0.0,0.0,100.1,1
T1212-1211-12121-1-w2,72,False,Transformer,1,T1212-12111-12122-2-w1,Transformer,4.06,101.62,5745.9,1,3.856,5,0,0.0,0,0.0,0.0,100.1,1,3.856,1,0,0.0,0,0.0,0.0,100.1,1,3.856,1,0,0.0,0,0.0,0.0,100.1,1,3.856,1,0,0.0,0,0.0,0.0,100.1,1
T1212-1211-12121-1-w2,101,False,Transformer,2,T1212-12111-12122-2-w1,Transformer,108.777,141.8,5965.5,1,105.525,5,0,0.0,0,0.0,0.0,100.1,1,105.525,3,0,0.0,0,0.0,0.0,100.1,1,105.525,3,0,0.0,0,0.0,0.0,100.1,1,105.525,3,0,0.0,0,0.0,0.0,100.1,1
T1212-1211-12121-1-w2,108,False,Transformer,2,T1212-12111-12122-2-w1,Transformer,111.378,142.51,7006.9,1,107.302,5,1,0.595,0,0.0,100.48,100.48,1,107.302,3,1,0.595,0,0.0,100.48,100.48,0,22.184,1,0,0.0,0,84.348,0.0,133.74,1,108.247,3,0,0.0,0,0.0,0.0,100.1,1
T1212-1211-12121-1-w2,159,False,Transformer,1,T1212-12111-12122-2-w1,Transformer,84.635,133.85,5313.0,1,85.409,5,1,0.474,0,0.0,100.39,100.39,1,85.409,2,1,0.474,0,0.0,100.39,100.39,0,22.184,1,0,0.0,0,62.717,0.0,125.09,1,86.111,2,0,0.0,0,0.0,0.0,100.1,1
T1212-12111-12122-2-w1,14,False,Transformer,1,T1212-1211-12121-1-w1,Transformer,57.475,122.99,6309.0,1,57.997,5,0,0.0,0,0.0,0.0,100.1,1,57.997,2,0,0.0,0,0.0,0.0,100.1,1,57.997,2,0,0.0,0,0.0,0.0,100.1,1,57.997,1,0,0.0,0,0.0,0.0,100.1,1
T1212-12111-12122-2-w1,36,False,Transformer,1,T1212-1211-12121-1-w1,Transformer,95.262,138.1,6805.4,1,96.294,5,0,0.0,0,0.0,0.0,100.1,1,96.294,2,0,0.0,0,0.0,0.0,100.1,1,96.294,2,0,0.0,0,0.0,0.0,100.1,1,96.294,1,0,0.0,0,0.0,0.0,100.1,1
T1212-12111-12122-2-w1,50,False,Transformer,1,T1212-1211-12121-1-w1,Transformer,40.053,116.02,5312.4,1,40.34,5,1,0.224,0,0.0,100.18,100.18,1,40.34,2,1,0.224,0,0.0,100.18,100.18,0,22.184,2,0,0.0,0,18.164,0.0,107.27,1,40.542,2,0,0.0,0,0.0,0.0,100.1,1
T1212-12111-12122-2-w1,58,False,Transformer,1,T1212-1211-12121-1-w1,Transformer,15.823,106.33,4583.8,1,15.783,5,0,0.0,0,0.0,0.0,100.1,1,15.783,1,0,0.0,0,0.0,0.0,100.1,1,15.783,1,0,0.0,0,0.0,0.0,100.1,1,15.783,1,0,0.0,0,0.0,0.0,100.1,1
T1212-12111-12122-2-w1,65,False,Transformer,1,T1212-1211-12121-1-w1,Transformer,12.611,105.04,5388.6,1,12.528,5,0,0.0,0,0.0,0.0,100.1,1,12.528,1,0,0.0,0,0.0,0.0,100.1,1,12.528,1,0,0.0,0,0.0,0.0,100.1,1,12.528,1,0,0.0,0,0.0,0.0,100.1,1
T1212-12111-12122-2-w1,72,False,Transformer,1,T1212-1211-12121-1-w1,Transformer,4.06,101.62,5745.9,1,3.862,5,0,0.0,0,0.0,0.0,100.1,1,3.862,1,0,0.0,0,0.0,0.0,100.1,1,3.862,1,0,0.0,0,0.0,0.0,100.1,1,3.862,1,0,0.0,0,0.0,0.0,100.1,1
T1212-12111-12122-2-w1,101,False,Transformer,1,T1212-1211-12121-1-w1,Transformer,104.511,141.8,5965.5,1,105.668,5,0,0.0,0,0.0,0.0,100.1,1,105.668,3,0,0.0,0,0.0,0.0,100.1,1,105.668,3,0,0.0,0,0.0,0.0,100.1,1,105.668,1,0,0.0,0,0.0,0.0,100.1,1
T1212-12111-12122-2-w1,108,False,Transformer,1,T1212-1211-12121-1-w1,Transformer,106.266,142.51,7006.9,1,107.447,5,1,0.596,0,0.0,100.48,100.48,1,107.447,3,1,0.596,0,0.0,100.48,100.48,0,22.184,1,0,0.0,0,84.378,0.0,133.75,1,108.395,2,0,0.0,0,0.0,0.0,100.1,1
T1212-12111-12122-2-w1,159,False,Transformer,1,T1212-1211-12121-1-w1,Transformer,84.635,133.85,5313.0,1,85.524,5,1,0.474,0,0.0,100.39,100.39,1,85.524,2,1,0.474,0,0.0,100.39,100.39,0,22.184,1,0,0.0,0,62.747,0.0,125.1,1,86.229,2,0,0.0,0,0.0,0.0,100.1,1
T1212-12111-12122-2-w2,14,False,Transformer,1,T1212-1211-12121-1-w1,Transformer,57.475,122.99,6309.0,1,57.919,5,0,0.0,0,0.0,0.0,100.1,1,57.919,2,0,0.0,0,0.0,0.0,100.1,1,57.919,2,0,0.0,0,0.0,0.0,100.1,1,57.919,1,0,0.0,0,0.0,0.0,100.1,1
T1212-12111-12122-2-w2,36,False,Transformer,1,T1212-1211-12121-1-w1,Transformer,95.262,138.1,6805.4,1,96.164,5,0,0.0,0,0.0,0.0,100.1,1,96.164,2,0,0.0,0,0.0,0.0,100.1,1,96.164,2,0,0.0,0,0.0,0.0,100.1,1,96.164,1,0,0.0,0,0.0,0.0,100.1,1
T1212-12111-12122-2-w2,50,False,Transformer,1,T1212-1211-12121-1-w1,Transformer,40.053,116.02,5312.4,1,40.285,5,1,0.223,0,0.0,100.18,100.18,1,40.285,2,1,0.223,0,0.0,100.18,100.18,0,22.184,2,0,0.0,0,18.134,0.0,107.25,1,40.486,2,0,0.0,0,0.0,0.0,100.1,1
T1212-12111-12122-2-w2,58,False,Transformer,1,T1212-1211-12121-1-w1,Transformer,15.823,106.33,4583.8,1,15.762,5,0,0.0,0,0.0,0.0,100.1,1,15.762,1,0,0.0,0,0.0,0.0,100.1,1,15.762,1,0,0.0,0,0.0,0.0,100.1,1,15.762,1,0,0.0,0,0.0,0.0,100.1,1
T1212-12111-12122-2-w2,65,False,Transformer,1,T1212-1211-12121-1-w1,Transformer,12.611,105.04,5388.6,1,12.511,5,0,0.0,0,0.0,0.0,100.1,1,12.511,1,0,0.0,0,0.0,0.0,100.1,1,12.511,1,0,0.0,0,0.0,0.0,100.1,1,12.511,1,0,0.0,0,0.0,0.0,100.1,1
T1212-12111-12122-2-w2,72,False,Transformer,1,T1212-1211-12121-1-w1,Transformer,4.06,101.62,5745.9,1,3.856,5,0,0.0,0,0.0,0.0,100.1,1,3.856,1,0,0.0,0,0.0,0.0,100.1,1,3.856,1,0,0.0,0,0.0,0.0,100.1,1,3.856,1,0,0.0,0,0.0,0.0,100.1,1
T1212-12111-12122-2-w2,101,False,Transformer,1,T1212-1211-12121-1-w1,Transformer,104.511,141.8,5965.5,1,105.525,5,0,0.0,0,0.0,0.0,100.1,1,105.525,3,0,0.0,0,0.0,0.0,100.1,1,105.525,3,0,0.0,0,0.0,0.0,100.1,1,105.525,1,0,0.0,0,0.0,0.0,100.1,1
T1212-12111-12122-2-w2,108,False,Transformer,1,T1212-1211-12121-1-w1,Transformer,106.266,142.51,7006.9,1,107.302,5,1,0.595,0,0.0,100.48,100.48,1,107.302,3,1,0.595,0,0.0,100.48,100.48,0,22.184,1,0,0.0,0,84.348,0.0,133.74,1,108.247,2,0,0.0,0,0.0,0.0,100.1,1
T1212-12111-12122-2-w2,159,False,Transformer,1,T1212-1211-12121-1-w1,Transformer,84.635,133.85,5313.0,1,85.409,5,1,0.474,0,0.0,100.39,100.39,1,85.409,2,1,0.474,0,0.0,100.39,100.39,0,22.184,1,0,0.0,0,62.717,0.0,125.09,1,86.111,2,0,0.0,0,0.0,0.0,100.1,1
T1474-1472-14723-1-w1,50,False,Transformer,2,3082-3122-1,Line,4.586,100.55,5312.4,1,13.79,20,0,0.0,0,0.0,0.0,100.1,1,8.184,1,0,0.0,0,0.0,0.0,100.1,1,8.184,1,0,0.0,0,0.0,0.0,100.1,1,6.573,2,0,0.0,0,0.0,0.0,100.1,1
T1474-1472-14723-1-w1,108,False,Transformer,1,3691-4041-1,Line,0.211,100.11,7006.9,1,0.042,8,0,0.0,0,0.0,0.0,100.1,1,0.035,1,0,0.0,0,0.0,0.0,100.1,1,0.035,1,0,0.0,0,0.0,0.0,100.1,1,0.035,1,0,0.0,0,0.0,0.0,100.1,1
T1474-1472-14723-1-w2,50,False,Transformer,2,3082-3122-1,Line,4.586,100.55,5312.4,1,13.795,20,0,0.0,0,0.0,0.0,100.1,1,8.186,1,0,0.0,0,0.0,0.0,100.1,1,8.186,1,0,0.0,0,0.0,0.0,100.1,1,6.574,2,0,0.0,0,0.0,0.0,100.1,1
T1474-1472-14723-1-w2,108,False,Transformer,1,3691-4041-1,Line,0.211,100.11,7006.9,1,0.042,8,0,0.0,0,0.0,0.0,100.1,1,0.035,1,0,0.0,0,0.0,0.0,100.1,1,0.035,1,0,0.0,0,0.0,0.0,100.1,1,0.035,1,0,0.0,0,0.0,0.0,100.1,1
T1642-1641-16421-1-w1,29,False,Transformer,1,3581-89516-1,Line,0.228,100.19,5968.4,1,0.346,10,0,0.0,0,0.0,0.0,100.1,1,0.26,1,0,0.0,0,0.0,0.0,100.1,1,0.26,1,0,0.0,0,0.0,0.0,100.1,1,0.26,1,0,0.0,0,0.0,0.0,100.1,1
T1642-1641-16421-1-w1,58,False,Transformer,1,3581-89516-1,Line,0.126,100.1,4583.8,1,0.017,26,0,0.0,0,0.0,0.0,100.1,1,0.007,1,0,0.0,0,0.0,0.0,100.1,1,0.007,1,0,0.0,0,0.0,0.0,100.1,1,0.007,1,0,0.0,0,0.0,0.0,100.1,1
T1642-1641-16421-1-w1,65,False,Transformer,1,3581-89516-1,Line,0.217,100.18,5388.6,1,0.634,22,0,0.0,0,0.0,0.0,100.1,1,0.197,1,0,0.0,0,0.0,0.0,100.1,1,0.197,1,0,0.0,0,0.0,0.0,100.1,1,0.197,1,0,0.0,0,0.0,0.0,100.1,1
T1642-1641-16421-1-w1,72,False,Transformer,1,3581-89516-1,Line,0.157,100.13,5745.9,1,0.211,19,0,0.0,0,0.0,0.0,100.1,1,0.085,1,0,0.0,0,0.0,0.0,100.1,1,0.085,1,0,0.0,0,0.0,0.0,100.1,1,0.085,1,0,0.0,0,0.0,0.0,100.1,1
T1642-1641-16421-1-w1,108,False,Transformer,2,3691-4041-1,Line,2.65,101.29,7006.9,1,9.001,14,0,0.0,0,0.0,0.0,100.1,1,4.089,1,0,0.0,0,0.0,0.0,100.1,1,4.089,1,0,0.0,0,0.0,0.0,100.1,1,4.089,1,0,0.0,0,0.0,0.0,100.1,1
T1642-1641-16421-1-w1,130,False,Transformer,1,3581-89516-1,Line,0.141,100.11,5592.5,1,0.049,13,0,0.0,0,0.0,0.0,100.1,1,0.036,1,0,0.0,0,0.0,0.0,100.1,1,0.036,1,0,0.0,0,0.0,0.0,100.1,1,0.036,1,0,0.0,0,0.0,0.0,100.1,1
T1642-1641-16421-1-w1,137,False,Transformer,1,3581-89516-1,Line,0.222,100.18,5053.5,1,0.347,11,0,0.0,0,0.0,0.0,100.1,1,0.246,1,0,0.0,0,0.0,0.0,100.1,1,0.246,1,0,0.0,0,0.0,0.0,100.1,1,0.246,1,0,0.0,0,0.0,0.0,100.1,1
T1642-1641-16421-1-w1,159,False,Transformer,1,3581-89516-1,Line,0.136,100.11,5313.0,1,0.046,25,0,0.0,0,0.0,0.0,100.1,1,0.026,1,0,0.0,0,0.0,0.0,100.1,1,0.026,1,0,0.0,0,0.0,0.0,100.1,1,0.026,1,0,0.0,0,0.0,0.0,100.1,1
T1642-1641-16421-1-w2,29,False,Transformer,1,3581-89516-1,Line,0.228,100.19,5968.4,1,0.346,10,0,0.0,0,0.0,0.0,100.1,1,0.26,1,0,0.0,0,0.0,0.0,100.1,1,0.26,1,0,0.0,0,0.0,0.0,100.1,1,0.26,1,0,0.0,0,0.0,0.0,100.1,1
T1642-1641-16421-1-w2,58,False,Transformer,1,3581-89516-1,Line,0.126,100.1,4583.8,1,0.017,26,0,0.0,0,0.0,0.0,100.1,1,0.007,1,0,0.0,0,0.0,0.0,100.1,1,0.007,1,0,0.0,0,0.0,0.0,100.1,1,0.007,1,0,0.0,0,0.0,0.0,100.1,1
T1642-1641-16421-1-w2,65,False,Transformer,1,3581-89516-1,Line,0.217,100.18,5388.6,1,0.633,22,0,0.0,0,0.0,0.0,100.1,1,0.197,1,0,0.0,0,0.0,0.0,100.1,1,0.197,1,0,0.0,0,0.0,0.0,100.1,1,0.197,1,0,0.0,0,0.0,0.0,100.1,1
T1642-1641-16421-1-w2,72,False,Transformer,1,3581-89516-1,Line,0.157,100.13,5745.9,1,0.211,19,0,0.0,0,0.0,0.0,100.1,1,0.085,1,0,0.0,0,0.0,0.0,100.1,1,0.085,1,0,0.0,0,0.0,0.0,100.1,1,0.085,1,0,0.0,0,0.0,0.0,100.1,1
T1642-1641-16421-1-w2,108,False,Transformer,2,3691-4041-1,Line,2.65,101.29,7006.9,1,8.999,14,0,0.0,0,0.0,0.0,100.1,1,4.089,1,0,0.0,0,0.0,0.0,100.1,1,4.089,1,0,0.0,0,0.0,0.0,100.1,1,4.089,1,0,0.0,0,0.0,0.0,100.1,1
T1642-1641-16421-1-w2,130,False,Transformer,1,3581-89516-1,Line,0.141,100.11,5592.5,1,0.049,13,0,0.0,0,0.0,0.0,100.1,1,0.036,1,0,0.0,0,0.0,0.0,100.1,1,0.036,1,0,0.0,0,0.0,0.0,100.1,1,0.036,1,0,0.0,0,0.0,0.0,100.1,1
T1642-1641-16421-1-w2,137,False,Transformer,1,3581-89516-1,Line,0.222,100.18,5053.5,1,0.347,11,0,0.0,0,0.0,0.0,100.1,1,0.246,1,0,0.0,0,0.0,0.0,100.1,1,0.246,1,0,0.0,0,0.0,0.0,100.1,1,0.246,1,0,0.0,0,0.0,0.0,100.1,1
T1642-1641-16421-1-w2,159,False,Transformer,1,3581-89516-1,Line,0.136,100.11,5313.0,1,0.046,25,0,0.0,0,0.0,0.0,100.1,1,0.026,1,0,0.0,0,0.0,0.0,100.1,1,0.026,1,0,0.0,0,0.0,0.0,100.1,1,0.026,1,0,0.0,0,0.0,0.0,100.1,1
T1642-1641-16422-2-w1,29,False,Transformer,1,3581-89516-1,Line,0.228,100.19,5968.4,1,0.346,10,0,0.0,0,0.0,0.0,100.1,1,0.26,1,0,0.0,0,0.0,0.0,100.1,1,0.26,1,0,0.0,0,0.0,0.0,100.1,1,0.26,1,0,0.0,0,0.0,0.0,100.1,1
T1642-1641-16422-2-w1,58,False,Transformer,1,3581-89516-1,Line,0.126,100.1,4583.8,1,0.017,26,0,0.0,0,0.0,0.0,100.1,1,0.007,1,0,0.0,0,0.0,0.0,100.1,1,0.007,1,0,0.0,0,0.0,0.0,100.1,1,0.007,1,0,0.0,0,0.0,0.0,100.1,1
T1642-1641-16422-2-w1,65,False,Transformer,1,3581-89516-1,Line,0.217,100.18,5388.6,1,0.634,22,0,0.0,0,0.0,0.0,100.1,1,0.197,1,0,0.0,0,0.0,0.0,100.1,1,0.197,1,0,0.0,0,0.0,0.0,100.1,1,0.197,1,0,0.0,0,0.0,0.0,100.1,1
T1642-1641-16422-2-w1,72,False,Transformer,1,3581-89516-1,Line,0.157,100.13,5745.9,1,0.211,19,0,0.0,0,0.0,0.0,100.1,1,0.085,1,0,0.0,0,0.0,0.0,100.1,1,0.085,1,0,0.0,0,0.0,0.0,100.1,1,0.085,1,0,0.0,0,0.0,0.0,100.1,1
T1642-1641-16422-2-w1,108,False,Transformer,2,3691-4041-1,Line,2.65,101.29,7006.9,1,9.001,14,0,0.0,0,0.0,0.0,100.1,1,4.089,1,0,0.0,0,0.0,0.0,100.1,1,4.089,1,0,0.0,0,0.0,0.0,100.1,1,4.089,1,0,0.0,0,0.0,0.0,100.1,1
T1642-1641-16422-2-w1,130,False,Transformer,1,3581-89516-1,Line,0.141,100.11,5592.5,1,0.049,13,0,0.0,0,0.0,0.0,100.1,1,0.036,1,0,0.0,0,0.0,0.0,100.1,1,0.036,1,0,0.0,0,0.0,0.0,100.1,1,0.036,1,0,0.0,0,0.0,0.0,100.1,1
T1642-1641-16422-2-w1,137,False,Transformer,1,3581-89516-1,Line,0.222,100.18,5053.5,1,0.347,11,0,0.0,0,0.0,0.0,100.1,1,0.246,1,0,0.0,0,0.0,0.0,100.1,1,0.246,1,0,0.0,0,0.0,0.0,100.1,1,0.246,1,0,0.0,0,0.0,0.0,100.1,1
T1642-1641-16422-2-w1,159,False,Transformer,1,3581-89516-1,Line,0.136,100.11,5313.0,1,0.046,25,0,0.0,0,0.0,0.0,100.1,1,0.026,1,0,0.0,0,0.0,0.0,100.1,1,0.026,1,0,0.0,0,0.0,0.0,100.1,1,0.026,1,0,0.0,0,0.0,0.0,100.1,1
T1642-1641-16422-2-w2,29,False,Transformer,1,3581-89516-1,Line,0.228,100.19,5968.4,1,0.346,10,0,0.0,0,0.0,0.0,100.1,1,0.26,1,0,0.0,0,0.0,0.0,100.1,1,0.26,1,0,0.0,0,0.0,0.0,100.1,1,0.26,1,0,0.0,0,0.0,0.0,100.1,1
T1642-1641-16422-2-w2,58,False,Transformer,1,3581-89516-1,Line,0.126,100.1,4583.8,1,0.017,26,0,0.0,0,0.0,0.0,100.1,1,0.007,1,0,0.0,0,0.0,0.0,100.1,1,0.007,1,0,0.0,0,0.0,0.0,100.1,1,0.007,1,0,0.0,0,0.0,0.0,100.1,1
T1642-1641-16422-2-w2,65,False,Transformer,1,3581-89516-1,Line,0.217,100.18,5388.6,1,0.633,22,0,0.0,0,0.0,0.0,100.1,1,0.197,1,0,0.0,0,0.0,0.0,100.1,1,0.197,1,0,0.0,0,0.0,0.0,100.1,1,0.197,1,0,0.0,0,0.0,0.0,100.1,1
T1642-1641-16422-2-w2,72,False,Transformer,1,3581-89516-1,Line,0.157,100.13,5745.9,1,0.211,19,0,0.0,0,0.0,0.0,100.1,1,0.085,1,0,0.0,0,0.0,0.0,100.1,1,0.085,1,0,0.0,0,0.0,0.0,100.1,1,0.085,1,0,0.0,0,0.0,0.0,100.1,1
T1642-1641-16422-2-w2,108,False,Transformer,2,3691-4041-1,Line,2.65,101.29,7006.9,1,8.999,14,0,0.0,0,0.0,0.0,100.1,1,4.089,1,0,0.0,0,0.0,0.0,100.1,1,4.089,1,0,0.0,0,0.0,0.0,100.1,1,4.089,1,0,0.0,0,0.0,0.0,100.1,1
T1642-1641-16422-2-w2,130,False,Transformer,1,3581-89516-1,Line,0.141,100.11,5592.5,1,0.049,13,0,0.0,0,0.0,0.0,100.1,1,0.036,1,0,0.0,0,0.0,0.0,100.1,1,0.036,1,0,0.0,0,0.0,0.0,100.1,1,0.036,1,0,0.0,0,0.0,0.0,100.1,1
T1642-1641-16422-2-w2,137,False,Transformer,1,3581-89516-1,Line,0.222,100.18,5053.5,1,0.347,11,0,0.0,0,0.0,0.0,100.1,1,0.246,1,0,0.0,0,0.0,0.0,100.1,1,0.246,1,0,0.0,0,0.0,0.0,100.1,1,0.246,1,0,0.0,0,0.0,0.0,100.1,1
T1642-1641-16422-2-w2,159,False,Transformer,1,3581-89516-1,Line,0.136,100.11,5313.0,1,0.046,25,0,0.0,0,0.0,0.0,100.1,1,0.026,1,0,0.0,0,0.0,0.0,100.1,1,0.026,1,0,0.0,0,0.0,0.0,100.1,1,0.026,1,0,0.0,0,0.0,0.0,100.1,1
T1642-16411-16424-4-w1,108,False,Transformer,1,3691-4041-1,Line,0.928,100.48,7006.9,1,2.963,14,0,0.0,0,0.0,0.0,100.1,1,1.327,1,0,0.0,0,0.0,0.0,100.1,1,1.327,1,0,0.0,0,0.0,0.0,100.1,1,1.327,1,0,0.0,0,0.0,0.0,100.1,1
T1642-16411-16424-4-w2,108,False,Transformer,1,3691-4041-1,Line,0.928,100.48,7006.9,1,2.962,14,0,0.0,0,0.0,0.0,100.1,1,1.327,1,0,0.0,0,0.0,0.0,100.1,1,1.327,1,0,0.0,0,0.0,0.0,100.1,1,1.327,1,0,0.0,0,0.0,0.0,100.1,1
T2002-2001-20021-1-w1,50,False,Transformer,1,1122-1742-1,Line,0.779,100.15,5312.4,1,1.112,31,0,0.0,0,0.0,0.0,100.1,1,0.487,1,0,0.0,0,0.0,0.0,100.1,1,0.487,1,0,0.0,0,0.0,0.0,100.1,1,0.487,1,0,0.0,0,0.0,0.0,100.1,1
T2002-2001-20021-1-w2,50,False,Transformer,1,1122-1742-1,Line,0.779,100.15,5312.4,1,1.112,31,0,0.0,0,0.0,0.0,100.1,1,0.487,1,0,0.0,0,0.0,0.0,100.1,1,0.487,1,0,0.0,0,0.0,0.0,100.1,1,0.487,1,0,0.0,0,0.0,0.0,100.1,1
T2042-2041-20421-1-w1,108,False,Transformer,1,3691-4041-1,Line,0.322,100.17,7006.9,1,0.284,8,0,0.0,0,0.0,0.0,100.1,1,0.235,1,0,0.0,0,0.0,0.0,100.1,1,0.235,1,0,0.0,0,0.0,0.0,100.1,1,0.235,1,0,0.0,0,0.0,0.0,100.1,1
T2042-2041-20421-1-w2,108,False,Transformer,1,3691-4041-1,Line,0.322,100.17,7006.9,1,0.284,8,0,0.0,0,0.0,0.0,100.1,1,0.235,1,0,0.0,0,0.0,0.0,100.1,1,0.235,1,0,0.0,0,0.0,0.0,100.1,1,0.235,1,0,0.0,0,0.0,0.0,100.1,1
T2052-2041-20422-2-w1,108,False,Transformer,1,3691-4041-1,Line,0.327,100.17,7006.9,1,0.293,8,0,0.0,0,0.0,0.0,100.1,1,0.243,1,0,0.0,0,0.0,0.0,100.1,1,0.243,1,0,0.0,0,0.0,0.0,100.1,1,0.243,1,0,0.0,0,0.0,0.0,100.1,1
T2052-2041-20422-2-w2,108,False,Transformer,1,3691-4041-1,Line,0.327,100.17,7006.9,1,0.293,8,0,0.0,0,0.0,0.0,100.1,1,0.243,1,0,0.0,0,0.0,0.0,100.1,1,0.243,1,0,0.0,0,0.0,0.0,100.1,1,0.243,1,0,0.0,0,0.0,0.0,100.1,1
T2204-2202-22021-1-w1,50,False,Transformer,1,1122-1742-1,Line,2.527,100.49,5312.4,1,8.921,33,0,0.0,0,0.0,0.0,100.1,1,3.699,1,0,0.0,0,0.0,0.0,100.1,1,3.699,1,0,0.0,0,0.0,0.0,100.1,1,3.699,1,0,0.0,0,0.0,0.0,100.1,1
T2204-2202-22021-1-w1,108,False,Transformer,1,3691-4041-1,Line,0.258,100.13,7006.9,1,0.143,8,0,0.0,0,0.0,0.0,100.1,1,0.119,1,0,0.0,0,0.0,0.0,100.1,1,0.119,1,0,0.0,0,0.0,0.0,100.1,1,0.119,1,0,0.0,0,0.0,0.0,100.1,1
T2204-2202-22021-1-w2,50,False,Transformer,1,1122-1742-1,Line,2.527,100.49,5312.4,1,8.922,33,0,0.0,0,0.0,0.0,100.1,1,3.7,1,0,0.0,0,0.0,0.0,100.1,1,3.7,1,0,0.0,0,0.0,0.0,100.1,1,3.7,1,0,0.0,0,0.0,0.0,100.1,1
T2204-2202-22021-1-w2,108,False,Transformer,1,3691-4041-1,Line,0.258,100.13,7006.9,1,0.143,8,0,0.0,0,0.0,0.0,100.1,1,0.119,1,0,0.0,0,0.0,0.0,100.1,1,0.119,1,0,0.0,0,0.0,0.0,100.1,1,0.119,1,0,0.0,0,0.0,0.0,100.1,1
T2204-2202-22022-2-w1,50,False,Transformer,1,1122-1742-1,Line,3.198,100.62,5312.4,1,11.898,33,0,0.0,0,0.0,0.0,100.1,1,4.935,1,0,0.0,0,0.0,0.0,100.1,1,4.935,1,0,0.0,0,0.0,0.0,100.1,1,4.935,1,0,0.0,0,0.0,0.0,100.1,1
T2204-2202-22022-2-w1,108,False,Transformer,1,3691-4041-1,Line,0.326,100.17,7006.9,1,0.292,8,0,0.0,0,0.0,0.0,100.1,1,0.242,1,0,0.0,0,0.0,0.0,100.1,1,0.242,1,0,0.0,0,0.0,0.0,100.1,1,0.242,1,0,0.0,0,0.0,0.0,100.1,1
T2204-2202-22022-2-w2,50,False,Transformer,1,1122-1742-1,Line,3.198,100.62,5312.4,1,11.899,33,0,0.0,0,0.0,0.0,100.1,1,4.935,1,0,0.0,0,0.0,0.0,100.1,1,4.935,1,0,0.0,0,0.0,0.0,100.1,1,4.935,1,0,0.0,0,0.0,0.0,100.1,1
T2204-2202-22022-2-w2,108,False,Transformer,1,3691-4041-1,Line,0.326,100.17,7006.9,1,0.292,8,0,0.0,0,0.0,0.0,100.1,1,0.242,1,0,0.0,0,0.0,0.0,100.1,1,0.242,1,0,0.0,0,0.0,0.0,100.1,1,0.242,1,0,0.0,0,0.0,0.0,100.1,1
T2522-2521-25221-1-w1,58,False,Transformer,1,3581-89516-1,Line,0.182,100.15,4583.8,1,0.289,26,0,0.0,0,0.0,0.0,100.1,1,0.118,1,0,0.0,0,0.0,0.0,100.1,1,0.118,1,0,0.0,0,0.0,0.0,100.1,1,0.118,1,0,0.0,0,0.0,0.0,100.1,1
T2522-2521-25221-1-w1,65,False,Transformer,1,3581-89516-1,Line,0.176,100.14,5388.6,1,0.356,22,0,0.0,0,0.0,0.0,100.1,1,0.112,1,0,0.0,0,0.0,0.0,100.1,1,0.112,1,0,0.0,0,0.0,0.0,100.1,1,0.112,1,0,0.0,0,0.0,0.0,100.1,1
T2522-2521-25221-1-w1,108,False,Transformer,1,3691-4041-1,Line,0.807,100.42,7006.9,1,2.515,14,0,0.0,0,0.0,0.0,100.1,1,1.119,1,0,0.0,0,0.0,0.0,100.1,1,1.119,1,0,0.0,0,0.0,0.0,100.1,1,1.119,1,0,0.0,0,0.0,0.0,100.1,1
T2522-2521-25221-1-w2,58,False,Transformer,1,3581-89516-1,Line,0.182,100.15,4583.8,1,0.289,26,0,0.0,0,0.0,0.0,100.1,1,0.118,1,0,0.0,0,0.0,0.0,100.1,1,0.118,1,0,0.0,0,0.0,0.0,100.1,1,0.118,1,0,0.0,0,0.0,0.0,100.1,1
T2522-2521-25221-1-w2,65,False,Transformer,1,3581-89516-1,Line,0.176,100.14,5388.6,1,0.356,22,0,0.0,0,0.0,0.0,100.1,1,0.112,1,0,0.0,0,0.0,0.0,100.1,1,0.112,1,0,0.0,0,0.0,0.0,100.1,1,0.112,1,0,0.0,0,0.0,0.0,100.1,1
T2522-2521-25221-1-w2,108,False,Transformer,1,3691-4041-1,Line,0.807,100.42,7006.9,1,2.516,14,0,0.0,0,0.0,0.0,100.1,1,1.119,1,0,0.0,0,0.0,0.0,100.1,1,1.119,1,0,0.0,0,0.0,0.0,100.1,1,1.119,1,0,0.0,0,0.0,0.0,100.1,1
T2522-2521-25222-2-w1,58,False,Transformer,1,3581-89516-1,Line,0.173,100.14,4583.8,1,0.243,26,0,0.0,0,0.0,0.0,100.1,1,0.099,1,0,0.0,0,0.0,0.0,100.1,1,0.099,1,0,0.0,0,0.0,0.0,100.1,1,0.099,1,0,0.0,0,0.0,0.0,100.1,1
T2522-2521-25222-2-w1,65,False,Transformer,1,3581-89516-1,Line,0.167,100.14,5388.6,1,0.295,22,0,0.0,0,0.0,0.0,100.1,1,0.093,1,0,0.0,0,0.0,0.0,100.1,1,0.093,1,0,0.0,0,0.0,0.0,100.1,1,0.093,1,0,0.0,0,0.0,0.0,100.1,1
T2522-2521-25222-2-w1,108,False,Transformer,1,3691-4041-1,Line,0.765,100.4,7006.9,1,2.342,14,0,0.0,0,0.0,0.0,100.1,1,1.041,1,0,0.0,0,0.0,0.0,100.1,1,1.041,1,0,0.0,0,0.0,0.0,100.1,1,1.041,1,0,0.0,0,0.0,0.0,100.1,1
T2522-2521-25222-2-w2,58,False,Transformer,1,3581-89516-1,Line,0.173,100.14,4583.8,1,0.243,26,0,0.0,0,0.0,0.0,100.1,1,0.099,1,0,0.0,0,0.0,0.0,100.1,1,0.099,1,0,0.0,0,0.0,0.0,100.1,1,0.099,1,0,0.0,0,0.0,0.0,100.1,1
T2522-2521-25222-2-w2,65,False,Transformer,1,3581-89516-1,Line,0.167,100.14,5388.6,1,0.295,22,0,0.0,0,0.0,0.0,100.1,1,0.093,1,0,0.0,0,0.0,0.0,100.1,1,0.093,1,0,0.0,0,0.0,0.0,100.1,1,0.093,1,0,0.0,0,0.0,0.0,100.1,1
T2522-2521-25222-2-w2,108,False,Transformer,1,3691-4041-1,Line,0.765,100.4,7006.9,1,2.342,14,0,0.0,0,0.0,0.0,100.1,1,1.041,1,0,0.0,0,0.0,0.0,100.1,1,1.041,1,0,0.0,0,0.0,0.0,100.1,1,1.041,1,0,0.0,0,0.0,0.0,100.1,1
T2742-2741-27421-1-w1,50,False,Transformer,1,1122-1742-1,Line,0.606,100.12,5312.4,1,0.387,31,0,0.0,0,0.0,0.0,100.1,1,0.169,1,0,0.0,0,0.0,0.0,100.1,1,0.169,1,0,0.0,0,0.0,0.0,100.1,1,0.169,1,0,0.0,0,0.0,0.0,100.1,1
T2742-2741-27421-1-w2,50,False,Transformer,1,1122-1742-1,Line,0.606,100.12,5312.4,1,0.387,31,0,0.0,0,0.0,0.0,100.1,1,0.169,1,0,0.0,0,0.0,0.0,100.1,1,0.169,1,0,0.0,0,0.0,0.0,100.1,1,0.169,1,0,0.0,0,0.0,0.0,100.1,1
T2742-2741-27422-2-w1,50,False,Transformer,1,1122-1742-1,Line,0.606,100.12,5312.4,1,0.387,31,0,0.0,0,0.0,0.0,100.1,1,0.169,1,0,0.0,0,0.0,0.0,100.1,1,0.169,1,0,0.0,0,0.0,0.0,100.1,1,0.169,1,0,0.0,0,0.0,0.0,100.1,1
T2742-2741-27422-2-w2,50,False,Transformer,1,1122-1742-1,Line,0.606,100.12,5312.4,1,0.387,31,0,0.0,0,0.0,0.0,100.1,1,0.169,1,0,0.0,0,0.0,0.0,100.1,1,0.169,1,0,0.0,0,0.0,0.0,100.1,1,0.169,1,0,0.0,0,0.0,0.0,100.1,1
T2842-2841-28421-1-w1,108,False,Transformer,1,3691-4041-1,Line,0.596,100.31,7006.9,1,0.881,8,0,0.0,0,0.0,0.0,100.1,1,0.73,1,0,0.0,0,0.0,0.0,100.1,1,0.73,1,0,0.0,0,0.0,0.0,100.1,1,0.73,1,0,0.0,0,0.0,0.0,100.1,1
T2842-2841-28421-1-w2,108,False,Transformer,1,3691-4041-1,Line,0.596,100.31,7006.9,1,0.881,8,0,0.0,0,0.0,0.0,100.1,1,0.73,1,0,0.0,0,0.0,0.0,100.1,1,0.73,1,0,0.0,0,0.0,0.0,100.1,1,0.73,1,0,0.0,0,0.0,0.0,100.1,1
T3082-3091-30824-4-w1,7,False,Transformer,1,T30820-3091-30826-3-w1,Transformer,29.864,111.95,6073.6,0,0.0,0,0,0.0,0,29.864,0.0,111.95,0,0.0,0,0,0.0,0,29.864,0.0,111.95,0,0.0,0,0,0.0,0,29.864,0.0,111.95,1,2021.839,42,0,0.0,0,0.0,0.0,100.1,1
T3082-3091-30824-4-w1,14,False,Transformer,1,T30820-3091-30826-3-w1,Transformer,34.679,113.87,6309.0,0,0.0,0,0,0.0,0,34.679,0.0,113.87,0,0.0,0,0,0.0,0,34.679,0.0,113.87,0,0.0,0,0,0.0,0,34.679,0.0,113.87,1,2350.531,56,0,0.0,0,0.0,0.0,100.1,1
T3082-3091-30824-4-w1,29,False,Transformer,1,T30820-3091-30826-3-w1,Transformer,31.959,112.78,5968.4,0,0.0,0,0,0.0,0,31.959,0.0,112.78,0,0.0,0,0,0.0,0,31.959,0.0,112.78,0,0.0,0,0,0.0,0,31.959,0.0,112.78,1,2164.827,32,0,0.0,0,0.0,0.0,100.1,1
T3082-3091-30824-4-w1,36,False,Transformer,1,T30820-3091-30826-3-w1,Transformer,53.354,121.34,6805.4,0,0.0,0,0,0.0,0,53.354,0.0,121.34,0,0.0,0,0,0.0,0,53.354,0.0,121.34,0,0.0,0,0,0.0,0,53.354,0.0,121.34,1,3625.573,97,0,0.0,0,0.0,0.0,100.1,1
T3082-3091-30824-4-w1,50,False,Transformer,1,T30820-3091-30826-3-w1,Transformer,35.045,114.02,5312.4,0,0.0,0,0,0.0,0,35.045,0.0,114.02,0,0.0,0,0,0.0,0,35.045,0.0,114.02,0,0.0,0,0,0.0,0,35.045,0.0,114.02,1,2375.52,81,0,0.0,0,0.0,0.0,100.1,1
T3082-3091-30824-4-w1,58,False,Transformer,1,T30820-3091-30826-3-w1,Transformer,44.797,117.92,4583.8,0,0.0,0,0,0.0,0,44.797,0.0,117.92,0,0.0,0,0,0.0,0,44.797,0.0,117.92,0,0.0,0,0,0.0,0,44.797,0.0,117.92,1,3041.318,98,0,0.0,0,0.0,0.0,100.1,1
T3082-3091-30824-4-w1,65,False,Transformer,1,T30820-3091-30826-3-w1,Transformer,0.912,100.36,5388.6,0,0.0,0,0,0.0,0,0.912,0.0,100.36,0,0.0,0,0,0.0,0,0.912,0.0,100.36,0,0.0,0,0,0.0,0,0.912,0.0,100.36,1,45.228,4,0,0.0,0,0.0,0.0,100.1,1
T3082-3091-30824-4-w1,72,False,Transformer,1,T30820-3091-30826-3-w1,Transformer,13.489,105.4,5745.9,0,0.0,0,0,0.0,0,13.489,0.0,105.4,0,0.0,0,0,0.0,0,13.489,0.0,105.4,0,0.0,0,0,0.0,0,13.489,0.0,105.4,1,903.878,8,0,0.0,0,0.0,0.0,100.1,1
T3082-3091-30824-4-w1,79,False,Transformer,1,T30820-3091-30826-3-w1,Transformer,71.137,128.45,2728.8,0,0.0,0,0,0.0,0,71.137,0.0,128.45,0,0.0,0,0,0.0,0,71.137,0.0,128.45,0,0.0,0,0,0.0,0,71.137,0.0,128.45,0,2728.827,157,0,0.0,0,30.917,0.0,112.47,0
T3082-3091-30824-4-w1,87,False,Transformer,1,T30820-3091-30826-3-w1,Transformer,76.712,130.68,1883.6,0,0.0,0,0,0.0,0,76.712,0.0,130.68,0,0.0,0,0,0.0,0,76.712,0.0,130.68,0,0.0,0,0,0.0,0,76.712,0.0,130.68,0,1883.564,157,0,0.0,0,48.873,0.0,119.65,0
T3082-3091-30824-4-w1,94,False,Transformer,1,T30820-3091-30826-3-w1,Transformer,20.207,108.08,5470.0,0,0.0,0,0,0.0,0,20.207,0.0,108.08,0,0.0,0,0,0.0,0,20.207,0.0,108.08,0,0.0,0,0,0.0,0,20.207,0.0,108.08,1,1362.543,31,0,0.0,0,0.0,0.0,100.1,1
T3082-3091-30824-4-w1,101,False,Transformer,1,T30820-3091-30826-3-w1,Transformer,39.178,115.67,5965.5,0,0.0,0,0,0.0,0,39.178,0.0,115.67,0,0.0,0,0,0.0,0,39.178,0.0,115.67,0,0.0,0,0,0.0,0,39.178,0.0,115.67,1,2657.707,58,0,0.0,0,0.0,0.0,100.1,1
T3082-3091-30824-4-w1,108,False,Transformer,1,T30820-3091-30826-3-w1,Transformer,60.937,124.37,7006.9,0,0.0,0,0,0.0,0,60.937,0.0,124.37,0,0.0,0,0,0.0,0,60.937,0.0,124.37,0,0.0,0,0,0.0,0,60.937,0.0,124.37,1,4143.285,69,0,0.0,0,0.0,0.0,100.1,1
T3082-3091-30824-4-w1,123,False,Transformer,1,T30820-3091-30826-3-w1,Transformer,20.053,108.02,5593.8,0,0.0,0,0,0.0,0,20.053,0.0,108.02,0,0.0,0,0,0.0,0,20.053,0.0,108.02,0,0.0,0,0,0.0,0,20.053,0.0,108.02,1,1352.002,29,0,0.0,0,0.0,0.0,100.1,1
T3082-3091-30824-4-w1,130,False,Transformer,1,T30820-3091-30826-3-w1,Transformer,24.497,109.8,5592.5,0,0.0,0,0,0.0,0,24.497,0.0,109.8,0,0.0,0,0,0.0,0,24.497,0.0,109.8,0,0.0,0,0,0.0,0,24.497,0.0,109.8,1,1655.414,33,0,0.0,0,0.0,0.0,100.1,1
T3082-3091-30824-4-w1,145,False,Transformer,1,T30820-3091-30826-3-w1,Transformer,5.57,102.23,4124.9,0,0.0,0,0,0.0,0,5.57,0.0,102.23,0,0.0,0,0,0.0,0,5.57,0.0,102.23,0,0.0,0,0,0.0,0,5.57,0.0,102.23,1,363.235,10,0,0.0,0,0.0,0.0,100.1,1
T3082-3091-30824-4-w1,152,False,Transformer,1,T30820-3091-30826-3-w1,Transformer,17.013,106.81,4161.2,0,0.0,0,0,0.0,0,17.013,0.0,106.81,0,0.0,0,0,0.0,0,17.013,0.0,106.81,0,0.0,0,0,0.0,0,17.013,0.0,106.81,1,1144.45,33,0,0.0,0,0.0,0.0,100.1,1
T3082-3091-30824-4-w1,159,False,Transformer,1,T30820-3091-30826-3-w1,Transformer,12.436,104.97,5313.0,0,0.0,0,0,0.0,0,12.436,0.0,104.97,0,0.0,0,0,0.0,0,12.436,0.0,104.97,0,0.0,0,0,0.0,0,12.436,0.0,104.97,1,831.964,18,0,0.0,0,0.0,0.0,100.1,1
T3082-3091-30824-4-w2,7,False,Transformer,1,T30820-3091-30826-3-w1,Transformer,29.864,111.95,6073.6,0,0.0,0,0,0.0,0,29.864,0.0,111.95,0,0.0,0,0,0.0,0,29.864,0.0,111.95,0,0.0,0,0,0.0,0,29.864,0.0,111.95,1,2224.023,45,0,0.0,0,0.0,0.0,100.1,1
T3082-3091-30824-4-w2,14,False,Transformer,1,T30820-3091-30826-3-w1,Transformer,34.679,113.87,6309.0,0,0.0,0,0,0.0,0,34.679,0.0,113.87,0,0.0,0,0,0.0,0,34.679,0.0,113.87,0,0.0,0,0,0.0,0,34.679,0.0,113.87,1,2585.584,59,0,0.0,0,0.0,0.0,100.1,1
T3082-3091-30824-4-w2,29,False,Transformer,1,T30820-3091-30826-3-w1,Transformer,31.959,112.78,5968.4,0,0.0,0,0,0.0,0,31.959,0.0,112.78,0,0.0,0,0,0.0,0,31.959,0.0,112.78,0,0.0,0,0,0.0,0,31.959,0.0,112.78,1,2381.31,32,0,0.0,0,0.0,0.0,100.1,1
T3082-3091-30824-4-w2,36,False,Transformer,1,T30820-3091-30826-3-w1,Transformer,53.354,121.34,6805.4,0,0.0,0,0,0.0,0,53.354,0.0,121.34,0,0.0,0,0,0.0,0,53.354,0.0,121.34,0,0.0,0,0,0.0,0,53.354,0.0,121.34,1,3988.13,98,0,0.0,0,0.0,0.0,100.1,1
T3082-3091-30824-4-w2,50,False,Transformer,1,T30820-3091-30826-3-w1,Transformer,35.045,114.02,5312.4,0,0.0,0,0,0.0,0,35.045,0.0,114.02,0,0.0,0,0,0.0,0,35.045,0.0,114.02,0,0.0,0,0,0.0,0,35.045,0.0,114.02,1,2613.072,89,0,0.0,0,0.0,0.0,100.1,1
T3082-3091-30824-4-w2,58,False,Transformer,1,T30820-3091-30826-3-w1,Transformer,44.797,117.92,4583.8,0,0.0,0,0,0.0,0,44.797,0.0,117.92,0,0.0,0,0,0.0,0,44.797,0.0,117.92,0,0.0,0,0,0.0,0,44.797,0.0,117.92,1,3345.45,114,0,0.0,0,0.0,0.0,100.1,1
T3082-3091-30824-4-w2,65,False,Transformer,1,T30820-3091-30826-3-w1,Transformer,0.912,100.36,5388.6,0,0.0,0,0,0.0,0,0.912,0.0,100.36,0,0.0,0,0,0.0,0,0.912,0.0,100.36,0,0.0,0,0,0.0,0,0.912,0.0,100.36,1,49.75,4,0,0.0,0,0.0,0.0,100.1,1
T3082-3091-30824-4-w2,72,False,Transformer,1,T30820-3091-30826-3-w1,Transformer,13.489,105.4,5745.9,0,0.0,0,0,0.0,0,13.489,0.0,105.4,0,0.0,0,0,0.0,0,13.489,0.0,105.4,0,0.0,0,0,0.0,0,13.489,0.0,105.4,1,994.266,8,0,0.0,0,0.0,0.0,100.1,1
T3082-3091-30824-4-w2,79,False,Transformer,1,T30820-3091-30826-3-w1,Transformer,71.137,128.45,2728.8,0,0.0,0,0,0.0,0,71.137,0.0,128.45,0,0.0,0,0,0.0,0,71.137,0.0,128.45,0,0.0,0,0,0.0,0,71.137,0.0,128.45,0,2728.827,157,0,0.0,0,34.551,0.0,113.92,0
T3082-3091-30824-4-w2,87,False,Transformer,1,T30820-3091-30826-3-w1,Transformer,76.712,130.68,1883.6,0,0.0,0,0,0.0,0,76.712,0.0,130.68,0,0.0,0,0,0.0,0,76.712,0.0,130.68,0,0.0,0,0,0.0,0,76.712,0.0,130.68,0,1883.564,157,0,0.0,0,51.381,0.0,120.65,0
T3082-3091-30824-4-w2,94,False,Transformer,1,T30820-3091-30826-3-w1,Transformer,20.207,108.08,5470.0,0,0.0,0,0,0.0,0,20.207,0.0,108.08,0,0.0,0,0,0.0,0,20.207,0.0,108.08,0,0.0,0,0,0.0,0,20.207,0.0,108.08,1,1498.797,37,0,0.0,0,0.0,0.0,100.1,1
T3082-3091-30824-4-w2,101,False,Transformer,1,T30820-3091-30826-3-w1,Transformer,39.178,115.67,5965.5,0,0.0,0,0,0.0,0,39.178,0.0,115.67,0,0.0,0,0,0.0,0,39.178,0.0,115.67,0,0.0,0,0,0.0,0,39.178,0.0,115.67,1,2923.477,59,0,0.0,0,0.0,0.0,100.1,1
T3082-3091-30824-4-w2,108,False,Transformer,1,T30820-3091-30826-3-w1,Transformer,60.937,124.37,7006.9,0,0.0,0,0,0.0,0,60.937,0.0,124.37,0,0.0,0,0,0.0,0,60.937,0.0,124.37,0,0.0,0,0,0.0,0,60.937,0.0,124.37,1,4557.613,80,0,0.0,0,0.0,0.0,100.1,1
T3082-3091-30824-4-w2,123,False,Transformer,1,T30820-3091-30826-3-w1,Transformer,20.053,108.02,5593.8,0,0.0,0,0,0.0,0,20.053,0.0,108.02,0,0.0,0,0,0.0,0,20.053,0.0,108.02,0,0.0,0,0,0.0,0,20.053,0.0,108.02,1,1487.202,32,0,0.0,0,0.0,0.0,100.1,1
T3082-3091-30824-4-w2,130,False,Transformer,1,T30820-3091-30826-3-w1,Transformer,24.497,109.8,5592.5,0,0.0,0,0,0.0,0,24.497,0.0,109.8,0,0.0,0,0,0.0,0,24.497,0.0,109.8,0,0.0,0,0,0.0,0,24.497,0.0,109.8,1,1820.955,37,0,0.0,0,0.0,0.0,100.1,1
T3082-3091-30824-4-w2,145,False,Transformer,1,T30820-3091-30826-3-w1,Transformer,5.57,102.23,4124.9,0,0.0,0,0,0.0,0,5.57,0.0,102.23,0,0.0,0,0,0.0,0,5.57,0.0,102.23,0,0.0,0,0,0.0,0,5.57,0.0,102.23,1,399.559,10,0,0.0,0,0.0,0.0,100.1,1
T3082-3091-30824-4-w2,152,False,Transformer,1,T30820-3091-30826-3-w1,Transformer,17.013,106.81,4161.2,0,0.0,0,0,0.0,0,17.013,0.0,106.81,0,0.0,0,0,0.0,0,17.013,0.0,106.81,0,0.0,0,0,0.0,0,17.013,0.0,106.81,1,1258.895,37,0,0.0,0,0.0,0.0,100.1,1
T3082-3091-30824-4-w2,159,False,Transformer,1,T30820-3091-30826-3-w1,Transformer,12.436,104.97,5313.0,0,0.0,0,0,0.0,0,12.436,0.0,104.97,0,0.0,0,0,0.0,0,12.436,0.0,104.97,0,0.0,0,0,0.0,0,12.436,0.0,104.97,1,915.161,23,0,0.0,0,0.0,0.0,100.1,1
T3332-3331-33321-1-w1,101,False,Transformer,1,T3332-3331-33323-3-w1,Transformer,3.443,101.38,5965.5,1,3.223,3,0,0.0,0,0.0,0.0,100.1,1,3.223,1,0,0.0,0,0.0,0.0,100.1,1,3.223,1,0,0.0,0,0.0,0.0,100.1,1,3.223,1,0,0.0,0,0.0,0.0,100.1,1
T3332-3331-33321-1-w1,108,False,Transformer,1,T3332-3331-33323-3-w1,Transformer,11.313,104.53,7006.9,1,11.167,3,0,0.0,0,0.0,0.0,100.1,1,11.167,1,0,0.0,0,0.0,0.0,100.1,1,11.167,1,0,0.0,0,0.0,0.0,100.1,1,11.167,1,0,0.0,0,0.0,0.0,100.1,1
T3332-3331-33321-1-w1,159,False,Transformer,1,T3332-3331-33323-3-w1,Transformer,2.235,100.89,5313.0,1,2.004,3,0,0.0,0,0.0,0.0,100.1,1,2.004,1,0,0.0,0,0.0,0.0,100.1,1,2.004,1,0,0.0,0,0.0,0.0,100.1,1,2.004,1,0,0.0,0,0.0,0.0,100.1,1
T3332-3331-33321-1-w2,101,False,Transformer,1,T3332-3331-33323-3-w1,Transformer,3.443,101.38,5965.5,1,3.218,3,0,0.0,0,0.0,0.0,100.1,1,3.218,1,0,0.0,0,0.0,0.0,100.1,1,3.218,1,0,0.0,0,0.0,0.0,100.1,1,3.218,1,0,0.0,0,0.0,0.0,100.1,1
T3332-3331-33321-1-w2,108,False,Transformer,1,T3332-3331-33323-3-w1,Transformer,11.313,104.53,7006.9,1,11.152,3,0,0.0,0,0.0,0.0,100.1,1,11.152,1,0,0.0,0,0.0,0.0,100.1,1,11.152,1,0,0.0,0,0.0,0.0,100.1,1,11.152,1,0,0.0,0,0.0,0.0,100.1,1
T3332-3331-33321-1-w2,159,False,Transformer,1,T3332-3331-33323-3-w1,Transformer,2.235,100.89,5313.0,1,2.001,3,0,0.0,0,0.0,0.0,100.1,1,2.001,1,0,0.0,0,0.0,0.0,100.1,1,2.001,1,0,0.0,0,0.0,0.0,100.1,1,2.001,1,0,0.0,0,0.0,0.0,100.1,1
T3332-3331-33323-3-w1,101,False,Transformer,1,T3332-3331-33321-1-w1,Transformer,3.443,101.38,5965.5,1,3.223,3,0,0.0,0,0.0,0.0,100.1,1,3.223,1,0,0.0,0,0.0,0.0,100.1,1,3.223,1,0,0.0,0,0.0,0.0,100.1,1,3.223,1,0,0.0,0,0.0,0.0,100.1,1
T3332-3331-33323-3-w1,108,False,Transformer,1,T3332-3331-33321-1-w1,Transformer,11.313,104.53,7006.9,1,11.167,3,0,0.0,0,0.0,0.0,100.1,1,11.167,1,0,0.0,0,0.0,0.0,100.1,1,11.167,1,0,0.0,0,0.0,0.0,100.1,1,11.167,1,0,0.0,0,0.0,0.0,100.1,1
T3332-3331-33323-3-w1,159,False,Transformer,1,T3332-3331-33321-1-w1,Transformer,2.235,100.89,5313.0,1,2.004,3,0,0.0,0,0.0,0.0,100.1,1,2.004,1,0,0.0,0,0.0,0.0,100.1,1,2.004,1,0,0.0,0,0.0,0.0,100.1,1,2.004,1,0,0.0,0,0.0,0.0,100.1,1
T3332-3331-33323-3-w2,101,False,Transformer,1,T3332-3331-33321-1-w1,Transformer,3.443,101.38,5965.5,1,3.218,3,0,0.0,0,0.0,0.0,100.1,1,3.218,1,0,0.0,0,0.0,0.0,100.1,1,3.218,1,0,0.0,0,0.0,0.0,100.1,1,3.218,1,0,0.0,0,0.0,0.0,100.1,1
T3332-3331-33323-3-w2,108,False,Transformer,1,T3332-3331-33321-1-w1,Transformer,11.313,104.53,7006.9,1,11.152,3,0,0.0,0,0.0,0.0,100.1,1,11.152,1,0,0.0,0,0.0,0.0,100.1,1,11.152,1,0,0.0,0,0.0,0.0,100.1,1,11.152,1,0,0.0,0,0.0,0.0,100.1,1
T3332-3331-33323-3-w2,159,False,Transformer,1,T3332-3331-33321-1-w1,Transformer,2.235,100.89,5313.0,1,2.001,3,0,0.0,0,0.0,0.0,100.1,1,2.001,1,0,0.0,0,0.0,0.0,100.1,1,2.001,1,0,0.0,0,0.0,0.0,100.1,1,2.001,1,0,0.0,0,0.0,0.0,100.1,1
T3462-3461-34621-1-w1,50,False,Transformer,2,1122-1742-1,Line,2.032,100.25,5312.4,1,3.431,33,0,0.0,0,0.0,0.0,100.1,1,1.424,1,0,0.0,0,0.0,0.0,100.1,1,1.424,1,0,0.0,0,0.0,0.0,100.1,1,1.424,1,0,0.0,0,0.0,0.0,100.1,1
T3462-3461-34621-1-w2,50,False,Transformer,2,1122-1742-1,Line,2.032,100.25,5312.4,1,3.431,33,0,0.0,0,0.0,0.0,100.1,1,1.424,1,0,0.0,0,0.0,0.0,100.1,1,1.424,1,0,0.0,0,0.0,0.0,100.1,1,1.424,1,0,0.0,0,0.0,0.0,100.1,1
T3462-3461-34622-2-w1,50,False,Transformer,2,1122-1742-1,Line,2.032,100.25,5312.4,1,3.431,33,0,0.0,0,0.0,0.0,100.1,1,1.424,1,0,0.0,0,0.0,0.0,100.1,1,1.424,1,0,0.0,0,0.0,0.0,100.1,1,1.424,1,0,0.0,0,0.0,0.0,100.1,1
T3462-3461-34622-2-w2,50,False,Transformer,2,1122-1742-1,Line,2.032,100.25,5312.4,1,3.431,33,0,0.0,0,0.0,0.0,100.1,1,1.424,1,0,0.0,0,0.0,0.0,100.1,1,1.424,1,0,0.0,0,0.0,0.0,100.1,1,1.424,1,0,0.0,0,0.0,0.0,100.1,1
T3464-3462-34641-1-w1,0,False,Transformer,1,3581-89516-1,Line,0.346,100.28,5299.5,1,0.564,13,0,0.0,0,0.0,0.0,100.1,1,0.441,1,0,0.0,0,0.0,0.0,100.1,1,0.441,1,0,0.0,0,0.0,0.0,100.1,1,0.441,1,0,0.0,0,0.0,0.0,100.1,1
T3464-3462-34641-1-w1,7,False,Transformer,1,3581-89516-1,Line,0.998,100.81,6073.6,1,2.313,16,0,0.0,0,0.0,0.0,100.1,1,1.731,1,0,0.0,0,0.0,0.0,100.1,1,1.731,1,0,0.0,0,0.0,0.0,100.1,1,1.731,1,0,0.0,0,0.0,0.0,100.1,1
T3464-3462-34641-1-w1,14,False,Transformer,1,T3934-3942-39402-1-w1,Transformer,10.796,102.16,6309.0,1,52.41,52,0,0.0,0,0.0,0.0,100.1,1,38.265,1,0,0.0,0,0.0,0.0,100.1,1,38.265,1,0,0.0,0,0.0,0.0,100.1,1,38.265,1,0,0.0,0,0.0,0.0,100.1,1
T3464-3462-34641-1-w1,21,False,Transformer,1,3581-89516-1,Line,0.249,100.2,4735.3,1,0.352,7,0,0.0,0,0.0,0.0,100.1,1,0.311,1,0,0.0,0,0.0,0.0,100.1,1,0.311,1,0,0.0,0,0.0,0.0,100.1,1,0.311,1,0,0.0,0,0.0,0.0,100.1,1
T3464-3462-34641-1-w1,29,False,Transformer,1,3581-89516-1,Line,0.96,100.78,5968.4,1,2.752,10,0,0.0,0,0.0,0.0,100.1,1,2.07,1,0,0.0,0,0.0,0.0,100.1,1,2.07,1,0,0.0,0,0.0,0.0,100.1,1,2.07,1,0,0.0,0,0.0,0.0,100.1,1
T3464-3462-34641-1-w1,36,False,Transformer,1,T3934-3942-39402-1-w1,Transformer,62.915,112.58,6805.4,1,339.211,56,1,0.903,0,0.0,100.18,100.18,1,231.957,1,1,0.618,0,0.0,100.12,100.12,0,192.631,1,0,0.0,0,11.082,0.0,102.22,1,232.078,2,0,0.0,0,0.0,0.0,100.1,1
T3464-3462-34641-1-w1,50,False,Transformer,6,T3934-3942-39402-1-w1,Transformer,321.645,138.03,5312.4,0,1056.048,83,1,2.342,0,1.25,101.87,101.87,1,1373.238,20,0,0.0,0,0.0,0.0,100.1,0,67.126,2,0,0.0,0,297.605,0.0,136.28,1,767.849,16,0,0.0,0,0.0,0.0,100.1,1
T3464-3462-34641-1-w1,58,False,Transformer,2,T3934-3942-39402-1-w1,Transformer,73.629,114.41,4583.8,0,400.53,83,0,0.0,0,0.886,0.0,100.18,1,272.53,3,0,0.0,0,0.0,0.0,100.1,0,174.504,5,0,0.0,0,60.472,0.0,112.09,1,272.528,3,0,0.0,0,0.0,0.0,100.1,1
T3464-3462-34641-1-w1,65,False,Transformer,2,T3934-3942-39402-1-w1,Transformer,100.063,119.68,5388.6,0,557.632,79,1,0.351,0,0.99,100.28,100.28,1,385.695,5,0,0.0,0,0.0,0.0,100.1,0,187.462,5,0,0.0,0,87.49,0.0,117.5,1,377.346,5,0,0.0,0,0.0,0.0,100.1,1
T3464-3462-34641-1-w1,72,False,Transformer,2,T3934-3942-39402-1-w1,Transformer,49.316,109.56,5745.9,0,265.616,76,1,0.707,0,0.807,100.14,100.16,1,185.621,2,0,0.0,0,0.0,0.0,100.1,0,101.055,4,0,0.0,0,38.506,0.0,107.7,1,182.441,2,0,0.0,0,0.0,0.0,100.1,1
T3464-3462-34641-1-w1,79,False,Transformer,1,3581-89516-1,Line,1.064,100.86,2728.8,1,4.063,26,0,0.0,0,0.0,0.0,100.1,1,1.862,1,0,0.0,0,0.0,0.0,100.1,1,1.862,1,0,0.0,0,0.0,0.0,100.1,1,1.862,1,0,0.0,0,0.0,0.0,100.1,1
T3464-3462-34641-1-w1,94,False,Transformer,1,3581-89516-1,Line,1.166,100.95,5470.0,1,4.333,26,0,0.0,0,0.0,0.0,100.1,1,2.065,1,0,0.0,0,0.0,0.0,100.1,1,2.065,1,0,0.0,0,0.0,0.0,100.1,1,2.065,1,0,0.0,0,0.0,0.0,100.1,1
T3464-3462-34641-1-w1,101,False,Transformer,3,T3934-3942-39402-1-w1,Transformer,350.417,141.48,5965.5,1,1131.596,54,2,3.549,0,0.0,100.59,100.59,1,829.773,17,1,2.21,0,0.0,100.43,100.43,0,192.631,1,0,0.0,0,215.099,0.0,131.11,1,831.791,18,0,0.0,0,0.0,0.0,100.1,1
T3464-3462-34641-1-w1,108,False,Transformer,5,T3934-3942-39402-1-w1,Transformer,362.237,142.09,7006.9,0,1177.376,76,2,5.962,0,1.154,102.26,102.26,1,852.246,18,1,2.27,0,0.0,100.44,100.44,0,192.631,5,0,0.0,0,319.705,0.0,139.11,1,851.216,19,0,0.0,0,0.0,0.0,100.1,1
T3464-3462-34641-1-w1,116,False,Transformer,1,3581-89516-1,Line,0.141,100.11,4604.0,1,0.053,7,0,0.0,0,0.0,0.0,100.1,1,0.045,1,0,0.0,0,0.0,0.0,100.1,1,0.045,1,0,0.0,0,0.0,0.0,100.1,1,0.045,1,0,0.0,0,0.0,0.0,100.1,1
T3464-3462-34641-1-w1,123,False,Transformer,1,3581-89516-1,Line,0.796,100.65,5593.8,1,1.79,13,0,0.0,0,0.0,0.0,100.1,1,1.333,1,0,0.0,0,0.0,0.0,100.1,1,1.333,1,0,0.0,0,0.0,0.0,100.1,1,1.333,1,0,0.0,0,0.0,0.0,100.1,1
T3464-3462-34641-1-w1,130,False,Transformer,1,3581-89516-1,Line,1.15,100.94,5592.5,1,2.709,13,0,0.0,0,0.0,0.0,100.1,1,2.034,1,0,0.0,0,0.0,0.0,100.1,1,2.034,1,0,0.0,0,0.0,0.0,100.1,1,2.034,1,0,0.0,0,0.0,0.0,100.1,1
T3464-3462-34641-1-w1,137,False,Transformer,1,3581-89516-1,Line,0.809,100.66,5053.5,1,2.404,11,0,0.0,0,0.0,0.0,100.1,1,1.698,1,0,0.0,0,0.0,0.0,100.1,1,1.698,1,0,0.0,0,0.0,0.0,100.1,1,1.698,1,0,0.0,0,0.0,0.0,100.1,1
T3464-3462-34641-1-w1,145,False,Transformer,4,T3934-3942-39402-1-w1,Transformer,282.897,136.15,4124.9,0,968.762,83,1,1.993,0,1.222,101.59,101.59,1,714.757,14,0,0.0,0,0.0,0.0,100.1,0,341.21,18,0,0.0,0,229.329,0.0,132.17,1,710.255,14,0,0.0,0,0.0,0.0,100.1,1
T3464-3462-34641-1-w1,152,False,Transformer,2,T3934-3942-39402-1-w1,Transformer,82.964,116.27,4161.2,0,435.864,82,0,0.0,0,0.91,0.0,100.18,1,329.914,2,0,0.0,0,0.0,0.0,100.1,0,130.162,6,0,0.0,0,70.03,0.0,114.01,1,307.6,2,0,0.0,0,0.0,0.0,100.1,1
T3464-3462-34641-1-w1,159,False,Transformer,4,T3934-3942-39402-1-w1,Transformer,363.172,142.29,5313.0,0,1140.374,81,1,2.678,0,1.358,102.14,102.14,1,847.13,14,0,0.0,0,0.0,0.0,100.1,0,408.909,16,0,0.0,0,302.485,0.0,137.77,1,845.354,14,0,0.0,0,0.0,0.0,100.1,1
T3464-3462-34641-1-w1,167,False,Transformer,2,T3934-3942-39402-1-w1,Transformer,74.449,114.57,3161.9,0,375.341,83,0,0.0,0,0.857,0.0,100.17,1,289.228,2,0,0.0,0,0.0,0.0,100.1,0,106.698,7,0,0.0,0,62.339,0.0,112.47,1,275.613,2,0,0.0,0,0.0,0.0,100.1,1
T3464-3462-34641-1-w2,0,False,Transformer,1,3581-89516-1,Line,0.346,100.28,5299.5,1,0.564,13,0,0.0,0,0.0,0.0,100.1,1,0.441,1,0,0.0,0,0.0,0.0,100.1,1,0.441,1,0,0.0,0,0.0,0.0,100.1,1,0.441,1,0,0.0,0,0.0,0.0,100.1,1
T3464-3462-34641-1-w2,7,False,Transformer,1,3581-89516-1,Line,0.998,100.81,6073.6,1,2.313,16,0,0.0,0,0.0,0.0,100.1,1,1.731,1,0,0.0,0,0.0,0.0,100.1,1,1.731,1,0,0.0,0,0.0,0.0,100.1,1,1.731,1,0,0.0,0,0.0,0.0,100.1,1
T3464-3462-34641-1-w2,14,False,Transformer,1,T3934-3942-39402-1-w1,Transformer,10.796,102.16,6309.0,1,52.254,52,0,0.0,0,0.0,0.0,100.1,1,38.182,1,0,0.0,0,0.0,0.0,100.1,1,38.182,1,0,0.0,0,0.0,0.0,100.1,1,38.182,1,0,0.0,0,0.0,0.0,100.1,1
T3464-3462-34641-1-w2,21,False,Transformer,1,3581-89516-1,Line,0.249,100.2,4735.3,1,0.352,7,0,0.0,0,0.0,0.0,100.1,1,0.311,1,0,0.0,0,0.0,0.0,100.1,1,0.311,1,0,0.0,0,0.0,0.0,100.1,1,0.311,1,0,0.0,0,0.0,0.0,100.1,1
T3464-3462-34641-1-w2,29,False,Transformer,1,3581-89516-1,Line,0.96,100.78,5968.4,1,2.752,10,0,0.0,0,0.0,0.0,100.1,1,2.07,1,0,0.0,0,0.0,0.0,100.1,1,2.07,1,0,0.0,0,0.0,0.0,100.1,1,2.07,1,0,0.0,0,0.0,0.0,100.1,1
T3464-3462-34641-1-w2,36,False,Transformer,1,T3934-3942-39402-1-w1,Transformer,62.915,112.58,6805.4,1,338.13,56,1,0.9,0,0.0,100.18,100.18,1,231.452,1,1,0.616,0,0.0,100.12,100.12,0,192.631,1,0,0.0,0,10.969,0.0,102.19,1,231.57,2,0,0.0,0,0.0,0.0,100.1,1
T3464-3462-34641-1-w2,50,False,Transformer,6,T3934-3942-39402-1-w1,Transformer,321.645,138.03,5312.4,0,1052.701,83,1,2.328,0,1.23,101.86,101.86,1,1369.689,20,0,0.0,0,0.0,0.0,100.1,0,67.224,2,0,0.0,0,297.477,0.0,136.27,1,765.832,16,0,0.0,0,0.0,0.0,100.1,1
T3464-3462-34641-1-w2,58,False,Transformer,2,T3934-3942-39402-1-w1,Transformer,73.629,114.41,4583.8,0,399.277,83,0,0.0,0,0.876,0.0,100.18,1,271.925,3,0,0.0,0,0.0,0.0,100.1,0,174.504,5,0,0.0,0,60.37,0.0,112.07,1,271.923,3,0,0.0,0,0.0,0.0,100.1,1
T3464-3462-34641-1-w2,65,False,Transformer,2,T3934-3942-39402-1-w1,Transformer,100.063,119.68,5388.6,0,555.87,79,1,0.344,0,0.973,100.27,100.27,1,384.815,5,0,0.0,0,0.0,0.0,100.1,0,187.462,5,0,0.0,0,87.38,0.0,117.48,1,376.469,5,0,0.0,0,0.0,0.0,100.1,1
T3464-3462-34641-1-w2,72,False,Transformer,2,T3934-3942-39402-1-w1,Transformer,49.316,109.56,5745.9,0,264.809,76,1,0.705,0,0.797,100.14,100.16,1,185.216,2,0,0.0,0,0.0,0.0,100.1,0,101.055,4,0,0.0,0,38.446,0.0,107.69,1,182.034,2,0,0.0,0,0.0,0.0,100.1,1
T3464-3462-34641-1-w2,79,False,Transformer,1,3581-89516-1,Line,1.064,100.86,2728.8,1,4.063,26,0,0.0,0,0.0,0.0,100.1,1,1.862,1,0,0.0,0,0.0,0.0,100.1,1,1.862,1,0,0.0,0,0.0,0.0,100.1,1,1.862,1,0,0.0,0,0.0,0.0,100.1,1
T3464-3462-34641-1-w2,94,False,Transformer,1,3581-89516-1,Line,1.166,100.95,5470.0,1,4.333,26,0,0.0,0,0.0,0.0,100.1,1,2.065,1,0,0.0,0,0.0,0.0,100.1,1,2.065,1,0,0.0,0,0.0,0.0,100.1,1,2.065,1,0,0.0,0,0.0,0.0,100.1,1
T3464-3462-34641-1-w2,101,False,Transformer,3,T3934-3942-39402-1-w1,Transformer,350.417,141.48,5965.5,1,1127.968,54,2,3.503,0,0.0,100.59,100.59,1,827.5,17,1,2.204,0,0.0,100.43,100.43,0,192.631,1,0,0.0,0,214.804,0.0,131.09,1,829.506,18,0,0.0,0,0.0,0.0,100.1,1
T3464-3462-34641-1-w2,108,False,Transformer,5,T3934-3942-39402-1-w1,Transformer,362.237,142.09,7006.9,0,1173.607,76,2,5.937,0,1.133,102.25,102.25,1,849.912,18,1,2.263,0,0.0,100.44,100.44,0,192.631,8,0,0.0,0,281.36,0.0,136.18,1,848.816,18,0,0.0,0,0.0,0.0,100.1,1
T3464-3462-34641-1-w2,116,False,Transformer,1,3581-89516-1,Line,0.141,100.11,4604.0,1,0.053,7,0,0.0,0,0.0,0.0,100.1,1,0.045,1,0,0.0,0,0.0,0.0,100.1,1,0.045,1,0,0.0,0,0.0,0.0,100.1,1,0.045,1,0,0.0,0,0.0,0.0,100.1,1
T3464-3462-34641-1-w2,123,False,Transformer,1,3581-89516-1,Line,0.796,100.65,5593.8,1,1.79,13,0,0.0,0,0.0,0.0,100.1,1,1.333,1,0,0.0,0,0.0,0.0,100.1,1,1.333,1,0,0.0,0,0.0,0.0,100.1,1,1.333,1,0,0.0,0,0.0,0.0,100.1,1
T3464-3462-34641-1-w2,130,False,Transformer,1,3581-89516-1,Line,1.15,100.94,5592.5,1,2.709,13,0,0.0,0,0.0,0.0,100.1,1,2.034,1,0,0.0,0,0.0,0.0,100.1,1,2.034,1,0,0.0,0,0.0,0.0,100.1,1,2.034,1,0,0.0,0,0.0,0.0,100.1,1
T3464-3462-34641-1-w2,137,False,Transformer,1,3581-89516-1,Line,0.809,100.66,5053.5,1,2.404,11,0,0.0,0,0.0,0.0,100.1,1,1.698,1,0,0.0,0,0.0,0.0,100.1,1,1.698,1,0,0.0,0,0.0,0.0,100.1,1,1.698,1,0,0.0,0,0.0,0.0,100.1,1
T3464-3462-34641-1-w2,145,False,Transformer,4,T3934-3942-39402-1-w1,Transformer,282.897,136.15,4124.9,0,965.782,83,1,1.981,0,1.207,101.58,101.58,1,712.936,14,0,0.0,0,0.0,0.0,100.1,0,341.21,18,0,0.0,0,228.806,0.0,132.13,1,708.398,14,0,0.0,0,0.0,0.0,100.1,1
T3464-3462-34641-1-w2,152,False,Transformer,2,T3934-3942-39402-1-w1,Transformer,82.964,116.27,4161.2,0,434.53,82,0,0.0,0,0.902,0.0,100.18,1,329.194,2,0,0.0,0,0.0,0.0,100.1,0,130.162,6,0,0.0,0,69.954,0.0,113.99,1,306.917,2,0,0.0,0,0.0,0.0,100.1,1
T3464-3462-34641-1-w2,159,False,Transformer,4,T3934-3942-39402-1-w1,Transformer,363.172,142.29,5313.0,0,1136.831,81,1,2.664,0,1.342,102.13,102.13,1,844.941,14,0,0.0,0,0.0,0.0,100.1,0,409.001,16,0,0.0,0,301.825,0.0,137.72,1,843.112,14,0,0.0,0,0.0,0.0,100.1,1
T3464-3462-34641-1-w2,167,False,Transformer,2,T3934-3942-39402-1-w1,Transformer,74.449,114.57,3161.9,0,374.236,83,0,0.0,0,0.851,0.0,100.17,1,288.597,2,0,0.0,0,0.0,0.0,100.1,0,106.698,7,0,0.0,0,62.276,0.0,112.46,1,275.002,2,0,0.0,0,0.0,0.0,100.1,1
T3522-35211-35224-4-w1,108,False,Transformer,1,3691-4041-1,Line,0.224,100.12,7006.9,1,0.069,8,0,0.0,0,0.0,0.0,100.1,1,0.058,1,0,0.0,0,0.0,0.0,100.1,1,0.058,1,0,0.0,0,0.0,0.0,100.1,1,0.058,1,0,0.0,0,0.0,0.0,100.1,1
T3522-35211-35224-4-w2,108,False,Transformer,1,3691-4041-1,Line,0.224,100.12,7006.9,1,0.069,8,0,0.0,0,0.0,0.0,100.1,1,0.058,1,0,0.0,0,0.0,0.0,100.1,1,0.058,1,0,0.0,0,0.0,0.0,100.1,1,0.058,1,0,0.0,0,0.0,0.0,100.1,1
T3522-35231-35236-1-w1,0,False,Transformer,1,3581-89516-1,Line,0.302,100.25,5299.5,1,0.454,13,0,0.0,0,0.0,0.0,100.1,1,0.355,1,0,0.0,0,0.0,0.0,100.1,1,0.355,1,0,0.0,0,0.0,0.0,100.1,1,0.355,1,0,0.0,0,0.0,0.0,100.1,1
T3522-35231-35236-1-w1,7,False,Transformer,1,3581-89516-1,Line,0.826,100.67,6073.6,1,1.86,16,0,0.0,0,0.0,0.0,100.1,1,1.392,1,0,0.0,0,0.0,0.0,100.1,1,1.392,1,0,0.0,0,0.0,0.0,100.1,1,1.392,1,0,0.0,0,0.0,0.0,100.1,1
T3522-35231-35236-1-w1,21,False,Transformer,1,3581-89516-1,Line,0.212,100.17,4735.3,1,0.251,7,0,0.0,0,0.0,0.0,100.1,1,0.221,1,0,0.0,0,0.0,0.0,100.1,1,0.221,1,0,0.0,0,0.0,0.0,100.1,1,0.221,1,0,0.0,0,0.0,0.0,100.1,1
T3522-35231-35236-1-w1,29,False,Transformer,1,3581-89516-1,Line,1.312,101.07,5968.4,1,3.912,10,0,0.0,0,0.0,0.0,100.1,1,2.944,1,0,0.0,0,0.0,0.0,100.1,1,2.944,1,0,0.0,0,0.0,0.0,100.1,1,2.944,1,0,0.0,0,0.0,0.0,100.1,1
T3522-35231-35236-1-w1,50,False,Transformer,1,3581-89516-1,Line,0.864,100.7,5312.4,1,3.718,26,0,0.0,0,0.0,0.0,100.1,1,1.467,1,0,0.0,0,0.0,0.0,100.1,1,1.467,1,0,0.0,0,0.0,0.0,100.1,1,1.467,1,0,0.0,0,0.0,0.0,100.1,1
T3522-35231-35236-1-w1,65,False,Transformer,1,3581-89516-1,Line,0.643,100.52,5388.6,1,3.514,22,0,0.0,0,0.0,0.0,100.1,1,1.097,1,0,0.0,0,0.0,0.0,100.1,1,1.097,1,0,0.0,0,0.0,0.0,100.1,1,1.097,1,0,0.0,0,0.0,0.0,100.1,1
T3522-35231-35236-1-w1,72,False,Transformer,1,3581-89516-1,Line,0.701,100.57,5745.9,1,3.549,19,0,0.0,0,0.0,0.0,100.1,1,1.431,1,0,0.0,0,0.0,0.0,100.1,1,1.431,1,0,0.0,0,0.0,0.0,100.1,1,1.431,1,0,0.0,0,0.0,0.0,100.1,1
T3522-35231-35236-1-w1,94,False,Transformer,1,3581-89516-1,Line,0.448,100.36,5470.0,1,1.349,26,0,0.0,0,0.0,0.0,100.1,1,0.644,1,0,0.0,0,0.0,0.0,100.1,1,0.644,1,0,0.0,0,0.0,0.0,100.1,1,0.644,1,0,0.0,0,0.0,0.0,100.1,1
T3522-35231-35236-1-w1,108,False,Transformer,1,3581-89516-1,Line,0.96,100.78,7006.9,1,3.923,20,0,0.0,0,0.0,0.0,100.1,1,1.657,1,0,0.0,0,0.0,0.0,100.1,1,1.657,1,0,0.0,0,0.0,0.0,100.1,1,1.657,1,0,0.0,0,0.0,0.0,100.1,1
T3522-35231-35236-1-w1,116,False,Transformer,1,3581-89516-1,Line,0.472,100.38,4604.0,1,1.014,7,0,0.0,0,0.0,0.0,100.1,1,0.864,1,0,0.0,0,0.0,0.0,100.1,1,0.864,1,0,0.0,0,0.0,0.0,100.1,1,0.864,1,0,0.0,0,0.0,0.0,100.1,1
T3522-35231-35236-1-w1,137,False,Transformer,1,3581-89516-1,Line,0.832,100.68,5053.5,1,2.482,11,0,0.0,0,0.0,0.0,100.1,1,1.755,1,0,0.0,0,0.0,0.0,100.1,1,1.755,1,0,0.0,0,0.0,0.0,100.1,1,1.755,1,0,0.0,0,0.0,0.0,100.1,1
T3522-35231-35236-1-w2,0,False,Transformer,1,3581-89516-1,Line,0.302,100.25,5299.5,1,0.454,13,0,0.0,0,0.0,0.0,100.1,1,0.355,1,0,0.0,0,0.0,0.0,100.1,1,0.355,1,0,0.0,0,0.0,0.0,100.1,1,0.355,1,0,0.0,0,0.0,0.0,100.1,1
T3522-35231-35236-1-w2,7,False,Transformer,1,3581-89516-1,Line,0.826,100.67,6073.6,1,1.86,16,0,0.0,0,0.0,0.0,100.1,1,1.392,1,0,0.0,0,0.0,0.0,100.1,1,1.392,1,0,0.0,0,0.0,0.0,100.1,1,1.392,1,0,0.0,0,0.0,0.0,100.1,1
T3522-35231-35236-1-w2,21,False,Transformer,1,3581-89516-1,Line,0.212,100.17,4735.3,1,0.251,7,0,0.0,0,0.0,0.0,100.1,1,0.221,1,0,0.0,0,0.0,0.0,100.1,1,0.221,1,0,0.0,0,0.0,0.0,100.1,1,0.221,1,0,0.0,0,0.0,0.0,100.1,1
T3522-35231-35236-1-w2,29,False,Transformer,1,3581-89516-1,Line,1.312,101.07,5968.4,1,3.912,10,0,0.0,0,0.0,0.0,100.1,1,2.944,1,0,0.0,0,0.0,0.0,100.1,1,2.944,1,0,0.0,0,0.0,0.0,100.1,1,2.944,1,0,0.0,0,0.0,0.0,100.1,1
T3522-35231-35236-1-w2,50,False,Transformer,1,3581-89516-1,Line,0.864,100.7,5312.4,1,3.718,26,0,0.0,0,0.0,0.0,100.1,1,1.467,1,0,0.0,0,0.0,0.0,100.1,1,1.467,1,0,0.0,0,0.0,0.0,100.1,1,1.467,1,0,0.0,0,0.0,0.0,100.1,1
T3522-35231-35236-1-w2,65,False,Transformer,1,3581-89516-1,Line,0.643,100.52,5388.6,1,3.515,22,0,0.0,0,0.0,0.0,100.1,1,1.097,1,0,0.0,0,0.0,0.0,100.1,1,1.097,1,0,0.0,0,0.0,0.0,100.1,1,1.097,1,0,0.0,0,0.0,0.0,100.1,1
T3522-35231-35236-1-w2,72,False,Transformer,1,3581-89516-1,Line,0.701,100.57,5745.9,1,3.549,19,0,0.0,0,0.0,0.0,100.1,1,1.431,1,0,0.0,0,0.0,0.0,100.1,1,1.431,1,0,0.0,0,0.0,0.0,100.1,1,1.431,1,0,0.0,0,0.0,0.0,100.1,1
T3522-35231-35236-1-w2,94,False,Transformer,1,3581-89516-1,Line,0.448,100.36,5470.0,1,1.349,26,0,0.0,0,0.0,0.0,100.1,1,0.644,1,0,0.0,0,0.0,0.0,100.1,1,0.644,1,0,0.0,0,0.0,0.0,100.1,1,0.644,1,0,0.0,0,0.0,0.0,100.1,1
T3522-35231-35236-1-w2,108,False,Transformer,1,3581-89516-1,Line,0.96,100.78,7006.9,1,3.923,20,0,0.0,0,0.0,0.0,100.1,1,1.658,1,0,0.0,0,0.0,0.0,100.1,1,1.658,1,0,0.0,0,0.0,0.0,100.1,1,1.658,1,0,0.0,0,0.0,0.0,100.1,1
T3522-35231-35236-1-w2,116,False,Transformer,1,3581-89516-1,Line,0.472,100.38,4604.0,1,1.014,7,0,0.0,0,0.0,0.0,100.1,1,0.864,1,0,0.0,0,0.0,0.0,100.1,1,0.864,1,0,0.0,0,0.0,0.0,100.1,1,0.864,1,0,0.0,0,0.0,0.0,100.1,1
T3522-35231-35236-1-w2,137,False,Transformer,1,3581-89516-1,Line,0.832,100.68,5053.5,1,2.482,11,0,0.0,0,0.0,0.0,100.1,1,1.755,1,0,0.0,0,0.0,0.0,100.1,1,1.755,1,0,0.0,0,0.0,0.0,100.1,1,1.755,1,0,0.0,0,0.0,0.0,100.1,1
T3522-35231-35238-3-w1,0,False,Transformer,1,3581-89516-1,Line,0.297,100.24,5299.5,1,0.442,13,0,0.0,0,0.0,0.0,100.1,1,0.345,1,0,0.0,0,0.0,0.0,100.1,1,0.345,1,0,0.0,0,0.0,0.0,100.1,1,0.345,1,0,0.0,0,0.0,0.0,100.1,1
T3522-35231-35238-3-w1,7,False,Transformer,1,3581-89516-1,Line,0.813,100.66,6073.6,1,1.825,16,0,0.0,0,0.0,0.0,100.1,1,1.367,1,0,0.0,0,0.0,0.0,100.1,1,1.367,1,0,0.0,0,0.0,0.0,100.1,1,1.367,1,0,0.0,0,0.0,0.0,100.1,1
T3522-35231-35238-3-w1,21,False,Transformer,1,3581-89516-1,Line,0.209,100.17,4735.3,1,0.241,7,0,0.0,0,0.0,0.0,100.1,1,0.213,1,0,0.0,0,0.0,0.0,100.1,1,0.213,1,0,0.0,0,0.0,0.0,100.1,1,0.213,1,0,0.0,0,0.0,0.0,100.1,1
T3522-35231-35238-3-w1,29,False,Transformer,1,3581-89516-1,Line,1.291,101.05,5968.4,1,3.845,10,0,0.0,0,0.0,0.0,100.1,1,2.893,1,0,0.0,0,0.0,0.0,100.1,1,2.893,1,0,0.0,0,0.0,0.0,100.1,1,2.893,1,0,0.0,0,0.0,0.0,100.1,1
T3522-35231-35238-3-w1,50,False,Transformer,1,3581-89516-1,Line,0.85,100.69,5312.4,1,3.65,26,0,0.0,0,0.0,0.0,100.1,1,1.441,1,0,0.0,0,0.0,0.0,100.1,1,1.441,1,0,0.0,0,0.0,0.0,100.1,1,1.441,1,0,0.0,0,0.0,0.0,100.1,1
T3522-35231-35238-3-w1,65,False,Transformer,1,3581-89516-1,Line,0.633,100.51,5388.6,1,3.446,22,0,0.0,0,0.0,0.0,100.1,1,1.076,1,0,0.0,0,0.0,0.0,100.1,1,1.076,1,0,0.0,0,0.0,0.0,100.1,1,1.076,1,0,0.0,0,0.0,0.0,100.1,1
T3522-35231-35238-3-w1,72,False,Transformer,1,3581-89516-1,Line,0.69,100.56,5745.9,1,3.482,19,0,0.0,0,0.0,0.0,100.1,1,1.404,1,0,0.0,0,0.0,0.0,100.1,1,1.404,1,0,0.0,0,0.0,0.0,100.1,1,1.404,1,0,0.0,0,0.0,0.0,100.1,1
T3522-35231-35238-3-w1,94,False,Transformer,1,3581-89516-1,Line,0.441,100.36,5470.0,1,1.32,26,0,0.0,0,0.0,0.0,100.1,1,0.63,1,0,0.0,0,0.0,0.0,100.1,1,0.63,1,0,0.0,0,0.0,0.0,100.1,1,0.63,1,0,0.0,0,0.0,0.0,100.1,1
T3522-35231-35238-3-w1,108,False,Transformer,1,3581-89516-1,Line,0.945,100.77,7006.9,1,3.852,20,0,0.0,0,0.0,0.0,100.1,1,1.628,1,0,0.0,0,0.0,0.0,100.1,1,1.628,1,0,0.0,0,0.0,0.0,100.1,1,1.628,1,0,0.0,0,0.0,0.0,100.1,1
T3522-35231-35238-3-w1,116,False,Transformer,1,3581-89516-1,Line,0.465,100.38,4604.0,1,0.992,7,0,0.0,0,0.0,0.0,100.1,1,0.846,1,0,0.0,0,0.0,0.0,100.1,1,0.846,1,0,0.0,0,0.0,0.0,100.1,1,0.846,1,0,0.0,0,0.0,0.0,100.1,1
T3522-35231-35238-3-w1,137,False,Transformer,1,3581-89516-1,Line,0.819,100.67,5053.5,1,2.437,11,0,0.0,0,0.0,0.0,100.1,1,1.722,1,0,0.0,0,0.0,0.0,100.1,1,1.722,1,0,0.0,0,0.0,0.0,100.1,1,1.722,1,0,0.0,0,0.0,0.0,100.1,1
T3522-35231-35238-3-w2,0,False,Transformer,1,3581-89516-1,Line,0.297,100.24,5299.5,1,0.442,13,0,0.0,0,0.0,0.0,100.1,1,0.345,1,0,0.0,0,0.0,0.0,100.1,1,0.345,1,0,0.0,0,0.0,0.0,100.1,1,0.345,1,0,0.0,0,0.0,0.0,100.1,1
T3522-35231-35238-3-w2,7,False,Transformer,1,3581-89516-1,Line,0.813,100.66,6073.6,1,1.826,16,0,0.0,0,0.0,0.0,100.1,1,1.367,1,0,0.0,0,0.0,0.0,100.1,1,1.367,1,0,0.0,0,0.0,0.0,100.1,1,1.367,1,0,0.0,0,0.0,0.0,100.1,1
T3522-35231-35238-3-w2,21,False,Transformer,1,3581-89516-1,Line,0.209,100.17,4735.3,1,0.241,7,0,0.0,0,0.0,0.0,100.1,1,0.213,1,0,0.0,0,0.0,0.0,100.1,1,0.213,1,0,0.0,0,0.0,0.0,100.1,1,0.213,1,0,0.0,0,0.0,0.0,100.1,1
T3522-35231-35238-3-w2,29,False,Transformer,1,3581-89516-1,Line,1.291,101.05,5968.4,1,3.845,10,0,0.0,0,0.0,0.0,100.1,1,2.893,1,0,0.0,0,0.0,0.0,100.1,1,2.893,1,0,0.0,0,0.0,0.0,100.1,1,2.893,1,0,0.0,0,0.0,0.0,100.1,1
T3522-35231-35238-3-w2,50,False,Transformer,1,3581-89516-1,Line,0.85,100.69,5312.4,1,3.65,26,0,0.0,0,0.0,0.0,100.1,1,1.441,1,0,0.0,0,0.0,0.0,100.1,1,1.441,1,0,0.0,0,0.0,0.0,100.1,1,1.441,1,0,0.0,0,0.0,0.0,100.1,1
T3522-35231-35238-3-w2,65,False,Transformer,1,3581-89516-1,Line,0.633,100.51,5388.6,1,3.447,22,0,0.0,0,0.0,0.0,100.1,1,1.076,1,0,0.0,0,0.0,0.0,100.1,1,1.076,1,0,0.0,0,0.0,0.0,100.1,1,1.076,1,0,0.0,0,0.0,0.0,100.1,1
T3522-35231-35238-3-w2,72,False,Transformer,1,3581-89516-1,Line,0.69,100.56,5745.9,1,3.482,19,0,0.0,0,0.0,0.0,100.1,1,1.404,1,0,0.0,0,0.0,0.0,100.1,1,1.404,1,0,0.0,0,0.0,0.0,100.1,1,1.404,1,0,0.0,0,0.0,0.0,100.1,1
T3522-35231-35238-3-w2,94,False,Transformer,1,3581-89516-1,Line,0.441,100.36,5470.0,1,1.32,26,0,0.0,0,0.0,0.0,100.1,1,0.63,1,0,0.0,0,0.0,0.0,100.1,1,0.63,1,0,0.0,0,0.0,0.0,100.1,1,0.63,1,0,0.0,0,0.0,0.0,100.1,1
T3522-35231-35238-3-w2,108,False,Transformer,1,3581-89516-1,Line,0.945,100.77,7006.9,1,3.853,20,0,0.0,0,0.0,0.0,100.1,1,1.628,1,0,0.0,0,0.0,0.0,100.1,1,1.628,1,0,0.0,0,0.0,0.0,100.1,1,1.628,1,0,0.0,0,0.0,0.0,100.1,1
T3522-35231-35238-3-w2,116,False,Transformer,1,3581-89516-1,Line,0.465,100.38,4604.0,1,0.992,7,0,0.0,0,0.0,0.0,100.1,1,0.846,1,0,0.0,0,0.0,0.0,100.1,1,0.846,1,0,0.0,0,0.0,0.0,100.1,1,0.846,1,0,0.0,0,0.0,0.0,100.1,1
T3522-35231-35238-3-w2,137,False,Transformer,1,3581-89516-1,Line,0.819,100.67,5053.5,1,2.437,11,0,0.0,0,0.0,0.0,100.1,1,1.722,1,0,0.0,0,0.0,0.0,100.1,1,1.722,1,0,0.0,0,0.0,0.0,100.1,1,1.722,1,0,0.0,0,0.0,0.0,100.1,1
T3522-35232-35237-2-w1,0,False,Transformer,1,3581-89516-1,Line,1.474,101.2,5299.5,1,3.437,13,0,0.0,0,0.0,0.0,100.1,1,2.687,1,0,0.0,0,0.0,0.0,100.1,1,2.687,1,0,0.0,0,0.0,0.0,100.1,1,2.687,1,0,0.0,0,0.0,0.0,100.1,1
T3522-35232-35237-2-w1,7,False,Transformer,3,3581-89516-1,Line,8.087,103.28,6073.6,1,10.37,16,0,0.0,0,0.0,0.0,100.1,1,7.771,1,0,0.0,0,0.0,0.0,100.1,1,7.771,1,0,0.0,0,0.0,0.0,100.1,1,7.771,1,0,0.0,0,0.0,0.0,100.1,1
T3522-35232-35237-2-w1,21,False,Transformer,1,3581-89516-1,Line,1.036,100.84,4735.3,1,2.57,7,0,0.0,0,0.0,0.0,100.1,1,2.268,1,0,0.0,0,0.0,0.0,100.1,1,2.268,1,0,0.0,0,0.0,0.0,100.1,1,2.268,1,0,0.0,0,0.0,0.0,100.1,1
T3522-35232-35237-2-w1,29,False,Transformer,3,3581-89516-1,Line,15.2,105.2,5968.4,1,20.704,10,1,0.122,0,0.0,100.12,100.12,1,15.599,2,0,0.0,0,0.0,0.0,100.1,1,15.599,2,0,0.0,0,0.0,0.0,100.1,1,15.599,1,0,0.0,0,0.0,0.0,100.1,1
T3522-35232-35237-2-w1,50,False,Transformer,3,3581-89516-1,Line,8.641,103.43,5312.4,1,20.504,26,0,0.0,0,0.0,0.0,100.1,1,8.138,1,0,0.0,0,0.0,0.0,100.1,1,8.138,1,0,0.0,0,0.0,0.0,100.1,1,8.138,3,0,0.0,0,0.0,0.0,100.1,1
T3522-35232-35237-2-w1,65,False,Transformer,3,3581-89516-1,Line,5.406,102.55,5388.6,1,20.274,22,0,0.0,0,0.0,0.0,100.1,1,6.383,1,0,0.0,0,0.0,0.0,100.1,1,6.383,1,0,0.0,0,0.0,0.0,100.1,1,6.383,1,0,0.0,0,0.0,0.0,100.1,1
T3522-35232-35237-2-w1,72,False,Transformer,3,3581-89516-1,Line,6.261,102.78,5745.9,1,20.174,19,0,0.0,0,0.0,0.0,100.1,1,8.194,1,0,0.0,0,0.0,0.0,100.1,1,8.194,1,0,0.0,0,0.0,0.0,100.1,1,8.194,1,0,0.0,0,0.0,0.0,100.1,1
T3522-35232-35237-2-w1,94,False,Transformer,3,3581-89516-1,Line,2.554,101.78,5470.0,1,8.565,26,0,0.0,0,0.0,0.0,100.1,1,4.102,1,0,0.0,0,0.0,0.0,100.1,1,4.102,1,0,0.0,0,0.0,0.0,100.1,1,4.102,1,0,0.0,0,0.0,0.0,100.1,1
T3522-35232-35237-2-w1,108,False,Transformer,5,3581-89516-1,Line,11.782,103.81,7006.9,0,26.8,75,0,0.0,0,0.141,0.0,100.11,1,22.307,3,1,0.603,0,0.0,100.31,100.31,1,80.28,3,0,0.0,0,0.0,0.0,100.1,1,13.183,4,0,0.0,0,0.0,0.0,100.1,1
T3522-35232-35237-2-w1,116,False,Transformer,3,3581-89516-1,Line,2.909,101.87,4604.0,1,6.351,7,0,0.0,0,0.0,0.0,100.1,1,5.417,1,0,0.0,0,0.0,0.0,100.1,1,5.417,1,0,0.0,0,0.0,0.0,100.1,1,5.417,1,0,0.0,0,0.0,0.0,100.1,1
T3522-35232-35237-2-w1,137,False,Transformer,3,3581-89516-1,Line,8.172,103.3,5053.5,1,13.807,11,0,0.0,0,0.0,0.0,100.1,1,9.777,1,0,0.0,0,0.0,0.0,100.1,1,9.777,1,0,0.0,0,0.0,0.0,100.1,1,9.777,1,0,0.0,0,0.0,0.0,100.1,1
T3522-35232-35237-2-w2,0,False,Transformer,1,3581-89516-1,Line,1.474,101.2,5299.5,1,3.438,13,0,0.0,0,0.0,0.0,100.1,1,2.688,1,0,0.0,0,0.0,0.0,100.1,1,2.688,1,0,0.0,0,0.0,0.0,100.1,1,2.688,1,0,0.0,0,0.0,0.0,100.1,1
T3522-35232-35237-2-w2,7,False,Transformer,3,3581-89516-1,Line,8.087,103.28,6073.6,1,10.371,16,0,0.0,0,0.0,0.0,100.1,1,7.772,1,0,0.0,0,0.0,0.0,100.1,1,7.772,1,0,0.0,0,0.0,0.0,100.1,1,7.772,1,0,0.0,0,0.0,0.0,100.1,1
T3522-35232-35237-2-w2,21,False,Transformer,1,3581-89516-1,Line,1.036,100.84,4735.3,1,2.571,7,0,0.0,0,0.0,0.0,100.1,1,2.268,1,0,0.0,0,0.0,0.0,100.1,1,2.268,1,0,0.0,0,0.0,0.0,100.1,1,2.268,1,0,0.0,0,0.0,0.0,100.1,1
T3522-35232-35237-2-w2,29,False,Transformer,3,3581-89516-1,Line,15.2,105.2,5968.4,1,20.707,10,1,0.122,0,0.0,100.12,100.12,1,15.601,2,0,0.0,0,0.0,0.0,100.1,1,15.601,2,0,0.0,0,0.0,0.0,100.1,1,15.601,1,0,0.0,0,0.0,0.0,100.1,1
T3522-35232-35237-2-w2,50,False,Transformer,3,3581-89516-1,Line,8.641,103.43,5312.4,1,20.509,26,0,0.0,0,0.0,0.0,100.1,1,8.139,1,0,0.0,0,0.0,0.0,100.1,1,8.139,1,0,0.0,0,0.0,0.0,100.1,1,8.139,3,0,0.0,0,0.0,0.0,100.1,1
T3522-35232-35237-2-w2,65,False,Transformer,3,3581-89516-1,Line,5.406,102.55,5388.6,1,20.281,22,0,0.0,0,0.0,0.0,100.1,1,6.384,1,0,0.0,0,0.0,0.0,100.1,1,6.384,1,0,0.0,0,0.0,0.0,100.1,1,6.384,1,0,0.0,0,0.0,0.0,100.1,1
T3522-35232-35237-2-w2,72,False,Transformer,3,3581-89516-1,Line,6.261,102.78,5745.9,1,20.18,19,0,0.0,0,0.0,0.0,100.1,1,8.195,1,0,0.0,0,0.0,0.0,100.1,1,8.195,1,0,0.0,0,0.0,0.0,100.1,1,8.195,1,0,0.0,0,0.0,0.0,100.1,1
T3522-35232-35237-2-w2,94,False,Transformer,3,3581-89516-1,Line,2.554,101.78,5470.0,1,8.567,26,0,0.0,0,0.0,0.0,100.1,1,4.102,1,0,0.0,0,0.0,0.0,100.1,1,4.102,1,0,0.0,0,0.0,0.0,100.1,1,4.102,1,0,0.0,0,0.0,0.0,100.1,1
T3522-35232-35237-2-w2,108,False,Transformer,5,3581-89516-1,Line,11.782,103.81,7006.9,0,26.807,75,0,0.0,0,0.142,0.0,100.12,1,22.308,3,1,0.603,0,0.0,100.31,100.31,1,80.354,3,0,0.0,0,0.0,0.0,100.1,1,13.185,4,0,0.0,0,0.0,0.0,100.1,1
T3522-35232-35237-2-w2,116,False,Transformer,3,3581-89516-1,Line,2.909,101.87,4604.0,1,6.352,7,0,0.0,0,0.0,0.0,100.1,1,5.418,1,0,0.0,0,0.0,0.0,100.1,1,5.418,1,0,0.0,0,0.0,0.0,100.1,1,5.418,1,0,0.0,0,0.0,0.0,100.1,1
T3522-35232-35237-2-w2,137,False,Transformer,3,3581-89516-1,Line,8.172,103.3,5053.5,1,13.809,11,0,0.0,0,0.0,0.0,100.1,1,9.778,1,0,0.0,0,0.0,0.0,100.1,1,9.778,1,0,0.0,0,0.0,0.0,100.1,1,9.778,1,0,0.0,0,0.0,0.0,100.1,1
T3852-3841-38422-2-w1,137,False,Transformer,1,3581-89516-1,Line,0.15,100.12,5053.5,1,0.096,11,0,0.0,0,0.0,0.0,100.1,1,0.068,1,0,0.0,0,0.0,0.0,100.1,1,0.068,1,0,0.0,0,0.0,0.0,100.1,1,0.068,1,0,0.0,0,0.0,0.0,100.1,1
T3852-3841-38422-2-w2,137,False,Transformer,1,3581-89516-1,Line,0.15,100.12,5053.5,1,0.096,11,0,0.0,0,0.0,0.0,100.1,1,0.068,1,0,0.0,0,0.0,0.0,100.1,1,0.068,1,0,0.0,0,0.0,0.0,100.1,1,0.068,1,0,0.0,0,0.0,0.0,100.1,1
T3934-3942-39402-1-w1,0,False,Transformer,1,3581-89516-1,Line,0.335,100.27,5299.5,1,0.538,13,0,0.0,0,0.0,0.0,100.1,1,0.42,1,0,0.0,0,0.0,0.0,100.1,1,0.42,1,0,0.0,0,0.0,0.0,100.1,1,0.42,1,0,0.0,0,0.0,0.0,100.1,1
T3934-3942-39402-1-w1,7,False,Transformer,1,3581-89516-1,Line,0.984,100.8,6073.6,1,2.277,16,0,0.0,0,0.0,0.0,100.1,1,1.704,1,0,0.0,0,0.0,0.0,100.1,1,1.704,1,0,0.0,0,0.0,0.0,100.1,1,1.704,1,0,0.0,0,0.0,0.0,100.1,1
T3934-3942-39402-1-w1,14,False,Transformer,2,T3464-3462-34641-1-w2,Transformer,23.28,102.33,6309.0,1,56.622,52,0,0.0,0,0.0,0.0,100.1,1,42.468,1,0,0.0,0,0.0,0.0,100.1,1,42.468,1,0,0.0,0,0.0,0.0,100.1,1,42.468,2,0,0.0,0,0.0,0.0,100.1,1
T3934-3942-39402-1-w1,21,False,Transformer,1,3581-89516-1,Line,0.243,100.2,4735.3,1,0.337,7,0,0.0,0,0.0,0.0,100.1,1,0.297,1,0,0.0,0,0.0,0.0,100.1,1,0.297,1,0,0.0,0,0.0,0.0,100.1,1,0.297,1,0,0.0,0,0.0,0.0,100.1,1
T3934-3942-39402-1-w1,29,False,Transformer,1,3581-89516-1,Line,0.954,100.78,5968.4,1,2.732,10,0,0.0,0,0.0,0.0,100.1,1,2.055,1,0,0.0,0,0.0,0.0,100.1,1,2.055,1,0,0.0,0,0.0,0.0,100.1,1,2.055,1,0,0.0,0,0.0,0.0,100.1,1
T3934-3942-39402-1-w1,36,False,Transformer,2,T3464-3462-34641-1-w2,Transformer,134.293,113.43,6805.4,1,359.604,56,1,0.958,0,0.0,100.19,100.19,1,255.628,6,1,0.681,0,0.0,100.13,100.13,0,192.631,6,0,0.0,0,33.224,0.0,103.35,1,255.822,7,0,0.0,0,0.0,0.0,100.1,1
T3934-3942-39402-1-w1,50,False,Transformer,7,T3464-3462-34641-1-w2,Transformer,521.78,138.66,5312.4,0,1069.541,83,1,2.395,0,1.278,101.92,101.92,1,1387.4,22,1,3.665,0,0.0,102.93,102.93,0,88.392,2,0,0.0,0,482.608,0.0,136.64,1,790.569,17,0,0.0,0,0.0,0.0,100.1,1
T3934-3942-39402-1-w1,58,False,Transformer,3,T3464-3462-34641-1-w2,Transformer,150.211,114.87,4583.8,0,411.678,83,0,0.0,0,0.898,0.0,100.18,1,290.698,7,0,0.0,0,0.0,0.0,100.1,0,404.101,15,0,0.0,0,99.776,0.0,110.03,1,290.696,8,0,0.0,0,0.0,0.0,100.1,1
T3934-3942-39402-1-w1,65,False,Transformer,3,T3464-3462-34641-1-w2,Transformer,204.953,120.34,5388.6,0,572.84,79,1,0.411,0,1.014,100.33,100.33,1,398.414,7,0,0.0,0,0.0,0.0,100.1,0,463.55,15,0,0.0,0,149.687,0.0,115.03,1,398.412,7,0,0.0,0,0.0,0.0,100.1,1
T3934-3942-39402-1-w1,72,False,Transformer,3,T3464-3462-34641-1-w2,Transformer,101.491,110.0,5745.9,0,276.454,76,1,0.736,0,0.82,100.14,100.16,1,196.166,7,1,0.522,0,0.0,100.1,100.1,0,192.631,7,0,0.0,0,70.861,0.0,107.11,1,196.176,8,0,0.0,0,0.0,0.0,100.1,1
T3934-3942-39402-1-w1,79,False,Transformer,1,3581-89516-1,Line,1.01,100.82,2728.8,1,3.829,26,0,0.0,0,0.0,0.0,100.1,1,1.755,1,0,0.0,0,0.0,0.0,100.1,1,1.755,1,0,0.0,0,0.0,0.0,100.1,1,1.755,1,0,0.0,0,0.0,0.0,100.1,1
T3934-3942-39402-1-w1,94,False,Transformer,1,3581-89516-1,Line,1.11,100.9,5470.0,1,4.101,26,0,0.0,0,0.0,0.0,100.1,1,1.954,1,0,0.0,0,0.0,0.0,100.1,1,1.954,1,0,0.0,0,0.0,0.0,100.1,1,1.954,1,0,0.0,0,0.0,0.0,100.1,1
T3934-3942-39402-1-w1,101,False,Transformer,4,T3464-3462-34641-1-w2,Transformer,570.306,142.4,5965.5,1,1149.435,54,2,3.676,0,0.0,100.6,100.6,1,856.321,17,1,2.28,0,0.0,100.44,100.44,0,192.631,1,0,0.0,0,383.788,0.0,132.46,1,858.419,18,0,0.0,0,0.0,0.0,100.1,1
T3934-3942-39402-1-w1,108,False,Transformer,6,T3464-3462-34641-1-w2,Transformer,584.021,142.72,7006.9,0,1190.159,76,2,6.047,0,1.182,102.3,102.3,1,873.112,16,2,3.936,0,0.0,101.29,101.29,0,192.631,5,0,0.0,0,492.312,0.0,137.83,1,879.072,18,0,0.0,0,0.0,0.0,100.1,1
T3934-3942-39402-1-w1,116,False,Transformer,1,3581-89516-1,Line,0.135,100.11,4604.0,1,0.034,7,0,0.0,0,0.0,0.0,100.1,1,0.029,1,0,0.0,0,0.0,0.0,100.1,1,0.029,1,0,0.0,0,0.0,0.0,100.1,1,0.029,1,0,0.0,0,0.0,0.0,100.1,1
T3934-3942-39402-1-w1,123,False,Transformer,1,3581-89516-1,Line,0.78,100.63,5593.8,1,1.747,13,0,0.0,0,0.0,0.0,100.1,1,1.301,1,0,0.0,0,0.0,0.0,100.1,1,1.301,1,0,0.0,0,0.0,0.0,100.1,1,1.301,1,0,0.0,0,0.0,0.0,100.1,1
T3934-3942-39402-1-w1,130,False,Transformer,1,3581-89516-1,Line,1.13,100.92,5592.5,1,2.656,13,0,0.0,0,0.0,0.0,100.1,1,1.994,1,0,0.0,0,0.0,0.0,100.1,1,1.994,1,0,0.0,0,0.0,0.0,100.1,1,1.994,1,0,0.0,0,0.0,0.0,100.1,1
T3934-3942-39402-1-w1,137,False,Transformer,1,3581-89516-1,Line,0.771,100.63,5053.5,1,2.269,11,0,0.0,0,0.0,0.0,100.1,1,1.603,1,0,0.0,0,0.0,0.0,100.1,1,1.603,1,0,0.0,0,0.0,0.0,100.1,1,1.603,1,0,0.0,0,0.0,0.0,100.1,1
T3934-3942-39402-1-w1,145,False,Transformer,5,T3464-3462-34641-1-w2,Transformer,474.391,136.7,4124.9,0,980.102,83,1,2.038,0,1.241,101.63,101.63,1,784.185,13,1,1.256,0,0.0,101.0,101.0,0,365.975,19,0,0.0,0,399.125,0.0,132.7,1,733.748,14,0,0.0,0,0.0,0.0,100.1,1
T3934-3942-39402-1-w1,152,False,Transformer,3,T3464-3462-34641-1-w2,Transformer,168.184,116.66,4161.2,0,445.383,82,0,0.0,0,0.918,0.0,100.18,1,325.419,7,0,0.0,0,0.0,0.0,100.1,0,326.739,15,0,0.0,0,124.66,0.0,112.51,1,325.417,7,0,0.0,0,0.0,0.0,100.1,1
T3934-3942-39402-1-w1,159,False,Transformer,5,T3464-3462-34641-1-w2,Transformer,585.656,142.81,5313.0,0,1150.59,81,1,2.719,0,1.377,102.18,102.18,1,865.192,16,1,1.579,0,0.0,101.26,101.26,0,477.567,18,0,0.0,0,488.205,0.0,137.61,1,868.822,15,0,0.0,0,0.0,0.0,100.1,1
T3934-3942-39402-1-w1,167,False,Transformer,3,T3464-3462-34641-1-w2,Transformer,150.439,114.89,3161.9,0,382.734,83,0,0.0,0,0.863,0.0,100.17,1,290.197,7,0,0.0,0,0.0,0.0,100.1,0,321.096,15,0,0.0,0,106.265,0.0,110.67,1,290.195,7,0,0.0,0,0.0,0.0,100.1,1
T3934-3942-39402-1-w2,0,False,Transformer,1,3581-89516-1,Line,0.335,100.27,5299.5,1,0.538,13,0,0.0,0,0.0,0.0,100.1,1,0.42,1,0,0.0,0,0.0,0.0,100.1,1,0.42,1,0,0.0,0,0.0,0.0,100.1,1,0.42,1,0,0.0,0,0.0,0.0,100.1,1
T3934-3942-39402-1-w2,7,False,Transformer,1,3581-89516-1,Line,0.984,100.8,6073.6,1,2.277,16,0,0.0,0,0.0,0.0,100.1,1,1.704,1,0,0.0,0,0.0,0.0,100.1,1,1.704,1,0,0.0,0,0.0,0.0,100.1,1,1.704,1,0,0.0,0,0.0,0.0,100.1,1
T3934-3942-39402-1-w2,14,False,Transformer,2,T3464-3462-34641-1-w2,Transformer,23.28,102.33,6309.0,1,56.455,52,0,0.0,0,0.0,0.0,100.1,1,42.374,1,0,0.0,0,0.0,0.0,100.1,1,42.374,1,0,0.0,0,0.0,0.0,100.1,1,42.374,2,0,0.0,0,0.0,0.0,100.1,1
T3934-3942-39402-1-w2,21,False,Transformer,1,3581-89516-1,Line,0.243,100.2,4735.3,1,0.337,7,0,0.0,0,0.0,0.0,100.1,1,0.297,1,0,0.0,0,0.0,0.0,100.1,1,0.297,1,0,0.0,0,0.0,0.0,100.1,1,0.297,1,0,0.0,0,0.0,0.0,100.1,1
T3934-3942-39402-1-w2,29,False,Transformer,1,3581-89516-1,Line,0.954,100.78,5968.4,1,2.732,10,0,0.0,0,0.0,0.0,100.1,1,2.055,1,0,0.0,0,0.0,0.0,100.1,1,2.055,1,0,0.0,0,0.0,0.0,100.1,1,2.055,1,0,0.0,0,0.0,0.0,100.1,1
T3934-3942-39402-1-w2,36,False,Transformer,2,T3464-3462-34641-1-w2,Transformer,134.293,113.43,6805.4,1,358.481,56,1,0.955,0,0.0,100.19,100.19,1,255.053,6,1,0.679,0,0.0,100.13,100.13,0,192.631,6,0,0.0,0,33.0,0.0,103.33,1,255.246,7,0,0.0,0,0.0,0.0,100.1,1
T3934-3942-39402-1-w2,50,False,Transformer,7,T3464-3462-34641-1-w2,Transformer,521.78,138.66,5312.4,0,1066.202,83,1,2.382,0,1.258,101.91,101.91,1,1394.639,22,0,0.0,0,0.0,0.0,100.1,0,88.392,2,0,0.0,0,482.416,0.0,136.63,1,788.554,17,0,0.0,0,0.0,0.0,100.1,1
T3934-3942-39402-1-w2,58,False,Transformer,3,T3464-3462-34641-1-w2,Transformer,150.211,114.87,4583.8,0,410.408,83,0,0.0,0,0.889,0.0,100.18,1,290.033,7,0,0.0,0,0.0,0.0,100.1,0,404.101,15,0,0.0,0,99.307,0.0,109.98,1,290.031,8,0,0.0,0,0.0,0.0,100.1,1
T3934-3942-39402-1-w2,65,False,Transformer,3,T3464-3462-34641-1-w2,Transformer,204.953,120.34,5388.6,0,571.057,79,1,0.404,0,0.997,100.32,100.32,1,397.502,7,0,0.0,0,0.0,0.0,100.1,0,463.55,15,0,0.0,0,149.148,0.0,114.98,1,397.5,7,0,0.0,0,0.0,0.0,100.1,1
T3934-3942-39402-1-w2,72,False,Transformer,3,T3464-3462-34641-1-w2,Transformer,101.491,110.0,5745.9,0,275.626,76,1,0.734,0,0.81,100.14,100.16,1,195.716,7,1,0.521,0,0.0,100.1,100.1,0,192.631,6,0,0.0,0,70.637,0.0,107.09,1,195.724,8,0,0.0,0,0.0,0.0,100.1,1
T3934-3942-39402-1-w2,79,False,Transformer,1,3581-89516-1,Line,1.01,100.82,2728.8,1,3.829,26,0,0.0,0,0.0,0.0,100.1,1,1.755,1,0,0.0,0,0.0,0.0,100.1,1,1.755,1,0,0.0,0,0.0,0.0,100.1,1,1.755,1,0,0.0,0,0.0,0.0,100.1,1
T3934-3942-39402-1-w2,94,False,Transformer,1,3581-89516-1,Line,1.11,100.9,5470.0,1,4.101,26,0,0.0,0,0.0,0.0,100.1,1,1.954,1,0,0.0,0,0.0,0.0,100.1,1,1.954,1,0,0.0,0,0.0,0.0,100.1,1,1.954,1,0,0.0,0,0.0,0.0,100.1,1
T3934-3942-39402-1-w2,101,False,Transformer,4,T3464-3462-34641-1-w2,Transformer,570.306,142.4,5965.5,1,1145.818,54,2,3.631,0,0.0,100.59,100.59,1,854.047,17,1,2.274,0,0.0,100.44,100.44,0,192.631,1,0,0.0,0,383.375,0.0,132.44,1,856.132,18,0,0.0,0,0.0,0.0,100.1,1
T3934-3942-39402-1-w2,108,False,Transformer,6,T3464-3462-34641-1-w2,Transformer,584.021,142.72,7006.9,0,1186.409,76,2,6.022,0,1.162,102.29,102.29,1,870.753,16,2,3.92,0,0.0,101.28,101.28,0,192.631,5,0,0.0,0,491.88,0.0,137.81,1,876.666,18,0,0.0,0,0.0,0.0,100.1,1
T3934-3942-39402-1-w2,116,False,Transformer,1,3581-89516-1,Line,0.135,100.11,4604.0,1,0.034,7,0,0.0,0,0.0,0.0,100.1,1,0.029,1,0,0.0,0,0.0,0.0,100.1,1,0.029,1,0,0.0,0,0.0,0.0,100.1,1,0.029,1,0,0.0,0,0.0,0.0,100.1,1
T3934-3942-39402-1-w2,123,False,Transformer,1,3581-89516-1,Line,0.78,100.63,5593.8,1,1.747,13,0,0.0,0,0.0,0.0,100.1,1,1.301,1,0,0.0,0,0.0,0.0,100.1,1,1.301,1,0,0.0,0,0.0,0.0,100.1,1,1.301,1,0,0.0,0,0.0,0.0,100.1,1
T3934-3942-39402-1-w2,130,False,Transformer,1,3581-89516-1,Line,1.13,100.92,5592.5,1,2.656,13,0,0.0,0,0.0,0.0,100.1,1,1.994,1,0,0.0,0,0.0,0.0,100.1,1,1.994,1,0,0.0,0,0.0,0.0,100.1,1,1.994,1,0,0.0,0,0.0,0.0,100.1,1
T3934-3942-39402-1-w2,137,False,Transformer,1,3581-89516-1,Line,0.771,100.63,5053.5,1,2.269,11,0,0.0,0,0.0,0.0,100.1,1,1.603,1,0,0.0,0,0.0,0.0,100.1,1,1.603,1,0,0.0,0,0.0,0.0,100.1,1,1.603,1,0,0.0,0,0.0,0.0,100.1,1
T3934-3942-39402-1-w2,145,False,Transformer,5,T3464-3462-34641-1-w2,Transformer,474.391,136.7,4124.9,0,977.131,83,1,2.026,0,1.226,101.62,101.62,1,752.004,13,1,1.127,0,0.0,100.9,100.9,0,365.975,19,0,0.0,0,398.342,0.0,132.66,1,731.86,14,0,0.0,0,0.0,0.0,100.1,1
T3934-3942-39402-1-w2,152,False,Transformer,3,T3464-3462-34641-1-w2,Transformer,168.184,116.66,4161.2,0,444.038,82,0,0.0,0,0.91,0.0,100.18,1,324.674,7,0,0.0,0,0.0,0.0,100.1,0,326.739,15,0,0.0,0,124.281,0.0,112.47,1,324.672,7,0,0.0,0,0.0,0.0,100.1,1
T3934-3942-39402-1-w2,159,False,Transformer,5,T3464-3462-34641-1-w2,Transformer,585.656,142.81,5313.0,0,1147.069,81,1,2.705,0,1.361,102.16,102.16,1,862.909,16,1,1.57,0,0.0,101.26,101.26,0,477.839,18,0,0.0,0,487.089,0.0,137.55,1,866.507,15,0,0.0,0,0.0,0.0,100.1,1
T3934-3942-39402-1-w2,167,False,Transformer,3,T3464-3462-34641-1-w2,Transformer,150.439,114.89,3161.9,0,381.622,83,0,0.0,0,0.857,0.0,100.17,1,289.534,7,0,0.0,0,0.0,0.0,100.1,0,321.096,15,0,0.0,0,105.892,0.0,110.63,1,289.532,7,0,0.0,0,0.0,0.0,100.1,1
T3940-3941-39423-1-w1,0,False,Transformer,1,3581-89516-1,Line,0.77,100.63,5299.5,1,1.64,13,0,0.0,0,0.0,0.0,100.1,1,1.281,1,0,0.0,0,0.0,0.0,100.1,1,1.281,1,0,0.0,0,0.0,0.0,100.1,1,1.281,1,0,0.0,0,0.0,0.0,100.1,1
T3940-3941-39423-1-w1,7,False,Transformer,1,3581-89516-1,Line,0.579,100.47,6073.6,1,1.206,16,0,0.0,0,0.0,0.0,100.1,1,0.903,1,0,0.0,0,0.0,0.0,100.1,1,0.903,1,0,0.0,0,0.0,0.0,100.1,1,0.903,1,0,0.0,0,0.0,0.0,100.1,1
T3940-3941-39423-1-w1,21,False,Transformer,1,3581-89516-1,Line,0.727,100.59,4735.3,1,1.693,7,0,0.0,0,0.0,0.0,100.1,1,1.493,1,0,0.0,0,0.0,0.0,100.1,1,1.493,1,0,0.0,0,0.0,0.0,100.1,1,1.493,1,0,0.0,0,0.0,0.0,100.1,1
T3940-3941-39423-1-w1,29,False,Transformer,1,3581-89516-1,Line,0.793,100.65,5968.4,1,2.205,10,0,0.0,0,0.0,0.0,100.1,1,1.659,1,0,0.0,0,0.0,0.0,100.1,1,1.659,1,0,0.0,0,0.0,0.0,100.1,1,1.659,1,0,0.0,0,0.0,0.0,100.1,1
T3940-3941-39423-1-w1,50,False,Transformer,2,3581-89516-1,Line,1.529,100.46,5312.4,0,4.279,59,0,0.0,0,0.58,0.0,100.11,1,1.776,2,0,0.0,0,0.0,0.0,100.1,0,0.0,0,0,0.0,0,1.529,0.0,100.46,1,1.774,2,0,0.0,0,0.0,0.0,100.1,1
T3940-3941-39423-1-w1,58,False,Transformer,1,3581-89516-1,Line,0.538,100.44,4583.8,1,2.032,26,0,0.0,0,0.0,0.0,100.1,1,0.821,1,0,0.0,0,0.0,0.0,100.1,1,0.821,1,0,0.0,0,0.0,0.0,100.1,1,0.821,1,0,0.0,0,0.0,0.0,100.1,1
T3940-3941-39423-1-w1,65,False,Transformer,1,3581-89516-1,Line,0.521,100.42,5388.6,1,2.696,22,0,0.0,0,0.0,0.0,100.1,1,0.84,1,0,0.0,0,0.0,0.0,100.1,1,0.84,1,0,0.0,0,0.0,0.0,100.1,1,0.84,1,0,0.0,0,0.0,0.0,100.1,1
T3940-3941-39423-1-w1,72,False,Transformer,1,3581-89516-1,Line,0.426,100.35,5745.9,1,1.859,19,0,0.0,0,0.0,0.0,100.1,1,0.749,1,0,0.0,0,0.0,0.0,100.1,1,0.749,1,0,0.0,0,0.0,0.0,100.1,1,0.749,1,0,0.0,0,0.0,0.0,100.1,1
T3940-3941-39423-1-w1,94,False,Transformer,1,3581-89516-1,Line,0.301,100.24,5470.0,1,0.738,26,0,0.0,0,0.0,0.0,100.1,1,0.352,1,0,0.0,0,0.0,0.0,100.1,1,0.352,1,0,0.0,0,0.0,0.0,100.1,1,0.352,1,0,0.0,0,0.0,0.0,100.1,1
T3940-3941-39423-1-w1,108,False,Transformer,2,3691-4041-1,Line,1.383,100.46,7006.9,1,4.171,30,0,0.0,0,0.0,0.0,100.1,1,1.897,2,0,0.0,0,0.0,0.0,100.1,1,6.585,2,0,0.0,0,0.0,0.0,100.1,1,1.892,2,0,0.0,0,0.0,0.0,100.1,1
T3940-3941-39423-1-w1,123,False,Transformer,1,3581-89516-1,Line,0.496,100.4,5593.8,1,0.99,13,0,0.0,0,0.0,0.0,100.1,1,0.737,1,0,0.0,0,0.0,0.0,100.1,1,0.737,1,0,0.0,0,0.0,0.0,100.1,1,0.737,1,0,0.0,0,0.0,0.0,100.1,1
T3940-3941-39423-1-w1,130,False,Transformer,1,3581-89516-1,Line,0.69,100.56,5592.5,1,1.494,13,0,0.0,0,0.0,0.0,100.1,1,1.122,1,0,0.0,0,0.0,0.0,100.1,1,1.122,1,0,0.0,0,0.0,0.0,100.1,1,1.122,1,0,0.0,0,0.0,0.0,100.1,1
T3940-3941-39423-1-w1,137,False,Transformer,1,3581-89516-1,Line,0.892,100.73,5053.5,1,2.692,11,0,0.0,0,0.0,0.0,100.1,1,1.902,1,0,0.0,0,0.0,0.0,100.1,1,1.902,1,0,0.0,0,0.0,0.0,100.1,1,1.902,1,0,0.0,0,0.0,0.0,100.1,1
T3940-3941-39423-1-w1,145,False,Transformer,1,3581-89516-1,Line,0.598,100.49,4124.9,1,1.832,26,0,0.0,0,0.0,0.0,100.1,1,0.94,1,0,0.0,0,0.0,0.0,100.1,1,0.94,1,0,0.0,0,0.0,0.0,100.1,1,0.94,1,0,0.0,0,0.0,0.0,100.1,1
T3940-3941-39423-1-w1,152,False,Transformer,1,3581-89516-1,Line,0.622,100.51,4161.2,1,1.751,25,0,0.0,0,0.0,0.0,100.1,1,0.987,1,0,0.0,0,0.0,0.0,100.1,1,0.987,1,0,0.0,0,0.0,0.0,100.1,1,0.987,1,0,0.0,0,0.0,0.0,100.1,1
T3940-3941-39423-1-w1,159,False,Transformer,1,3581-89516-1,Line,0.695,100.57,5313.0,1,1.97,25,0,0.0,0,0.0,0.0,100.1,1,1.133,1,0,0.0,0,0.0,0.0,100.1,1,1.133,1,0,0.0,0,0.0,0.0,100.1,1,1.133,1,0,0.0,0,0.0,0.0,100.1,1
T3940-3941-39423-1-w1,167,False,Transformer,1,3581-89516-1,Line,0.56,100.46,3161.9,1,1.389,26,0,0.0,0,0.0,0.0,100.1,1,0.865,1,0,0.0,0,0.0,0.0,100.1,1,0.865,1,0,0.0,0,0.0,0.0,100.1,1,0.865,1,0,0.0,0,0.0,0.0,100.1,1
T3940-3941-39423-1-w2,0,False,Transformer,1,3581-89516-1,Line,0.77,100.63,5299.5,1,1.64,13,0,0.0,0,0.0,0.0,100.1,1,1.281,1,0,0.0,0,0.0,0.0,100.1,1,1.281,1,0,0.0,0,0.0,0.0,100.1,1,1.281,1,0,0.0,0,0.0,0.0,100.1,1
T3940-3941-39423-1-w2,7,False,Transformer,1,3581-89516-1,Line,0.579,100.47,6073.6,1,1.206,16,0,0.0,0,0.0,0.0,100.1,1,0.903,1,0,0.0,0,0.0,0.0,100.1,1,0.903,1,0,0.0,0,0.0,0.0,100.1,1,0.903,1,0,0.0,0,0.0,0.0,100.1,1
T3940-3941-39423-1-w2,21,False,Transformer,1,3581-89516-1,Line,0.727,100.59,4735.3,1,1.693,7,0,0.0,0,0.0,0.0,100.1,1,1.493,1,0,0.0,0,0.0,0.0,100.1,1,1.493,1,0,0.0,0,0.0,0.0,100.1,1,1.493,1,0,0.0,0,0.0,0.0,100.1,1
T3940-3941-39423-1-w2,29,False,Transformer,1,3581-89516-1,Line,0.793,100.65,5968.4,1,2.205,10,0,0.0,0,0.0,0.0,100.1,1,1.659,1,0,0.0,0,0.0,0.0,100.1,1,1.659,1,0,0.0,0,0.0,0.0,100.1,1,1.659,1,0,0.0,0,0.0,0.0,100.1,1
T3940-3941-39423-1-w2,50,False,Transformer,2,3581-89516-1,Line,1.529,100.46,5312.4,0,4.279,59,0,0.0,0,0.58,0.0,100.11,1,1.776,2,0,0.0,0,0.0,0.0,100.1,0,0.0,0,0,0.0,0,1.529,0.0,100.46,1,1.774,2,0,0.0,0,0.0,0.0,100.1,1
T3940-3941-39423-1-w2,58,False,Transformer,1,3581-89516-1,Line,0.538,100.44,4583.8,1,2.032,26,0,0.0,0,0.0,0.0,100.1,1,0.821,1,0,0.0,0,0.0,0.0,100.1,1,0.821,1,0,0.0,0,0.0,0.0,100.1,1,0.821,1,0,0.0,0,0.0,0.0,100.1,1
T3940-3941-39423-1-w2,65,False,Transformer,1,3581-89516-1,Line,0.521,100.42,5388.6,1,2.696,22,0,0.0,0,0.0,0.0,100.1,1,0.84,1,0,0.0,0,0.0,0.0,100.1,1,0.84,1,0,0.0,0,0.0,0.0,100.1,1,0.84,1,0,0.0,0,0.0,0.0,100.1,1
T3940-3941-39423-1-w2,72,False,Transformer,1,3581-89516-1,Line,0.426,100.35,5745.9,1,1.859,19,0,0.0,0,0.0,0.0,100.1,1,0.749,1,0,0.0,0,0.0,0.0,100.1,1,0.749,1,0,0.0,0,0.0,0.0,100.1,1,0.749,1,0,0.0,0,0.0,0.0,100.1,1
T3940-3941-39423-1-w2,94,False,Transformer,1,3581-89516-1,Line,0.301,100.24,5470.0,1,0.738,26,0,0.0,0,0.0,0.0,100.1,1,0.352,1,0,0.0,0,0.0,0.0,100.1,1,0.352,1,0,0.0,0,0.0,0.0,100.1,1,0.352,1,0,0.0,0,0.0,0.0,100.1,1
T3940-3941-39423-1-w2,108,False,Transformer,2,3691-4041-1,Line,1.383,100.46,7006.9,1,4.171,30,0,0.0,0,0.0,0.0,100.1,1,1.897,2,0,0.0,0,0.0,0.0,100.1,1,6.584,2,0,0.0,0,0.0,0.0,100.1,1,1.892,2,0,0.0,0,0.0,0.0,100.1,1
T3940-3941-39423-1-w2,123,False,Transformer,1,3581-89516-1,Line,0.496,100.4,5593.8,1,0.99,13,0,0.0,0,0.0,0.0,100.1,1,0.737,1,0,0.0,0,0.0,0.0,100.1,1,0.737,1,0,0.0,0,0.0,0.0,100.1,1,0.737,1,0,0.0,0,0.0,0.0,100.1,1
T3940-3941-39423-1-w2,130,False,Transformer,1,3581-89516-1,Line,0.69,100.56,5592.5,1,1.494,13,0,0.0,0,0.0,0.0,100.1,1,1.122,1,0,0.0,0,0.0,0.0,100.1,1,1.122,1,0,0.0,0,0.0,0.0,100.1,1,1.122,1,0,0.0,0,0.0,0.0,100.1,1
T3940-3941-39423-1-w2,137,False,Transformer,1,3581-89516-1,Line,0.892,100.73,5053.5,1,2.692,11,0,0.0,0,0.0,0.0,100.1,1,1.902,1,0,0.0,0,0.0,0.0,100.1,1,1.902,1,0,0.0,0,0.0,0.0,100.1,1,1.902,1,0,0.0,0,0.0,0.0,100.1,1
T3940-3941-39423-1-w2,145,False,Transformer,1,3581-89516-1,Line,0.598,100.49,4124.9,1,1.832,26,0,0.0,0,0.0,0.0,100.1,1,0.939,1,0,0.0,0,0.0,0.0,100.1,1,0.939,1,0,0.0,0,0.0,0.0,100.1,1,0.939,1,0,0.0,0,0.0,0.0,100.1,1
T3940-3941-39423-1-w2,152,False,Transformer,1,3581-89516-1,Line,0.622,100.51,4161.2,1,1.751,25,0,0.0,0,0.0,0.0,100.1,1,0.987,1,0,0.0,0,0.0,0.0,100.1,1,0.987,1,0,0.0,0,0.0,0.0,100.1,1,0.987,1,0,0.0,0,0.0,0.0,100.1,1
T3940-3941-39423-1-w2,159,False,Transformer,1,3581-89516-1,Line,0.695,100.57,5313.0,1,1.97,25,0,0.0,0,0.0,0.0,100.1,1,1.133,1,0,0.0,0,0.0,0.0,100.1,1,1.133,1,0,0.0,0,0.0,0.0,100.1,1,1.133,1,0,0.0,0,0.0,0.0,100.1,1
T3940-3941-39423-1-w2,167,False,Transformer,1,3581-89516-1,Line,0.56,100.46,3161.9,1,1.389,26,0,0.0,0,0.0,0.0,100.1,1,0.865,1,0,0.0,0,0.0,0.0,100.1,1,0.865,1,0,0.0,0,0.0,0.0,100.1,1,0.865,1,0,0.0,0,0.0,0.0,100.1,1
T3954-3942-39421-2-w1,0,False,Transformer,1,3581-89516-1,Line,0.252,100.2,5299.5,1,0.326,13,0,0.0,0,0.0,0.0,100.1,1,0.255,1,0,0.0,0,0.0,0.0,100.1,1,0.255,1,0,0.0,0,0.0,0.0,100.1,1,0.255,1,0,0.0,0,0.0,0.0,100.1,1
T3954-3942-39421-2-w1,7,False,Transformer,1,3581-89516-1,Line,0.737,100.6,6073.6,1,1.625,16,0,0.0,0,0.0,0.0,100.1,1,1.216,1,0,0.0,0,0.0,0.0,100.1,1,1.216,1,0,0.0,0,0.0,0.0,100.1,1,1.216,1,0,0.0,0,0.0,0.0,100.1,1
T3954-3942-39421-2-w1,21,False,Transformer,1,3581-89516-1,Line,0.182,100.15,4735.3,1,0.167,7,0,0.0,0,0.0,0.0,100.1,1,0.147,1,0,0.0,0,0.0,0.0,100.1,1,0.147,1,0,0.0,0,0.0,0.0,100.1,1,0.147,1,0,0.0,0,0.0,0.0,100.1,1
T3954-3942-39421-2-w1,29,False,Transformer,1,3581-89516-1,Line,0.715,100.58,5968.4,1,1.946,10,0,0.0,0,0.0,0.0,100.1,1,1.464,1,0,0.0,0,0.0,0.0,100.1,1,1.464,1,0,0.0,0,0.0,0.0,100.1,1,1.464,1,0,0.0,0,0.0,0.0,100.1,1
T3954-3942-39421-2-w1,36,False,Transformer,3,T3464-3462-34641-1-w2,Transformer,65.603,104.72,6805.4,1,134.988,56,0,0.0,0,0.0,0.0,100.1,1,97.789,2,0,0.0,0,0.0,0.0,100.1,1,97.789,2,0,0.0,0,0.0,0.0,100.1,1,95.199,3,0,0.0,0,0.0,0.0,100.1,1
T3954-3942-39421-2-w1,50,False,Transformer,6,T3464-3462-34641-1-w2,Transformer,427.925,127.95,5312.4,0,837.58,83,1,1.469,0,1.065,101.18,101.18,1,1236.234,17,1,3.061,0,0.0,102.45,102.45,0,88.392,2,0,0.0,0,397.408,0.0,126.09,1,611.15,11,0,0.0,0,0.0,0.0,100.1,1
T3954-3942-39421-2-w1,58,False,Transformer,4,T3464-3462-34641-1-w2,Transformer,89.457,106.0,4583.8,0,180.404,83,0,0.0,0,0.712,0.0,100.14,1,128.906,4,0,0.0,0,0.0,0.0,100.1,0,458.389,18,0,0.0,0,17.016,0.0,101.34,1,125.552,6,0,0.0,0,0.0,0.0,100.1,1
T3954-3942-39421-2-w1,65,False,Transformer,4,T3464-3462-34641-1-w2,Transformer,163.863,111.07,5388.6,0,338.101,79,0,0.0,0,0.811,0.0,100.16,1,237.952,3,0,0.0,0,0.0,0.0,100.1,0,523.067,18,0,0.0,0,84.388,0.0,105.96,1,233.651,7,0,0.0,0,0.0,0.0,100.1,1
T3954-3942-39421-2-w1,72,False,Transformer,4,T3464-3462-34641-1-w2,Transformer,22.076,101.51,5745.9,0,47.358,76,0,0.0,0,1.214,0.0,100.13,1,33.142,3,0,0.0,0,0.0,0.0,100.1,1,73.257,3,0,0.0,0,0.0,0.0,100.1,1,32.337,2,0,0.0,0,0.0,0.0,100.1,1
T3954-3942-39421-2-w1,79,False,Transformer,1,3581-89516-1,Line,0.757,100.62,2728.8,1,2.736,26,0,0.0,0,0.0,0.0,100.1,1,1.254,1,0,0.0,0,0.0,0.0,100.1,1,1.254,1,0,0.0,0,0.0,0.0,100.1,1,1.254,1,0,0.0,0,0.0,0.0,100.1,1
T3954-3942-39421-2-w1,94,False,Transformer,1,3581-89516-1,Line,0.832,100.68,5470.0,1,2.944,26,0,0.0,0,0.0,0.0,100.1,1,1.403,1,0,0.0,0,0.0,0.0,100.1,1,1.403,1,0,0.0,0,0.0,0.0,100.1,1,1.403,1,0,0.0,0,0.0,0.0,100.1,1
T3954-3942-39421-2-w1,101,False,Transformer,3,T3464-3462-34641-1-w2,Transformer,466.455,131.45,5965.5,1,922.905,54,1,2.458,0,0.0,100.48,100.48,1,671.79,13,1,1.789,0,0.0,100.35,100.35,0,192.631,1,0,0.0,0,325.619,0.0,122.35,1,673.291,14,0,0.0,0,0.0,0.0,100.1,1
T3954-3942-39421-2-w1,108,False,Transformer,5,T3464-3462-34641-1-w2,Transformer,475.655,131.7,7006.9,0,956.38,76,2,4.49,0,1.007,101.55,101.55,1,750.099,12,2,3.117,0,0.0,100.9,100.9,0,192.631,5,0,0.0,0,380.045,0.0,125.47,1,691.265,14,0,0.0,0,0.0,0.0,100.1,1
T3954-3942-39421-2-w1,123,False,Transformer,1,3581-89516-1,Line,0.585,100.48,5593.8,1,1.228,13,0,0.0,0,0.0,0.0,100.1,1,0.914,1,0,0.0,0,0.0,0.0,100.1,1,0.914,1,0,0.0,0,0.0,0.0,100.1,1,0.914,1,0,0.0,0,0.0,0.0,100.1,1
T3954-3942-39421-2-w1,130,False,Transformer,1,3581-89516-1,Line,0.847,100.69,5592.5,1,1.91,13,0,0.0,0,0.0,0.0,100.1,1,1.433,1,0,0.0,0,0.0,0.0,100.1,1,1.433,1,0,0.0,0,0.0,0.0,100.1,1,1.433,1,0,0.0,0,0.0,0.0,100.1,1
T3954-3942-39421-2-w1,137,False,Transformer,1,3581-89516-1,Line,0.578,100.47,5053.5,1,1.593,11,0,0.0,0,0.0,0.0,100.1,1,1.125,1,0,0.0,0,0.0,0.0,100.1,1,1.125,1,0,0.0,0,0.0,0.0,100.1,1,1.125,1,0,0.0,0,0.0,0.0,100.1,1
T3954-3942-39421-2-w1,145,False,Transformer,4,T3464-3462-34641-1-w2,Transformer,391.564,126.14,4124.9,0,756.15,83,1,1.144,0,1.032,100.91,100.91,1,567.285,8,0,0.0,0,0.0,0.0,100.1,0,341.21,18,0,0.0,0,334.964,0.0,122.53,1,556.342,8,0,0.0,0,0.0,0.0,100.1,1
T3954-3942-39421-2-w1,152,False,Transformer,4,T3464-3462-34641-1-w2,Transformer,114.839,107.65,4161.2,0,221.315,82,0,0.0,0,0.735,0.0,100.15,1,164.27,4,0,0.0,0,0.0,0.0,100.1,0,376.203,18,0,0.0,0,52.352,0.0,103.63,1,160.153,7,0,0.0,0,0.0,0.0,100.1,1
T3954-3942-39421-2-w1,159,False,Transformer,4,T3464-3462-34641-1-w2,Transformer,476.418,131.77,5313.0,0,924.867,81,1,1.818,0,1.15,101.45,101.45,1,683.532,12,1,0.853,0,0.0,100.68,100.68,0,470.577,18,0,0.0,0,395.876,0.0,126.59,1,685.332,11,0,0.0,0,0.0,0.0,100.1,1
T3954-3942-39421-2-w1,167,False,Transformer,4,T3464-3462-34641-1-w2,Transformer,90.734,106.0,3161.9,0,166.909,83,0,0.0,0,0.694,0.0,100.14,1,128.91,4,0,0.0,0,0.0,0.0,100.1,0,333.245,18,0,0.0,0,29.495,0.0,102.07,1,126.066,5,0,0.0,0,0.0,0.0,100.1,1
T3954-3942-39421-2-w2,0,False,Transformer,1,3581-89516-1,Line,0.252,100.2,5299.5,1,0.326,13,0,0.0,0,0.0,0.0,100.1,1,0.255,1,0,0.0,0,0.0,0.0,100.1,1,0.255,1,0,0.0,0,0.0,0.0,100.1,1,0.255,1,0,0.0,0,0.0,0.0,100.1,1
T3954-3942-39421-2-w2,7,False,Transformer,1,3581-89516-1,Line,0.737,100.6,6073.6,1,1.625,16,0,0.0,0,0.0,0.0,100.1,1,1.216,1,0,0.0,0,0.0,0.0,100.1,1,1.216,1,0,0.0,0,0.0,0.0,100.1,1,1.216,1,0,0.0,0,0.0,0.0,100.1,1
T3954-3942-39421-2-w2,21,False,Transformer,1,3581-89516-1,Line,0.182,100.15,4735.3,1,0.167,7,0,0.0,0,0.0,0.0,100.1,1,0.147,1,0,0.0,0,0.0,0.0,100.1,1,0.147,1,0,0.0,0,0.0,0.0,100.1,1,0.147,1,0,0.0,0,0.0,0.0,100.1,1
T3954-3942-39421-2-w2,29,False,Transformer,1,3581-89516-1,Line,0.715,100.58,5968.4,1,1.946,10,0,0.0,0,0.0,0.0,100.1,1,1.463,1,0,0.0,0,0.0,0.0,100.1,1,1.463,1,0,0.0,0,0.0,0.0,100.1,1,1.463,1,0,0.0,0,0.0,0.0,100.1,1
T3954-3942-39421-2-w2,36,False,Transformer,3,T3464-3462-34641-1-w2,Transformer,65.603,104.72,6805.4,1,134.569,56,0,0.0,0,0.0,0.0,100.1,1,97.569,2,0,0.0,0,0.0,0.0,100.1,1,97.569,2,0,0.0,0,0.0,0.0,100.1,1,94.991,3,0,0.0,0,0.0,0.0,100.1,1
T3954-3942-39421-2-w2,50,False,Transformer,6,T3464-3462-34641-1-w2,Transformer,427.925,127.95,5312.4,0,834.984,83,1,1.458,0,1.051,101.17,101.17,1,1236.222,17,1,3.061,0,0.0,102.45,102.45,0,88.392,2,0,0.0,0,397.261,0.0,126.08,1,609.649,11,0,0.0,0,0.0,0.0,100.1,1
T3954-3942-39421-2-w2,58,False,Transformer,4,T3464-3462-34641-1-w2,Transformer,89.457,106.0,4583.8,0,179.858,83,0,0.0,0,0.707,0.0,100.14,1,128.611,4,0,0.0,0,0.0,0.0,100.1,0,458.389,18,0,0.0,0,16.273,0.0,101.29,1,125.272,6,0,0.0,0,0.0,0.0,100.1,1
T3954-3942-39421-2-w2,65,False,Transformer,4,T3464-3462-34641-1-w2,Transformer,163.863,111.07,5388.6,0,337.062,79,0,0.0,0,0.801,0.0,100.16,1,237.408,3,0,0.0,0,0.0,0.0,100.1,0,523.067,18,0,0.0,0,83.54,0.0,105.9,1,233.116,7,0,0.0,0,0.0,0.0,100.1,1
T3954-3942-39421-2-w2,72,False,Transformer,4,T3464-3462-34641-1-w2,Transformer,22.076,101.51,5745.9,0,47.231,76,0,0.0,0,1.207,0.0,100.13,1,33.066,3,0,0.0,0,0.0,0.0,100.1,1,72.612,3,0,0.0,0,0.0,0.0,100.1,1,32.265,2,0,0.0,0,0.0,0.0,100.1,1
T3954-3942-39421-2-w2,79,False,Transformer,1,3581-89516-1,Line,0.757,100.62,2728.8,1,2.736,26,0,0.0,0,0.0,0.0,100.1,1,1.254,1,0,0.0,0,0.0,0.0,100.1,1,1.254,1,0,0.0,0,0.0,0.0,100.1,1,1.254,1,0,0.0,0,0.0,0.0,100.1,1
T3954-3942-39421-2-w2,94,False,Transformer,1,3581-89516-1,Line,0.832,100.68,5470.0,1,2.944,26,0,0.0,0,0.0,0.0,100.1,1,1.403,1,0,0.0,0,0.0,0.0,100.1,1,1.403,1,0,0.0,0,0.0,0.0,100.1,1,1.403,1,0,0.0,0,0.0,0.0,100.1,1
T3954-3942-39421-2-w2,101,False,Transformer,3,T3464-3462-34641-1-w2,Transformer,466.455,131.45,5965.5,1,920.022,54,1,2.45,0,0.0,100.48,100.48,1,670.121,13,1,1.785,0,0.0,100.35,100.35,0,192.631,1,0,0.0,0,325.306,0.0,122.33,1,671.613,14,0,0.0,0,0.0,0.0,100.1,1
T3954-3942-39421-2-w2,108,False,Transformer,5,T3464-3462-34641-1-w2,Transformer,475.655,131.7,7006.9,0,953.387,76,2,4.47,0,0.992,101.55,101.55,1,750.092,12,2,3.117,0,0.0,100.9,100.9,0,192.631,4,0,0.0,0,379.733,0.0,125.45,1,689.497,14,0,0.0,0,0.0,0.0,100.1,1
T3954-3942-39421-2-w2,123,False,Transformer,1,3581-89516-1,Line,0.585,100.48,5593.8,1,1.228,13,0,0.0,0,0.0,0.0,100.1,1,0.914,1,0,0.0,0,0.0,0.0,100.1,1,0.914,1,0,0.0,0,0.0,0.0,100.1,1,0.914,1,0,0.0,0,0.0,0.0,100.1,1
T3954-3942-39421-2-w2,130,False,Transformer,1,3581-89516-1,Line,0.847,100.69,5592.5,1,1.909,13,0,0.0,0,0.0,0.0,100.1,1,1.433,1,0,0.0,0,0.0,0.0,100.1,1,1.433,1,0,0.0,0,0.0,0.0,100.1,1,1.433,1,0,0.0,0,0.0,0.0,100.1,1
T3954-3942-39421-2-w2,137,False,Transformer,1,3581-89516-1,Line,0.578,100.47,5053.5,1,1.593,11,0,0.0,0,0.0,0.0,100.1,1,1.125,1,0,0.0,0,0.0,0.0,100.1,1,1.125,1,0,0.0,0,0.0,0.0,100.1,1,1.125,1,0,0.0,0,0.0,0.0,100.1,1
T3954-3942-39421-2-w2,145,False,Transformer,4,T3464-3462-34641-1-w2,Transformer,391.564,126.14,4124.9,0,753.875,83,1,1.134,0,1.021,100.91,100.91,1,566.023,8,0,0.0,0,0.0,0.0,100.1,0,341.21,18,0,0.0,0,334.41,0.0,122.49,1,555.057,8,0,0.0,0,0.0,0.0,100.1,1
T3954-3942-39421-2-w2,152,False,Transformer,4,T3464-3462-34641-1-w2,Transformer,114.839,107.65,4161.2,0,220.654,82,0,0.0,0,0.731,0.0,100.15,1,163.895,4,0,0.0,0,0.0,0.0,100.1,0,376.203,18,0,0.0,0,51.742,0.0,103.59,1,159.79,7,0,0.0,0,0.0,0.0,100.1,1
T3954-3942-39421-2-w2,159,False,Transformer,4,T3464-3462-34641-1-w2,Transformer,476.418,131.77,5313.0,0,922.056,81,1,1.806,0,1.139,101.45,101.45,1,681.831,12,1,0.846,0,0.0,100.68,100.68,0,470.577,18,0,0.0,0,395.113,0.0,126.54,1,683.609,11,0,0.0,0,0.0,0.0,100.1,1
T3954-3942-39421-2-w2,167,False,Transformer,4,T3464-3462-34641-1-w2,Transformer,90.734,106.0,3161.9,0,166.431,83,0,0.0,0,0.691,0.0,100.14,1,128.616,4,0,0.0,0,0.0,0.0,100.1,0,333.245,18,0,0.0,0,28.955,0.0,102.03,1,125.78,5,0,0.0,0,0.0,0.0,100.1,1
T4384-4382-43821-1-w1,0,False,Transformer,3,3581-89516-1,Line,17.639,105.86,5299.5,1,17.893,13,0,0.0,0,0.0,0.0,100.1,1,14.001,1,0,0.0,0,0.0,0.0,100.1,1,14.001,1,0,0.0,0,0.0,0.0,100.1,1,14.001,2,0,0.0,0,0.0,0.0,100.1,1
T4384-4382-43821-1-w1,7,False,Transformer,3,3581-89516-1,Line,21.187,106.83,6073.6,1,21.779,16,0,0.0,0,0.0,0.0,100.1,1,16.336,1,0,0.0,0,0.0,0.0,100.1,1,16.336,1,0,0.0,0,0.0,0.0,100.1,1,16.336,2,0,0.0,0,0.0,0.0,100.1,1
T4384-4382-43821-1-w1,21,False,Transformer,3,3581-89516-1,Line,13.921,104.86,4735.3,1,16.338,7,0,0.0,0,0.0,0.0,100.1,1,14.421,1,0,0.0,0,0.0,0.0,100.1,1,14.421,1,0,0.0,0,0.0,0.0,100.1,1,14.421,1,0,0.0,0,0.0,0.0,100.1,1
T4384-4382-43821-1-w1,29,False,Transformer,3,3581-89516-1,Line,26.878,108.37,5968.4,1,33.227,10,1,0.197,0,0.0,100.19,100.19,1,25.067,2,1,0.148,0,0.0,100.14,100.14,0,88.404,5,0,0.0,0,1.499,0.0,101.22,1,25.116,3,0,0.0,0,0.0,0.0,100.1,1
T4384-4382-43821-1-w1,50,False,Transformer,8,3581-89516-1,Line,138.309,108.49,5312.4,0,351.978,92,0,0.0,0,0.627,0.0,100.13,1,861.043,14,0,0.0,0,0.0,0.0,100.1,0,0.0,0,0,0.0,0,138.309,0.0,108.49,1,243.218,12,0,0.0,0,0.0,0.0,100.1,1
T4384-4382-43821-1-w1,58,False,Transformer,3,3581-89516-1,Line,32.032,109.76,4583.8,1,57.357,26,0,0.0,0,0.0,0.0,100.1,1,23.475,1,0,0.0,0,0.0,0.0,100.1,1,23.475,1,0,0.0,0,0.0,0.0,100.1,1,23.475,3,0,0.0,0,0.0,0.0,100.1,1
T4384-4382-43821-1-w1,65,False,Transformer,3,3581-89516-1,Line,33.261,110.1,5388.6,1,81.288,22,0,0.0,0,0.0,0.0,100.1,1,27.887,3,0,0.0,0,0.0,0.0,100.1,1,27.887,3,0,0.0,0,0.0,0.0,100.1,1,27.887,3,0,0.0,0,0.0,0.0,100.1,1
T4384-4382-43821-1-w1,72,False,Transformer,3,3581-89516-1,Line,29.988,109.21,5745.9,1,67.413,19,0,0.0,0,0.0,0.0,100.1,1,27.686,3,0,0.0,0,0.0,0.0,100.1,1,27.686,3,0,0.0,0,0.0,0.0,100.1,1,27.686,3,0,0.0,0,0.0,0.0,100.1,1
T4384-4382-43821-1-w1,79,False,Transformer,3,3581-89516-1,Line,29.809,109.16,2728.8,1,47.504,26,0,0.0,0,0.0,0.0,100.1,1,22.012,2,0,0.0,0,0.0,0.0,100.1,1,22.012,2,0,0.0,0,0.0,0.0,100.1,1,22.012,3,0,0.0,0,0.0,0.0,100.1,1
T4384-4382-43821-1-w1,94,False,Transformer,3,3581-89516-1,Line,22.359,107.14,5470.0,1,35.519,26,0,0.0,0,0.0,0.0,100.1,1,17.108,1,0,0.0,0,0.0,0.0,100.1,1,17.108,1,0,0.0,0,0.0,0.0,100.1,1,17.108,2,0,0.0,0,0.0,0.0,100.1,1
T4384-4382-43821-1-w1,101,False,Transformer,6,T3464-3462-34641-1-w2,Transformer,169.286,111.81,5965.5,1,489.113,87,1,1.303,0,0.0,100.25,100.25,1,334.231,8,1,0.89,0,0.0,100.17,100.17,0,192.631,4,0,0.0,0,126.208,0.0,109.34,1,334.692,9,0,0.0,0,0.0,0.0,100.1,1
T4384-4382-43821-1-w1,108,False,Transformer,7,T3464-3462-34641-1-w2,Transformer,201.744,111.49,7006.9,1,514.867,85,1,1.371,0,0.0,100.27,100.27,1,390.528,9,1,1.04,0,0.0,100.2,100.2,0,192.631,6,0,0.0,0,137.868,0.0,109.09,1,360.286,10,0,0.0,0,0.0,0.0,100.1,1
T4384-4382-43821-1-w1,116,False,Transformer,3,3581-89516-1,Line,14.659,105.06,4604.0,1,17.608,7,0,0.0,0,0.0,0.0,100.1,1,15.027,1,0,0.0,0,0.0,0.0,100.1,1,15.027,1,0,0.0,0,0.0,0.0,100.1,1,15.027,1,0,0.0,0,0.0,0.0,100.1,1
T4384-4382-43821-1-w1,123,False,Transformer,3,3581-89516-1,Line,24.131,107.62,5593.8,1,24.495,13,0,0.0,0,0.0,0.0,100.1,1,18.274,2,0,0.0,0,0.0,0.0,100.1,1,18.274,2,0,0.0,0,0.0,0.0,100.1,1,18.274,1,0,0.0,0,0.0,0.0,100.1,1
T4384-4382-43821-1-w1,130,False,Transformer,3,3581-89516-1,Line,28.294,108.75,5592.5,1,27.94,13,0,0.0,0,0.0,0.0,100.1,1,21.014,2,0,0.0,0,0.0,0.0,100.1,1,21.014,2,0,0.0,0,0.0,0.0,100.1,1,21.014,1,0,0.0,0,0.0,0.0,100.1,1
T4384-4382-43821-1-w1,137,False,Transformer,3,3581-89516-1,Line,27.408,108.51,5053.5,1,35.956,11,1,0.213,0,0.0,100.2,100.2,1,25.502,2,1,0.151,0,0.0,100.14,100.14,0,90.399,3,0,0.0,0,1.633,0.0,101.33,1,25.555,2,0,0.0,0,0.0,0.0,100.1,1
T4384-4382-43821-1-w1,145,False,Transformer,6,3581-89516-1,Line,136.353,109.65,4124.9,0,337.308,92,0,0.0,0,1.551,0.0,100.2,1,242.588,9,0,0.0,0,0.0,0.0,100.1,0,435.659,28,0,0.0,0,37.252,0.0,103.21,1,233.428,9,0,0.0,0,0.0,0.0,100.1,1
T4384-4382-43821-1-w1,152,False,Transformer,3,3581-89516-1,Line,31.089,109.51,4161.2,1,40.297,25,0,0.0,0,0.0,0.0,100.1,1,22.855,2,0,0.0,0,0.0,0.0,100.1,1,22.855,2,0,0.0,0,0.0,0.0,100.1,1,22.855,1,0,0.0,0,0.0,0.0,100.1,1
T4384-4382-43821-1-w1,159,False,Transformer,6,T3464-3462-34641-1-w2,Transformer,200.973,111.94,5313.0,0,506.173,90,0,0.0,0,1.751,0.0,100.24,1,360.968,7,0,0.0,0,0.0,0.0,100.1,0,502.699,28,0,0.0,0,83.013,0.0,106.27,1,360.219,7,0,0.0,0,0.0,0.0,100.1,1
T4384-4382-43821-1-w1,167,False,Transformer,3,3581-89516-1,Line,26.549,108.28,3161.9,1,31.72,26,0,0.0,0,0.0,0.0,100.1,1,19.866,1,0,0.0,0,0.0,0.0,100.1,1,19.866,1,0,0.0,0,0.0,0.0,100.1,1,19.866,2,0,0.0,0,0.0,0.0,100.1,1
T4384-4382-43821-1-w2,0,False,Transformer,3,3581-89516-1,Line,17.639,105.86,5299.5,1,17.891,13,0,0.0,0,0.0,0.0,100.1,1,14.0,1,0,0.0,0,0.0,0.0,100.1,1,14.0,1,0,0.0,0,0.0,0.0,100.1,1,14.0,2,0,0.0,0,0.0,0.0,100.1,1
T4384-4382-43821-1-w2,7,False,Transformer,3,3581-89516-1,Line,21.187,106.83,6073.6,1,21.776,16,0,0.0,0,0.0,0.0,100.1,1,16.335,1,0,0.0,0,0.0,0.0,100.1,1,16.335,1,0,0.0,0,0.0,0.0,100.1,1,16.335,2,0,0.0,0,0.0,0.0,100.1,1
T4384-4382-43821-1-w2,21,False,Transformer,3,3581-89516-1,Line,13.921,104.86,4735.3,1,16.335,7,0,0.0,0,0.0,0.0,100.1,1,14.419,1,0,0.0,0,0.0,0.0,100.1,1,14.419,1,0,0.0,0,0.0,0.0,100.1,1,14.419,1,0,0.0,0,0.0,0.0,100.1,1
T4384-4382-43821-1-w2,29,False,Transformer,3,3581-89516-1,Line,26.878,108.37,5968.4,1,33.222,10,1,0.196,0,0.0,100.19,100.19,1,25.064,2,1,0.148,0,0.0,100.14,100.14,0,88.404,5,0,0.0,0,1.495,0.0,101.22,1,25.113,3,0,0.0,0,0.0,0.0,100.1,1
T4384-4382-43821-1-w2,50,False,Transformer,8,3581-89516-1,Line,138.309,108.49,5312.4,0,351.322,92,0,0.0,0,0.614,0.0,100.12,1,859.701,14,0,0.0,0,0.0,0.0,100.1,0,0.0,0,0,0.0,0,138.309,0.0,108.49,1,242.833,12,0,0.0,0,0.0,0.0,100.1,1
T4384-4382-43821-1-w2,58,False,Transformer,3,3581-89516-1,Line,32.032,109.76,4583.8,1,57.344,26,0,0.0,0,0.0,0.0,100.1,1,23.473,1,0,0.0,0,0.0,0.0,100.1,1,23.473,1,0,0.0,0,0.0,0.0,100.1,1,23.473,3,0,0.0,0,0.0,0.0,100.1,1
T4384-4382-43821-1-w2,65,False,Transformer,3,3581-89516-1,Line,33.261,110.1,5388.6,1,81.262,22,0,0.0,0,0.0,0.0,100.1,1,27.883,3,0,0.0,0,0.0,0.0,100.1,1,27.883,3,0,0.0,0,0.0,0.0,100.1,1,27.883,3,0,0.0,0,0.0,0.0,100.1,1
T4384-4382-43821-1-w2,72,False,Transformer,3,3581-89516-1,Line,29.988,109.21,5745.9,1,67.394,19,0,0.0,0,0.0,0.0,100.1,1,27.683,3,0,0.0,0,0.0,0.0,100.1,1,27.683,3,0,0.0,0,0.0,0.0,100.1,1,27.683,3,0,0.0,0,0.0,0.0,100.1,1
T4384-4382-43821-1-w2,79,False,Transformer,3,3581-89516-1,Line,29.809,109.16,2728.8,1,47.494,26,0,0.0,0,0.0,0.0,100.1,1,22.009,2,0,0.0,0,0.0,0.0,100.1,1,22.009,2,0,0.0,0,0.0,0.0,100.1,1,22.009,3,0,0.0,0,0.0,0.0,100.1,1
T4384-4382-43821-1-w2,94,False,Transformer,3,3581-89516-1,Line,22.359,107.14,5470.0,1,35.512,26,0,0.0,0,0.0,0.0,100.1,1,17.106,1,0,0.0,0,0.0,0.0,100.1,1,17.106,1,0,0.0,0,0.0,0.0,100.1,1,17.106,2,0,0.0,0,0.0,0.0,100.1,1
T4384-4382-43821-1-w2,101,False,Transformer,6,T3464-3462-34641-1-w2,Transformer,169.286,111.81,5965.5,1,488.086,87,1,1.3,0,0.0,100.25,100.25,1,333.725,8,1,0.889,0,0.0,100.17,100.17,0,192.631,4,0,0.0,0,126.069,0.0,109.33,1,334.184,9,0,0.0,0,0.0,0.0,100.1,1
T4384-4382-43821-1-w2,108,False,Transformer,7,T3464-3462-34641-1-w2,Transformer,201.744,111.49,7006.9,1,513.839,85,1,1.368,0,0.0,100.27,100.27,1,389.989,9,1,1.039,0,0.0,100.2,100.2,0,192.631,6,0,0.0,0,137.702,0.0,109.08,1,359.723,10,0,0.0,0,0.0,0.0,100.1,1
T4384-4382-43821-1-w2,116,False,Transformer,3,3581-89516-1,Line,14.659,105.06,4604.0,1,17.606,7,0,0.0,0,0.0,0.0,100.1,1,15.026,1,0,0.0,0,0.0,0.0,100.1,1,15.026,1,0,0.0,0,0.0,0.0,100.1,1,15.026,1,0,0.0,0,0.0,0.0,100.1,1
T4384-4382-43821-1-w2,123,False,Transformer,3,3581-89516-1,Line,24.131,107.62,5593.8,1,24.492,13,0,0.0,0,0.0,0.0,100.1,1,18.272,2,0,0.0,0,0.0,0.0,100.1,1,18.272,2,0,0.0,0,0.0,0.0,100.1,1,18.272,1,0,0.0,0,0.0,0.0,100.1,1
T4384-4382-43821-1-w2,130,False,Transformer,3,3581-89516-1,Line,28.294,108.75,5592.5,1,27.936,13,0,0.0,0,0.0,0.0,100.1,1,21.012,2,0,0.0,0,0.0,0.0,100.1,1,21.012,2,0,0.0,0,0.0,0.0,100.1,1,21.012,1,0,0.0,0,0.0,0.0,100.1,1
T4384-4382-43821-1-w2,137,False,Transformer,3,3581-89516-1,Line,27.408,108.51,5053.5,1,35.95,11,1,0.213,0,0.0,100.2,100.2,1,25.499,2,1,0.151,0,0.0,100.14,100.14,0,90.399,3,0,0.0,0,1.628,0.0,101.32,1,25.552,2,0,0.0,0,0.0,0.0,100.1,1
T4384-4382-43821-1-w2,145,False,Transformer,6,3581-89516-1,Line,136.353,109.65,4124.9,0,336.706,92,0,0.0,0,1.528,0.0,100.2,1,242.253,9,0,0.0,0,0.0,0.0,100.1,0,442.419,28,0,0.0,0,35.599,0.0,103.1,1,233.075,9,0,0.0,0,0.0,0.0,100.1,1
T4384-4382-43821-1-w2,152,False,Transformer,3,3581-89516-1,Line,31.089,109.51,4161.2,1,40.29,25,0,0.0,0,0.0,0.0,100.1,1,22.852,2,0,0.0,0,0.0,0.0,100.1,1,22.852,2,0,0.0,0,0.0,0.0,100.1,1,22.852,1,0,0.0,0,0.0,0.0,100.1,1
T4384-4382-43821-1-w2,159,False,Transformer,6,T3464-3462-34641-1-w2,Transformer,200.973,111.94,5313.0,0,505.201,90,0,0.0,0,1.728,0.0,100.24,1,360.469,7,0,0.0,0,0.0,0.0,100.1,0,507.752,29,0,0.0,0,81.858,0.0,106.19,1,359.675,7,0,0.0,0,0.0,0.0,100.1,1
T4384-4382-43821-1-w2,167,False,Transformer,3,3581-89516-1,Line,26.549,108.28,3161.9,1,31.715,26,0,0.0,0,0.0,0.0,100.1,1,19.864,1,0,0.0,0,0.0,0.0,100.1,1,19.864,1,0,0.0,0,0.0,0.0,100.1,1,19.864,2,0,0.0,0,0.0,0.0,100.1,1
T4472-4461-44623-3-w1,36,False,Transformer,2,T4472-4471-44624-4-w1,Transformer,21.096,105.82,6805.4,0,0.0,0,0,0.0,0,21.096,0.0,105.82,0,0.0,0,0,0.0,0,21.096,0.0,105.82,0,0.0,0,0,0.0,0,21.096,0.0,105.82,1,825.973,23,0,0.0,0,0.0,0.0,100.1,1
T4472-4461-44623-3-w1,58,False,Transformer,1,T4472-4471-44624-4-w1,Transformer,7.085,102.83,4583.8,0,0.0,0,0,0.0,0,7.085,0.0,102.83,0,0.0,0,0,0.0,0,7.085,0.0,102.83,0,0.0,0,0,0.0,0,7.085,0.0,102.83,1,394.846,16,0,0.0,0,0.0,0.0,100.1,1
T4472-4461-44623-3-w1,79,False,Transformer,2,T4472-4471-44624-4-w1,Transformer,52.111,112.02,2728.8,0,0.0,0,0,0.0,0,52.111,0.0,112.02,0,0.0,0,0,0.0,0,52.111,0.0,112.02,0,0.0,0,0,0.0,0,52.111,0.0,112.02,1,1721.837,103,0,0.0,0,0.0,0.0,100.1,1
T4472-4461-44623-3-w1,87,False,Transformer,2,T4472-4471-44624-4-w1,Transformer,61.835,113.97,1883.6,0,0.0,0,0,0.0,0,61.835,0.0,113.97,0,0.0,0,0,0.0,0,61.835,0.0,113.97,0,0.0,0,0,0.0,0,61.835,0.0,113.97,0,1883.564,157,0,0.0,0,2.062,0.0,100.92,0
T4472-4461-44623-3-w1,101,False,Transformer,1,T4472-4471-44624-4-w1,Transformer,2.185,100.87,5965.5,0,0.0,0,0,0.0,0,2.185,0.0,100.87,0,0.0,0,0,0.0,0,2.185,0.0,100.87,0,0.0,0,0,0.0,0,2.185,0.0,100.87,1,111.775,5,0,0.0,0,0.0,0.0,100.1,1
T4472-4461-44623-3-w1,108,False,Transformer,2,T4472-4471-44624-4-w1,Transformer,34.322,108.46,7006.9,0,0.0,0,0,0.0,0,34.322,0.0,108.46,0,0.0,0,0,0.0,0,34.322,0.0,108.46,0,0.0,0,0,0.0,0,34.322,0.0,108.46,1,1207.998,15,0,0.0,0,0.0,0.0,100.1,1
T4472-4461-44623-3-w2,36,False,Transformer,2,T4472-4471-44624-4-w1,Transformer,21.096,105.82,6805.4,0,0.0,0,0,0.0,0,21.096,0.0,105.82,0,0.0,0,0,0.0,0,21.096,0.0,105.82,0,0.0,0,0,0.0,0,21.096,0.0,105.82,1,894.804,28,0,0.0,0,0.0,0.0,100.1,1
T4472-4461-44623-3-w2,58,False,Transformer,1,T4472-4471-44624-4-w1,Transformer,7.085,102.83,4583.8,0,0.0,0,0,0.0,0,7.085,0.0,102.83,0,0.0,0,0,0.0,0,7.085,0.0,102.83,0,0.0,0,0,0.0,0,7.085,0.0,102.83,1,427.749,16,0,0.0,0,0.0,0.0,100.1,1
T4472-4461-44623-3-w2,79,False,Transformer,2,T4472-4471-44624-4-w1,Transformer,52.111,112.02,2728.8,0,0.0,0,0,0.0,0,52.111,0.0,112.02,0,0.0,0,0,0.0,0,52.111,0.0,112.02,0,0.0,0,0,0.0,0,52.111,0.0,112.02,1,1865.324,116,0,0.0,0,0.0,0.0,100.1,1
T4472-4461-44623-3-w2,87,False,Transformer,2,T4472-4471-44624-4-w1,Transformer,61.835,113.97,1883.6,0,0.0,0,0,0.0,0,61.835,0.0,113.97,0,0.0,0,0,0.0,0,61.835,0.0,113.97,0,0.0,0,0,0.0,0,61.835,0.0,113.97,0,1883.564,157,0,0.0,0,6.149,0.0,101.93,0
T4472-4461-44623-3-w2,101,False,Transformer,1,T4472-4471-44624-4-w1,Transformer,2.185,100.87,5965.5,0,0.0,0,0,0.0,0,2.185,0.0,100.87,0,0.0,0,0,0.0,0,2.185,0.0,100.87,0,0.0,0,0,0.0,0,2.185,0.0,100.87,1,121.09,5,0,0.0,0,0.0,0.0,100.1,1
T4472-4461-44623-3-w2,108,False,Transformer,2,T4472-4471-44624-4-w1,Transformer,34.322,108.46,7006.9,0,0.0,0,0,0.0,0,34.322,0.0,108.46,0,0.0,0,0,0.0,0,34.322,0.0,108.46,0,0.0,0,0,0.0,0,34.322,0.0,108.46,1,1308.665,16,0,0.0,0,0.0,0.0,100.1,1
T4472-4471-44624-4-w1,36,False,Transformer,2,T4472-4461-44623-3-w1,Transformer,25.096,105.82,6805.4,0,0.0,0,0,0.0,0,25.096,0.0,105.82,0,0.0,0,0,0.0,0,25.096,0.0,105.82,0,0.0,0,0,0.0,0,25.096,0.0,105.82,1,825.973,23,0,0.0,0,0.0,0.0,100.1,1
T4472-4471-44624-4-w1,58,False,Transformer,2,T4472-4461-44623-3-w1,Transformer,10.17,102.83,4583.8,0,0.0,0,0,0.0,0,10.17,0.0,102.83,0,0.0,0,0,0.0,0,10.17,0.0,102.83,0,0.0,0,0,0.0,0,10.17,0.0,102.83,1,394.846,16,0,0.0,0,0.0,0.0,100.1,1
T4472-4471-44624-4-w1,79,False,Transformer,2,T4472-4461-44623-3-w1,Transformer,56.111,112.02,2728.8,0,0.0,0,0,0.0,0,56.111,0.0,112.02,0,0.0,0,0,0.0,0,56.111,0.0,112.02,0,0.0,0,0,0.0,0,56.111,0.0,112.02,1,1761.534,107,0,0.0,0,0.0,0.0,100.1,1
T4472-4471-44624-4-w1,87,False,Transformer,2,T4472-4461-44623-3-w1,Transformer,65.835,113.97,1883.6,0,0.0,0,0,0.0,0,65.835,0.0,113.97,0,0.0,0,0,0.0,0,65.835,0.0,113.97,0,0.0,0,0,0.0,0,65.835,0.0,113.97,0,1883.564,157,0,0.0,0,5.137,0.0,101.31,0
T4472-4471-44624-4-w1,101,False,Transformer,1,T4472-4461-44623-3-w1,Transformer,2.185,100.87,5965.5,0,0.0,0,0,0.0,0,2.185,0.0,100.87,0,0.0,0,0,0.0,0,2.185,0.0,100.87,0,0.0,0,0,0.0,0,2.185,0.0,100.87,1,111.775,5,0,0.0,0,0.0,0.0,100.1,1
T4472-4471-44624-4-w1,108,False,Transformer,2,T4472-4461-44623-3-w1,Transformer,38.322,108.46,7006.9,0,0.0,0,0,0.0,0,38.322,0.0,108.46,0,0.0,0,0,0.0,0,38.322,0.0,108.46,0,0.0,0,0,0.0,0,38.322,0.0,108.46,1,1207.998,15,0,0.0,0,0.0,0.0,100.1,1
T4472-4471-44624-4-w2,36,False,Transformer,2,T4472-4461-44623-3-w1,Transformer,25.096,105.82,6805.4,0,0.0,0,0,0.0,0,25.096,0.0,105.82,0,0.0,0,0,0.0,0,25.096,0.0,105.82,0,0.0,0,0,0.0,0,25.096,0.0,105.82,1,894.804,28,0,0.0,0,0.0,0.0,100.1,1
T4472-4471-44624-4-w2,58,False,Transformer,2,T4472-4461-44623-3-w1,Transformer,10.17,102.83,4583.8,0,0.0,0,0,0.0,0,10.17,0.0,102.83,0,0.0,0,0,0.0,0,10.17,0.0,102.83,0,0.0,0,0,0.0,0,10.17,0.0,102.83,1,427.749,16,0,0.0,0,0.0,0.0,100.1,1
T4472-4471-44624-4-w2,79,False,Transformer,2,T4472-4461-44623-3-w1,Transformer,56.111,112.02,2728.8,0,0.0,0,0,0.0,0,56.111,0.0,112.02,0,0.0,0,0,0.0,0,56.111,0.0,112.02,0,0.0,0,0,0.0,0,56.111,0.0,112.02,1,1937.688,123,0,0.0,0,0.0,0.0,100.1,1
T4472-4471-44624-4-w2,87,False,Transformer,2,T4472-4461-44623-3-w1,Transformer,65.835,113.97,1883.6,0,0.0,0,0,0.0,0,65.835,0.0,113.97,0,0.0,0,0,0.0,0,65.835,0.0,113.97,0,0.0,0,0,0.0,0,65.835,0.0,113.97,0,1883.564,157,0,0.0,0,10.153,0.0,102.3,0
T4472-4471-44624-4-w2,101,False,Transformer,1,T4472-4461-44623-3-w1,Transformer,2.185,100.87,5965.5,0,0.0,0,0,0.0,0,2.185,0.0,100.87,0,0.0,0,0,0.0,0,2.185,0.0,100.87,0,0.0,0,0,0.0,0,2.185,0.0,100.87,1,121.09,5,0,0.0,0,0.0,0.0,100.1,1
T4472-4471-44624-4-w2,108,False,Transformer,2,T4472-4461-44623-3-w1,Transformer,38.322,108.46,7006.9,0,0.0,0,0,0.0,0,38.322,0.0,108.46,0,0.0,0,0,0.0,0,38.322,0.0,108.46,0,0.0,0,0,0.0,0,38.322,0.0,108.46,1,1308.665,16,0,0.0,0,0.0,0.0,100.1,1
T4942-4941-49422-2-w1,0,False,Transformer,1,3581-89516-1,Line,0.167,100.14,5299.5,1,0.112,13,0,0.0,0,0.0,0.0,100.1,1,0.087,1,0,0.0,0,0.0,0.0,100.1,1,0.087,1,0,0.0,0,0.0,0.0,100.1,1,0.087,1,0,0.0,0,0.0,0.0,100.1,1
T4942-4941-49422-2-w1,21,False,Transformer,1,3581-89516-1,Line,0.222,100.18,4735.3,1,0.277,7,0,0.0,0,0.0,0.0,100.1,1,0.244,1,0,0.0,0,0.0,0.0,100.1,1,0.244,1,0,0.0,0,0.0,0.0,100.1,1,0.244,1,0,0.0,0,0.0,0.0,100.1,1
T4942-4941-49422-2-w1,29,False,Transformer,1,3581-89516-1,Line,0.465,100.38,5968.4,1,1.124,10,0,0.0,0,0.0,0.0,100.1,1,0.846,1,0,0.0,0,0.0,0.0,100.1,1,0.846,1,0,0.0,0,0.0,0.0,100.1,1,0.846,1,0,0.0,0,0.0,0.0,100.1,1
T4942-4941-49422-2-w1,50,False,Transformer,1,3581-89516-1,Line,0.143,100.12,5312.4,1,0.101,26,0,0.0,0,0.0,0.0,100.1,1,0.04,1,0,0.0,0,0.0,0.0,100.1,1,0.04,1,0,0.0,0,0.0,0.0,100.1,1,0.04,1,0,0.0,0,0.0,0.0,100.1,1
T4942-4941-49422-2-w1,58,False,Transformer,1,3581-89516-1,Line,0.281,100.23,4583.8,1,0.776,26,0,0.0,0,0.0,0.0,100.1,1,0.314,1,0,0.0,0,0.0,0.0,100.1,1,0.314,1,0,0.0,0,0.0,0.0,100.1,1,0.314,1,0,0.0,0,0.0,0.0,100.1,1
T4942-4941-49422-2-w1,65,False,Transformer,1,3581-89516-1,Line,0.283,100.23,5388.6,1,1.079,22,0,0.0,0,0.0,0.0,100.1,1,0.336,1,0,0.0,0,0.0,0.0,100.1,1,0.336,1,0,0.0,0,0.0,0.0,100.1,1,0.336,1,0,0.0,0,0.0,0.0,100.1,1
T4942-4941-49422-2-w1,72,False,Transformer,1,3581-89516-1,Line,0.181,100.15,5745.9,1,0.356,19,0,0.0,0,0.0,0.0,100.1,1,0.144,1,0,0.0,0,0.0,0.0,100.1,1,0.144,1,0,0.0,0,0.0,0.0,100.1,1,0.144,1,0,0.0,0,0.0,0.0,100.1,1
T4942-4941-49422-2-w1,79,False,Transformer,1,3581-89516-1,Line,0.312,100.25,2728.8,1,0.817,26,0,0.0,0,0.0,0.0,100.1,1,0.375,1,0,0.0,0,0.0,0.0,100.1,1,0.375,1,0,0.0,0,0.0,0.0,100.1,1,0.375,1,0,0.0,0,0.0,0.0,100.1,1
T4942-4941-49422-2-w1,94,False,Transformer,1,3581-89516-1,Line,0.138,100.11,5470.0,1,0.062,26,0,0.0,0,0.0,0.0,100.1,1,0.03,1,0,0.0,0,0.0,0.0,100.1,1,0.03,1,0,0.0,0,0.0,0.0,100.1,1,0.03,1,0,0.0,0,0.0,0.0,100.1,1
T4942-4941-49422-2-w1,108,False,Transformer,1,3581-89516-1,Line,0.173,100.14,7006.9,1,0.234,20,0,0.0,0,0.0,0.0,100.1,1,0.099,1,0,0.0,0,0.0,0.0,100.1,1,0.099,1,0,0.0,0,0.0,0.0,100.1,1,0.099,1,0,0.0,0,0.0,0.0,100.1,1
T4942-4941-49422-2-w1,116,False,Transformer,1,3581-89516-1,Line,0.371,100.3,4604.0,1,0.719,7,0,0.0,0,0.0,0.0,100.1,1,0.613,1,0,0.0,0,0.0,0.0,100.1,1,0.613,1,0,0.0,0,0.0,0.0,100.1,1,0.613,1,0,0.0,0,0.0,0.0,100.1,1
T4942-4941-49422-2-w1,123,False,Transformer,1,3581-89516-1,Line,0.362,100.29,5593.8,1,0.634,13,0,0.0,0,0.0,0.0,100.1,1,0.472,1,0,0.0,0,0.0,0.0,100.1,1,0.472,1,0,0.0,0,0.0,0.0,100.1,1,0.472,1,0,0.0,0,0.0,0.0,100.1,1
T4942-4941-49422-2-w1,130,False,Transformer,1,3581-89516-1,Line,0.323,100.26,5592.5,1,0.528,13,0,0.0,0,0.0,0.0,100.1,1,0.396,1,0,0.0,0,0.0,0.0,100.1,1,0.396,1,0,0.0,0,0.0,0.0,100.1,1,0.396,1,0,0.0,0,0.0,0.0,100.1,1
T4942-4941-49422-2-w1,137,False,Transformer,1,3581-89516-1,Line,0.518,100.42,5053.5,1,1.381,11,0,0.0,0,0.0,0.0,100.1,1,0.976,1,0,0.0,0,0.0,0.0,100.1,1,0.976,1,0,0.0,0,0.0,0.0,100.1,1,0.976,1,0,0.0,0,0.0,0.0,100.1,1
T4942-4941-49422-2-w1,145,False,Transformer,1,3581-89516-1,Line,0.603,100.49,4124.9,1,1.852,26,0,0.0,0,0.0,0.0,100.1,1,0.95,1,0,0.0,0,0.0,0.0,100.1,1,0.95,1,0,0.0,0,0.0,0.0,100.1,1,0.95,1,0,0.0,0,0.0,0.0,100.1,1
T4942-4941-49422-2-w1,152,False,Transformer,1,3581-89516-1,Line,0.42,100.34,4161.2,1,1.041,25,0,0.0,0,0.0,0.0,100.1,1,0.587,1,0,0.0,0,0.0,0.0,100.1,1,0.587,1,0,0.0,0,0.0,0.0,100.1,1,0.587,1,0,0.0,0,0.0,0.0,100.1,1
T4942-4941-49422-2-w1,159,False,Transformer,1,3581-89516-1,Line,0.263,100.21,5313.0,1,0.483,25,0,0.0,0,0.0,0.0,100.1,1,0.278,1,0,0.0,0,0.0,0.0,100.1,1,0.278,1,0,0.0,0,0.0,0.0,100.1,1,0.278,1,0,0.0,0,0.0,0.0,100.1,1
T4942-4941-49422-2-w2,0,False,Transformer,1,3581-89516-1,Line,0.167,100.14,5299.5,1,0.112,13,0,0.0,0,0.0,0.0,100.1,1,0.087,1,0,0.0,0,0.0,0.0,100.1,1,0.087,1,0,0.0,0,0.0,0.0,100.1,1,0.087,1,0,0.0,0,0.0,0.0,100.1,1
T4942-4941-49422-2-w2,21,False,Transformer,1,3581-89516-1,Line,0.222,100.18,4735.3,1,0.277,7,0,0.0,0,0.0,0.0,100.1,1,0.244,1,0,0.0,0,0.0,0.0,100.1,1,0.244,1,0,0.0,0,0.0,0.0,100.1,1,0.244,1,0,0.0,0,0.0,0.0,100.1,1
T4942-4941-49422-2-w2,29,False,Transformer,1,3581-89516-1,Line,0.465,100.38,5968.4,1,1.124,10,0,0.0,0,0.0,0.0,100.1,1,0.846,1,0,0.0,0,0.0,0.0,100.1,1,0.846,1,0,0.0,0,0.0,0.0,100.1,1,0.846,1,0,0.0,0,0.0,0.0,100.1,1
T4942-4941-49422-2-w2,50,False,Transformer,1,3581-89516-1,Line,0.143,100.12,5312.4,1,0.101,26,0,0.0,0,0.0,0.0,100.1,1,0.04,1,0,0.0,0,0.0,0.0,100.1,1,0.04,1,0,0.0,0,0.0,0.0,100.1,1,0.04,1,0,0.0,0,0.0,0.0,100.1,1
T4942-4941-49422-2-w2,58,False,Transformer,1,3581-89516-1,Line,0.281,100.23,4583.8,1,0.776,26,0,0.0,0,0.0,0.0,100.1,1,0.314,1,0,0.0,0,0.0,0.0,100.1,1,0.314,1,0,0.0,0,0.0,0.0,100.1,1,0.314,1,0,0.0,0,0.0,0.0,100.1,1
T4942-4941-49422-2-w2,65,False,Transformer,1,3581-89516-1,Line,0.283,100.23,5388.6,1,1.079,22,0,0.0,0,0.0,0.0,100.1,1,0.336,1,0,0.0,0,0.0,0.0,100.1,1,0.336,1,0,0.0,0,0.0,0.0,100.1,1,0.336,1,0,0.0,0,0.0,0.0,100.1,1
T4942-4941-49422-2-w2,72,False,Transformer,1,3581-89516-1,Line,0.181,100.15,5745.9,1,0.356,19,0,0.0,0,0.0,0.0,100.1,1,0.144,1,0,0.0,0,0.0,0.0,100.1,1,0.144,1,0,0.0,0,0.0,0.0,100.1,1,0.144,1,0,0.0,0,0.0,0.0,100.1,1
T4942-4941-49422-2-w2,79,False,Transformer,1,3581-89516-1,Line,0.312,100.25,2728.8,1,0.817,26,0,0.0,0,0.0,0.0,100.1,1,0.375,1,0,0.0,0,0.0,0.0,100.1,1,0.375,1,0,0.0,0,0.0,0.0,100.1,1,0.375,1,0,0.0,0,0.0,0.0,100.1,1
T4942-4941-49422-2-w2,94,False,Transformer,1,3581-89516-1,Line,0.138,100.11,5470.0,1,0.062,26,0,0.0,0,0.0,0.0,100.1,1,0.03,1,0,0.0,0,0.0,0.0,100.1,1,0.03,1,0,0.0,0,0.0,0.0,100.1,1,0.03,1,0,0.0,0,0.0,0.0,100.1,1
T4942-4941-49422-2-w2,108,False,Transformer,1,3581-89516-1,Line,0.173,100.14,7006.9,1,0.234,20,0,0.0,0,0.0,0.0,100.1,1,0.099,1,0,0.0,0,0.0,0.0,100.1,1,0.099,1,0,0.0,0,0.0,0.0,100.1,1,0.099,1,0,0.0,0,0.0,0.0,100.1,1
T4942-4941-49422-2-w2,116,False,Transformer,1,3581-89516-1,Line,0.371,100.3,4604.0,1,0.719,7,0,0.0,0,0.0,0.0,100.1,1,0.613,1,0,0.0,0,0.0,0.0,100.1,1,0.613,1,0,0.0,0,0.0,0.0,100.1,1,0.613,1,0,0.0,0,0.0,0.0,100.1,1
T4942-4941-49422-2-w2,123,False,Transformer,1,3581-89516-1,Line,0.362,100.29,5593.8,1,0.634,13,0,0.0,0,0.0,0.0,100.1,1,0.472,1,0,0.0,0,0.0,0.0,100.1,1,0.472,1,0,0.0,0,0.0,0.0,100.1,1,0.472,1,0,0.0,0,0.0,0.0,100.1,1
T4942-4941-49422-2-w2,130,False,Transformer,1,3581-89516-1,Line,0.323,100.26,5592.5,1,0.528,13,0,0.0,0,0.0,0.0,100.1,1,0.396,1,0,0.0,0,0.0,0.0,100.1,1,0.396,1,0,0.0,0,0.0,0.0,100.1,1,0.396,1,0,0.0,0,0.0,0.0,100.1,1
T4942-4941-49422-2-w2,137,False,Transformer,1,3581-89516-1,Line,0.518,100.42,5053.5,1,1.381,11,0,0.0,0,0.0,0.0,100.1,1,0.976,1,0,0.0,0,0.0,0.0,100.1,1,0.976,1,0,0.0,0,0.0,0.0,100.1,1,0.976,1,0,0.0,0,0.0,0.0,100.1,1
T4942-4941-49422-2-w2,145,False,Transformer,1,3581-89516-1,Line,0.603,100.49,4124.9,1,1.852,26,0,0.0,0,0.0,0.0,100.1,1,0.95,1,0,0.0,0,0.0,0.0,100.1,1,0.95,1,0,0.0,0,0.0,0.0,100.1,1,0.95,1,0,0.0,0,0.0,0.0,100.1,1
T4942-4941-49422-2-w2,152,False,Transformer,1,3581-89516-1,Line,0.42,100.34,4161.2,1,1.041,25,0,0.0,0,0.0,0.0,100.1,1,0.587,1,0,0.0,0,0.0,0.0,100.1,1,0.587,1,0,0.0,0,0.0,0.0,100.1,1,0.587,1,0,0.0,0,0.0,0.0,100.1,1
T4942-4941-49422-2-w2,159,False,Transformer,1,3581-89516-1,Line,0.263,100.21,5313.0,1,0.483,25,0,0.0,0,0.0,0.0,100.1,1,0.278,1,0,0.0,0,0.0,0.0,100.1,1,0.278,1,0,0.0,0,0.0,0.0,100.1,1,0.278,1,0,0.0,0,0.0,0.0,100.1,1
T4943-4941-49421-1-w1,0,False,Transformer,1,3581-89516-1,Line,0.167,100.14,5299.5,1,0.113,13,0,0.0,0,0.0,0.0,100.1,1,0.088,1,0,0.0,0,0.0,0.0,100.1,1,0.088,1,0,0.0,0,0.0,0.0,100.1,1,0.088,1,0,0.0,0,0.0,0.0,100.1,1
T4943-4941-49421-1-w1,21,False,Transformer,1,3581-89516-1,Line,0.222,100.18,4735.3,1,0.277,7,0,0.0,0,0.0,0.0,100.1,1,0.244,1,0,0.0,0,0.0,0.0,100.1,1,0.244,1,0,0.0,0,0.0,0.0,100.1,1,0.244,1,0,0.0,0,0.0,0.0,100.1,1
T4943-4941-49421-1-w1,29,False,Transformer,1,3581-89516-1,Line,0.466,100.38,5968.4,1,1.127,10,0,0.0,0,0.0,0.0,100.1,1,0.848,1,0,0.0,0,0.0,0.0,100.1,1,0.848,1,0,0.0,0,0.0,0.0,100.1,1,0.848,1,0,0.0,0,0.0,0.0,100.1,1
T4943-4941-49421-1-w1,50,False,Transformer,1,3581-89516-1,Line,0.145,100.12,5312.4,1,0.109,26,0,0.0,0,0.0,0.0,100.1,1,0.043,1,0,0.0,0,0.0,0.0,100.1,1,0.043,1,0,0.0,0,0.0,0.0,100.1,1,0.043,1,0,0.0,0,0.0,0.0,100.1,1
T4943-4941-49421-1-w1,58,False,Transformer,1,3581-89516-1,Line,0.283,100.23,4583.8,1,0.783,26,0,0.0,0,0.0,0.0,100.1,1,0.317,1,0,0.0,0,0.0,0.0,100.1,1,0.317,1,0,0.0,0,0.0,0.0,100.1,1,0.317,1,0,0.0,0,0.0,0.0,100.1,1
T4943-4941-49421-1-w1,65,False,Transformer,1,3581-89516-1,Line,0.284,100.23,5388.6,1,1.09,22,0,0.0,0,0.0,0.0,100.1,1,0.34,1,0,0.0,0,0.0,0.0,100.1,1,0.34,1,0,0.0,0,0.0,0.0,100.1,1,0.34,1,0,0.0,0,0.0,0.0,100.1,1
T4943-4941-49421-1-w1,72,False,Transformer,1,3581-89516-1,Line,0.182,100.15,5745.9,1,0.364,19,0,0.0,0,0.0,0.0,100.1,1,0.147,1,0,0.0,0,0.0,0.0,100.1,1,0.147,1,0,0.0,0,0.0,0.0,100.1,1,0.147,1,0,0.0,0,0.0,0.0,100.1,1
T4943-4941-49421-1-w1,79,False,Transformer,1,3581-89516-1,Line,0.313,100.25,2728.8,1,0.819,26,0,0.0,0,0.0,0.0,100.1,1,0.375,1,0,0.0,0,0.0,0.0,100.1,1,0.375,1,0,0.0,0,0.0,0.0,100.1,1,0.375,1,0,0.0,0,0.0,0.0,100.1,1
T4943-4941-49421-1-w1,94,False,Transformer,1,3581-89516-1,Line,0.139,100.11,5470.0,1,0.067,26,0,0.0,0,0.0,0.0,100.1,1,0.032,1,0,0.0,0,0.0,0.0,100.1,1,0.032,1,0,0.0,0,0.0,0.0,100.1,1,0.032,1,0,0.0,0,0.0,0.0,100.1,1
T4943-4941-49421-1-w1,108,False,Transformer,1,3581-89516-1,Line,0.175,100.14,7006.9,1,0.242,20,0,0.0,0,0.0,0.0,100.1,1,0.102,1,0,0.0,0,0.0,0.0,100.1,1,0.102,1,0,0.0,0,0.0,0.0,100.1,1,0.102,1,0,0.0,0,0.0,0.0,100.1,1
T4943-4941-49421-1-w1,116,False,Transformer,1,3581-89516-1,Line,0.371,100.3,4604.0,1,0.719,7,0,0.0,0,0.0,0.0,100.1,1,0.613,1,0,0.0,0,0.0,0.0,100.1,1,0.613,1,0,0.0,0,0.0,0.0,100.1,1,0.613,1,0,0.0,0,0.0,0.0,100.1,1
T4943-4941-49421-1-w1,123,False,Transformer,1,3581-89516-1,Line,0.362,100.29,5593.8,1,0.636,13,0,0.0,0,0.0,0.0,100.1,1,0.473,1,0,0.0,0,0.0,0.0,100.1,1,0.473,1,0,0.0,0,0.0,0.0,100.1,1,0.473,1,0,0.0,0,0.0,0.0,100.1,1
T4943-4941-49421-1-w1,130,False,Transformer,1,3581-89516-1,Line,0.324,100.26,5592.5,1,0.531,13,0,0.0,0,0.0,0.0,100.1,1,0.398,1,0,0.0,0,0.0,0.0,100.1,1,0.398,1,0,0.0,0,0.0,0.0,100.1,1,0.398,1,0,0.0,0,0.0,0.0,100.1,1
T4943-4941-49421-1-w1,137,False,Transformer,1,3581-89516-1,Line,0.519,100.42,5053.5,1,1.384,11,0,0.0,0,0.0,0.0,100.1,1,0.978,1,0,0.0,0,0.0,0.0,100.1,1,0.978,1,0,0.0,0,0.0,0.0,100.1,1,0.978,1,0,0.0,0,0.0,0.0,100.1,1
T4943-4941-49421-1-w1,145,False,Transformer,1,3581-89516-1,Line,0.605,100.49,4124.9,1,1.86,26,0,0.0,0,0.0,0.0,100.1,1,0.954,1,0,0.0,0,0.0,0.0,100.1,1,0.954,1,0,0.0,0,0.0,0.0,100.1,1,0.954,1,0,0.0,0,0.0,0.0,100.1,1
T4943-4941-49421-1-w1,152,False,Transformer,1,3581-89516-1,Line,0.421,100.34,4161.2,1,1.047,25,0,0.0,0,0.0,0.0,100.1,1,0.59,1,0,0.0,0,0.0,0.0,100.1,1,0.59,1,0,0.0,0,0.0,0.0,100.1,1,0.59,1,0,0.0,0,0.0,0.0,100.1,1
T4943-4941-49421-1-w1,159,False,Transformer,1,3581-89516-1,Line,0.265,100.22,5313.0,1,0.489,25,0,0.0,0,0.0,0.0,100.1,1,0.281,1,0,0.0,0,0.0,0.0,100.1,1,0.281,1,0,0.0,0,0.0,0.0,100.1,1,0.281,1,0,0.0,0,0.0,0.0,100.1,1
T4943-4941-49421-1-w2,0,False,Transformer,1,3581-89516-1,Line,0.167,100.14,5299.5,1,0.113,13,0,0.0,0,0.0,0.0,100.1,1,0.088,1,0,0.0,0,0.0,0.0,100.1,1,0.088,1,0,0.0,0,0.0,0.0,100.1,1,0.088,1,0,0.0,0,0.0,0.0,100.1,1
T4943-4941-49421-1-w2,21,False,Transformer,1,3581-89516-1,Line,0.222,100.18,4735.3,1,0.277,7,0,0.0,0,0.0,0.0,100.1,1,0.244,1,0,0.0,0,0.0,0.0,100.1,1,0.244,1,0,0.0,0,0.0,0.0,100.1,1,0.244,1,0,0.0,0,0.0,0.0,100.1,1
T4943-4941-49421-1-w2,29,False,Transformer,1,3581-89516-1,Line,0.466,100.38,5968.4,1,1.127,10,0,0.0,0,0.0,0.0,100.1,1,0.848,1,0,0.0,0,0.0,0.0,100.1,1,0.848,1,0,0.0,0,0.0,0.0,100.1,1,0.848,1,0,0.0,0,0.0,0.0,100.1,1
T4943-4941-49421-1-w2,50,False,Transformer,1,3581-89516-1,Line,0.145,100.12,5312.4,1,0.109,26,0,0.0,0,0.0,0.0,100.1,1,0.043,1,0,0.0,0,0.0,0.0,100.1,1,0.043,1,0,0.0,0,0.0,0.0,100.1,1,0.043,1,0,0.0,0,0.0,0.0,100.1,1
T4943-4941-49421-1-w2,58,False,Transformer,1,3581-89516-1,Line,0.283,100.23,4583.8,1,0.783,26,0,0.0,0,0.0,0.0,100.1,1,0.317,1,0,0.0,0,0.0,0.0,100.1,1,0.317,1,0,0.0,0,0.0,0.0,100.1,1,0.317,1,0,0.0,0,0.0,0.0,100.1,1
T4943-4941-49421-1-w2,65,False,Transformer,1,3581-89516-1,Line,0.284,100.23,5388.6,1,1.09,22,0,0.0,0,0.0,0.0,100.1,1,0.34,1,0,0.0,0,0.0,0.0,100.1,1,0.34,1,0,0.0,0,0.0,0.0,100.1,1,0.34,1,0,0.0,0,0.0,0.0,100.1,1
T4943-4941-49421-1-w2,72,False,Transformer,1,3581-89516-1,Line,0.182,100.15,5745.9,1,0.364,19,0,0.0,0,0.0,0.0,100.1,1,0.147,1,0,0.0,0,0.0,0.0,100.1,1,0.147,1,0,0.0,0,0.0,0.0,100.1,1,0.147,1,0,0.0,0,0.0,0.0,100.1,1
T4943-4941-49421-1-w2,79,False,Transformer,1,3581-89516-1,Line,0.313,100.25,2728.8,1,0.819,26,0,0.0,0,0.0,0.0,100.1,1,0.375,1,0,0.0,0,0.0,0.0,100.1,1,0.375,1,0,0.0,0,0.0,0.0,100.1,1,0.375,1,0,0.0,0,0.0,0.0,100.1,1
T4943-4941-49421-1-w2,94,False,Transformer,1,3581-89516-1,Line,0.139,100.11,5470.0,1,0.067,26,0,0.0,0,0.0,0.0,100.1,1,0.032,1,0,0.0,0,0.0,0.0,100.1,1,0.032,1,0,0.0,0,0.0,0.0,100.1,1,0.032,1,0,0.0,0,0.0,0.0,100.1,1
T4943-4941-49421-1-w2,108,False,Transformer,1,3581-89516-1,Line,0.175,100.14,7006.9,1,0.242,20,0,0.0,0,0.0,0.0,100.1,1,0.102,1,0,0.0,0,0.0,0.0,100.1,1,0.102,1,0,0.0,0,0.0,0.0,100.1,1,0.102,1,0,0.0,0,0.0,0.0,100.1,1
T4943-4941-49421-1-w2,116,False,Transformer,1,3581-89516-1,Line,0.371,100.3,4604.0,1,0.719,7,0,0.0,0,0.0,0.0,100.1,1,0.613,1,0,0.0,0,0.0,0.0,100.1,1,0.613,1,0,0.0,0,0.0,0.0,100.1,1,0.613,1,0,0.0,0,0.0,0.0,100.1,1
T4943-4941-49421-1-w2,123,False,Transformer,1,3581-89516-1,Line,0.362,100.29,5593.8,1,0.636,13,0,0.0,0,0.0,0.0,100.1,1,0.473,1,0,0.0,0,0.0,0.0,100.1,1,0.473,1,0,0.0,0,0.0,0.0,100.1,1,0.473,1,0,0.0,0,0.0,0.0,100.1,1
T4943-4941-49421-1-w2,130,False,Transformer,1,3581-89516-1,Line,0.324,100.26,5592.5,1,0.531,13,0,0.0,0,0.0,0.0,100.1,1,0.398,1,0,0.0,0,0.0,0.0,100.1,1,0.398,1,0,0.0,0,0.0,0.0,100.1,1,0.398,1,0,0.0,0,0.0,0.0,100.1,1
T4943-4941-49421-1-w2,137,False,Transformer,1,3581-89516-1,Line,0.519,100.42,5053.5,1,1.384,11,0,0.0,0,0.0,0.0,100.1,1,0.978,1,0,0.0,0,0.0,0.0,100.1,1,0.978,1,0,0.0,0,0.0,0.0,100.1,1,0.978,1,0,0.0,0,0.0,0.0,100.1,1
T4943-4941-49421-1-w2,145,False,Transformer,1,3581-89516-1,Line,0.605,100.49,4124.9,1,1.86,26,0,0.0,0,0.0,0.0,100.1,1,0.954,1,0,0.0,0,0.0,0.0,100.1,1,0.954,1,0,0.0,0,0.0,0.0,100.1,1,0.954,1,0,0.0,0,0.0,0.0,100.1,1
T4943-4941-49421-1-w2,152,False,Transformer,1,3581-89516-1,Line,0.421,100.34,4161.2,1,1.047,25,0,0.0,0,0.0,0.0,100.1,1,0.59,1,0,0.0,0,0.0,0.0,100.1,1,0.59,1,0,0.0,0,0.0,0.0,100.1,1,0.59,1,0,0.0,0,0.0,0.0,100.1,1
T4943-4941-49421-1-w2,159,False,Transformer,1,3581-89516-1,Line,0.265,100.22,5313.0,1,0.489,25,0,0.0,0,0.0,0.0,100.1,1,0.281,1,0,0.0,0,0.0,0.0,100.1,1,0.281,1,0,0.0,0,0.0,0.0,100.1,1,0.281,1,0,0.0,0,0.0,0.0,100.1,1
T5042-5041-50421-1-w1,58,False,Transformer,3,3581-89516-1,Line,9.976,103.79,4583.8,1,19.803,26,0,0.0,0,0.0,0.0,100.1,1,8.619,1,0,0.0,0,0.0,0.0,100.1,1,8.619,1,0,0.0,0,0.0,0.0,100.1,1,8.619,3,0,0.0,0,0.0,0.0,100.1,1
T5042-5041-50421-1-w1,108,False,Transformer,3,3691-4041-1,Line,5.851,102.3,7006.9,1,17.288,14,0,0.0,0,0.0,0.0,100.1,1,8.842,2,0,0.0,0,0.0,0.0,100.1,1,8.842,2,0,0.0,0,0.0,0.0,100.1,1,8.825,2,0,0.0,0,0.0,0.0,100.1,1
T5042-5041-50421-1-w1,145,False,Transformer,1,3581-89516-1,Line,1.507,101.23,4124.9,1,4.869,26,0,0.0,0,0.0,0.0,100.1,1,2.631,1,0,0.0,0,0.0,0.0,100.1,1,2.631,1,0,0.0,0,0.0,0.0,100.1,1,2.631,1,0,0.0,0,0.0,0.0,100.1,1
T5042-5041-50421-1-w1,152,False,Transformer,3,3581-89516-1,Line,11.568,104.22,4161.2,1,16.263,25,0,0.0,0,0.0,0.0,100.1,1,9.628,1,0,0.0,0,0.0,0.0,100.1,1,9.628,1,0,0.0,0,0.0,0.0,100.1,1,9.628,1,0,0.0,0,0.0,0.0,100.1,1
T5042-5041-50421-1-w2,58,False,Transformer,3,3581-89516-1,Line,9.976,103.79,4583.8,1,19.785,26,0,0.0,0,0.0,0.0,100.1,1,8.616,1,0,0.0,0,0.0,0.0,100.1,1,8.616,1,0,0.0,0,0.0,0.0,100.1,1,8.616,3,0,0.0,0,0.0,0.0,100.1,1
T5042-5041-50421-1-w2,108,False,Transformer,3,3691-4041-1,Line,5.851,102.3,7006.9,1,17.295,14,0,0.0,0,0.0,0.0,100.1,1,8.844,2,0,0.0,0,0.0,0.0,100.1,1,8.844,2,0,0.0,0,0.0,0.0,100.1,1,8.828,2,0,0.0,0,0.0,0.0,100.1,1
T5042-5041-50421-1-w2,145,False,Transformer,1,3581-89516-1,Line,1.507,101.23,4124.9,1,4.865,26,0,0.0,0,0.0,0.0,100.1,1,2.63,1,0,0.0,0,0.0,0.0,100.1,1,2.63,1,0,0.0,0,0.0,0.0,100.1,1,2.63,1,0,0.0,0,0.0,0.0,100.1,1
T5042-5041-50421-1-w2,152,False,Transformer,3,3581-89516-1,Line,11.568,104.22,4161.2,1,16.252,25,0,0.0,0,0.0,0.0,100.1,1,9.624,1,0,0.0,0,0.0,0.0,100.1,1,9.624,1,0,0.0,0,0.0,0.0,100.1,1,9.624,1,0,0.0,0,0.0,0.0,100.1,1
T5464-5462-54621-1-w1,50,False,Transformer,2,3082-3122-1,Line,5.337,100.63,5312.4,1,16.362,20,0,0.0,0,0.0,0.0,100.1,1,9.709,1,0,0.0,0,0.0,0.0,100.1,1,9.709,1,0,0.0,0,0.0,0.0,100.1,1,7.843,2,0,0.0,0,0.0,0.0,100.1,1
T5464-5462-54621-1-w1,108,False,Transformer,1,3691-4041-1,Line,0.296,100.15,7006.9,1,0.226,8,0,0.0,0,0.0,0.0,100.1,1,0.187,1,0,0.0,0,0.0,0.0,100.1,1,0.187,1,0,0.0,0,0.0,0.0,100.1,1,0.187,1,0,0.0,0,0.0,0.0,100.1,1
T5464-5462-54621-1-w2,50,False,Transformer,2,3082-3122-1,Line,5.337,100.63,5312.4,1,16.366,20,0,0.0,0,0.0,0.0,100.1,1,9.71,1,0,0.0,0,0.0,0.0,100.1,1,9.71,1,0,0.0,0,0.0,0.0,100.1,1,7.844,2,0,0.0,0,0.0,0.0,100.1,1
T5464-5462-54621-1-w2,108,False,Transformer,1,3691-4041-1,Line,0.296,100.15,7006.9,1,0.226,8,0,0.0,0,0.0,0.0,100.1,1,0.187,1,0,0.0,0,0.0,0.0,100.1,1,0.187,1,0,0.0,0,0.0,0.0,100.1,1,0.187,1,0,0.0,0,0.0,0.0,100.1,1
T5464-5462-54624-4-w1,50,False,Transformer,2,3082-3122-1,Line,5.337,100.63,5312.4,1,16.362,20,0,0.0,0,0.0,0.0,100.1,1,9.709,1,0,0.0,0,0.0,0.0,100.1,1,9.709,1,0,0.0,0,0.0,0.0,100.1,1,7.843,2,0,0.0,0,0.0,0.0,100.1,1
T5464-5462-54624-4-w1,108,False,Transformer,1,3691-4041-1,Line,0.296,100.15,7006.9,1,0.226,8,0,0.0,0,0.0,0.0,100.1,1,0.187,1,0,0.0,0,0.0,0.0,100.1,1,0.187,1,0,0.0,0,0.0,0.0,100.1,1,0.187,1,0,0.0,0,0.0,0.0,100.1,1
T5464-5462-54624-4-w2,50,False,Transformer,2,3082-3122-1,Line,5.337,100.63,5312.4,1,16.366,20,0,0.0,0,0.0,0.0,100.1,1,9.71,1,0,0.0,0,0.0,0.0,100.1,1,9.71,1,0,0.0,0,0.0,0.0,100.1,1,7.844,2,0,0.0,0,0.0,0.0,100.1,1
T5464-5462-54624-4-w2,108,False,Transformer,1,3691-4041-1,Line,0.296,100.15,7006.9,1,0.226,8,0,0.0,0,0.0,0.0,100.1,1,0.187,1,0,0.0,0,0.0,0.0,100.1,1,0.187,1,0,0.0,0,0.0,0.0,100.1,1,0.187,1,0,0.0,0,0.0,0.0,100.1,1
T5464-54622-54623-2-w1,50,False,Transformer,2,3082-3122-1,Line,6.755,100.8,5312.4,1,21.518,20,0,0.0,0,0.0,0.0,100.1,1,12.775,1,0,0.0,0,0.0,0.0,100.1,1,12.775,1,0,0.0,0,0.0,0.0,100.1,1,10.362,2,0,0.0,0,0.0,0.0,100.1,1
T5464-54622-54623-2-w1,108,False,Transformer,1,3691-4041-1,Line,0.374,100.19,7006.9,1,0.397,8,0,0.0,0,0.0,0.0,100.1,1,0.329,1,0,0.0,0,0.0,0.0,100.1,1,0.329,1,0,0.0,0,0.0,0.0,100.1,1,0.329,1,0,0.0,0,0.0,0.0,100.1,1
T5464-54622-54623-2-w2,50,False,Transformer,2,3082-3122-1,Line,6.755,100.8,5312.4,1,21.523,20,0,0.0,0,0.0,0.0,100.1,1,12.777,1,0,0.0,0,0.0,0.0,100.1,1,12.777,1,0,0.0,0,0.0,0.0,100.1,1,10.363,2,0,0.0,0,0.0,0.0,100.1,1
T5464-54622-54623-2-w2,108,False,Transformer,1,3691-4041-1,Line,0.374,100.19,7006.9,1,0.397,8,0,0.0,0,0.0,0.0,100.1,1,0.329,1,0,0.0,0,0.0,0.0,100.1,1,0.329,1,0,0.0,0,0.0,0.0,100.1,1,0.329,1,0,0.0,0,0.0,0.0,100.1,1
T30820-3091-30826-3-w1,7,False,Transformer,1,T3082-3091-30824-4-w1,Transformer,29.864,111.95,6073.6,0,0.0,0,0,0.0,0,29.864,0.0,111.95,0,0.0,0,0,0.0,0,29.864,0.0,111.95,0,0.0,0,0,0.0,0,29.864,0.0,111.95,1,2021.839,42,0,0.0,0,0.0,0.0,100.1,1
T30820-3091-30826-3-w1,14,False,Transformer,1,T3082-3091-30824-4-w1,Transformer,34.679,113.87,6309.0,0,0.0,0,0,0.0,0,34.679,0.0,113.87,0,0.0,0,0,0.0,0,34.679,0.0,113.87,0,0.0,0,0,0.0,0,34.679,0.0,113.87,1,2350.531,56,0,0.0,0,0.0,0.0,100.1,1
T30820-3091-30826-3-w1,29,False,Transformer,1,T3082-3091-30824-4-w1,Transformer,31.959,112.78,5968.4,0,0.0,0,0,0.0,0,31.959,0.0,112.78,0,0.0,0,0,0.0,0,31.959,0.0,112.78,0,0.0,0,0,0.0,0,31.959,0.0,112.78,1,2164.827,32,0,0.0,0,0.0,0.0,100.1,1
T30820-3091-30826-3-w1,36,False,Transformer,1,T3082-3091-30824-4-w1,Transformer,53.354,121.34,6805.4,0,0.0,0,0,0.0,0,53.354,0.0,121.34,0,0.0,0,0,0.0,0,53.354,0.0,121.34,0,0.0,0,0,0.0,0,53.354,0.0,121.34,1,3625.573,97,0,0.0,0,0.0,0.0,100.1,1
T30820-3091-30826-3-w1,50,False,Transformer,1,T3082-3091-30824-4-w1,Transformer,35.045,114.02,5312.4,0,0.0,0,0,0.0,0,35.045,0.0,114.02,0,0.0,0,0,0.0,0,35.045,0.0,114.02,0,0.0,0,0,0.0,0,35.045,0.0,114.02,1,2375.52,81,0,0.0,0,0.0,0.0,100.1,1
T30820-3091-30826-3-w1,58,False,Transformer,1,T3082-3091-30824-4-w1,Transformer,44.797,117.92,4583.8,0,0.0,0,0,0.0,0,44.797,0.0,117.92,0,0.0,0,0,0.0,0,44.797,0.0,117.92,0,0.0,0,0,0.0,0,44.797,0.0,117.92,1,3041.318,98,0,0.0,0,0.0,0.0,100.1,1
T30820-3091-30826-3-w1,65,False,Transformer,1,T3082-3091-30824-4-w1,Transformer,0.912,100.36,5388.6,0,0.0,0,0,0.0,0,0.912,0.0,100.36,0,0.0,0,0,0.0,0,0.912,0.0,100.36,0,0.0,0,0,0.0,0,0.912,0.0,100.36,1,45.228,4,0,0.0,0,0.0,0.0,100.1,1
T30820-3091-30826-3-w1,72,False,Transformer,1,T3082-3091-30824-4-w1,Transformer,13.489,105.4,5745.9,0,0.0,0,0,0.0,0,13.489,0.0,105.4,0,0.0,0,0,0.0,0,13.489,0.0,105.4,0,0.0,0,0,0.0,0,13.489,0.0,105.4,1,903.878,8,0,0.0,0,0.0,0.0,100.1,1
T30820-3091-30826-3-w1,79,False,Transformer,1,T3082-3091-30824-4-w1,Transformer,71.137,128.45,2728.8,0,0.0,0,0,0.0,0,71.137,0.0,128.45,0,0.0,0,0,0.0,0,71.137,0.0,128.45,0,0.0,0,0,0.0,0,71.137,0.0,128.45,0,2728.827,157,0,0.0,0,30.917,0.0,112.47,0
T30820-3091-30826-3-w1,87,False,Transformer,1,T3082-3091-30824-4-w1,Transformer,76.712,130.68,1883.6,0,0.0,0,0,0.0,0,76.712,0.0,130.68,0,0.0,0,0,0.0,0,76.712,0.0,130.68,0,0.0,0,0,0.0,0,76.712,0.0,130.68,0,1883.564,157,0,0.0,0,48.873,0.0,119.65,0
T30820-3091-30826-3-w1,94,False,Transformer,1,T3082-3091-30824-4-w1,Transformer,20.207,108.08,5470.0,0,0.0,0,0,0.0,0,20.207,0.0,108.08,0,0.0,0,0,0.0,0,20.207,0.0,108.08,0,0.0,0,0,0.0,0,20.207,0.0,108.08,1,1362.543,31,0,0.0,0,0.0,0.0,100.1,1
T30820-3091-30826-3-w1,101,False,Transformer,1,T3082-3091-30824-4-w1,Transformer,39.178,115.67,5965.5,0,0.0,0,0,0.0,0,39.178,0.0,115.67,0,0.0,0,0,0.0,0,39.178,0.0,115.67,0,0.0,0,0,0.0,0,39.178,0.0,115.67,1,2657.707,58,0,0.0,0,0.0,0.0,100.1,1
T30820-3091-30826-3-w1,108,False,Transformer,1,T3082-3091-30824-4-w1,Transformer,60.937,124.37,7006.9,0,0.0,0,0,0.0,0,60.937,0.0,124.37,0,0.0,0,0,0.0,0,60.937,0.0,124.37,0,0.0,0,0,0.0,0,60.937,0.0,124.37,1,4143.285,69,0,0.0,0,0.0,0.0,100.1,1
T30820-3091-30826-3-w1,123,False,Transformer,1,T3082-3091-30824-4-w1,Transformer,20.053,108.02,5593.8,0,0.0,0,0,0.0,0,20.053,0.0,108.02,0,0.0,0,0,0.0,0,20.053,0.0,108.02,0,0.0,0,0,0.0,0,20.053,0.0,108.02,1,1352.002,29,0,0.0,0,0.0,0.0,100.1,1
T30820-3091-30826-3-w1,130,False,Transformer,1,T3082-3091-30824-4-w1,Transformer,24.497,109.8,5592.5,0,0.0,0,0,0.0,0,24.497,0.0,109.8,0,0.0,0,0,0.0,0,24.497,0.0,109.8,0,0.0,0,0,0.0,0,24.497,0.0,109.8,1,1655.414,33,0,0.0,0,0.0,0.0,100.1,1
T30820-3091-30826-3-w1,145,False,Transformer,1,T3082-3091-30824-4-w1,Transformer,5.57,102.23,4124.9,0,0.0,0,0,0.0,0,5.57,0.0,102.23,0,0.0,0,0,0.0,0,5.57,0.0,102.23,0,0.0,0,0,0.0,0,5.57,0.0,102.23,1,363.235,10,0,0.0,0,0.0,0.0,100.1,1
T30820-3091-30826-3-w1,152,False,Transformer,1,T3082-3091-30824-4-w1,Transformer,17.013,106.81,4161.2,0,0.0,0,0,0.0,0,17.013,0.0,106.81,0,0.0,0,0,0.0,0,17.013,0.0,106.81,0,0.0,0,0,0.0,0,17.013,0.0,106.81,1,1144.45,33,0,0.0,0,0.0,0.0,100.1,1
T30820-3091-30826-3-w1,159,False,Transformer,1,T3082-3091-30824-4-w1,Transformer,12.436,104.97,5313.0,0,0.0,0,0,0.0,0,12.436,0.0,104.97,0,0.0,0,0,0.0,0,12.436,0.0,104.97,0,0.0,0,0,0.0,0,12.436,0.0,104.97,1,831.964,18,0,0.0,0,0.0,0.0,100.1,1
T30820-3091-30826-3-w2,7,False,Transformer,1,T3082-3091-30824-4-w1,Transformer,29.864,111.95,6073.6,0,0.0,0,0,0.0,0,29.864,0.0,111.95,0,0.0,0,0,0.0,0,29.864,0.0,111.95,0,0.0,0,0,0.0,0,29.864,0.0,111.95,1,2224.023,45,0,0.0,0,0.0,0.0,100.1,1
T30820-3091-30826-3-w2,14,False,Transformer,1,T3082-3091-30824-4-w1,Transformer,34.679,113.87,6309.0,0,0.0,0,0,0.0,0,34.679,0.0,113.87,0,0.0,0,0,0.0,0,34.679,0.0,113.87,0,0.0,0,0,0.0,0,34.679,0.0,113.87,1,2585.584,59,0,0.0,0,0.0,0.0,100.1,1
T30820-3091-30826-3-w2,29,False,Transformer,1,T3082-3091-30824-4-w1,Transformer,31.959,112.78,5968.4,0,0.0,0,0,0.0,0,31.959,0.0,112.78,0,0.0,0,0,0.0,0,31.959,0.0,112.78,0,0.0,0,0,0.0,0,31.959,0.0,112.78,1,2381.31,32,0,0.0,0,0.0,0.0,100.1,1
T30820-3091-30826-3-w2,36,False,Transformer,1,T3082-3091-30824-4-w1,Transformer,53.354,121.34,6805.4,0,0.0,0,0,0.0,0,53.354,0.0,121.34,0,0.0,0,0,0.0,0,53.354,0.0,121.34,0,0.0,0,0,0.0,0,53.354,0.0,121.34,1,3988.13,98,0,0.0,0,0.0,0.0,100.1,1
T30820-3091-30826-3-w2,50,False,Transformer,1,T3082-3091-30824-4-w1,Transformer,35.045,114.02,5312.4,0,0.0,0,0,0.0,0,35.045,0.0,114.02,0,0.0,0,0,0.0,0,35.045,0.0,114.02,0,0.0,0,0,0.0,0,35.045,0.0,114.02,1,2613.072,89,0,0.0,0,0.0,0.0,100.1,1
T30820-3091-30826-3-w2,58,False,Transformer,1,T3082-3091-30824-4-w1,Transformer,44.797,117.92,4583.8,0,0.0,0,0,0.0,0,44.797,0.0,117.92,0,0.0,0,0,0.0,0,44.797,0.0,117.92,0,0.0,0,0,0.0,0,44.797,0.0,117.92,1,3345.45,114,0,0.0,0,0.0,0.0,100.1,1
T30820-3091-30826-3-w2,65,False,Transformer,1,T3082-3091-30824-4-w1,Transformer,0.912,100.36,5388.6,0,0.0,0,0,0.0,0,0.912,0.0,100.36,0,0.0,0,0,0.0,0,0.912,0.0,100.36,0,0.0,0,0,0.0,0,0.912,0.0,100.36,1,49.75,4,0,0.0,0,0.0,0.0,100.1,1
T30820-3091-30826-3-w2,72,False,Transformer,1,T3082-3091-30824-4-w1,Transformer,13.489,105.4,5745.9,0,0.0,0,0,0.0,0,13.489,0.0,105.4,0,0.0,0,0,0.0,0,13.489,0.0,105.4,0,0.0,0,0,0.0,0,13.489,0.0,105.4,1,994.266,8,0,0.0,0,0.0,0.0,100.1,1
T30820-3091-30826-3-w2,79,False,Transformer,1,T3082-3091-30824-4-w1,Transformer,71.137,128.45,2728.8,0,0.0,0,0,0.0,0,71.137,0.0,128.45,0,0.0,0,0,0.0,0,71.137,0.0,128.45,0,0.0,0,0,0.0,0,71.137,0.0,128.45,0,2728.827,157,0,0.0,0,34.551,0.0,113.92,0
T30820-3091-30826-3-w2,87,False,Transformer,1,T3082-3091-30824-4-w1,Transformer,76.712,130.68,1883.6,0,0.0,0,0,0.0,0,76.712,0.0,130.68,0,0.0,0,0,0.0,0,76.712,0.0,130.68,0,0.0,0,0,0.0,0,76.712,0.0,130.68,0,1883.564,157,0,0.0,0,51.381,0.0,120.65,0
T30820-3091-30826-3-w2,94,False,Transformer,1,T3082-3091-30824-4-w1,Transformer,20.207,108.08,5470.0,0,0.0,0,0,0.0,0,20.207,0.0,108.08,0,0.0,0,0,0.0,0,20.207,0.0,108.08,0,0.0,0,0,0.0,0,20.207,0.0,108.08,1,1498.797,37,0,0.0,0,0.0,0.0,100.1,1
T30820-3091-30826-3-w2,101,False,Transformer,1,T3082-3091-30824-4-w1,Transformer,39.178,115.67,5965.5,0,0.0,0,0,0.0,0,39.178,0.0,115.67,0,0.0,0,0,0.0,0,39.178,0.0,115.67,0,0.0,0,0,0.0,0,39.178,0.0,115.67,1,2923.477,59,0,0.0,0,0.0,0.0,100.1,1
T30820-3091-30826-3-w2,108,False,Transformer,1,T3082-3091-30824-4-w1,Transformer,60.937,124.37,7006.9,0,0.0,0,0,0.0,0,60.937,0.0,124.37,0,0.0,0,0,0.0,0,60.937,0.0,124.37,0,0.0,0,0,0.0,0,60.937,0.0,124.37,1,4557.613,80,0,0.0,0,0.0,0.0,100.1,1
T30820-3091-30826-3-w2,123,False,Transformer,1,T3082-3091-30824-4-w1,Transformer,20.053,108.02,5593.8,0,0.0,0,0,0.0,0,20.053,0.0,108.02,0,0.0,0,0,0.0,0,20.053,0.0,108.02,0,0.0,0,0,0.0,0,20.053,0.0,108.02,1,1487.202,32,0,0.0,0,0.0,0.0,100.1,1
T30820-3091-30826-3-w2,130,False,Transformer,1,T3082-3091-30824-4-w1,Transformer,24.497,109.8,5592.5,0,0.0,0,0,0.0,0,24.497,0.0,109.8,0,0.0,0,0,0.0,0,24.497,0.0,109.8,0,0.0,0,0,0.0,0,24.497,0.0,109.8,1,1820.955,37,0,0.0,0,0.0,0.0,100.1,1
T30820-3091-30826-3-w2,145,False,Transformer,1,T3082-3091-30824-4-w1,Transformer,5.57,102.23,4124.9,0,0.0,0,0,0.0,0,5.57,0.0,102.23,0,0.0,0,0,0.0,0,5.57,0.0,102.23,0,0.0,0,0,0.0,0,5.57,0.0,102.23,1,399.559,10,0,0.0,0,0.0,0.0,100.1,1
T30820-3091-30826-3-w2,152,False,Transformer,1,T3082-3091-30824-4-w1,Transformer,17.013,106.81,4161.2,0,0.0,0,0,0.0,0,17.013,0.0,106.81,0,0.0,0,0,0.0,0,17.013,0.0,106.81,0,0.0,0,0,0.0,0,17.013,0.0,106.81,1,1258.895,37,0,0.0,0,0.0,0.0,100.1,1
T30820-3091-30826-3-w2,159,False,Transformer,1,T3082-3091-30824-4-w1,Transformer,12.436,104.97,5313.0,0,0.0,0,0,0.0,0,12.436,0.0,104.97,0,0.0,0,0,0.0,0,12.436,0.0,104.97,0,0.0,0,0,0.0,0,12.436,0.0,104.97,1,915.161,23,0,0.0,0,0.0,0.0,100.1,1
T75510-75520-75561-1-w1,29,False,Transformer,1,3581-89516-1,Line,1.922,101.56,5968.4,1,6.018,10,0,0.0,0,0.0,0.0,100.1,1,4.525,1,0,0.0,0,0.0,0.0,100.1,1,4.525,1,0,0.0,0,0.0,0.0,100.1,1,4.525,1,0,0.0,0,0.0,0.0,100.1,1
T75510-75520-75561-1-w1,50,False,Transformer,1,3581-89516-1,Line,1.446,101.18,5312.4,1,6.748,26,0,0.0,0,0.0,0.0,100.1,1,2.66,1,0,0.0,0,0.0,0.0,100.1,1,2.66,1,0,0.0,0,0.0,0.0,100.1,1,2.66,2,0,0.0,0,0.0,0.0,100.1,1
T75510-75520-75561-1-w1,65,False,Transformer,1,3581-89516-1,Line,0.791,100.64,5388.6,1,4.596,22,0,0.0,0,0.0,0.0,100.1,1,1.432,1,0,0.0,0,0.0,0.0,100.1,1,1.432,1,0,0.0,0,0.0,0.0,100.1,1,1.432,1,0,0.0,0,0.0,0.0,100.1,1
T75510-75520-75561-1-w1,72,False,Transformer,1,3581-89516-1,Line,0.483,100.39,5745.9,1,2.245,19,0,0.0,0,0.0,0.0,100.1,1,0.904,1,0,0.0,0,0.0,0.0,100.1,1,0.904,1,0,0.0,0,0.0,0.0,100.1,1,0.904,1,0,0.0,0,0.0,0.0,100.1,1
T75510-75520-75561-1-w1,108,False,Transformer,1,3581-89516-1,Line,1.085,100.88,7006.9,1,4.584,20,0,0.0,0,0.0,0.0,100.1,1,1.935,1,0,0.0,0,0.0,0.0,100.1,1,1.935,1,0,0.0,0,0.0,0.0,100.1,1,1.935,1,0,0.0,0,0.0,0.0,100.1,1
T75510-75520-75561-1-w1,137,False,Transformer,1,3581-89516-1,Line,1.1,100.89,5053.5,1,3.477,11,0,0.0,0,0.0,0.0,100.1,1,2.456,1,0,0.0,0,0.0,0.0,100.1,1,2.456,1,0,0.0,0,0.0,0.0,100.1,1,2.456,1,0,0.0,0,0.0,0.0,100.1,1
T75510-75520-75561-1-w2,29,False,Transformer,1,3581-89516-1,Line,1.922,101.56,5968.4,1,6.016,10,0,0.0,0,0.0,0.0,100.1,1,4.524,1,0,0.0,0,0.0,0.0,100.1,1,4.524,1,0,0.0,0,0.0,0.0,100.1,1,4.524,1,0,0.0,0,0.0,0.0,100.1,1
T75510-75520-75561-1-w2,50,False,Transformer,1,3581-89516-1,Line,1.446,101.18,5312.4,1,6.745,26,0,0.0,0,0.0,0.0,100.1,1,2.66,1,0,0.0,0,0.0,0.0,100.1,1,2.66,1,0,0.0,0,0.0,0.0,100.1,1,2.66,2,0,0.0,0,0.0,0.0,100.1,1
T75510-75520-75561-1-w2,65,False,Transformer,1,3581-89516-1,Line,0.791,100.64,5388.6,1,4.593,22,0,0.0,0,0.0,0.0,100.1,1,1.432,1,0,0.0,0,0.0,0.0,100.1,1,1.432,1,0,0.0,0,0.0,0.0,100.1,1,1.432,1,0,0.0,0,0.0,0.0,100.1,1
T75510-75520-75561-1-w2,72,False,Transformer,1,3581-89516-1,Line,0.483,100.39,5745.9,1,2.243,19,0,0.0,0,0.0,0.0,100.1,1,0.904,1,0,0.0,0,0.0,0.0,100.1,1,0.904,1,0,0.0,0,0.0,0.0,100.1,1,0.904,1,0,0.0,0,0.0,0.0,100.1,1
T75510-75520-75561-1-w2,108,False,Transformer,1,3581-89516-1,Line,1.085,100.88,7006.9,1,4.582,20,0,0.0,0,0.0,0.0,100.1,1,1.935,1,0,0.0,0,0.0,0.0,100.1,1,1.935,1,0,0.0,0,0.0,0.0,100.1,1,1.935,1,0,0.0,0,0.0,0.0,100.1,1
T75510-75520-75561-1-w2,137,False,Transformer,1,3581-89516-1,Line,1.1,100.89,5053.5,1,3.476,11,0,0.0,0,0.0,0.0,100.1,1,2.456,1,0,0.0,0,0.0,0.0,100.1,1,2.456,1,0,0.0,0,0.0,0.0,100.1,1,2.456,1,0,0.0,0,0.0,0.0,100.1,1
T75511-75520-75562-1-w1,29,False,Transformer,3,3581-89516-1,Line,2.656,101.8,5968.4,1,7.028,10,0,0.0,0,0.0,0.0,100.1,1,5.285,1,0,0.0,0,0.0,0.0,100.1,1,5.285,1,0,0.0,0,0.0,0.0,100.1,1,5.285,1,0,0.0,0,0.0,0.0,100.1,1
T75511-75520-75562-1-w1,50,False,Transformer,1,3581-89516-1,Line,1.669,101.36,5312.4,1,7.905,26,0,0.0,0,0.0,0.0,100.1,1,3.116,1,0,0.0,0,0.0,0.0,100.1,1,3.116,1,0,0.0,0,0.0,0.0,100.1,1,3.116,2,0,0.0,0,0.0,0.0,100.1,1
T75511-75520-75562-1-w1,65,False,Transformer,1,3581-89516-1,Line,0.913,100.74,5388.6,1,5.448,22,0,0.0,0,0.0,0.0,100.1,1,1.698,1,0,0.0,0,0.0,0.0,100.1,1,1.698,1,0,0.0,0,0.0,0.0,100.1,1,1.698,1,0,0.0,0,0.0,0.0,100.1,1
T75511-75520-75562-1-w1,72,False,Transformer,1,3581-89516-1,Line,0.557,100.45,5745.9,1,2.716,19,0,0.0,0,0.0,0.0,100.1,1,1.094,1,0,0.0,0,0.0,0.0,100.1,1,1.094,1,0,0.0,0,0.0,0.0,100.1,1,1.094,1,0,0.0,0,0.0,0.0,100.1,1
T75511-75520-75562-1-w1,108,False,Transformer,1,3581-89516-1,Line,1.253,101.02,7006.9,1,5.395,20,0,0.0,0,0.0,0.0,100.1,1,2.278,1,1,0.204,0,0.0,100.11,100.11,1,4.604,2,0,0.0,0,0.0,0.0,100.1,1,2.297,2,0,0.0,0,0.0,0.0,100.1,1
T75511-75520-75562-1-w1,137,False,Transformer,1,3581-89516-1,Line,1.269,101.03,5053.5,1,4.092,11,0,0.0,0,0.0,0.0,100.1,1,2.89,1,0,0.0,0,0.0,0.0,100.1,1,2.89,1,0,0.0,0,0.0,0.0,100.1,1,2.89,1,0,0.0,0,0.0,0.0,100.1,1
T75511-75520-75562-1-w2,29,False,Transformer,3,3581-89516-1,Line,2.656,101.8,5968.4,1,7.026,10,0,0.0,0,0.0,0.0,100.1,1,5.283,1,0,0.0,0,0.0,0.0,100.1,1,5.283,1,0,0.0,0,0.0,0.0,100.1,1,5.283,1,0,0.0,0,0.0,0.0,100.1,1
T75511-75520-75562-1-w2,50,False,Transformer,1,3581-89516-1,Line,1.669,101.36,5312.4,1,7.901,26,0,0.0,0,0.0,0.0,100.1,1,3.116,1,0,0.0,0,0.0,0.0,100.1,1,3.116,1,0,0.0,0,0.0,0.0,100.1,1,3.116,2,0,0.0,0,0.0,0.0,100.1,1
T75511-75520-75562-1-w2,65,False,Transformer,1,3581-89516-1,Line,0.913,100.74,5388.6,1,5.445,22,0,0.0,0,0.0,0.0,100.1,1,1.698,1,0,0.0,0,0.0,0.0,100.1,1,1.698,1,0,0.0,0,0.0,0.0,100.1,1,1.698,1,0,0.0,0,0.0,0.0,100.1,1
T75511-75520-75562-1-w2,72,False,Transformer,1,3581-89516-1,Line,0.557,100.45,5745.9,1,2.714,19,0,0.0,0,0.0,0.0,100.1,1,1.094,1,0,0.0,0,0.0,0.0,100.1,1,1.094,1,0,0.0,0,0.0,0.0,100.1,1,1.094,1,0,0.0,0,0.0,0.0,100.1,1
T75511-75520-75562-1-w2,108,False,Transformer,1,3581-89516-1,Line,1.253,101.02,7006.9,1,5.393,20,0,0.0,0,0.0,0.0,100.1,1,2.277,1,1,0.204,0,0.0,100.11,100.11,1,4.594,2,0,0.0,0,0.0,0.0,100.1,1,2.297,2,0,0.0,0,0.0,0.0,100.1,1
T75511-75520-75562-1-w2,137,False,Transformer,1,3581-89516-1,Line,1.269,101.03,5053.5,1,4.091,11,0,0.0,0,0.0,0.0,100.1,1,2.89,1,0,0.0,0,0.0,0.0,100.1,1,2.89,1,0,0.0,0,0.0,0.0,100.1,1,2.89,1,0,0.0,0,0.0,0.0,100.1,1
T81510-81520-81561-1-w1,0,False,Transformer,1,3581-89516-1,Line,0.239,100.19,5299.5,1,0.294,13,0,0.0,0,0.0,0.0,100.1,1,0.23,1,0,0.0,0,0.0,0.0,100.1,1,0.23,1,0,0.0,0,0.0,0.0,100.1,1,0.23,1,0,0.0,0,0.0,0.0,100.1,1
T81510-81520-81561-1-w1,7,False,Transformer,1,3581-89516-1,Line,0.466,100.38,6073.6,1,0.906,16,0,0.0,0,0.0,0.0,100.1,1,0.678,1,0,0.0,0,0.0,0.0,100.1,1,0.678,1,0,0.0,0,0.0,0.0,100.1,1,0.678,1,0,0.0,0,0.0,0.0,100.1,1
T81510-81520-81561-1-w1,21,False,Transformer,1,3581-89516-1,Line,0.329,100.27,4735.3,1,0.577,7,0,0.0,0,0.0,0.0,100.1,1,0.509,1,0,0.0,0,0.0,0.0,100.1,1,0.509,1,0,0.0,0,0.0,0.0,100.1,1,0.509,1,0,0.0,0,0.0,0.0,100.1,1
T81510-81520-81561-1-w1,29,False,Transformer,1,3581-89516-1,Line,0.565,100.46,5968.4,1,1.453,10,0,0.0,0,0.0,0.0,100.1,1,1.093,1,0,0.0,0,0.0,0.0,100.1,1,1.093,1,0,0.0,0,0.0,0.0,100.1,1,1.093,1,0,0.0,0,0.0,0.0,100.1,1
T81510-81520-81561-1-w1,50,False,Transformer,1,3581-89516-1,Line,0.534,100.43,5312.4,1,2.061,26,0,0.0,0,0.0,0.0,100.1,1,0.812,1,0,0.0,0,0.0,0.0,100.1,1,0.812,1,0,0.0,0,0.0,0.0,100.1,1,0.812,1,0,0.0,0,0.0,0.0,100.1,1
T81510-81520-81561-1-w1,58,False,Transformer,1,3581-89516-1,Line,0.279,100.23,4583.8,1,0.766,26,0,0.0,0,0.0,0.0,100.1,1,0.31,1,0,0.0,0,0.0,0.0,100.1,1,0.31,1,0,0.0,0,0.0,0.0,100.1,1,0.31,1,0,0.0,0,0.0,0.0,100.1,1
T81510-81520-81561-1-w1,65,False,Transformer,1,3581-89516-1,Line,0.449,100.37,5388.6,1,2.207,22,0,0.0,0,0.0,0.0,100.1,1,0.687,1,0,0.0,0,0.0,0.0,100.1,1,0.687,1,0,0.0,0,0.0,0.0,100.1,1,0.687,1,0,0.0,0,0.0,0.0,100.1,1
T81510-81520-81561-1-w1,72,False,Transformer,1,3581-89516-1,Line,0.454,100.37,5745.9,1,2.033,19,0,0.0,0,0.0,0.0,100.1,1,0.819,1,0,0.0,0,0.0,0.0,100.1,1,0.819,1,0,0.0,0,0.0,0.0,100.1,1,0.819,1,0,0.0,0,0.0,0.0,100.1,1
T81510-81520-81561-1-w1,79,False,Transformer,1,3581-89516-1,Line,0.243,100.2,2728.8,1,0.516,26,0,0.0,0,0.0,0.0,100.1,1,0.237,1,0,0.0,0,0.0,0.0,100.1,1,0.237,1,0,0.0,0,0.0,0.0,100.1,1,0.237,1,0,0.0,0,0.0,0.0,100.1,1
T81510-81520-81561-1-w1,94,False,Transformer,1,3581-89516-1,Line,0.425,100.35,5470.0,1,1.254,26,0,0.0,0,0.0,0.0,100.1,1,0.597,1,0,0.0,0,0.0,0.0,100.1,1,0.597,1,0,0.0,0,0.0,0.0,100.1,1,0.597,1,0,0.0,0,0.0,0.0,100.1,1
T81510-81520-81561-1-w1,108,False,Transformer,1,3581-89516-1,Line,0.528,100.43,7006.9,1,1.897,20,0,0.0,0,0.0,0.0,100.1,1,0.801,1,0,0.0,0,0.0,0.0,100.1,1,0.801,1,0,0.0,0,0.0,0.0,100.1,1,0.801,1,0,0.0,0,0.0,0.0,100.1,1
T81510-81520-81561-1-w1,116,False,Transformer,1,3581-89516-1,Line,0.347,100.28,4604.0,1,0.649,7,0,0.0,0,0.0,0.0,100.1,1,0.553,1,0,0.0,0,0.0,0.0,100.1,1,0.553,1,0,0.0,0,0.0,0.0,100.1,1,0.553,1,0,0.0,0,0.0,0.0,100.1,1
T81510-81520-81561-1-w1,123,False,Transformer,1,3581-89516-1,Line,0.129,100.1,5593.8,1,0.016,13,0,0.0,0,0.0,0.0,100.1,1,0.012,1,0,0.0,0,0.0,0.0,100.1,1,0.012,1,0,0.0,0,0.0,0.0,100.1,1,0.012,1,0,0.0,0,0.0,0.0,100.1,1
T81510-81520-81561-1-w1,137,False,Transformer,1,3581-89516-1,Line,0.439,100.36,5053.5,1,1.105,11,0,0.0,0,0.0,0.0,100.1,1,0.781,1,0,0.0,0,0.0,0.0,100.1,1,0.781,1,0,0.0,0,0.0,0.0,100.1,1,0.781,1,0,0.0,0,0.0,0.0,100.1,1
T81510-81520-81561-1-w1,145,False,Transformer,1,3581-89516-1,Line,0.171,100.14,4124.9,1,0.187,26,0,0.0,0,0.0,0.0,100.1,1,0.096,1,0,0.0,0,0.0,0.0,100.1,1,0.096,1,0,0.0,0,0.0,0.0,100.1,1,0.096,1,0,0.0,0,0.0,0.0,100.1,1
T81510-81520-81561-1-w1,167,False,Transformer,1,3581-89516-1,Line,0.258,100.21,3161.9,1,0.429,26,0,0.0,0,0.0,0.0,100.1,1,0.268,1,0,0.0,0,0.0,0.0,100.1,1,0.268,1,0,0.0,0,0.0,0.0,100.1,1,0.268,1,0,0.0,0,0.0,0.0,100.1,1
T81510-81520-81561-1-w2,0,False,Transformer,1,3581-89516-1,Line,0.239,100.19,5299.5,1,0.294,13,0,0.0,0,0.0,0.0,100.1,1,0.23,1,0,0.0,0,0.0,0.0,100.1,1,0.23,1,0,0.0,0,0.0,0.0,100.1,1,0.23,1,0,0.0,0,0.0,0.0,100.1,1
T81510-81520-81561-1-w2,7,False,Transformer,1,3581-89516-1,Line,0.466,100.38,6073.6,1,0.906,16,0,0.0,0,0.0,0.0,100.1,1,0.678,1,0,0.0,0,0.0,0.0,100.1,1,0.678,1,0,0.0,0,0.0,0.0,100.1,1,0.678,1,0,0.0,0,0.0,0.0,100.1,1
T81510-81520-81561-1-w2,21,False,Transformer,1,3581-89516-1,Line,0.329,100.27,4735.3,1,0.577,7,0,0.0,0,0.0,0.0,100.1,1,0.509,1,0,0.0,0,0.0,0.0,100.1,1,0.509,1,0,0.0,0,0.0,0.0,100.1,1,0.509,1,0,0.0,0,0.0,0.0,100.1,1
T81510-81520-81561-1-w2,29,False,Transformer,1,3581-89516-1,Line,0.565,100.46,5968.4,1,1.452,10,0,0.0,0,0.0,0.0,100.1,1,1.093,1,0,0.0,0,0.0,0.0,100.1,1,1.093,1,0,0.0,0,0.0,0.0,100.1,1,1.093,1,0,0.0,0,0.0,0.0,100.1,1
T81510-81520-81561-1-w2,50,False,Transformer,1,3581-89516-1,Line,0.534,100.43,5312.4,1,2.061,26,0,0.0,0,0.0,0.0,100.1,1,0.812,1,0,0.0,0,0.0,0.0,100.1,1,0.812,1,0,0.0,0,0.0,0.0,100.1,1,0.812,1,0,0.0,0,0.0,0.0,100.1,1
T81510-81520-81561-1-w2,58,False,Transformer,1,3581-89516-1,Line,0.279,100.23,4583.8,1,0.766,26,0,0.0,0,0.0,0.0,100.1,1,0.31,1,0,0.0,0,0.0,0.0,100.1,1,0.31,1,0,0.0,0,0.0,0.0,100.1,1,0.31,1,0,0.0,0,0.0,0.0,100.1,1
T81510-81520-81561-1-w2,65,False,Transformer,1,3581-89516-1,Line,0.449,100.37,5388.6,1,2.207,22,0,0.0,0,0.0,0.0,100.1,1,0.687,1,0,0.0,0,0.0,0.0,100.1,1,0.687,1,0,0.0,0,0.0,0.0,100.1,1,0.687,1,0,0.0,0,0.0,0.0,100.1,1
T81510-81520-81561-1-w2,72,False,Transformer,1,3581-89516-1,Line,0.454,100.37,5745.9,1,2.033,19,0,0.0,0,0.0,0.0,100.1,1,0.819,1,0,0.0,0,0.0,0.0,100.1,1,0.819,1,0,0.0,0,0.0,0.0,100.1,1,0.819,1,0,0.0,0,0.0,0.0,100.1,1
T81510-81520-81561-1-w2,79,False,Transformer,1,3581-89516-1,Line,0.243,100.2,2728.8,1,0.516,26,0,0.0,0,0.0,0.0,100.1,1,0.237,1,0,0.0,0,0.0,0.0,100.1,1,0.237,1,0,0.0,0,0.0,0.0,100.1,1,0.237,1,0,0.0,0,0.0,0.0,100.1,1
T81510-81520-81561-1-w2,94,False,Transformer,1,3581-89516-1,Line,0.425,100.35,5470.0,1,1.253,26,0,0.0,0,0.0,0.0,100.1,1,0.597,1,0,0.0,0,0.0,0.0,100.1,1,0.597,1,0,0.0,0,0.0,0.0,100.1,1,0.597,1,0,0.0,0,0.0,0.0,100.1,1
T81510-81520-81561-1-w2,108,False,Transformer,1,3581-89516-1,Line,0.528,100.43,7006.9,1,1.897,20,0,0.0,0,0.0,0.0,100.1,1,0.801,1,0,0.0,0,0.0,0.0,100.1,1,0.801,1,0,0.0,0,0.0,0.0,100.1,1,0.801,1,0,0.0,0,0.0,0.0,100.1,1
T81510-81520-81561-1-w2,116,False,Transformer,1,3581-89516-1,Line,0.347,100.28,4604.0,1,0.649,7,0,0.0,0,0.0,0.0,100.1,1,0.553,1,0,0.0,0,0.0,0.0,100.1,1,0.553,1,0,0.0,0,0.0,0.0,100.1,1,0.553,1,0,0.0,0,0.0,0.0,100.1,1
T81510-81520-81561-1-w2,123,False,Transformer,1,3581-89516-1,Line,0.129,100.1,5593.8,1,0.016,13,0,0.0,0,0.0,0.0,100.1,1,0.012,1,0,0.0,0,0.0,0.0,100.1,1,0.012,1,0,0.0,0,0.0,0.0,100.1,1,0.012,1,0,0.0,0,0.0,0.0,100.1,1
T81510-81520-81561-1-w2,137,False,Transformer,1,3581-89516-1,Line,0.439,100.36,5053.5,1,1.105,11,0,0.0,0,0.0,0.0,100.1,1,0.781,1,0,0.0,0,0.0,0.0,100.1,1,0.781,1,0,0.0,0,0.0,0.0,100.1,1,0.781,1,0,0.0,0,0.0,0.0,100.1,1
T81510-81520-81561-1-w2,145,False,Transformer,1,3581-89516-1,Line,0.171,100.14,4124.9,1,0.187,26,0,0.0,0,0.0,0.0,100.1,1,0.096,1,0,0.0,0,0.0,0.0,100.1,1,0.096,1,0,0.0,0,0.0,0.0,100.1,1,0.096,1,0,0.0,0,0.0,0.0,100.1,1
T81510-81520-81561-1-w2,167,False,Transformer,1,3581-89516-1,Line,0.258,100.21,3161.9,1,0.429,26,0,0.0,0,0.0,0.0,100.1,1,0.268,1,0,0.0,0,0.0,0.0,100.1,1,0.268,1,0,0.0,0,0.0,0.0,100.1,1,0.268,1,0,0.0,0,0.0,0.0,100.1,1
T81510-81520-81562-1-w1,0,False,Transformer,1,3581-89516-1,Line,0.24,100.2,5299.5,1,0.297,13,0,0.0,0,0.0,0.0,100.1,1,0.232,1,0,0.0,0,0.0,0.0,100.1,1,0.232,1,0,0.0,0,0.0,0.0,100.1,1,0.232,1,0,0.0,0,0.0,0.0,100.1,1
T81510-81520-81562-1-w1,7,False,Transformer,1,3581-89516-1,Line,0.468,100.38,6073.6,1,0.911,16,0,0.0,0,0.0,0.0,100.1,1,0.682,1,0,0.0,0,0.0,0.0,100.1,1,0.682,1,0,0.0,0,0.0,0.0,100.1,1,0.682,1,0,0.0,0,0.0,0.0,100.1,1
T81510-81520-81562-1-w1,21,False,Transformer,1,3581-89516-1,Line,0.33,100.27,4735.3,1,0.581,7,0,0.0,0,0.0,0.0,100.1,1,0.512,1,0,0.0,0,0.0,0.0,100.1,1,0.512,1,0,0.0,0,0.0,0.0,100.1,1,0.512,1,0,0.0,0,0.0,0.0,100.1,1
T81510-81520-81562-1-w1,29,False,Transformer,1,3581-89516-1,Line,0.567,100.46,5968.4,1,1.46,10,0,0.0,0,0.0,0.0,100.1,1,1.098,1,0,0.0,0,0.0,0.0,100.1,1,1.098,1,0,0.0,0,0.0,0.0,100.1,1,1.098,1,0,0.0,0,0.0,0.0,100.1,1
T81510-81520-81562-1-w1,50,False,Transformer,1,3581-89516-1,Line,0.536,100.44,5312.4,1,2.072,26,0,0.0,0,0.0,0.0,100.1,1,0.817,1,0,0.0,0,0.0,0.0,100.1,1,0.817,1,0,0.0,0,0.0,0.0,100.1,1,0.817,1,0,0.0,0,0.0,0.0,100.1,1
T81510-81520-81562-1-w1,58,False,Transformer,1,3581-89516-1,Line,0.281,100.23,4583.8,1,0.772,26,0,0.0,0,0.0,0.0,100.1,1,0.312,1,0,0.0,0,0.0,0.0,100.1,1,0.312,1,0,0.0,0,0.0,0.0,100.1,1,0.312,1,0,0.0,0,0.0,0.0,100.1,1
T81510-81520-81562-1-w1,65,False,Transformer,1,3581-89516-1,Line,0.451,100.37,5388.6,1,2.219,22,0,0.0,0,0.0,0.0,100.1,1,0.691,1,0,0.0,0,0.0,0.0,100.1,1,0.691,1,0,0.0,0,0.0,0.0,100.1,1,0.691,1,0,0.0,0,0.0,0.0,100.1,1
T81510-81520-81562-1-w1,72,False,Transformer,1,3581-89516-1,Line,0.456,100.37,5745.9,1,2.044,19,0,0.0,0,0.0,0.0,100.1,1,0.823,1,0,0.0,0,0.0,0.0,100.1,1,0.823,1,0,0.0,0,0.0,0.0,100.1,1,0.823,1,0,0.0,0,0.0,0.0,100.1,1
T81510-81520-81562-1-w1,79,False,Transformer,1,3581-89516-1,Line,0.244,100.2,2728.8,1,0.52,26,0,0.0,0,0.0,0.0,100.1,1,0.239,1,0,0.0,0,0.0,0.0,100.1,1,0.239,1,0,0.0,0,0.0,0.0,100.1,1,0.239,1,0,0.0,0,0.0,0.0,100.1,1
T81510-81520-81562-1-w1,94,False,Transformer,1,3581-89516-1,Line,0.427,100.35,5470.0,1,1.261,26,0,0.0,0,0.0,0.0,100.1,1,0.601,1,0,0.0,0,0.0,0.0,100.1,1,0.601,1,0,0.0,0,0.0,0.0,100.1,1,0.601,1,0,0.0,0,0.0,0.0,100.1,1
T81510-81520-81562-1-w1,108,False,Transformer,1,3581-89516-1,Line,0.53,100.43,7006.9,1,1.907,20,0,0.0,0,0.0,0.0,100.1,1,0.805,1,0,0.0,0,0.0,0.0,100.1,1,0.805,1,0,0.0,0,0.0,0.0,100.1,1,0.805,1,0,0.0,0,0.0,0.0,100.1,1
T81510-81520-81562-1-w1,116,False,Transformer,1,3581-89516-1,Line,0.348,100.28,4604.0,1,0.653,7,0,0.0,0,0.0,0.0,100.1,1,0.557,1,0,0.0,0,0.0,0.0,100.1,1,0.557,1,0,0.0,0,0.0,0.0,100.1,1,0.557,1,0,0.0,0,0.0,0.0,100.1,1
T81510-81520-81562-1-w1,123,False,Transformer,1,3581-89516-1,Line,0.129,100.11,5593.8,1,0.017,13,0,0.0,0,0.0,0.0,100.1,1,0.013,1,0,0.0,0,0.0,0.0,100.1,1,0.013,1,0,0.0,0,0.0,0.0,100.1,1,0.013,1,0,0.0,0,0.0,0.0,100.1,1
T81510-81520-81562-1-w1,137,False,Transformer,1,3581-89516-1,Line,0.44,100.36,5053.5,1,1.111,11,0,0.0,0,0.0,0.0,100.1,1,0.785,1,0,0.0,0,0.0,0.0,100.1,1,0.785,1,0,0.0,0,0.0,0.0,100.1,1,0.785,1,0,0.0,0,0.0,0.0,100.1,1
T81510-81520-81562-1-w1,145,False,Transformer,1,3581-89516-1,Line,0.172,100.14,4124.9,1,0.189,26,0,0.0,0,0.0,0.0,100.1,1,0.097,1,0,0.0,0,0.0,0.0,100.1,1,0.097,1,0,0.0,0,0.0,0.0,100.1,1,0.097,1,0,0.0,0,0.0,0.0,100.1,1
T81510-81520-81562-1-w1,167,False,Transformer,1,3581-89516-1,Line,0.259,100.21,3161.9,1,0.433,26,0,0.0,0,0.0,0.0,100.1,1,0.27,1,0,0.0,0,0.0,0.0,100.1,1,0.27,1,0,0.0,0,0.0,0.0,100.1,1,0.27,1,0,0.0,0,0.0,0.0,100.1,1
T81510-81520-81562-1-w2,0,False,Transformer,1,3581-89516-1,Line,0.24,100.2,5299.5,1,0.297,13,0,0.0,0,0.0,0.0,100.1,1,0.232,1,0,0.0,0,0.0,0.0,100.1,1,0.232,1,0,0.0,0,0.0,0.0,100.1,1,0.232,1,0,0.0,0,0.0,0.0,100.1,1
T81510-81520-81562-1-w2,7,False,Transformer,1,3581-89516-1,Line,0.468,100.38,6073.6,1,0.911,16,0,0.0,0,0.0,0.0,100.1,1,0.682,1,0,0.0,0,0.0,0.0,100.1,1,0.682,1,0,0.0,0,0.0,0.0,100.1,1,0.682,1,0,0.0,0,0.0,0.0,100.1,1
T81510-81520-81562-1-w2,21,False,Transformer,1,3581-89516-1,Line,0.33,100.27,4735.3,1,0.581,7,0,0.0,0,0.0,0.0,100.1,1,0.512,1,0,0.0,0,0.0,0.0,100.1,1,0.512,1,0,0.0,0,0.0,0.0,100.1,1,0.512,1,0,0.0,0,0.0,0.0,100.1,1
T81510-81520-81562-1-w2,29,False,Transformer,1,3581-89516-1,Line,0.567,100.46,5968.4,1,1.46,10,0,0.0,0,0.0,0.0,100.1,1,1.098,1,0,0.0,0,0.0,0.0,100.1,1,1.098,1,0,0.0,0,0.0,0.0,100.1,1,1.098,1,0,0.0,0,0.0,0.0,100.1,1
T81510-81520-81562-1-w2,50,False,Transformer,1,3581-89516-1,Line,0.536,100.44,5312.4,1,2.072,26,0,0.0,0,0.0,0.0,100.1,1,0.817,1,0,0.0,0,0.0,0.0,100.1,1,0.817,1,0,0.0,0,0.0,0.0,100.1,1,0.817,1,0,0.0,0,0.0,0.0,100.1,1
T81510-81520-81562-1-w2,58,False,Transformer,1,3581-89516-1,Line,0.281,100.23,4583.8,1,0.772,26,0,0.0,0,0.0,0.0,100.1,1,0.312,1,0,0.0,0,0.0,0.0,100.1,1,0.312,1,0,0.0,0,0.0,0.0,100.1,1,0.312,1,0,0.0,0,0.0,0.0,100.1,1
T81510-81520-81562-1-w2,65,False,Transformer,1,3581-89516-1,Line,0.451,100.37,5388.6,1,2.219,22,0,0.0,0,0.0,0.0,100.1,1,0.691,1,0,0.0,0,0.0,0.0,100.1,1,0.691,1,0,0.0,0,0.0,0.0,100.1,1,0.691,1,0,0.0,0,0.0,0.0,100.1,1
T81510-81520-81562-1-w2,72,False,Transformer,1,3581-89516-1,Line,0.456,100.37,5745.9,1,2.044,19,0,0.0,0,0.0,0.0,100.1,1,0.823,1,0,0.0,0,0.0,0.0,100.1,1,0.823,1,0,0.0,0,0.0,0.0,100.1,1,0.823,1,0,0.0,0,0.0,0.0,100.1,1
T81510-81520-81562-1-w2,79,False,Transformer,1,3581-89516-1,Line,0.244,100.2,2728.8,1,0.52,26,0,0.0,0,0.0,0.0,100.1,1,0.239,1,0,0.0,0,0.0,0.0,100.1,1,0.239,1,0,0.0,0,0.0,0.0,100.1,1,0.239,1,0,0.0,0,0.0,0.0,100.1,1
T81510-81520-81562-1-w2,94,False,Transformer,1,3581-89516-1,Line,0.427,100.35,5470.0,1,1.26,26,0,0.0,0,0.0,0.0,100.1,1,0.601,1,0,0.0,0,0.0,0.0,100.1,1,0.601,1,0,0.0,0,0.0,0.0,100.1,1,0.601,1,0,0.0,0,0.0,0.0,100.1,1
T81510-81520-81562-1-w2,108,False,Transformer,1,3581-89516-1,Line,0.53,100.43,7006.9,1,1.907,20,0,0.0,0,0.0,0.0,100.1,1,0.805,1,0,0.0,0,0.0,0.0,100.1,1,0.805,1,0,0.0,0,0.0,0.0,100.1,1,0.805,1,0,0.0,0,0.0,0.0,100.1,1
T81510-81520-81562-1-w2,116,False,Transformer,1,3581-89516-1,Line,0.348,100.28,4604.0,1,0.653,7,0,0.0,0,0.0,0.0,100.1,1,0.557,1,0,0.0,0,0.0,0.0,100.1,1,0.557,1,0,0.0,0,0.0,0.0,100.1,1,0.557,1,0,0.0,0,0.0,0.0,100.1,1
T81510-81520-81562-1-w2,123,False,Transformer,1,3581-89516-1,Line,0.129,100.11,5593.8,1,0.017,13,0,0.0,0,0.0,0.0,100.1,1,0.013,1,0,0.0,0,0.0,0.0,100.1,1,0.013,1,0,0.0,0,0.0,0.0,100.1,1,0.013,1,0,0.0,0,0.0,0.0,100.1,1
T81510-81520-81562-1-w2,137,False,Transformer,1,3581-89516-1,Line,0.44,100.36,5053.5,1,1.111,11,0,0.0,0,0.0,0.0,100.1,1,0.785,1,0,0.0,0,0.0,0.0,100.1,1,0.785,1,0,0.0,0,0.0,0.0,100.1,1,0.785,1,0,0.0,0,0.0,0.0,100.1,1
T81510-81520-81562-1-w2,145,False,Transformer,1,3581-89516-1,Line,0.172,100.14,4124.9,1,0.189,26,0,0.0,0,0.0,0.0,100.1,1,0.097,1,0,0.0,0,0.0,0.0,100.1,1,0.097,1,0,0.0,0,0.0,0.0,100.1,1,0.097,1,0,0.0,0,0.0,0.0,100.1,1
T81510-81520-81562-1-w2,167,False,Transformer,1,3581-89516-1,Line,0.259,100.21,3161.9,1,0.433,26,0,0.0,0,0.0,0.0,100.1,1,0.27,1,0,0.0,0,0.0,0.0,100.1,1,0.27,1,0,0.0,0,0.0,0.0,100.1,1,0.27,1,0,0.0,0,0.0,0.0,100.1,1
T90011-90020-90061-1-w1,0,False,Transformer,1,3581-89516-1,Line,0.354,100.29,5299.5,1,0.586,13,0,0.0,0,0.0,0.0,100.1,1,0.458,1,0,0.0,0,0.0,0.0,100.1,1,0.458,1,0,0.0,0,0.0,0.0,100.1,1,0.458,1,0,0.0,0,0.0,0.0,100.1,1
T90011-90020-90061-1-w1,7,False,Transformer,1,3581-89516-1,Line,0.478,100.39,6073.6,1,0.94,16,0,0.0,0,0.0,0.0,100.1,1,0.703,1,0,0.0,0,0.0,0.0,100.1,1,0.703,1,0,0.0,0,0.0,0.0,100.1,1,0.703,1,0,0.0,0,0.0,0.0,100.1,1
T90011-90020-90061-1-w1,21,False,Transformer,1,3581-89516-1,Line,0.345,100.28,4735.3,1,0.622,7,0,0.0,0,0.0,0.0,100.1,1,0.549,1,0,0.0,0,0.0,0.0,100.1,1,0.549,1,0,0.0,0,0.0,0.0,100.1,1,0.549,1,0,0.0,0,0.0,0.0,100.1,1
T90011-90020-90061-1-w1,29,False,Transformer,1,3581-89516-1,Line,0.58,100.47,5968.4,1,1.503,10,0,0.0,0,0.0,0.0,100.1,1,1.131,1,0,0.0,0,0.0,0.0,100.1,1,1.131,1,0,0.0,0,0.0,0.0,100.1,1,1.131,1,0,0.0,0,0.0,0.0,100.1,1
T90011-90020-90061-1-w1,50,False,Transformer,1,3581-89516-1,Line,0.56,100.45,5312.4,1,2.192,26,0,0.0,0,0.0,0.0,100.1,1,0.864,1,0,0.0,0,0.0,0.0,100.1,1,0.864,1,0,0.0,0,0.0,0.0,100.1,1,0.864,1,0,0.0,0,0.0,0.0,100.1,1
T90011-90020-90061-1-w1,58,False,Transformer,1,3581-89516-1,Line,0.385,100.31,4583.8,1,1.285,26,0,0.0,0,0.0,0.0,100.1,1,0.519,1,0,0.0,0,0.0,0.0,100.1,1,0.519,1,0,0.0,0,0.0,0.0,100.1,1,0.519,1,0,0.0,0,0.0,0.0,100.1,1
T90011-90020-90061-1-w1,65,False,Transformer,1,3581-89516-1,Line,0.474,100.39,5388.6,1,2.374,22,0,0.0,0,0.0,0.0,100.1,1,0.739,1,0,0.0,0,0.0,0.0,100.1,1,0.739,1,0,0.0,0,0.0,0.0,100.1,1,0.739,1,0,0.0,0,0.0,0.0,100.1,1
T90011-90020-90061-1-w1,72,False,Transformer,1,3581-89516-1,Line,0.485,100.39,5745.9,1,2.222,19,0,0.0,0,0.0,0.0,100.1,1,0.895,1,0,0.0,0,0.0,0.0,100.1,1,0.895,1,0,0.0,0,0.0,0.0,100.1,1,0.895,1,0,0.0,0,0.0,0.0,100.1,1
T90011-90020-90061-1-w1,79,False,Transformer,1,3581-89516-1,Line,0.469,100.38,2728.8,1,1.492,26,0,0.0,0,0.0,0.0,100.1,1,0.684,1,0,0.0,0,0.0,0.0,100.1,1,0.684,1,0,0.0,0,0.0,0.0,100.1,1,0.684,1,0,0.0,0,0.0,0.0,100.1,1
T90011-90020-90061-1-w1,94,False,Transformer,1,3581-89516-1,Line,0.471,100.38,5470.0,1,1.446,26,0,0.0,0,0.0,0.0,100.1,1,0.689,1,0,0.0,0,0.0,0.0,100.1,1,0.689,1,0,0.0,0,0.0,0.0,100.1,1,0.689,1,0,0.0,0,0.0,0.0,100.1,1
T90011-90020-90061-1-w1,108,False,Transformer,1,3581-89516-1,Line,0.58,100.47,7006.9,1,2.142,20,0,0.0,0,0.0,0.0,100.1,1,0.904,1,0,0.0,0,0.0,0.0,100.1,1,0.904,1,0,0.0,0,0.0,0.0,100.1,1,0.904,1,0,0.0,0,0.0,0.0,100.1,1
T90011-90020-90061-1-w1,116,False,Transformer,1,3581-89516-1,Line,0.365,100.3,4604.0,1,0.704,7,0,0.0,0,0.0,0.0,100.1,1,0.6,1,0,0.0,0,0.0,0.0,100.1,1,0.6,1,0,0.0,0,0.0,0.0,100.1,1,0.6,1,0,0.0,0,0.0,0.0,100.1,1
T90011-90020-90061-1-w1,123,False,Transformer,1,3581-89516-1,Line,0.32,100.26,5593.8,1,0.523,13,0,0.0,0,0.0,0.0,100.1,1,0.389,1,0,0.0,0,0.0,0.0,100.1,1,0.389,1,0,0.0,0,0.0,0.0,100.1,1,0.389,1,0,0.0,0,0.0,0.0,100.1,1
T90011-90020-90061-1-w1,130,False,Transformer,1,3581-89516-1,Line,0.295,100.24,5592.5,1,0.454,13,0,0.0,0,0.0,0.0,100.1,1,0.341,1,0,0.0,0,0.0,0.0,100.1,1,0.341,1,0,0.0,0,0.0,0.0,100.1,1,0.341,1,0,0.0,0,0.0,0.0,100.1,1
T90011-90020-90061-1-w1,137,False,Transformer,1,3581-89516-1,Line,0.46,100.37,5053.5,1,1.179,11,0,0.0,0,0.0,0.0,100.1,1,0.833,1,0,0.0,0,0.0,0.0,100.1,1,0.833,1,0,0.0,0,0.0,0.0,100.1,1,0.833,1,0,0.0,0,0.0,0.0,100.1,1
T90011-90020-90061-1-w1,145,False,Transformer,1,3581-89516-1,Line,0.315,100.26,4124.9,1,0.739,26,0,0.0,0,0.0,0.0,100.1,1,0.379,1,0,0.0,0,0.0,0.0,100.1,1,0.379,1,0,0.0,0,0.0,0.0,100.1,1,0.379,1,0,0.0,0,0.0,0.0,100.1,1
T90011-90020-90061-1-w1,152,False,Transformer,1,3581-89516-1,Line,0.258,100.21,4161.2,1,0.473,25,0,0.0,0,0.0,0.0,100.1,1,0.267,1,0,0.0,0,0.0,0.0,100.1,1,0.267,1,0,0.0,0,0.0,0.0,100.1,1,0.267,1,0,0.0,0,0.0,0.0,100.1,1
T90011-90020-90061-1-w1,159,False,Transformer,1,3581-89516-1,Line,0.379,100.31,5313.0,1,0.88,25,0,0.0,0,0.0,0.0,100.1,1,0.506,1,0,0.0,0,0.0,0.0,100.1,1,0.506,1,0,0.0,0,0.0,0.0,100.1,1,0.506,1,0,0.0,0,0.0,0.0,100.1,1
T90011-90020-90061-1-w1,167,False,Transformer,1,3581-89516-1,Line,0.295,100.24,3161.9,1,0.546,26,0,0.0,0,0.0,0.0,100.1,1,0.34,1,0,0.0,0,0.0,0.0,100.1,1,0.34,1,0,0.0,0,0.0,0.0,100.1,1,0.34,1,0,0.0,0,0.0,0.0,100.1,1
T90011-90020-90061-1-w2,0,False,Transformer,1,3581-89516-1,Line,0.354,100.29,5299.5,1,0.586,13,0,0.0,0,0.0,0.0,100.1,1,0.458,1,0,0.0,0,0.0,0.0,100.1,1,0.458,1,0,0.0,0,0.0,0.0,100.1,1,0.458,1,0,0.0,0,0.0,0.0,100.1,1
T90011-90020-90061-1-w2,7,False,Transformer,1,3581-89516-1,Line,0.478,100.39,6073.6,1,0.94,16,0,0.0,0,0.0,0.0,100.1,1,0.703,1,0,0.0,0,0.0,0.0,100.1,1,0.703,1,0,0.0,0,0.0,0.0,100.1,1,0.703,1,0,0.0,0,0.0,0.0,100.1,1
T90011-90020-90061-1-w2,21,False,Transformer,1,3581-89516-1,Line,0.345,100.28,4735.3,1,0.622,7,0,0.0,0,0.0,0.0,100.1,1,0.549,1,0,0.0,0,0.0,0.0,100.1,1,0.549,1,0,0.0,0,0.0,0.0,100.1,1,0.549,1,0,0.0,0,0.0,0.0,100.1,1
T90011-90020-90061-1-w2,29,False,Transformer,1,3581-89516-1,Line,0.58,100.47,5968.4,1,1.503,10,0,0.0,0,0.0,0.0,100.1,1,1.131,1,0,0.0,0,0.0,0.0,100.1,1,1.131,1,0,0.0,0,0.0,0.0,100.1,1,1.131,1,0,0.0,0,0.0,0.0,100.1,1
T90011-90020-90061-1-w2,50,False,Transformer,1,3581-89516-1,Line,0.56,100.45,5312.4,1,2.192,26,0,0.0,0,0.0,0.0,100.1,1,0.864,1,0,0.0,0,0.0,0.0,100.1,1,0.864,1,0,0.0,0,0.0,0.0,100.1,1,0.864,1,0,0.0,0,0.0,0.0,100.1,1
T90011-90020-90061-1-w2,58,False,Transformer,1,3581-89516-1,Line,0.385,100.31,4583.8,1,1.285,26,0,0.0,0,0.0,0.0,100.1,1,0.519,1,0,0.0,0,0.0,0.0,100.1,1,0.519,1,0,0.0,0,0.0,0.0,100.1,1,0.519,1,0,0.0,0,0.0,0.0,100.1,1
T90011-90020-90061-1-w2,65,False,Transformer,1,3581-89516-1,Line,0.474,100.39,5388.6,1,2.374,22,0,0.0,0,0.0,0.0,100.1,1,0.739,1,0,0.0,0,0.0,0.0,100.1,1,0.739,1,0,0.0,0,0.0,0.0,100.1,1,0.739,1,0,0.0,0,0.0,0.0,100.1,1
T90011-90020-90061-1-w2,72,False,Transformer,1,3581-89516-1,Line,0.485,100.39,5745.9,1,2.222,19,0,0.0,0,0.0,0.0,100.1,1,0.895,1,0,0.0,0,0.0,0.0,100.1,1,0.895,1,0,0.0,0,0.0,0.0,100.1,1,0.895,1,0,0.0,0,0.0,0.0,100.1,1
T90011-90020-90061-1-w2,79,False,Transformer,1,3581-89516-1,Line,0.469,100.38,2728.8,1,1.492,26,0,0.0,0,0.0,0.0,100.1,1,0.684,1,0,0.0,0,0.0,0.0,100.1,1,0.684,1,0,0.0,0,0.0,0.0,100.1,1,0.684,1,0,0.0,0,0.0,0.0,100.1,1
T90011-90020-90061-1-w2,94,False,Transformer,1,3581-89516-1,Line,0.471,100.38,5470.0,1,1.446,26,0,0.0,0,0.0,0.0,100.1,1,0.689,1,0,0.0,0,0.0,0.0,100.1,1,0.689,1,0,0.0,0,0.0,0.0,100.1,1,0.689,1,0,0.0,0,0.0,0.0,100.1,1
T90011-90020-90061-1-w2,108,False,Transformer,1,3581-89516-1,Line,0.58,100.47,7006.9,1,2.142,20,0,0.0,0,0.0,0.0,100.1,1,0.904,1,0,0.0,0,0.0,0.0,100.1,1,0.904,1,0,0.0,0,0.0,0.0,100.1,1,0.904,1,0,0.0,0,0.0,0.0,100.1,1
T90011-90020-90061-1-w2,116,False,Transformer,1,3581-89516-1,Line,0.365,100.3,4604.0,1,0.704,7,0,0.0,0,0.0,0.0,100.1,1,0.6,1,0,0.0,0,0.0,0.0,100.1,1,0.6,1,0,0.0,0,0.0,0.0,100.1,1,0.6,1,0,0.0,0,0.0,0.0,100.1,1
T90011-90020-90061-1-w2,123,False,Transformer,1,3581-89516-1,Line,0.32,100.26,5593.8,1,0.523,13,0,0.0,0,0.0,0.0,100.1,1,0.389,1,0,0.0,0,0.0,0.0,100.1,1,0.389,1,0,0.0,0,0.0,0.0,100.1,1,0.389,1,0,0.0,0,0.0,0.0,100.1,1
T90011-90020-90061-1-w2,130,False,Transformer,1,3581-89516-1,Line,0.295,100.24,5592.5,1,0.454,13,0,0.0,0,0.0,0.0,100.1,1,0.341,1,0,0.0,0,0.0,0.0,100.1,1,0.341,1,0,0.0,0,0.0,0.0,100.1,1,0.341,1,0,0.0,0,0.0,0.0,100.1,1
T90011-90020-90061-1-w2,137,False,Transformer,1,3581-89516-1,Line,0.46,100.37,5053.5,1,1.179,11,0,0.0,0,0.0,0.0,100.1,1,0.833,1,0,0.0,0,0.0,0.0,100.1,1,0.833,1,0,0.0,0,0.0,0.0,100.1,1,0.833,1,0,0.0,0,0.0,0.0,100.1,1
T90011-90020-90061-1-w2,145,False,Transformer,1,3581-89516-1,Line,0.315,100.26,4124.9,1,0.739,26,0,0.0,0,0.0,0.0,100.1,1,0.379,1,0,0.0,0,0.0,0.0,100.1,1,0.379,1,0,0.0,0,0.0,0.0,100.1,1,0.379,1,0,0.0,0,0.0,0.0,100.1,1
T90011-90020-90061-1-w2,152,False,Transformer,1,3581-89516-1,Line,0.258,100.21,4161.2,1,0.473,25,0,0.0,0,0.0,0.0,100.1,1,0.267,1,0,0.0,0,0.0,0.0,100.1,1,0.267,1,0,0.0,0,0.0,0.0,100.1,1,0.267,1,0,0.0,0,0.0,0.0,100.1,1
T90011-90020-90061-1-w2,159,False,Transformer,1,3581-89516-1,Line,0.379,100.31,5313.0,1,0.88,25,0,0.0,0,0.0,0.0,100.1,1,0.506,1,0,0.0,0,0.0,0.0,100.1,1,0.506,1,0,0.0,0,0.0,0.0,100.1,1,0.506,1,0,0.0,0,0.0,0.0,100.1,1
T90011-90020-90061-1-w2,167,False,Transformer,1,3581-89516-1,Line,0.295,100.24,3161.9,1,0.546,26,0,0.0,0,0.0,0.0,100.1,1,0.34,1,0,0.0,0,0.0,0.0,100.1,1,0.34,1,0,0.0,0,0.0,0.0,100.1,1,0.34,1,0,0.0,0,0.0,0.0,100.1,1
T90011-90020-90062-1-w1,0,False,Transformer,1,3581-89516-1,Line,0.354,100.29,5299.5,1,0.586,13,0,0.0,0,0.0,0.0,100.1,1,0.458,1,0,0.0,0,0.0,0.0,100.1,1,0.458,1,0,0.0,0,0.0,0.0,100.1,1,0.458,1,0,0.0,0,0.0,0.0,100.1,1
T90011-90020-90062-1-w1,7,False,Transformer,1,3581-89516-1,Line,0.478,100.39,6073.6,1,0.94,16,0,0.0,0,0.0,0.0,100.1,1,0.703,1,0,0.0,0,0.0,0.0,100.1,1,0.703,1,0,0.0,0,0.0,0.0,100.1,1,0.703,1,0,0.0,0,0.0,0.0,100.1,1
T90011-90020-90062-1-w1,21,False,Transformer,1,3581-89516-1,Line,0.345,100.28,4735.3,1,0.622,7,0,0.0,0,0.0,0.0,100.1,1,0.549,1,0,0.0,0,0.0,0.0,100.1,1,0.549,1,0,0.0,0,0.0,0.0,100.1,1,0.549,1,0,0.0,0,0.0,0.0,100.1,1
T90011-90020-90062-1-w1,29,False,Transformer,1,3581-89516-1,Line,0.58,100.47,5968.4,1,1.503,10,0,0.0,0,0.0,0.0,100.1,1,1.131,1,0,0.0,0,0.0,0.0,100.1,1,1.131,1,0,0.0,0,0.0,0.0,100.1,1,1.131,1,0,0.0,0,0.0,0.0,100.1,1
T90011-90020-90062-1-w1,50,False,Transformer,1,3581-89516-1,Line,0.56,100.45,5312.4,1,2.192,26,0,0.0,0,0.0,0.0,100.1,1,0.864,1,0,0.0,0,0.0,0.0,100.1,1,0.864,1,0,0.0,0,0.0,0.0,100.1,1,0.864,1,0,0.0,0,0.0,0.0,100.1,1
T90011-90020-90062-1-w1,58,False,Transformer,1,3581-89516-1,Line,0.385,100.31,4583.8,1,1.285,26,0,0.0,0,0.0,0.0,100.1,1,0.519,1,0,0.0,0,0.0,0.0,100.1,1,0.519,1,0,0.0,0,0.0,0.0,100.1,1,0.519,1,0,0.0,0,0.0,0.0,100.1,1
T90011-90020-90062-1-w1,65,False,Transformer,1,3581-89516-1,Line,0.474,100.39,5388.6,1,2.374,22,0,0.0,0,0.0,0.0,100.1,1,0.739,1,0,0.0,0,0.0,0.0,100.1,1,0.739,1,0,0.0,0,0.0,0.0,100.1,1,0.739,1,0,0.0,0,0.0,0.0,100.1,1
T90011-90020-90062-1-w1,72,False,Transformer,1,3581-89516-1,Line,0.485,100.39,5745.9,1,2.222,19,0,0.0,0,0.0,0.0,100.1,1,0.895,1,0,0.0,0,0.0,0.0,100.1,1,0.895,1,0,0.0,0,0.0,0.0,100.1,1,0.895,1,0,0.0,0,0.0,0.0,100.1,1
T90011-90020-90062-1-w1,79,False,Transformer,1,3581-89516-1,Line,0.469,100.38,2728.8,1,1.492,26,0,0.0,0,0.0,0.0,100.1,1,0.684,1,0,0.0,0,0.0,0.0,100.1,1,0.684,1,0,0.0,0,0.0,0.0,100.1,1,0.684,1,0,0.0,0,0.0,0.0,100.1,1
T90011-90020-90062-1-w1,94,False,Transformer,1,3581-89516-1,Line,0.471,100.38,5470.0,1,1.446,26,0,0.0,0,0.0,0.0,100.1,1,0.689,1,0,0.0,0,0.0,0.0,100.1,1,0.689,1,0,0.0,0,0.0,0.0,100.1,1,0.689,1,0,0.0,0,0.0,0.0,100.1,1
T90011-90020-90062-1-w1,108,False,Transformer,1,3581-89516-1,Line,0.58,100.47,7006.9,1,2.142,20,0,0.0,0,0.0,0.0,100.1,1,0.904,1,0,0.0,0,0.0,0.0,100.1,1,0.904,1,0,0.0,0,0.0,0.0,100.1,1,0.904,1,0,0.0,0,0.0,0.0,100.1,1
T90011-90020-90062-1-w1,116,False,Transformer,1,3581-89516-1,Line,0.365,100.3,4604.0,1,0.704,7,0,0.0,0,0.0,0.0,100.1,1,0.6,1,0,0.0,0,0.0,0.0,100.1,1,0.6,1,0,0.0,0,0.0,0.0,100.1,1,0.6,1,0,0.0,0,0.0,0.0,100.1,1
T90011-90020-90062-1-w1,123,False,Transformer,1,3581-89516-1,Line,0.32,100.26,5593.8,1,0.523,13,0,0.0,0,0.0,0.0,100.1,1,0.389,1,0,0.0,0,0.0,0.0,100.1,1,0.389,1,0,0.0,0,0.0,0.0,100.1,1,0.389,1,0,0.0,0,0.0,0.0,100.1,1
T90011-90020-90062-1-w1,130,False,Transformer,1,3581-89516-1,Line,0.295,100.24,5592.5,1,0.454,13,0,0.0,0,0.0,0.0,100.1,1,0.341,1,0,0.0,0,0.0,0.0,100.1,1,0.341,1,0,0.0,0,0.0,0.0,100.1,1,0.341,1,0,0.0,0,0.0,0.0,100.1,1
T90011-90020-90062-1-w1,137,False,Transformer,1,3581-89516-1,Line,0.46,100.37,5053.5,1,1.179,11,0,0.0,0,0.0,0.0,100.1,1,0.833,1,0,0.0,0,0.0,0.0,100.1,1,0.833,1,0,0.0,0,0.0,0.0,100.1,1,0.833,1,0,0.0,0,0.0,0.0,100.1,1
T90011-90020-90062-1-w1,145,False,Transformer,1,3581-89516-1,Line,0.315,100.26,4124.9,1,0.739,26,0,0.0,0,0.0,0.0,100.1,1,0.379,1,0,0.0,0,0.0,0.0,100.1,1,0.379,1,0,0.0,0,0.0,0.0,100.1,1,0.379,1,0,0.0,0,0.0,0.0,100.1,1
T90011-90020-90062-1-w1,152,False,Transformer,1,3581-89516-1,Line,0.258,100.21,4161.2,1,0.473,25,0,0.0,0,0.0,0.0,100.1,1,0.267,1,0,0.0,0,0.0,0.0,100.1,1,0.267,1,0,0.0,0,0.0,0.0,100.1,1,0.267,1,0,0.0,0,0.0,0.0,100.1,1
T90011-90020-90062-1-w1,159,False,Transformer,1,3581-89516-1,Line,0.379,100.31,5313.0,1,0.88,25,0,0.0,0,0.0,0.0,100.1,1,0.506,1,0,0.0,0,0.0,0.0,100.1,1,0.506,1,0,0.0,0,0.0,0.0,100.1,1,0.506,1,0,0.0,0,0.0,0.0,100.1,1
T90011-90020-90062-1-w1,167,False,Transformer,1,3581-89516-1,Line,0.295,100.24,3161.9,1,0.546,26,0,0.0,0,0.0,0.0,100.1,1,0.34,1,0,0.0,0,0.0,0.0,100.1,1,0.34,1,0,0.0,0,0.0,0.0,100.1,1,0.34,1,0,0.0,0,0.0,0.0,100.1,1
T90011-90020-90062-1-w2,0,False,Transformer,1,3581-89516-1,Line,0.354,100.29,5299.5,1,0.586,13,0,0.0,0,0.0,0.0,100.1,1,0.458,1,0,0.0,0,0.0,0.0,100.1,1,0.458,1,0,0.0,0,0.0,0.0,100.1,1,0.458,1,0,0.0,0,0.0,0.0,100.1,1
T90011-90020-90062-1-w2,7,False,Transformer,1,3581-89516-1,Line,0.478,100.39,6073.6,1,0.94,16,0,0.0,0,0.0,0.0,100.1,1,0.703,1,0,0.0,0,0.0,0.0,100.1,1,0.703,1,0,0.0,0,0.0,0.0,100.1,1,0.703,1,0,0.0,0,0.0,0.0,100.1,1
T90011-90020-90062-1-w2,21,False,Transformer,1,3581-89516-1,Line,0.345,100.28,4735.3,1,0.622,7,0,0.0,0,0.0,0.0,100.1,1,0.549,1,0,0.0,0,0.0,0.0,100.1,1,0.549,1,0,0.0,0,0.0,0.0,100.1,1,0.549,1,0,0.0,0,0.0,0.0,100.1,1
T90011-90020-90062-1-w2,29,False,Transformer,1,3581-89516-1,Line,0.58,100.47,5968.4,1,1.503,10,0,0.0,0,0.0,0.0,100.1,1,1.131,1,0,0.0,0,0.0,0.0,100.1,1,1.131,1,0,0.0,0,0.0,0.0,100.1,1,1.131,1,0,0.0,0,0.0,0.0,100.1,1
T90011-90020-90062-1-w2,50,False,Transformer,1,3581-89516-1,Line,0.56,100.45,5312.4,1,2.192,26,0,0.0,0,0.0,0.0,100.1,1,0.864,1,0,0.0,0,0.0,0.0,100.1,1,0.864,1,0,0.0,0,0.0,0.0,100.1,1,0.864,1,0,0.0,0,0.0,0.0,100.1,1
T90011-90020-90062-1-w2,58,False,Transformer,1,3581-89516-1,Line,0.385,100.31,4583.8,1,1.285,26,0,0.0,0,0.0,0.0,100.1,1,0.519,1,0,0.0,0,0.0,0.0,100.1,1,0.519,1,0,0.0,0,0.0,0.0,100.1,1,0.519,1,0,0.0,0,0.0,0.0,100.1,1
T90011-90020-90062-1-w2,65,False,Transformer,1,3581-89516-1,Line,0.474,100.39,5388.6,1,2.374,22,0,0.0,0,0.0,0.0,100.1,1,0.739,1,0,0.0,0,0.0,0.0,100.1,1,0.739,1,0,0.0,0,0.0,0.0,100.1,1,0.739,1,0,0.0,0,0.0,0.0,100.1,1
T90011-90020-90062-1-w2,72,False,Transformer,1,3581-89516-1,Line,0.485,100.39,5745.9,1,2.222,19,0,0.0,0,0.0,0.0,100.1,1,0.895,1,0,0.0,0,0.0,0.0,100.1,1,0.895,1,0,0.0,0,0.0,0.0,100.1,1,0.895,1,0,0.0,0,0.0,0.0,100.1,1
T90011-90020-90062-1-w2,79,False,Transformer,1,3581-89516-1,Line,0.469,100.38,2728.8,1,1.492,26,0,0.0,0,0.0,0.0,100.1,1,0.684,1,0,0.0,0,0.0,0.0,100.1,1,0.684,1,0,0.0,0,0.0,0.0,100.1,1,0.684,1,0,0.0,0,0.0,0.0,100.1,1
T90011-90020-90062-1-w2,94,False,Transformer,1,3581-89516-1,Line,0.471,100.38,5470.0,1,1.446,26,0,0.0,0,0.0,0.0,100.1,1,0.689,1,0,0.0,0,0.0,0.0,100.1,1,0.689,1,0,0.0,0,0.0,0.0,100.1,1,0.689,1,0,0.0,0,0.0,0.0,100.1,1
T90011-90020-90062-1-w2,108,False,Transformer,1,3581-89516-1,Line,0.58,100.47,7006.9,1,2.142,20,0,0.0,0,0.0,0.0,100.1,1,0.904,1,0,0.0,0,0.0,0.0,100.1,1,0.904,1,0,0.0,0,0.0,0.0,100.1,1,0.904,1,0,0.0,0,0.0,0.0,100.1,1
T90011-90020-90062-1-w2,116,False,Transformer,1,3581-89516-1,Line,0.365,100.3,4604.0,1,0.704,7,0,0.0,0,0.0,0.0,100.1,1,0.6,1,0,0.0,0,0.0,0.0,100.1,1,0.6,1,0,0.0,0,0.0,0.0,100.1,1,0.6,1,0,0.0,0,0.0,0.0,100.1,1
T90011-90020-90062-1-w2,123,False,Transformer,1,3581-89516-1,Line,0.32,100.26,5593.8,1,0.523,13,0,0.0,0,0.0,0.0,100.1,1,0.389,1,0,0.0,0,0.0,0.0,100.1,1,0.389,1,0,0.0,0,0.0,0.0,100.1,1,0.389,1,0,0.0,0,0.0,0.0,100.1,1
T90011-90020-90062-1-w2,130,False,Transformer,1,3581-89516-1,Line,0.295,100.24,5592.5,1,0.454,13,0,0.0,0,0.0,0.0,100.1,1,0.341,1,0,0.0,0,0.0,0.0,100.1,1,0.341,1,0,0.0,0,0.0,0.0,100.1,1,0.341,1,0,0.0,0,0.0,0.0,100.1,1
T90011-90020-90062-1-w2,137,False,Transformer,1,3581-89516-1,Line,0.46,100.37,5053.5,1,1.179,11,0,0.0,0,0.0,0.0,100.1,1,0.833,1,0,0.0,0,0.0,0.0,100.1,1,0.833,1,0,0.0,0,0.0,0.0,100.1,1,0.833,1,0,0.0,0,0.0,0.0,100.1,1
T90011-90020-90062-1-w2,145,False,Transformer,1,3581-89516-1,Line,0.315,100.26,4124.9,1,0.739,26,0,0.0,0,0.0,0.0,100.1,1,0.379,1,0,0.0,0,0.0,0.0,100.1,1,0.379,1,0,0.0,0,0.0,0.0,100.1,1,0.379,1,0,0.0,0,0.0,0.0,100.1,1
T90011-90020-90062-1-w2,152,False,Transformer,1,3581-89516-1,Line,0.258,100.21,4161.2,1,0.473,25,0,0.0,0,0.0,0.0,100.1,1,0.267,1,0,0.0,0,0.0,0.0,100.1,1,0.267,1,0,0.0,0,0.0,0.0,100.1,1,0.267,1,0,0.0,0,0.0,0.0,100.1,1
T90011-90020-90062-1-w2,159,False,Transformer,1,3581-89516-1,Line,0.379,100.31,5313.0,1,0.88,25,0,0.0,0,0.0,0.0,100.1,1,0.506,1,0,0.0,0,0.0,0.0,100.1,1,0.506,1,0,0.0,0,0.0,0.0,100.1,1,0.506,1,0,0.0,0,0.0,0.0,100.1,1
T90011-90020-90062-1-w2,167,False,Transformer,1,3581-89516-1,Line,0.295,100.24,3161.9,1,0.546,26,0,0.0,0,0.0,0.0,100.1,1,0.34,1,0,0.0,0,0.0,0.0,100.1,1,0.34,1,0,0.0,0,0.0,0.0,100.1,1,0.34,1,0,0.0,0,0.0,0.0,100.1,1
T90012-90020-90063-1-w1,0,False,Transformer,1,3581-89516-1,Line,0.317,100.26,5299.5,1,0.491,13,0,0.0,0,0.0,0.0,100.1,1,0.384,1,0,0.0,0,0.0,0.0,100.1,1,0.384,1,0,0.0,0,0.0,0.0,100.1,1,0.384,1,0,0.0,0,0.0,0.0,100.1,1
T90012-90020-90063-1-w1,7,False,Transformer,1,3581-89516-1,Line,0.428,100.35,6073.6,1,0.806,16,0,0.0,0,0.0,0.0,100.1,1,0.603,1,0,0.0,0,0.0,0.0,100.1,1,0.603,1,0,0.0,0,0.0,0.0,100.1,1,0.603,1,0,0.0,0,0.0,0.0,100.1,1
T90012-90020-90063-1-w1,21,False,Transformer,1,3581-89516-1,Line,0.308,100.25,4735.3,1,0.52,7,0,0.0,0,0.0,0.0,100.1,1,0.459,1,0,0.0,0,0.0,0.0,100.1,1,0.459,1,0,0.0,0,0.0,0.0,100.1,1,0.459,1,0,0.0,0,0.0,0.0,100.1,1
T90012-90020-90063-1-w1,29,False,Transformer,1,3581-89516-1,Line,0.518,100.42,5968.4,1,1.301,10,0,0.0,0,0.0,0.0,100.1,1,0.978,1,0,0.0,0,0.0,0.0,100.1,1,0.978,1,0,0.0,0,0.0,0.0,100.1,1,0.978,1,0,0.0,0,0.0,0.0,100.1,1
T90012-90020-90063-1-w1,50,False,Transformer,1,3581-89516-1,Line,0.5,100.41,5312.4,1,1.894,26,0,0.0,0,0.0,0.0,100.1,1,0.747,1,0,0.0,0,0.0,0.0,100.1,1,0.747,1,0,0.0,0,0.0,0.0,100.1,1,0.747,1,0,0.0,0,0.0,0.0,100.1,1
T90012-90020-90063-1-w1,58,False,Transformer,1,3581-89516-1,Line,0.345,100.28,4583.8,1,1.086,26,0,0.0,0,0.0,0.0,100.1,1,0.439,1,0,0.0,0,0.0,0.0,100.1,1,0.439,1,0,0.0,0,0.0,0.0,100.1,1,0.439,1,0,0.0,0,0.0,0.0,100.1,1
T90012-90020-90063-1-w1,65,False,Transformer,1,3581-89516-1,Line,0.423,100.34,5388.6,1,2.034,22,0,0.0,0,0.0,0.0,100.1,1,0.633,1,0,0.0,0,0.0,0.0,100.1,1,0.633,1,0,0.0,0,0.0,0.0,100.1,1,0.633,1,0,0.0,0,0.0,0.0,100.1,1
T90012-90020-90063-1-w1,72,False,Transformer,1,3581-89516-1,Line,0.433,100.35,5745.9,1,1.907,19,0,0.0,0,0.0,0.0,100.1,1,0.768,1,0,0.0,0,0.0,0.0,100.1,1,0.768,1,0,0.0,0,0.0,0.0,100.1,1,0.768,1,0,0.0,0,0.0,0.0,100.1,1
T90012-90020-90063-1-w1,79,False,Transformer,1,3581-89516-1,Line,0.419,100.34,2728.8,1,1.278,26,0,0.0,0,0.0,0.0,100.1,1,0.586,1,0,0.0,0,0.0,0.0,100.1,1,0.586,1,0,0.0,0,0.0,0.0,100.1,1,0.586,1,0,0.0,0,0.0,0.0,100.1,1
T90012-90020-90063-1-w1,94,False,Transformer,1,3581-89516-1,Line,0.421,100.34,5470.0,1,1.239,26,0,0.0,0,0.0,0.0,100.1,1,0.591,1,0,0.0,0,0.0,0.0,100.1,1,0.591,1,0,0.0,0,0.0,0.0,100.1,1,0.591,1,0,0.0,0,0.0,0.0,100.1,1
T90012-90020-90063-1-w1,108,False,Transformer,1,3581-89516-1,Line,0.518,100.42,7006.9,1,1.854,20,0,0.0,0,0.0,0.0,100.1,1,0.782,1,0,0.0,0,0.0,0.0,100.1,1,0.782,1,0,0.0,0,0.0,0.0,100.1,1,0.782,1,0,0.0,0,0.0,0.0,100.1,1
T90012-90020-90063-1-w1,116,False,Transformer,1,3581-89516-1,Line,0.327,100.27,4604.0,1,0.592,7,0,0.0,0,0.0,0.0,100.1,1,0.504,1,0,0.0,0,0.0,0.0,100.1,1,0.504,1,0,0.0,0,0.0,0.0,100.1,1,0.504,1,0,0.0,0,0.0,0.0,100.1,1
T90012-90020-90063-1-w1,123,False,Transformer,1,3581-89516-1,Line,0.286,100.23,5593.8,1,0.434,13,0,0.0,0,0.0,0.0,100.1,1,0.323,1,0,0.0,0,0.0,0.0,100.1,1,0.323,1,0,0.0,0,0.0,0.0,100.1,1,0.323,1,0,0.0,0,0.0,0.0,100.1,1
T90012-90020-90063-1-w1,130,False,Transformer,1,3581-89516-1,Line,0.264,100.21,5592.5,1,0.373,13,0,0.0,0,0.0,0.0,100.1,1,0.28,1,0,0.0,0,0.0,0.0,100.1,1,0.28,1,0,0.0,0,0.0,0.0,100.1,1,0.28,1,0,0.0,0,0.0,0.0,100.1,1
T90012-90020-90063-1-w1,137,False,Transformer,1,3581-89516-1,Line,0.411,100.33,5053.5,1,1.008,11,0,0.0,0,0.0,0.0,100.1,1,0.712,1,0,0.0,0,0.0,0.0,100.1,1,0.712,1,0,0.0,0,0.0,0.0,100.1,1,0.712,1,0,0.0,0,0.0,0.0,100.1,1
T90012-90020-90063-1-w1,145,False,Transformer,1,3581-89516-1,Line,0.282,100.23,4124.9,1,0.612,26,0,0.0,0,0.0,0.0,100.1,1,0.314,1,0,0.0,0,0.0,0.0,100.1,1,0.314,1,0,0.0,0,0.0,0.0,100.1,1,0.314,1,0,0.0,0,0.0,0.0,100.1,1
T90012-90020-90063-1-w1,152,False,Transformer,1,3581-89516-1,Line,0.231,100.19,4161.2,1,0.379,25,0,0.0,0,0.0,0.0,100.1,1,0.214,1,0,0.0,0,0.0,0.0,100.1,1,0.214,1,0,0.0,0,0.0,0.0,100.1,1,0.214,1,0,0.0,0,0.0,0.0,100.1,1
T90012-90020-90063-1-w1,159,False,Transformer,1,3581-89516-1,Line,0.339,100.28,5313.0,1,0.742,25,0,0.0,0,0.0,0.0,100.1,1,0.427,1,0,0.0,0,0.0,0.0,100.1,1,0.427,1,0,0.0,0,0.0,0.0,100.1,1,0.427,1,0,0.0,0,0.0,0.0,100.1,1
T90012-90020-90063-1-w1,167,False,Transformer,1,3581-89516-1,Line,0.264,100.21,3161.9,1,0.447,26,0,0.0,0,0.0,0.0,100.1,1,0.279,1,0,0.0,0,0.0,0.0,100.1,1,0.279,1,0,0.0,0,0.0,0.0,100.1,1,0.279,1,0,0.0,0,0.0,0.0,100.1,1
T90012-90020-90063-1-w2,0,False,Transformer,1,3581-89516-1,Line,0.317,100.26,5299.5,1,0.491,13,0,0.0,0,0.0,0.0,100.1,1,0.384,1,0,0.0,0,0.0,0.0,100.1,1,0.384,1,0,0.0,0,0.0,0.0,100.1,1,0.384,1,0,0.0,0,0.0,0.0,100.1,1
T90012-90020-90063-1-w2,7,False,Transformer,1,3581-89516-1,Line,0.428,100.35,6073.6,1,0.806,16,0,0.0,0,0.0,0.0,100.1,1,0.603,1,0,0.0,0,0.0,0.0,100.1,1,0.603,1,0,0.0,0,0.0,0.0,100.1,1,0.603,1,0,0.0,0,0.0,0.0,100.1,1
T90012-90020-90063-1-w2,21,False,Transformer,1,3581-89516-1,Line,0.308,100.25,4735.3,1,0.52,7,0,0.0,0,0.0,0.0,100.1,1,0.459,1,0,0.0,0,0.0,0.0,100.1,1,0.459,1,0,0.0,0,0.0,0.0,100.1,1,0.459,1,0,0.0,0,0.0,0.0,100.1,1
T90012-90020-90063-1-w2,29,False,Transformer,1,3581-89516-1,Line,0.518,100.42,5968.4,1,1.301,10,0,0.0,0,0.0,0.0,100.1,1,0.978,1,0,0.0,0,0.0,0.0,100.1,1,0.978,1,0,0.0,0,0.0,0.0,100.1,1,0.978,1,0,0.0,0,0.0,0.0,100.1,1
T90012-90020-90063-1-w2,50,False,Transformer,1,3581-89516-1,Line,0.5,100.41,5312.4,1,1.894,26,0,0.0,0,0.0,0.0,100.1,1,0.747,1,0,0.0,0,0.0,0.0,100.1,1,0.747,1,0,0.0,0,0.0,0.0,100.1,1,0.747,1,0,0.0,0,0.0,0.0,100.1,1
T90012-90020-90063-1-w2,58,False,Transformer,1,3581-89516-1,Line,0.345,100.28,4583.8,1,1.085,26,0,0.0,0,0.0,0.0,100.1,1,0.439,1,0,0.0,0,0.0,0.0,100.1,1,0.439,1,0,0.0,0,0.0,0.0,100.1,1,0.439,1,0,0.0,0,0.0,0.0,100.1,1
T90012-90020-90063-1-w2,65,False,Transformer,1,3581-89516-1,Line,0.423,100.34,5388.6,1,2.034,22,0,0.0,0,0.0,0.0,100.1,1,0.633,1,0,0.0,0,0.0,0.0,100.1,1,0.633,1,0,0.0,0,0.0,0.0,100.1,1,0.633,1,0,0.0,0,0.0,0.0,100.1,1
T90012-90020-90063-1-w2,72,False,Transformer,1,3581-89516-1,Line,0.433,100.35,5745.9,1,1.907,19,0,0.0,0,0.0,0.0,100.1,1,0.768,1,0,0.0,0,0.0,0.0,100.1,1,0.768,1,0,0.0,0,0.0,0.0,100.1,1,0.768,1,0,0.0,0,0.0,0.0,100.1,1
T90012-90020-90063-1-w2,79,False,Transformer,1,3581-89516-1,Line,0.419,100.34,2728.8,1,1.278,26,0,0.0,0,0.0,0.0,100.1,1,0.586,1,0,0.0,0,0.0,0.0,100.1,1,0.586,1,0,0.0,0,0.0,0.0,100.1,1,0.586,1,0,0.0,0,0.0,0.0,100.1,1
T90012-90020-90063-1-w2,94,False,Transformer,1,3581-89516-1,Line,0.421,100.34,5470.0,1,1.239,26,0,0.0,0,0.0,0.0,100.1,1,0.591,1,0,0.0,0,0.0,0.0,100.1,1,0.591,1,0,0.0,0,0.0,0.0,100.1,1,0.591,1,0,0.0,0,0.0,0.0,100.1,1
T90012-90020-90063-1-w2,108,False,Transformer,1,3581-89516-1,Line,0.518,100.42,7006.9,1,1.854,20,0,0.0,0,0.0,0.0,100.1,1,0.782,1,0,0.0,0,0.0,0.0,100.1,1,0.782,1,0,0.0,0,0.0,0.0,100.1,1,0.782,1,0,0.0,0,0.0,0.0,100.1,1
T90012-90020-90063-1-w2,116,False,Transformer,1,3581-89516-1,Line,0.327,100.27,4604.0,1,0.592,7,0,0.0,0,0.0,0.0,100.1,1,0.504,1,0,0.0,0,0.0,0.0,100.1,1,0.504,1,0,0.0,0,0.0,0.0,100.1,1,0.504,1,0,0.0,0,0.0,0.0,100.1,1
T90012-90020-90063-1-w2,123,False,Transformer,1,3581-89516-1,Line,0.286,100.23,5593.8,1,0.434,13,0,0.0,0,0.0,0.0,100.1,1,0.323,1,0,0.0,0,0.0,0.0,100.1,1,0.323,1,0,0.0,0,0.0,0.0,100.1,1,0.323,1,0,0.0,0,0.0,0.0,100.1,1
T90012-90020-90063-1-w2,130,False,Transformer,1,3581-89516-1,Line,0.264,100.21,5592.5,1,0.373,13,0,0.0,0,0.0,0.0,100.1,1,0.28,1,0,0.0,0,0.0,0.0,100.1,1,0.28,1,0,0.0,0,0.0,0.0,100.1,1,0.28,1,0,0.0,0,0.0,0.0,100.1,1
T90012-90020-90063-1-w2,137,False,Transformer,1,3581-89516-1,Line,0.411,100.33,5053.5,1,1.008,11,0,0.0,0,0.0,0.0,100.1,1,0.712,1,0,0.0,0,0.0,0.0,100.1,1,0.712,1,0,0.0,0,0.0,0.0,100.1,1,0.712,1,0,0.0,0,0.0,0.0,100.1,1
T90012-90020-90063-1-w2,145,False,Transformer,1,3581-89516-1,Line,0.282,100.23,4124.9,1,0.612,26,0,0.0,0,0.0,0.0,100.1,1,0.314,1,0,0.0,0,0.0,0.0,100.1,1,0.314,1,0,0.0,0,0.0,0.0,100.1,1,0.314,1,0,0.0,0,0.0,0.0,100.1,1
T90012-90020-90063-1-w2,152,False,Transformer,1,3581-89516-1,Line,0.231,100.19,4161.2,1,0.379,25,0,0.0,0,0.0,0.0,100.1,1,0.214,1,0,0.0,0,0.0,0.0,100.1,1,0.214,1,0,0.0,0,0.0,0.0,100.1,1,0.214,1,0,0.0,0,0.0,0.0,100.1,1
T90012-90020-90063-1-w2,159,False,Transformer,1,3581-89516-1,Line,0.339,100.28,5313.0,1,0.742,25,0,0.0,0,0.0,0.0,100.1,1,0.427,1,0,0.0,0,0.0,0.0,100.1,1,0.427,1,0,0.0,0,0.0,0.0,100.1,1,0.427,1,0,0.0,0,0.0,0.0,100.1,1
T90012-90020-90063-1-w2,167,False,Transformer,1,3581-89516-1,Line,0.264,100.21,3161.9,1,0.447,26,0,0.0,0,0.0,0.0,100.1,1,0.279,1,0,0.0,0,0.0,0.0,100.1,1,0.279,1,0,0.0,0,0.0,0.0,100.1,1,0.279,1,0,0.0,0,0.0,0.0,100.1,1
T90310-90320-90361-1-w1,7,False,Transformer,1,3581-89516-1,Line,0.418,100.34,6073.6,1,0.781,16,0,0.0,0,0.0,0.0,100.1,1,0.585,1,0,0.0,0,0.0,0.0,100.1,1,0.585,1,0,0.0,0,0.0,0.0,100.1,1,0.585,1,0,0.0,0,0.0,0.0,100.1,1
T90310-90320-90361-1-w1,21,False,Transformer,1,3581-89516-1,Line,0.23,100.19,4735.3,1,0.3,7,0,0.0,0,0.0,0.0,100.1,1,0.264,1,0,0.0,0,0.0,0.0,100.1,1,0.264,1,0,0.0,0,0.0,0.0,100.1,1,0.264,1,0,0.0,0,0.0,0.0,100.1,1
T90310-90320-90361-1-w1,29,False,Transformer,1,3581-89516-1,Line,0.951,100.77,5968.4,1,2.729,10,0,0.0,0,0.0,0.0,100.1,1,2.052,1,0,0.0,0,0.0,0.0,100.1,1,2.052,1,0,0.0,0,0.0,0.0,100.1,1,2.052,1,0,0.0,0,0.0,0.0,100.1,1
T90310-90320-90361-1-w1,50,False,Transformer,1,3581-89516-1,Line,0.887,100.72,5312.4,1,3.84,26,0,0.0,0,0.0,0.0,100.1,1,1.513,1,0,0.0,0,0.0,0.0,100.1,1,1.513,1,0,0.0,0,0.0,0.0,100.1,1,1.513,1,0,0.0,0,0.0,0.0,100.1,1
T90310-90320-90361-1-w1,58,False,Transformer,1,3581-89516-1,Line,0.314,100.26,4583.8,1,0.937,26,0,0.0,0,0.0,0.0,100.1,1,0.379,1,0,0.0,0,0.0,0.0,100.1,1,0.379,1,0,0.0,0,0.0,0.0,100.1,1,0.379,1,0,0.0,0,0.0,0.0,100.1,1
T90310-90320-90361-1-w1,65,False,Transformer,1,3581-89516-1,Line,0.7,100.57,5388.6,1,3.911,22,0,0.0,0,0.0,0.0,100.1,1,1.218,1,0,0.0,0,0.0,0.0,100.1,1,1.218,1,0,0.0,0,0.0,0.0,100.1,1,1.218,1,0,0.0,0,0.0,0.0,100.1,1
T90310-90320-90361-1-w1,72,False,Transformer,1,3581-89516-1,Line,0.64,100.52,5745.9,1,3.18,19,0,0.0,0,0.0,0.0,100.1,1,1.28,1,0,0.0,0,0.0,0.0,100.1,1,1.28,1,0,0.0,0,0.0,0.0,100.1,1,1.28,1,0,0.0,0,0.0,0.0,100.1,1
T90310-90320-90361-1-w1,79,False,Transformer,1,3581-89516-1,Line,0.522,100.42,2728.8,1,1.723,26,0,0.0,0,0.0,0.0,100.1,1,0.79,1,0,0.0,0,0.0,0.0,100.1,1,0.79,1,0,0.0,0,0.0,0.0,100.1,1,0.79,1,0,0.0,0,0.0,0.0,100.1,1
T90310-90320-90361-1-w1,94,False,Transformer,1,3581-89516-1,Line,0.588,100.48,5470.0,1,1.935,26,0,0.0,0,0.0,0.0,100.1,1,0.922,1,0,0.0,0,0.0,0.0,100.1,1,0.922,1,0,0.0,0,0.0,0.0,100.1,1,0.922,1,0,0.0,0,0.0,0.0,100.1,1
T90310-90320-90361-1-w1,108,False,Transformer,1,3581-89516-1,Line,0.752,100.61,7006.9,1,2.952,20,0,0.0,0,0.0,0.0,100.1,1,1.246,1,1,0.235,0,0.0,100.12,100.12,1,9.481,2,0,0.0,0,0.0,0.0,100.1,1,1.313,2,0,0.0,0,0.0,0.0,100.1,1
T90310-90320-90361-1-w1,116,False,Transformer,1,3581-89516-1,Line,0.387,100.31,4604.0,1,0.768,7,0,0.0,0,0.0,0.0,100.1,1,0.654,1,0,0.0,0,0.0,0.0,100.1,1,0.654,1,0,0.0,0,0.0,0.0,100.1,1,0.654,1,0,0.0,0,0.0,0.0,100.1,1
T90310-90320-90361-1-w1,137,False,Transformer,1,3581-89516-1,Line,0.723,100.59,5053.5,1,2.105,11,0,0.0,0,0.0,0.0,100.1,1,1.487,1,0,0.0,0,0.0,0.0,100.1,1,1.487,1,0,0.0,0,0.0,0.0,100.1,1,1.487,1,0,0.0,0,0.0,0.0,100.1,1
T90310-90320-90361-1-w1,159,False,Transformer,1,3581-89516-1,Line,0.221,100.18,5313.0,1,0.337,25,0,0.0,0,0.0,0.0,100.1,1,0.194,1,0,0.0,0,0.0,0.0,100.1,1,0.194,1,0,0.0,0,0.0,0.0,100.1,1,0.194,1,0,0.0,0,0.0,0.0,100.1,1
T90310-90320-90361-1-w1,167,False,Transformer,1,3581-89516-1,Line,0.278,100.23,3161.9,1,0.494,26,0,0.0,0,0.0,0.0,100.1,1,0.308,1,0,0.0,0,0.0,0.0,100.1,1,0.308,1,0,0.0,0,0.0,0.0,100.1,1,0.308,1,0,0.0,0,0.0,0.0,100.1,1
T90310-90320-90361-1-w2,7,False,Transformer,1,3581-89516-1,Line,0.418,100.34,6073.6,1,0.781,16,0,0.0,0,0.0,0.0,100.1,1,0.585,1,0,0.0,0,0.0,0.0,100.1,1,0.585,1,0,0.0,0,0.0,0.0,100.1,1,0.585,1,0,0.0,0,0.0,0.0,100.1,1
T90310-90320-90361-1-w2,21,False,Transformer,1,3581-89516-1,Line,0.23,100.19,4735.3,1,0.3,7,0,0.0,0,0.0,0.0,100.1,1,0.264,1,0,0.0,0,0.0,0.0,100.1,1,0.264,1,0,0.0,0,0.0,0.0,100.1,1,0.264,1,0,0.0,0,0.0,0.0,100.1,1
T90310-90320-90361-1-w2,29,False,Transformer,1,3581-89516-1,Line,0.951,100.77,5968.4,1,2.729,10,0,0.0,0,0.0,0.0,100.1,1,2.052,1,0,0.0,0,0.0,0.0,100.1,1,2.052,1,0,0.0,0,0.0,0.0,100.1,1,2.052,1,0,0.0,0,0.0,0.0,100.1,1
T90310-90320-90361-1-w2,50,False,Transformer,1,3581-89516-1,Line,0.887,100.72,5312.4,1,3.84,26,0,0.0,0,0.0,0.0,100.1,1,1.513,1,0,0.0,0,0.0,0.0,100.1,1,1.513,1,0,0.0,0,0.0,0.0,100.1,1,1.513,1,0,0.0,0,0.0,0.0,100.1,1
T90310-90320-90361-1-w2,58,False,Transformer,1,3581-89516-1,Line,0.314,100.26,4583.8,1,0.937,26,0,0.0,0,0.0,0.0,100.1,1,0.379,1,0,0.0,0,0.0,0.0,100.1,1,0.379,1,0,0.0,0,0.0,0.0,100.1,1,0.379,1,0,0.0,0,0.0,0.0,100.1,1
T90310-90320-90361-1-w2,65,False,Transformer,1,3581-89516-1,Line,0.7,100.57,5388.6,1,3.91,22,0,0.0,0,0.0,0.0,100.1,1,1.217,1,0,0.0,0,0.0,0.0,100.1,1,1.217,1,0,0.0,0,0.0,0.0,100.1,1,1.217,1,0,0.0,0,0.0,0.0,100.1,1
T90310-90320-90361-1-w2,72,False,Transformer,1,3581-89516-1,Line,0.64,100.52,5745.9,1,3.18,19,0,0.0,0,0.0,0.0,100.1,1,1.28,1,0,0.0,0,0.0,0.0,100.1,1,1.28,1,0,0.0,0,0.0,0.0,100.1,1,1.28,1,0,0.0,0,0.0,0.0,100.1,1
T90310-90320-90361-1-w2,79,False,Transformer,1,3581-89516-1,Line,0.522,100.42,2728.8,1,1.723,26,0,0.0,0,0.0,0.0,100.1,1,0.79,1,0,0.0,0,0.0,0.0,100.1,1,0.79,1,0,0.0,0,0.0,0.0,100.1,1,0.79,1,0,0.0,0,0.0,0.0,100.1,1
T90310-90320-90361-1-w2,94,False,Transformer,1,3581-89516-1,Line,0.588,100.48,5470.0,1,1.935,26,0,0.0,0,0.0,0.0,100.1,1,0.922,1,0,0.0,0,0.0,0.0,100.1,1,0.922,1,0,0.0,0,0.0,0.0,100.1,1,0.922,1,0,0.0,0,0.0,0.0,100.1,1
T90310-90320-90361-1-w2,108,False,Transformer,1,3581-89516-1,Line,0.752,100.61,7006.9,1,2.952,20,0,0.0,0,0.0,0.0,100.1,1,1.246,1,1,0.235,0,0.0,100.12,100.12,1,9.478,2,0,0.0,0,0.0,0.0,100.1,1,1.313,2,0,0.0,0,0.0,0.0,100.1,1
T90310-90320-90361-1-w2,116,False,Transformer,1,3581-89516-1,Line,0.387,100.31,4604.0,1,0.768,7,0,0.0,0,0.0,0.0,100.1,1,0.654,1,0,0.0,0,0.0,0.0,100.1,1,0.654,1,0,0.0,0,0.0,0.0,100.1,1,0.654,1,0,0.0,0,0.0,0.0,100.1,1
T90310-90320-90361-1-w2,137,False,Transformer,1,3581-89516-1,Line,0.723,100.59,5053.5,1,2.105,11,0,0.0,0,0.0,0.0,100.1,1,1.487,1,0,0.0,0,0.0,0.0,100.1,1,1.487,1,0,0.0,0,0.0,0.0,100.1,1,1.487,1,0,0.0,0,0.0,0.0,100.1,1
T90310-90320-90361-1-w2,159,False,Transformer,1,3581-89516-1,Line,0.221,100.18,5313.0,1,0.337,25,0,0.0,0,0.0,0.0,100.1,1,0.194,1,0,0.0,0,0.0,0.0,100.1,1,0.194,1,0,0.0,0,0.0,0.0,100.1,1,0.194,1,0,0.0,0,0.0,0.0,100.1,1
T90310-90320-90361-1-w2,167,False,Transformer,1,3581-89516-1,Line,0.278,100.23,3161.9,1,0.494,26,0,0.0,0,0.0,0.0,100.1,1,0.308,1,0,0.0,0,0.0,0.0,100.1,1,0.308,1,0,0.0,0,0.0,0.0,100.1,1,0.308,1,0,0.0,0,0.0,0.0,100.1,1
T90310-90320-90362-1-w1,7,False,Transformer,1,3581-89516-1,Line,0.418,100.34,6073.6,1,0.781,16,0,0.0,0,0.0,0.0,100.1,1,0.585,1,0,0.0,0,0.0,0.0,100.1,1,0.585,1,0,0.0,0,0.0,0.0,100.1,1,0.585,1,0,0.0,0,0.0,0.0,100.1,1
T90310-90320-90362-1-w1,21,False,Transformer,1,3581-89516-1,Line,0.23,100.19,4735.3,1,0.3,7,0,0.0,0,0.0,0.0,100.1,1,0.264,1,0,0.0,0,0.0,0.0,100.1,1,0.264,1,0,0.0,0,0.0,0.0,100.1,1,0.264,1,0,0.0,0,0.0,0.0,100.1,1
T90310-90320-90362-1-w1,29,False,Transformer,1,3581-89516-1,Line,0.952,100.77,5968.4,1,2.729,10,0,0.0,0,0.0,0.0,100.1,1,2.052,1,0,0.0,0,0.0,0.0,100.1,1,2.052,1,0,0.0,0,0.0,0.0,100.1,1,2.052,1,0,0.0,0,0.0,0.0,100.1,1
T90310-90320-90362-1-w1,50,False,Transformer,1,3581-89516-1,Line,0.887,100.72,5312.4,1,3.841,26,0,0.0,0,0.0,0.0,100.1,1,1.513,1,0,0.0,0,0.0,0.0,100.1,1,1.513,1,0,0.0,0,0.0,0.0,100.1,1,1.513,1,0,0.0,0,0.0,0.0,100.1,1
T90310-90320-90362-1-w1,58,False,Transformer,1,3581-89516-1,Line,0.314,100.26,4583.8,1,0.937,26,0,0.0,0,0.0,0.0,100.1,1,0.379,1,0,0.0,0,0.0,0.0,100.1,1,0.379,1,0,0.0,0,0.0,0.0,100.1,1,0.379,1,0,0.0,0,0.0,0.0,100.1,1
T90310-90320-90362-1-w1,65,False,Transformer,1,3581-89516-1,Line,0.7,100.57,5388.6,1,3.911,22,0,0.0,0,0.0,0.0,100.1,1,1.218,1,0,0.0,0,0.0,0.0,100.1,1,1.218,1,0,0.0,0,0.0,0.0,100.1,1,1.218,1,0,0.0,0,0.0,0.0,100.1,1
T90310-90320-90362-1-w1,72,False,Transformer,1,3581-89516-1,Line,0.64,100.52,5745.9,1,3.18,19,0,0.0,0,0.0,0.0,100.1,1,1.28,1,0,0.0,0,0.0,0.0,100.1,1,1.28,1,0,0.0,0,0.0,0.0,100.1,1,1.28,1,0,0.0,0,0.0,0.0,100.1,1
T90310-90320-90362-1-w1,79,False,Transformer,1,3581-89516-1,Line,0.522,100.42,2728.8,1,1.723,26,0,0.0,0,0.0,0.0,100.1,1,0.79,1,0,0.0,0,0.0,0.0,100.1,1,0.79,1,0,0.0,0,0.0,0.0,100.1,1,0.79,1,0,0.0,0,0.0,0.0,100.1,1
T90310-90320-90362-1-w1,94,False,Transformer,1,3581-89516-1,Line,0.588,100.48,5470.0,1,1.935,26,0,0.0,0,0.0,0.0,100.1,1,0.922,1,0,0.0,0,0.0,0.0,100.1,1,0.922,1,0,0.0,0,0.0,0.0,100.1,1,0.922,1,0,0.0,0,0.0,0.0,100.1,1
T90310-90320-90362-1-w1,108,False,Transformer,1,3581-89516-1,Line,0.752,100.61,7006.9,1,2.952,20,0,0.0,0,0.0,0.0,100.1,1,1.246,1,1,0.235,0,0.0,100.12,100.12,1,9.482,2,0,0.0,0,0.0,0.0,100.1,1,1.313,2,0,0.0,0,0.0,0.0,100.1,1
T90310-90320-90362-1-w1,116,False,Transformer,1,3581-89516-1,Line,0.387,100.31,4604.0,1,0.768,7,0,0.0,0,0.0,0.0,100.1,1,0.655,1,0,0.0,0,0.0,0.0,100.1,1,0.655,1,0,0.0,0,0.0,0.0,100.1,1,0.655,1,0,0.0,0,0.0,0.0,100.1,1
T90310-90320-90362-1-w1,137,False,Transformer,1,3581-89516-1,Line,0.723,100.59,5053.5,1,2.105,11,0,0.0,0,0.0,0.0,100.1,1,1.487,1,0,0.0,0,0.0,0.0,100.1,1,1.487,1,0,0.0,0,0.0,0.0,100.1,1,1.487,1,0,0.0,0,0.0,0.0,100.1,1
T90310-90320-90362-1-w1,159,False,Transformer,1,3581-89516-1,Line,0.221,100.18,5313.0,1,0.337,25,0,0.0,0,0.0,0.0,100.1,1,0.194,1,0,0.0,0,0.0,0.0,100.1,1,0.194,1,0,0.0,0,0.0,0.0,100.1,1,0.194,1,0,0.0,0,0.0,0.0,100.1,1
T90310-90320-90362-1-w1,167,False,Transformer,1,3581-89516-1,Line,0.278,100.23,3161.9,1,0.494,26,0,0.0,0,0.0,0.0,100.1,1,0.308,1,0,0.0,0,0.0,0.0,100.1,1,0.308,1,0,0.0,0,0.0,0.0,100.1,1,0.308,1,0,0.0,0,0.0,0.0,100.1,1
T90310-90320-90362-1-w2,7,False,Transformer,1,3581-89516-1,Line,0.418,100.34,6073.6,1,0.781,16,0,0.0,0,0.0,0.0,100.1,1,0.585,1,0,0.0,0,0.0,0.0,100.1,1,0.585,1,0,0.0,0,0.0,0.0,100.1,1,0.585,1,0,0.0,0,0.0,0.0,100.1,1
T90310-90320-90362-1-w2,21,False,Transformer,1,3581-89516-1,Line,0.23,100.19,4735.3,1,0.3,7,0,0.0,0,0.0,0.0,100.1,1,0.264,1,0,0.0,0,0.0,0.0,100.1,1,0.264,1,0,0.0,0,0.0,0.0,100.1,1,0.264,1,0,0.0,0,0.0,0.0,100.1,1
T90310-90320-90362-1-w2,29,False,Transformer,1,3581-89516-1,Line,0.952,100.77,5968.4,1,2.729,10,0,0.0,0,0.0,0.0,100.1,1,2.052,1,0,0.0,0,0.0,0.0,100.1,1,2.052,1,0,0.0,0,0.0,0.0,100.1,1,2.052,1,0,0.0,0,0.0,0.0,100.1,1
T90310-90320-90362-1-w2,50,False,Transformer,1,3581-89516-1,Line,0.887,100.72,5312.4,1,3.84,26,0,0.0,0,0.0,0.0,100.1,1,1.513,1,0,0.0,0,0.0,0.0,100.1,1,1.513,1,0,0.0,0,0.0,0.0,100.1,1,1.513,1,0,0.0,0,0.0,0.0,100.1,1
T90310-90320-90362-1-w2,58,False,Transformer,1,3581-89516-1,Line,0.314,100.26,4583.8,1,0.937,26,0,0.0,0,0.0,0.0,100.1,1,0.379,1,0,0.0,0,0.0,0.0,100.1,1,0.379,1,0,0.0,0,0.0,0.0,100.1,1,0.379,1,0,0.0,0,0.0,0.0,100.1,1
T90310-90320-90362-1-w2,65,False,Transformer,1,3581-89516-1,Line,0.7,100.57,5388.6,1,3.911,22,0,0.0,0,0.0,0.0,100.1,1,1.218,1,0,0.0,0,0.0,0.0,100.1,1,1.218,1,0,0.0,0,0.0,0.0,100.1,1,1.218,1,0,0.0,0,0.0,0.0,100.1,1
T90310-90320-90362-1-w2,72,False,Transformer,1,3581-89516-1,Line,0.64,100.52,5745.9,1,3.18,19,0,0.0,0,0.0,0.0,100.1,1,1.28,1,0,0.0,0,0.0,0.0,100.1,1,1.28,1,0,0.0,0,0.0,0.0,100.1,1,1.28,1,0,0.0,0,0.0,0.0,100.1,1
T90310-90320-90362-1-w2,79,False,Transformer,1,3581-89516-1,Line,0.522,100.42,2728.8,1,1.723,26,0,0.0,0,0.0,0.0,100.1,1,0.79,1,0,0.0,0,0.0,0.0,100.1,1,0.79,1,0,0.0,0,0.0,0.0,100.1,1,0.79,1,0,0.0,0,0.0,0.0,100.1,1
T90310-90320-90362-1-w2,94,False,Transformer,1,3581-89516-1,Line,0.588,100.48,5470.0,1,1.935,26,0,0.0,0,0.0,0.0,100.1,1,0.922,1,0,0.0,0,0.0,0.0,100.1,1,0.922,1,0,0.0,0,0.0,0.0,100.1,1,0.922,1,0,0.0,0,0.0,0.0,100.1,1
T90310-90320-90362-1-w2,108,False,Transformer,1,3581-89516-1,Line,0.752,100.61,7006.9,1,2.952,20,0,0.0,0,0.0,0.0,100.1,1,1.246,1,1,0.235,0,0.0,100.12,100.12,1,9.479,2,0,0.0,0,0.0,0.0,100.1,1,1.313,2,0,0.0,0,0.0,0.0,100.1,1
T90310-90320-90362-1-w2,116,False,Transformer,1,3581-89516-1,Line,0.387,100.31,4604.0,1,0.768,7,0,0.0,0,0.0,0.0,100.1,1,0.654,1,0,0.0,0,0.0,0.0,100.1,1,0.654,1,0,0.0,0,0.0,0.0,100.1,1,0.654,1,0,0.0,0,0.0,0.0,100.1,1
T90310-90320-90362-1-w2,137,False,Transformer,1,3581-89516-1,Line,0.723,100.59,5053.5,1,2.105,11,0,0.0,0,0.0,0.0,100.1,1,1.487,1,0,0.0,0,0.0,0.0,100.1,1,1.487,1,0,0.0,0,0.0,0.0,100.1,1,1.487,1,0,0.0,0,0.0,0.0,100.1,1
T90310-90320-90362-1-w2,159,False,Transformer,1,3581-89516-1,Line,0.221,100.18,5313.0,1,0.337,25,0,0.0,0,0.0,0.0,100.1,1,0.194,1,0,0.0,0,0.0,0.0,100.1,1,0.194,1,0,0.0,0,0.0,0.0,100.1,1,0.194,1,0,0.0,0,0.0,0.0,100.1,1
T90310-90320-90362-1-w2,167,False,Transformer,1,3581-89516-1,Line,0.278,100.23,3161.9,1,0.494,26,0,0.0,0,0.0,0.0,100.1,1,0.308,1,0,0.0,0,0.0,0.0,100.1,1,0.308,1,0,0.0,0,0.0,0.0,100.1,1,0.308,1,0,0.0,0,0.0,0.0,100.1,1
T90420-90440-90461-1-w1,7,False,Transformer,1,3581-89516-1,Line,0.579,100.47,6073.6,1,1.207,16,0,0.0,0,0.0,0.0,100.1,1,0.903,1,0,0.0,0,0.0,0.0,100.1,1,0.903,1,0,0.0,0,0.0,0.0,100.1,1,0.903,1,0,0.0,0,0.0,0.0,100.1,1
T90420-90440-90461-1-w1,29,False,Transformer,1,3581-89516-1,Line,1.036,100.84,5968.4,1,3.008,10,0,0.0,0,0.0,0.0,100.1,1,2.262,1,0,0.0,0,0.0,0.0,100.1,1,2.262,1,0,0.0,0,0.0,0.0,100.1,1,2.262,1,0,0.0,0,0.0,0.0,100.1,1
T90420-90440-90461-1-w1,50,False,Transformer,2,3581-89516-1,Line,1.971,101.08,5312.4,0,7.071,45,0,0.0,0,0.131,0.0,100.11,1,4.0,3,0,0.0,0,0.0,0.0,100.1,0,0.0,0,0,0.0,0,1.971,0.0,101.08,1,2.606,3,0,0.0,0,0.0,0.0,100.1,1
T90420-90440-90461-1-w1,65,False,Transformer,1,3581-89516-1,Line,0.833,100.68,5388.6,1,4.816,22,0,0.0,0,0.0,0.0,100.1,1,1.499,1,0,0.0,0,0.0,0.0,100.1,1,1.499,1,0,0.0,0,0.0,0.0,100.1,1,1.499,1,0,0.0,0,0.0,0.0,100.1,1
T90420-90440-90461-1-w1,72,False,Transformer,1,3581-89516-1,Line,0.82,100.67,5745.9,1,4.288,19,0,0.0,0,0.0,0.0,100.1,1,1.726,1,0,0.0,0,0.0,0.0,100.1,1,1.726,1,0,0.0,0,0.0,0.0,100.1,1,1.726,1,0,0.0,0,0.0,0.0,100.1,1
T90420-90440-90461-1-w1,94,False,Transformer,1,3581-89516-1,Line,0.503,100.41,5470.0,1,1.579,26,0,0.0,0,0.0,0.0,100.1,1,0.752,1,0,0.0,0,0.0,0.0,100.1,1,0.752,1,0,0.0,0,0.0,0.0,100.1,1,0.752,1,0,0.0,0,0.0,0.0,100.1,1
T90420-90440-90461-1-w1,108,False,Transformer,2,3581-89516-1,Line,1.785,101.08,7006.9,1,5.649,20,0,0.0,0,0.0,0.0,100.1,1,20.999,1,0,0.0,0,0.0,0.0,100.1,1,20.999,1,0,0.0,0,0.0,0.0,100.1,1,2.961,2,0,0.0,0,0.0,0.0,100.1,1
T90420-90440-90461-1-w1,137,False,Transformer,1,3581-89516-1,Line,0.534,100.43,5053.5,1,1.443,11,0,0.0,0,0.0,0.0,100.1,1,1.019,1,0,0.0,0,0.0,0.0,100.1,1,1.019,1,0,0.0,0,0.0,0.0,100.1,1,1.019,1,0,0.0,0,0.0,0.0,100.1,1
T90420-90440-90461-1-w1,159,False,Transformer,1,3581-89516-1,Line,0.226,100.18,5313.0,1,0.355,25,0,0.0,0,0.0,0.0,100.1,1,0.204,1,0,0.0,0,0.0,0.0,100.1,1,0.204,1,0,0.0,0,0.0,0.0,100.1,1,0.204,1,0,0.0,0,0.0,0.0,100.1,1
T90420-90440-90461-1-w2,7,False,Transformer,1,3581-89516-1,Line,0.579,100.47,6073.6,1,1.207,16,0,0.0,0,0.0,0.0,100.1,1,0.903,1,0,0.0,0,0.0,0.0,100.1,1,0.903,1,0,0.0,0,0.0,0.0,100.1,1,0.903,1,0,0.0,0,0.0,0.0,100.1,1
T90420-90440-90461-1-w2,29,False,Transformer,1,3581-89516-1,Line,1.036,100.84,5968.4,1,3.007,10,0,0.0,0,0.0,0.0,100.1,1,2.262,1,0,0.0,0,0.0,0.0,100.1,1,2.262,1,0,0.0,0,0.0,0.0,100.1,1,2.262,1,0,0.0,0,0.0,0.0,100.1,1
T90420-90440-90461-1-w2,50,False,Transformer,2,3581-89516-1,Line,1.971,101.08,5312.4,0,7.07,45,0,0.0,0,0.131,0.0,100.11,1,4.0,3,0,0.0,0,0.0,0.0,100.1,0,0.0,0,0,0.0,0,1.971,0.0,101.08,1,2.606,3,0,0.0,0,0.0,0.0,100.1,1
T90420-90440-90461-1-w2,65,False,Transformer,1,3581-89516-1,Line,0.833,100.68,5388.6,1,4.816,22,0,0.0,0,0.0,0.0,100.1,1,1.499,1,0,0.0,0,0.0,0.0,100.1,1,1.499,1,0,0.0,0,0.0,0.0,100.1,1,1.499,1,0,0.0,0,0.0,0.0,100.1,1
T90420-90440-90461-1-w2,72,False,Transformer,1,3581-89516-1,Line,0.82,100.67,5745.9,1,4.288,19,0,0.0,0,0.0,0.0,100.1,1,1.726,1,0,0.0,0,0.0,0.0,100.1,1,1.726,1,0,0.0,0,0.0,0.0,100.1,1,1.726,1,0,0.0,0,0.0,0.0,100.1,1
T90420-90440-90461-1-w2,94,False,Transformer,1,3581-89516-1,Line,0.503,100.41,5470.0,1,1.579,26,0,0.0,0,0.0,0.0,100.1,1,0.752,1,0,0.0,0,0.0,0.0,100.1,1,0.752,1,0,0.0,0,0.0,0.0,100.1,1,0.752,1,0,0.0,0,0.0,0.0,100.1,1
T90420-90440-90461-1-w2,108,False,Transformer,2,3581-89516-1,Line,1.785,101.08,7006.9,1,5.648,20,0,0.0,0,0.0,0.0,100.1,1,20.993,1,0,0.0,0,0.0,0.0,100.1,1,20.993,1,0,0.0,0,0.0,0.0,100.1,1,2.961,2,0,0.0,0,0.0,0.0,100.1,1
T90420-90440-90461-1-w2,137,False,Transformer,1,3581-89516-1,Line,0.534,100.43,5053.5,1,1.443,11,0,0.0,0,0.0,0.0,100.1,1,1.019,1,0,0.0,0,0.0,0.0,100.1,1,1.019,1,0,0.0,0,0.0,0.0,100.1,1,1.019,1,0,0.0,0,0.0,0.0,100.1,1
T90420-90440-90461-1-w2,159,False,Transformer,1,3581-89516-1,Line,0.226,100.18,5313.0,1,0.355,25,0,0.0,0,0.0,0.0,100.1,1,0.204,1,0,0.0,0,0.0,0.0,100.1,1,0.204,1,0,0.0,0,0.0,0.0,100.1,1,0.204,1,0,0.0,0,0.0,0.0,100.1,1
T90420-90440-90462-1-w1,7,False,Transformer,1,3581-89516-1,Line,0.579,100.47,6073.6,1,1.207,16,0,0.0,0,0.0,0.0,100.1,1,0.903,1,0,0.0,0,0.0,0.0,100.1,1,0.903,1,0,0.0,0,0.0,0.0,100.1,1,0.903,1,0,0.0,0,0.0,0.0,100.1,1
T90420-90440-90462-1-w1,29,False,Transformer,1,3581-89516-1,Line,1.036,100.84,5968.4,1,3.008,10,0,0.0,0,0.0,0.0,100.1,1,2.262,1,0,0.0,0,0.0,0.0,100.1,1,2.262,1,0,0.0,0,0.0,0.0,100.1,1,2.262,1,0,0.0,0,0.0,0.0,100.1,1
T90420-90440-90462-1-w1,50,False,Transformer,2,3581-89516-1,Line,1.971,101.08,5312.4,0,7.071,45,0,0.0,0,0.131,0.0,100.11,1,4.0,3,0,0.0,0,0.0,0.0,100.1,0,0.0,0,0,0.0,0,1.971,0.0,101.08,1,2.606,3,0,0.0,0,0.0,0.0,100.1,1
T90420-90440-90462-1-w1,65,False,Transformer,1,3581-89516-1,Line,0.833,100.68,5388.6,1,4.816,22,0,0.0,0,0.0,0.0,100.1,1,1.499,1,0,0.0,0,0.0,0.0,100.1,1,1.499,1,0,0.0,0,0.0,0.0,100.1,1,1.499,1,0,0.0,0,0.0,0.0,100.1,1
T90420-90440-90462-1-w1,72,False,Transformer,1,3581-89516-1,Line,0.82,100.67,5745.9,1,4.288,19,0,0.0,0,0.0,0.0,100.1,1,1.726,1,0,0.0,0,0.0,0.0,100.1,1,1.726,1,0,0.0,0,0.0,0.0,100.1,1,1.726,1,0,0.0,0,0.0,0.0,100.1,1
T90420-90440-90462-1-w1,94,False,Transformer,1,3581-89516-1,Line,0.503,100.41,5470.0,1,1.579,26,0,0.0,0,0.0,0.0,100.1,1,0.752,1,0,0.0,0,0.0,0.0,100.1,1,0.752,1,0,0.0,0,0.0,0.0,100.1,1,0.752,1,0,0.0,0,0.0,0.0,100.1,1
T90420-90440-90462-1-w1,108,False,Transformer,2,3581-89516-1,Line,1.785,101.08,7006.9,1,5.649,20,0,0.0,0,0.0,0.0,100.1,1,20.999,1,0,0.0,0,0.0,0.0,100.1,1,20.999,1,0,0.0,0,0.0,0.0,100.1,1,2.961,2,0,0.0,0,0.0,0.0,100.1,1
T90420-90440-90462-1-w1,137,False,Transformer,1,3581-89516-1,Line,0.534,100.43,5053.5,1,1.443,11,0,0.0,0,0.0,0.0,100.1,1,1.019,1,0,0.0,0,0.0,0.0,100.1,1,1.019,1,0,0.0,0,0.0,0.0,100.1,1,1.019,1,0,0.0,0,0.0,0.0,100.1,1
T90420-90440-90462-1-w1,159,False,Transformer,1,3581-89516-1,Line,0.226,100.18,5313.0,1,0.355,25,0,0.0,0,0.0,0.0,100.1,1,0.204,1,0,0.0,0,0.0,0.0,100.1,1,0.204,1,0,0.0,0,0.0,0.0,100.1,1,0.204,1,0,0.0,0,0.0,0.0,100.1,1
T90420-90440-90462-1-w2,7,False,Transformer,1,3581-89516-1,Line,0.579,100.47,6073.6,1,1.207,16,0,0.0,0,0.0,0.0,100.1,1,0.903,1,0,0.0,0,0.0,0.0,100.1,1,0.903,1,0,0.0,0,0.0,0.0,100.1,1,0.903,1,0,0.0,0,0.0,0.0,100.1,1
T90420-90440-90462-1-w2,29,False,Transformer,1,3581-89516-1,Line,1.036,100.84,5968.4,1,3.007,10,0,0.0,0,0.0,0.0,100.1,1,2.262,1,0,0.0,0,0.0,0.0,100.1,1,2.262,1,0,0.0,0,0.0,0.0,100.1,1,2.262,1,0,0.0,0,0.0,0.0,100.1,1
T90420-90440-90462-1-w2,50,False,Transformer,2,3581-89516-1,Line,1.971,101.08,5312.4,0,7.07,45,0,0.0,0,0.131,0.0,100.11,1,4.0,3,0,0.0,0,0.0,0.0,100.1,0,0.0,0,0,0.0,0,1.971,0.0,101.08,1,2.606,3,0,0.0,0,0.0,0.0,100.1,1
T90420-90440-90462-1-w2,65,False,Transformer,1,3581-89516-1,Line,0.833,100.68,5388.6,1,4.816,22,0,0.0,0,0.0,0.0,100.1,1,1.499,1,0,0.0,0,0.0,0.0,100.1,1,1.499,1,0,0.0,0,0.0,0.0,100.1,1,1.499,1,0,0.0,0,0.0,0.0,100.1,1
T90420-90440-90462-1-w2,72,False,Transformer,1,3581-89516-1,Line,0.82,100.67,5745.9,1,4.288,19,0,0.0,0,0.0,0.0,100.1,1,1.726,1,0,0.0,0,0.0,0.0,100.1,1,1.726,1,0,0.0,0,0.0,0.0,100.1,1,1.726,1,0,0.0,0,0.0,0.0,100.1,1
T90420-90440-90462-1-w2,94,False,Transformer,1,3581-89516-1,Line,0.503,100.41,5470.0,1,1.579,26,0,0.0,0,0.0,0.0,100.1,1,0.752,1,0,0.0,0,0.0,0.0,100.1,1,0.752,1,0,0.0,0,0.0,0.0,100.1,1,0.752,1,0,0.0,0,0.0,0.0,100.1,1
T90420-90440-90462-1-w2,108,False,Transformer,2,3581-89516-1,Line,1.785,101.08,7006.9,1,5.648,20,0,0.0,0,0.0,0.0,100.1,1,20.993,1,0,0.0,0,0.0,0.0,100.1,1,20.993,1,0,0.0,0,0.0,0.0,100.1,1,2.961,2,0,0.0,0,0.0,0.0,100.1,1
T90420-90440-90462-1-w2,137,False,Transformer,1,3581-89516-1,Line,0.534,100.43,5053.5,1,1.443,11,0,0.0,0,0.0,0.0,100.1,1,1.019,1,0,0.0,0,0.0,0.0,100.1,1,1.019,1,0,0.0,0,0.0,0.0,100.1,1,1.019,1,0,0.0,0,0.0,0.0,100.1,1
T90420-90440-90462-1-w2,159,False,Transformer,1,3581-89516-1,Line,0.226,100.18,5313.0,1,0.355,25,0,0.0,0,0.0,0.0,100.1,1,0.204,1,0,0.0,0,0.0,0.0,100.1,1,0.204,1,0,0.0,0,0.0,0.0,100.1,1,0.204,1,0,0.0,0,0.0,0.0,100.1,1
T90420-90440-90463-1-w1,7,False,Transformer,1,3581-89516-1,Line,0.579,100.47,6073.6,1,1.207,16,0,0.0,0,0.0,0.0,100.1,1,0.903,1,0,0.0,0,0.0,0.0,100.1,1,0.903,1,0,0.0,0,0.0,0.0,100.1,1,0.903,1,0,0.0,0,0.0,0.0,100.1,1
T90420-90440-90463-1-w1,29,False,Transformer,1,3581-89516-1,Line,1.036,100.84,5968.4,1,3.008,10,0,0.0,0,0.0,0.0,100.1,1,2.262,1,0,0.0,0,0.0,0.0,100.1,1,2.262,1,0,0.0,0,0.0,0.0,100.1,1,2.262,1,0,0.0,0,0.0,0.0,100.1,1
T90420-90440-90463-1-w1,50,False,Transformer,2,3581-89516-1,Line,1.971,101.08,5312.4,0,7.071,45,0,0.0,0,0.131,0.0,100.11,1,4.0,3,0,0.0,0,0.0,0.0,100.1,0,0.0,0,0,0.0,0,1.971,0.0,101.08,1,2.606,3,0,0.0,0,0.0,0.0,100.1,1
T90420-90440-90463-1-w1,65,False,Transformer,1,3581-89516-1,Line,0.833,100.68,5388.6,1,4.816,22,0,0.0,0,0.0,0.0,100.1,1,1.499,1,0,0.0,0,0.0,0.0,100.1,1,1.499,1,0,0.0,0,0.0,0.0,100.1,1,1.499,1,0,0.0,0,0.0,0.0,100.1,1
T90420-90440-90463-1-w1,72,False,Transformer,1,3581-89516-1,Line,0.82,100.67,5745.9,1,4.288,19,0,0.0,0,0.0,0.0,100.1,1,1.726,1,0,0.0,0,0.0,0.0,100.1,1,1.726,1,0,0.0,0,0.0,0.0,100.1,1,1.726,1,0,0.0,0,0.0,0.0,100.1,1
T90420-90440-90463-1-w1,94,False,Transformer,1,3581-89516-1,Line,0.503,100.41,5470.0,1,1.579,26,0,0.0,0,0.0,0.0,100.1,1,0.752,1,0,0.0,0,0.0,0.0,100.1,1,0.752,1,0,0.0,0,0.0,0.0,100.1,1,0.752,1,0,0.0,0,0.0,0.0,100.1,1
T90420-90440-90463-1-w1,108,False,Transformer,2,3581-89516-1,Line,1.785,101.08,7006.9,1,5.649,20,0,0.0,0,0.0,0.0,100.1,1,20.999,1,0,0.0,0,0.0,0.0,100.1,1,20.999,1,0,0.0,0,0.0,0.0,100.1,1,2.961,2,0,0.0,0,0.0,0.0,100.1,1
T90420-90440-90463-1-w1,137,False,Transformer,1,3581-89516-1,Line,0.534,100.43,5053.5,1,1.443,11,0,0.0,0,0.0,0.0,100.1,1,1.019,1,0,0.0,0,0.0,0.0,100.1,1,1.019,1,0,0.0,0,0.0,0.0,100.1,1,1.019,1,0,0.0,0,0.0,0.0,100.1,1
T90420-90440-90463-1-w1,159,False,Transformer,1,3581-89516-1,Line,0.226,100.18,5313.0,1,0.355,25,0,0.0,0,0.0,0.0,100.1,1,0.204,1,0,0.0,0,0.0,0.0,100.1,1,0.204,1,0,0.0,0,0.0,0.0,100.1,1,0.204,1,0,0.0,0,0.0,0.0,100.1,1
T90420-90440-90463-1-w2,7,False,Transformer,1,3581-89516-1,Line,0.579,100.47,6073.6,1,1.207,16,0,0.0,0,0.0,0.0,100.1,1,0.903,1,0,0.0,0,0.0,0.0,100.1,1,0.903,1,0,0.0,0,0.0,0.0,100.1,1,0.903,1,0,0.0,0,0.0,0.0,100.1,1
T90420-90440-90463-1-w2,29,False,Transformer,1,3581-89516-1,Line,1.036,100.84,5968.4,1,3.007,10,0,0.0,0,0.0,0.0,100.1,1,2.262,1,0,0.0,0,0.0,0.0,100.1,1,2.262,1,0,0.0,0,0.0,0.0,100.1,1,2.262,1,0,0.0,0,0.0,0.0,100.1,1
T90420-90440-90463-1-w2,50,False,Transformer,2,3581-89516-1,Line,1.971,101.08,5312.4,0,7.07,45,0,0.0,0,0.131,0.0,100.11,1,4.0,3,0,0.0,0,0.0,0.0,100.1,0,0.0,0,0,0.0,0,1.971,0.0,101.08,1,2.606,3,0,0.0,0,0.0,0.0,100.1,1
T90420-90440-90463-1-w2,65,False,Transformer,1,3581-89516-1,Line,0.833,100.68,5388.6,1,4.816,22,0,0.0,0,0.0,0.0,100.1,1,1.499,1,0,0.0,0,0.0,0.0,100.1,1,1.499,1,0,0.0,0,0.0,0.0,100.1,1,1.499,1,0,0.0,0,0.0,0.0,100.1,1
T90420-90440-90463-1-w2,72,False,Transformer,1,3581-89516-1,Line,0.82,100.67,5745.9,1,4.288,19,0,0.0,0,0.0,0.0,100.1,1,1.726,1,0,0.0,0,0.0,0.0,100.1,1,1.726,1,0,0.0,0,0.0,0.0,100.1,1,1.726,1,0,0.0,0,0.0,0.0,100.1,1
T90420-90440-90463-1-w2,94,False,Transformer,1,3581-89516-1,Line,0.503,100.41,5470.0,1,1.579,26,0,0.0,0,0.0,0.0,100.1,1,0.752,1,0,0.0,0,0.0,0.0,100.1,1,0.752,1,0,0.0,0,0.0,0.0,100.1,1,0.752,1,0,0.0,0,0.0,0.0,100.1,1
T90420-90440-90463-1-w2,108,False,Transformer,2,3581-89516-1,Line,1.785,101.08,7006.9,1,5.648,20,0,0.0,0,0.0,0.0,100.1,1,20.993,1,0,0.0,0,0.0,0.0,100.1,1,20.993,1,0,0.0,0,0.0,0.0,100.1,1,2.961,2,0,0.0,0,0.0,0.0,100.1,1
T90420-90440-90463-1-w2,137,False,Transformer,1,3581-89516-1,Line,0.534,100.43,5053.5,1,1.443,11,0,0.0,0,0.0,0.0,100.1,1,1.019,1,0,0.0,0,0.0,0.0,100.1,1,1.019,1,0,0.0,0,0.0,0.0,100.1,1,1.019,1,0,0.0,0,0.0,0.0,100.1,1
T90420-90440-90463-1-w2,159,False,Transformer,1,3581-89516-1,Line,0.226,100.18,5313.0,1,0.355,25,0,0.0,0,0.0,0.0,100.1,1,0.204,1,0,0.0,0,0.0,0.0,100.1,1,0.204,1,0,0.0,0,0.0,0.0,100.1,1,0.204,1,0,0.0,0,0.0,0.0,100.1,1
